75.305612,-0.045204,264.022073
75.288107,-0.012169,-0.023392
74.643599,10.010656,264.027240
72.638932,19.894101,264.032981
69.318801,29.399617,264.039194
64.763267,38.375156,264.045768
59.061124,46.660835,264.052585
52.304759,54.117193,264.057800
44.640959,60.609048,264.051000
36.197536,66.022577,264.044351
27.134045,70.275514,264.037969
17.600610,73.311678,264.031972
7.748795,75.094715,264.026464
-2.304803,75.595874,264.021543
-12.382405,74.775679,264.017299
-22.374690,72.570310,264.013806
-32.000187,69.028738,264.011127
-41.122180,64.201011,264.009309
-49.539547,58.172114,264.008386
-57.077566,51.024478,264.008373
-63.498314,42.992132,264.009271
-68.693414,34.202214,264.011064
-72.618752,24.834851,264.013719
-75.218103,15.087672,264.017190
-76.537193,5.139420,264.021415
-76.506768,-4.907933,264.026317
-75.102557,-14.910472,264.031810
-72.299049,-24.716238,264.037796
-68.200702,-34.120070,264.044167
-62.896976,-42.892862,264.050811
-56.485771,-50.922987,264.057608
-49.067368,-58.027557,264.055825
-40.741285,-63.999244,264.048936
-31.762825,-68.777240,264.042233
-22.278692,-72.286834,264.035837
-12.444216,-74.504976,264.029862
-2.409834,-75.407673,264.024414
7.607412,-74.998934,264.019590
17.472731,-73.289219,264.015477
27.036857,-70.299482,264.012149
36.132088,-66.083016,264.009664
44.600519,-60.701153,264.008066
52.284989,-54.241794,264.007385
59.045171,-46.811714,264.007632
64.762267,-38.529446,264.008803
69.319270,-29.544722,264.010878
72.627511,-20.012096,264.013818
74.627734,-10.110960,264.017572
75.311499,-0.002976,9.763520
75.347691,0.012863,19.558176
75.410736,-0.021325,29.364832
75.500054,-0.074521,39.154089
75.671128,-0.109731,48.905332
75.864842,-0.008172,58.606420
76.177032,0.319849,68.079578
76.501026,0.685371,77.543043
76.902015,1.126630,86.782275
77.571278,1.505965,95.648110
78.338814,1.769077,104.908690
79.092253,2.016014,114.129449
80.598653,1.659865,121.370769
82.947097,2.323423,126.700388
84.308093,1.466237,127.172100
83.549958,1.011877,132.799059
82.717783,0.425773,141.520468
81.825415,-0.072286,150.488321
81.054974,-0.255119,159.937616
80.325418,-0.290958,169.424059
79.670570,-0.273008,179.169470
79.004418,-0.236650,188.887028
78.305326,-0.192465,198.639342
77.653843,-0.146618,208.365323
77.005230,-0.125131,217.881981
76.473915,-0.092940,227.035616
75.976324,-0.096929,236.058609
75.643272,-0.086400,245.129851
75.417453,-0.067686,254.446134
74.632355,9.987807,-0.028452
72.674169,19.812928,-0.034037
69.425172,29.306961,-0.040048
64.946525,38.309858,-0.046376
59.291693,46.664886,-0.052912
52.564914,54.181375,-0.057864
44.890588,60.757779,-0.051145
36.408235,66.226771,-0.044546
27.267468,70.503853,-0.038185
17.609279,73.543122,-0.032177
7.621581,75.261496,-0.026627
-2.512720,75.605839,-0.021635
-12.604595,74.574308,-0.017290
-22.472974,72.181234,-0.013669
-31.909797,68.437325,-0.010839
-40.703566,63.547930,-0.008848
-48.750474,57.494849,-0.007732
-55.915761,50.470388,-0.007511
-62.094809,42.564664,-0.008188
-67.179125,33.920357,-0.009755
-71.083219,24.668239,-0.012179
-73.726342,14.973459,-0.015420
-75.058947,5.014905,-0.019417
-75.053593,-5.031739,-0.024101
-73.708602,-14.986651,-0.029390
-71.048337,-24.674755,-0.035186
-67.119891,-33.922736,-0.041388
-61.993868,-42.565709,-0.047884
-55.764454,-50.447679,-0.054559
-48.543641,-57.432629,-0.052947
-40.456212,-63.395102,-0.046412
-31.646414,-68.226161,-0.040082
-22.268317,-71.841289,-0.034069
-12.490402,-74.172911,-0.028480
-2.488226,-75.182094,-0.023419
7.559890,-74.856022,-0.018971
17.475191,-73.191571,-0.015218
27.079746,-70.216447,-0.012227
36.206470,-65.987248,-0.010050
44.686128,-60.579175,-0.008728
52.366858,-54.087366,-0.008283
59.112878,-46.626522,-0.008724
64.802101,-38.331549,-0.010041
69.331020,-29.357263,-0.012212
72.621514,-19.861031,-0.015200
74.613275,-10.021263,-0.018949
74.153669,13.642152,255.749120
71.491069,23.940877,255.487882
67.468179,33.614580,255.662577
62.287715,42.404450,255.603515
56.005060,50.388306,255.627623
48.718296,57.456077,255.604712
40.578849,63.451849,255.558133
31.756190,68.300888,255.510732
22.412736,71.952533,255.484445
12.683126,74.384865,255.533418
2.643061,75.648002,255.789764
-7.514203,75.482290,256.133039
-17.589673,73.969092,256.562703
-27.419620,71.092482,256.863669
-36.830344,66.891918,256.990732
-45.610433,61.432268,257.113009
-53.605972,54.862147,257.166773
-60.631097,47.268001,256.949492
-66.430929,38.810644,256.711536
-70.981536,29.718888,256.392758
-74.310020,20.150202,256.150250
-76.291044,10.225837,255.939754
-76.927725,0.136572,255.863366
-76.238442,-9.976655,256.067978
-74.157189,-19.968211,256.392490
-70.697744,-29.625160,256.621314
-66.003841,-38.767202,256.759804
-60.105028,-47.195466,256.851602
-53.131602,-54.778297,256.775609
-45.222495,-61.312449,256.608312
-36.519379,-66.670493,256.341402
-27.226474,-70.824295,256.123371
-17.479746,-73.681495,255.964720
-7.516498,-75.208118,255.841331
2.545881,-75.422197,255.658741
12.507297,-74.347073,255.595613
22.245493,-71.993750,255.552822
31.600910,-68.403050,255.542510
40.402324,-63.615851,255.536817
48.500206,-57.710457,255.534208
55.733006,-50.788949,255.566029
62.003242,-42.947778,255.646913
67.225320,-34.235517,255.612984
71.252088,-24.798378,255.385150
73.851491,-15.356479,255.990802
75.073713,-6.887243,257.567207
74.815365,-8.811964,13.465760
74.945618,-8.751036,34.089494
75.199095,-8.942995,53.827481
75.625310,-9.202238,73.108183
76.523180,-8.701320,91.557219
78.063713,-8.155250,109.737716
81.639393,-7.460240,125.520184
83.624698,-8.141772,129.526208
81.573171,-8.681171,145.554717
80.127765,-8.957883,164.461502
78.847695,-8.855890,183.879457
77.486270,-8.759668,203.351311
76.231347,-8.742276,222.277952
75.246902,-9.184348,240.519714
75.034218,-8.578438,249.504218
74.068214,13.845288,8.618840
67.428261,33.931432,8.275197
56.050920,50.760652,7.864203
40.759067,63.824889,7.814085
22.507953,72.396361,7.710166
2.553366,75.794361,7.681698
-17.611532,73.734206,7.726144
-36.433179,66.311980,7.981919
-52.496033,54.183440,8.274588
-64.811969,38.356597,8.395725
-72.587622,19.871041,8.437918
-75.229927,-0.011575,8.473022
-72.539837,-19.879852,8.486450
-64.699662,-38.336941,8.482242
-52.268298,-54.067666,8.482805
-36.139396,-65.967869,8.460359
-17.422154,-73.199277,8.422558
2.559313,-75.226735,8.414252
22.361456,-71.899674,8.436167
40.564832,-63.460258,8.468616
55.820855,-50.577240,8.430427
67.153190,-34.116766,8.368147
73.509744,-16.382484,8.160859
74.867780,8.508601,16.149605
74.852701,9.046522,25.004016
74.945320,8.756189,34.763327
75.133830,8.708210,44.484625
75.352422,8.911694,54.035491
75.578557,9.370649,63.565994
75.892609,9.898254,73.029601
76.287480,10.481035,82.363794
76.872514,11.002826,91.531124
77.659189,11.390792,100.681008
78.494448,11.768837,110.028188
79.243980,12.134986,119.138799
81.184147,12.100288,125.111815
82.624572,11.962285,127.585353
83.830218,10.127267,129.741705
83.025351,9.369774,137.989024
82.023981,8.776230,147.064431
81.028781,8.334098,155.888283
80.249028,8.291944,165.299755
79.490027,8.276227,174.833554
78.815232,8.343316,184.523211
78.107573,8.416816,194.229623
77.427133,8.507718,203.956773
76.750506,8.642530,213.581955
76.135433,8.734187,222.861461
75.647195,8.707564,231.775100
75.272766,8.730666,240.481631
75.373696,-9.161400,63.543943
74.826995,-9.088063,23.835518
75.060142,-8.744438,44.037839
75.898947,-9.066199,82.582505
77.315264,-8.350469,100.432282
79.333958,-8.241808,118.026970
83.025977,-7.938789,126.792495
82.479754,-8.359720,136.522425
80.796898,-8.874901,154.903666
79.488808,-8.910895,174.144346
78.179372,-8.787603,193.606621
76.853994,-8.761665,212.958949
75.685643,-8.876887,231.325263
48.837779,57.814717,7.805581
71.427405,24.190247,8.837292
62.265509,42.792800,7.995281
31.938384,68.741594,7.771756
12.663401,74.770576,7.665242
-7.592251,75.439827,7.722980
-27.285446,70.637296,7.809337
-44.873098,60.767342,8.127661
-59.179219,46.680859,8.341209
-69.312481,29.371301,8.419849
-74.573567,10.015509,8.461036
-74.547911,-10.035610,8.485876
-69.235792,-29.371643,8.487296
-59.008628,-46.619591,8.484870
-44.601676,-60.553898,8.472487
-27.023425,-70.207849,8.440129
-7.498713,-74.883335,8.418542
12.571900,-74.227412,8.423345
31.752719,-68.287965,8.436234
48.636716,-57.515753,8.477904
62.020392,-42.748169,8.338586
71.057703,-24.988233,8.597279
75.059209,8.191666,248.573434
75.147604,-18.117232,96.376430
69.824665,28.732223,247.576488
65.313575,37.882917,247.238120
59.564320,46.339216,247.193951
52.683603,53.980016,247.226447
44.880190,60.600741,247.162699
36.313725,66.032260,247.029467
27.179000,70.284467,246.940493
17.553630,73.357963,246.954218
7.330407,75.293360,247.502371
-2.838761,75.868982,248.073484
-13.015066,74.999908,248.609596
-22.952182,72.759707,249.139557
-32.506740,69.191154,249.604000
-41.548483,64.332886,249.905962
-49.936939,58.348535,249.921757
-57.373614,51.328662,249.807046
-63.818115,43.382201,249.378358
-69.018701,34.647878,248.889102
-73.024467,25.272838,248.550550
-75.736614,15.451651,248.271709
-77.097902,5.327088,248.194128
-77.069419,-4.990634,248.361018
-75.688906,-15.159901,248.733698
-72.921455,-25.042750,249.175859
-68.797325,-34.462971,249.530590
-63.521258,-43.256383,249.630016
-57.100346,-51.256198,249.582193
-49.640437,-58.298872,249.283823
-41.311954,-64.237700,248.939039
-32.248147,-69.008379,248.576377
-22.687304,-72.538124,248.194146
-12.725424,-74.678304,247.790092
-2.677734,-75.552841,247.474802
7.430745,-75.100256,247.199317
17.328576,-73.402579,247.125977
26.942007,-70.452832,247.128955
36.057035,-66.271597,247.134426
44.532879,-60.922467,247.144297
52.211728,-54.507302,247.131118
58.951487,-47.169155,247.227117
64.669008,-38.989497,247.432468
69.443493,-29.797663,247.162995
73.205882,-18.926148,246.062526
73.138072,18.664628,18.743672
73.404961,-17.375437,29.113567
74.517081,-18.221068,87.438214
73.905625,-18.070209,68.268919
72.931702,-18.950764,17.964349
-31.873383,68.868844,15.809171
77.092762,-17.793729,114.204453
73.654255,-17.384624,48.950124
80.492134,-17.417722,126.291729
74.202751,-18.225189,77.907289
81.204341,-17.516922,132.508394
79.496640,-17.480264,149.921414
78.283421,-17.473574,169.104271
77.056375,-17.284772,188.526804
75.691716,-17.256300,207.890105
74.496427,-17.226661,226.257969
64.888596,38.974811,16.052040
-48.768807,57.828828,16.362491
52.542127,54.734527,15.654625
36.448312,66.702100,15.545860
7.640537,75.713107,15.345048
69.563847,29.637665,16.831747
44.906640,61.224555,15.559674
73.597469,-17.056351,39.256018
-12.639659,74.972635,15.403639
-2.520008,76.049067,15.339112
-22.468429,72.572122,15.562772
36.286493,-66.055322,16.926985
-40.697826,63.917617,16.091550
59.219898,47.297005,15.825841
-62.161070,42.711562,16.710606
-71.133356,24.712006,16.878328
-75.088273,5.032312,16.955720
-73.720008,-14.989638,17.006137
-67.127774,-33.937489,17.012197
-55.766487,-50.472931,17.021181
-40.457470,-63.438167,16.985747
-22.262586,-71.908696,16.890882
-2.451175,-75.273250,16.843038
52.369502,-54.208414,16.985802
27.158909,-70.282899,16.883748
44.757667,-60.649636,16.972802
73.371148,17.934130,246.429457
64.635700,-38.761808,16.530608
80.306029,-17.378798,140.718537
75.903420,-17.824335,105.433503
82.089368,-17.511556,127.629668
78.439108,-17.426625,123.312479
73.746637,-17.785537,58.586214
73.447978,17.944694,29.903044
73.695556,18.068080,39.928918
73.856759,18.510589,49.598345
74.107654,18.851139,59.156383
74.325318,19.274888,68.648410
74.661481,19.842623,77.974389
75.065721,20.468955,87.370528
75.689683,20.934571,96.538611
76.386580,21.250734,105.909699
77.096757,21.445715,115.148097
78.578271,21.751962,123.467244
79.690519,21.893295,127.760719
81.817679,20.575770,130.677563
82.114527,18.201784,134.615025
81.216261,17.501825,143.570280
80.240082,17.019981,152.431917
79.099969,16.768297,161.133424
78.318696,16.781467,170.560149
77.671271,16.801898,180.141832
76.950322,16.880609,189.795917
76.221412,16.987956,199.521237
75.517748,17.175842,209.165924
74.816782,17.467726,218.655718
74.285193,17.564463,227.580927
73.914645,17.197191,236.454087
17.638391,74.024431,15.435244
17.546126,-73.261686,16.872954
77.683293,-17.369817,178.803402
78.884986,-17.521316,159.450972
76.392363,-17.222207,198.250319
75.053084,-17.277124,217.322672
73.890747,-17.628295,235.529218
27.296401,71.009482,15.486486
-73.771527,14.999929,16.922740
-55.970311,50.690422,16.572532
-67.229655,33.988509,16.828780
-75.079248,-5.023813,16.986571
-71.056239,-24.683332,17.004016
-62.000687,-42.583585,17.014155
-48.542357,-57.458882,17.018336
-31.642495,-68.280865,16.940974
-12.475511,-74.256578,16.850958
7.613929,-74.933625,16.853448
69.282109,-29.649687,16.777756
59.009232,-46.893427,16.812490
71.313515,-24.828820,34.961955
63.042504,41.863560,238.698246
56.517261,50.192617,238.958600
49.088831,57.404774,238.955145
40.844845,63.454574,238.693431
31.913307,68.294002,238.442635
22.460627,71.976836,238.309402
11.895409,74.683867,238.857495
1.645550,75.866225,239.640146
-8.478712,75.642977,240.325346
-18.526737,74.124376,240.905371
-28.245782,71.218687,241.397014
-37.466614,67.048284,241.844301
-46.094114,61.723474,242.047912
-53.985755,55.160279,241.923384
-60.865792,47.724186,241.735374
-66.731609,39.398019,241.399752
-71.385882,30.307472,241.110075
-74.848968,20.604986,240.930076
-76.914834,10.525255,240.973469
-77.610839,0.150812,241.357680
-76.953298,-10.206363,241.692464
-74.886644,-20.308259,242.059379
-71.439587,-29.978471,242.287774
-66.812068,-39.130707,242.351030
-60.905788,-47.511478,242.179874
-53.968356,-55.013103,241.881664
-46.067783,-61.509887,241.534454
-37.340885,-66.885756,241.085034
-27.987777,-71.086663,240.653685
-18.207219,-73.892059,240.058317
-8.079287,-75.408298,239.368268
2.057265,-75.565921,238.904122
12.284801,-74.519045,238.653462
22.182625,-72.186773,238.715989
31.559670,-68.654020,238.753203
40.392329,-63.911069,238.762649
48.531933,-58.061600,238.800262
55.822985,-51.186056,238.873285
61.978515,-43.528740,239.143387
67.025660,-35.335732,239.749050
71.108847,-26.318693,238.823005
-7.451856,-74.995560,25.288339
71.792303,-27.019223,82.602024
-59.212298,46.984802,24.993689
72.880003,-27.135489,101.372004
-36.286665,66.899671,24.131226
78.644784,-26.610593,127.100373
74.963048,-25.536665,183.389978
76.081956,-25.831822,164.050998
71.482683,-26.779757,72.904238
-69.382262,29.481530,25.279449
73.636210,-25.445736,202.738423
72.265959,-25.595902,221.295744
-69.268636,-29.376507,25.533480
78.336676,-26.287097,136.367597
61.925679,-43.077781,25.104025
75.510887,-25.703020,173.716633
70.793286,-26.002283,25.434286
71.197913,-26.072134,53.535964
-52.451614,54.635644,24.800331
72.110972,-27.179231,92.121608
-17.535454,74.315383,23.499780
71.880913,-25.212459,229.825465
22.530662,73.001806,23.220932
-74.632617,10.080619,25.430959
-74.596168,-10.006402,25.492437
-72.581635,-19.874709,25.517387
-59.027416,-46.642483,25.549929
-44.583759,-60.631379,25.520240
-26.984894,-70.313925,25.397617
31.955770,69.334922,23.291194
12.676697,-74.340037,25.287875
55.909570,-50.655312,25.630309
76.657717,-25.900530,154.471201
79.600052,-26.661512,128.783058
71.396576,26.149652,35.589498
76.283369,-27.285071,127.420253
71.302636,-26.502532,63.177143
74.777318,-26.873205,119.392485
71.478096,26.856424,45.026488
71.737441,27.042298,54.817213
71.921543,27.562279,64.327709
72.165984,28.167389,73.699788
72.489000,28.739355,82.988105
72.885452,29.412245,92.446481
73.421784,29.862249,101.860599
73.974199,30.271682,111.272194
75.028191,30.634591,120.217628
76.397422,31.452519,127.172014
77.976278,30.282264,131.682663
79.211096,28.469207,134.857498
79.674530,26.294854,140.175764
78.633536,25.644437,148.865700
77.413247,25.243190,157.411585
76.224961,25.089379,166.325813
75.558606,25.060687,175.854393
74.841866,25.131549,185.418354
74.083538,25.222008,195.056065
73.352700,25.393971,204.689925
72.556818,25.759714,214.246715
71.736138,26.394709,223.553066
71.379911,26.145816,232.423903
66.841457,-34.945222,24.374003
-72.645004,19.949172,25.357070
77.309967,-25.936401,144.994015
31.866114,-68.384317,25.320292
2.630435,-75.348753,25.295733
70.929186,26.631077,25.835899
22.483034,-72.007702,25.303314
-27.149603,71.250894,23.780258
-17.379198,-73.307642,25.334410
71.242365,-25.449305,44.210943
-64.871567,38.577925,25.155454
-64.725921,-38.352983,25.544371
12.691329,75.410613,23.195073
72.885338,-25.620424,212.271472
74.347565,-25.426273,193.102366
48.856108,58.504632,23.651538
62.040396,43.893935,23.893248
40.792307,64.475398,23.445561
71.600301,24.680435,240.418673
-7.560994,76.051304,23.211900
2.568754,76.427426,23.165499
-44.751234,61.327211,24.489008
55.951255,51.606339,23.789576
-75.283459,0.031418,25.468362
73.637996,-27.021139,110.382866
-36.105806,-66.069554,25.464947
-52.272721,-54.111475,25.555625
48.790213,-57.550848,25.612075
68.126732,33.057564,239.055322
40.698093,-63.527156,25.400083
66.986442,35.567408,24.057882
68.545063,32.912677,31.597126
53.088908,53.962929,230.808079
45.297899,60.551353,230.446455
36.718992,65.993820,230.067859
27.434266,70.292631,229.790619
16.484777,73.764470,230.067929
6.113608,75.695139,230.860124
-4.042817,76.139722,231.589741
-14.121114,75.198081,232.256901
-23.941706,72.929263,232.802299
-33.389997,69.403591,233.248368
-42.247589,64.641972,233.623728
-50.396653,58.756501,233.912041
-57.817970,51.747606,233.820775
-64.161461,43.852545,233.726934
-69.521825,35.088072,233.739480
-73.590397,25.613895,233.857276
-76.365523,15.638762,233.915052
-77.799799,5.261630,234.432207
-77.842382,-5.116107,234.887632
-76.514786,-15.378089,234.957280
-73.810694,-25.295108,234.998824
-69.800800,-34.752631,235.075729
-64.532083,-43.485128,234.821500
-58.121210,-51.427000,234.556434
-50.702903,-58.438678,234.147915
-42.414786,-64.404616,233.747211
-33.344323,-69.191374,233.224841
-23.839716,-72.709770,232.382192
-13.929586,-74.890002,231.470100
-3.456745,-75.723439,230.669244
6.868556,-75.317659,230.265888
17.249740,-73.625350,230.267982
26.944465,-70.713277,230.340399
36.020024,-66.611075,230.412062
44.605685,-61.347240,230.473033
52.420398,-54.927306,230.515949
59.323203,-47.490687,230.479434
64.894956,-39.572193,231.356074
68.879154,-32.094564,232.979072
68.064113,-32.913944,39.409099
74.146649,-34.383373,140.567882
-75.178442,5.115985,33.942816
68.137980,-35.266213,77.496544
-48.542571,-57.593771,34.040948
70.219770,-36.516751,115.445072
68.969127,-33.935406,216.508062
72.373088,-33.741783,168.608524
-62.054259,-42.607929,34.066772
69.511987,-36.344973,106.292948
71.400899,-33.248818,187.807766
-22.269497,73.388748,31.963278
68.559483,-31.606258,31.418142
69.866311,-33.436844,207.054200
-55.949676,51.133033,33.204129
68.856535,-36.015174,96.945378
67.669480,-34.617615,57.864126
-55.804143,-50.519816,34.073320
-67.192718,-33.940359,34.045997
17.669554,74.800141,31.110736
66.941543,35.999751,229.426588
-31.582894,-68.460356,33.928937
60.237545,46.038615,230.761219
68.467639,-35.612831,87.277663
-40.425481,-63.598820,33.986211
72.873362,-33.886249,159.005615
74.889015,-34.893308,132.183769
67.844559,-34.954010,67.690579
67.733622,35.403238,40.277611
68.553276,34.649781,50.524159
68.647539,35.259461,59.993440
68.790719,35.963725,69.395483
68.984504,36.604789,78.786047
69.435516,37.140810,88.153539
69.874836,37.655773,97.787265
70.402702,38.099007,107.207278
71.022037,38.464011,116.720440
72.150088,39.294759,124.629844
73.294495,39.338512,132.519476
75.063919,37.857699,136.338519
76.129541,35.774091,140.072668
75.879200,33.984771,145.504531
74.538033,33.439484,153.776453
73.247702,33.151130,162.161201
72.444458,33.048437,171.718024
71.794502,33.050048,181.092669
71.021321,33.167850,190.639643
70.238746,33.284815,200.182840
69.455446,33.493563,209.587050
68.448880,34.232688,218.962723
75.811827,-35.567147,126.715547
70.772029,-33.149644,197.461743
72.526688,-37.329652,130.522023
59.414675,-46.680235,34.367776
27.292760,71.815312,31.168242
67.724556,-34.014406,48.344430
-67.311513,34.224980,33.599785
71.878899,-33.523634,178.225682
73.462486,-34.002326,149.501166
70.984159,-36.804536,124.417558
-73.856538,15.117491,33.878120
-48.594935,58.449840,32.960158
-71.226629,24.881005,33.762682
36.428806,-66.195165,33.707985
64.738296,-38.923564,32.914214
17.738420,-73.421830,33.735967
-22.194621,-72.088388,33.850223
36.450607,67.528043,31.351043
-12.436532,75.810853,31.634099
-40.483400,64.628301,32.618995
59.100277,48.340153,31.893599
44.914080,62.100230,31.537625
68.636481,-33.515226,225.206639
52.530487,55.613865,31.820506
-75.159020,-4.971252,33.980856
7.706964,76.502296,31.164297
64.562914,40.474081,31.973222
52.756668,-54.103204,34.543760
-31.661916,69.626987,32.293657
-62.183183,43.083218,33.405637
27.351397,-70.425004,33.772408
7.757306,-75.109288,33.689121
-2.355758,-75.450268,33.700086
-12.392241,-74.440310,33.763224
-71.127184,-24.665213,34.025639
-73.795541,-14.952932,34.006466
64.168180,-43.717698,91.791100
-59.242912,47.486379,41.737612
41.524774,63.377443,221.856825
32.447731,68.269239,221.414798
22.033973,72.164265,221.509929
10.606711,75.169301,221.984094
0.412367,76.321699,222.706362
-9.700590,76.041541,223.380717
-19.631098,74.425057,223.986777
-29.247632,71.510262,224.508516
-38.398916,67.337740,224.959704
-46.923778,62.006351,225.313218
-54.682385,55.512761,225.700680
-61.589108,48.077594,225.830124
-67.461932,39.480004,226.173230
-72.154872,30.329434,226.522612
-75.618511,20.622452,226.917667
-77.946667,10.323146,227.564097
-78.687243,-0.069341,227.895755
-78.031421,-10.343526,227.959181
-75.988139,-20.451147,227.836947
-72.555979,-30.114877,227.636210
-67.971453,-39.200164,227.288069
-62.114234,-47.602469,227.013595
-55.253375,-55.113236,226.636689
-47.369042,-61.627005,226.135311
-38.724949,-66.955993,225.498406
-29.517204,-71.156081,224.574066
-19.785843,-74.031973,223.690898
-9.620230,-75.593996,222.737745
1.281874,-75.823688,221.955868
12.032091,-74.796659,221.855113
22.127250,-72.469788,221.847743
31.504112,-69.033582,221.889277
40.356040,-64.410699,222.010081
48.624714,-58.620745,222.180074
56.262046,-51.634333,222.111377
63.521513,-42.617816,221.514072
-44.575050,-60.847458,42.486366
66.162419,-46.395142,128.910823
63.813381,-43.237517,82.070985
63.205024,-42.643753,62.249220
44.959556,-60.726091,33.916373
63.449072,-41.251856,42.209582
-36.028328,67.688324,40.906043
-2.390614,76.856808,31.373434
-59.156353,-46.735354,42.537859
69.419356,-41.875565,144.935148
-52.308656,-54.288182,42.524946
65.298780,-45.588945,120.240151
64.749776,-44.987382,111.099809
-64.873987,-38.394556,42.530328
67.830897,-41.169757,173.124068
-26.864620,72.098547,40.541903
62.180768,44.840565,39.939680
67.139754,-40.324636,192.005504
-75.394047,0.110290,42.453713
67.484622,-40.775634,182.588959
68.268084,-41.386872,163.583669
70.358894,-42.868100,136.597663
63.471363,-42.895445,72.273718
63.308130,42.442100,222.556114
64.767873,41.471148,47.105088
64.597089,42.491731,55.584109
64.714699,43.224701,64.908054
64.802209,43.961185,74.412279
64.991791,44.578763,84.040908
65.262550,45.150221,93.569602
65.708228,45.718737,103.194704
66.220222,46.101527,112.804992
66.879076,46.704044,121.637656
67.943388,46.871441,129.919734
69.746838,46.729326,137.838691
71.284146,44.876893,140.736526
71.364434,43.017984,144.431108
70.721221,41.405338,150.334922
69.230631,40.854364,158.184985
68.500640,40.628584,167.471616
67.805425,40.573326,176.940387
67.070931,40.669425,186.193173
66.202978,40.845987,195.671813
65.437408,40.978229,204.876784
64.819165,41.043878,213.652133
22.592240,73.962845,39.458088
71.322402,-43.971999,128.623563
65.125932,-41.188896,211.151226
66.406647,-40.372472,201.415562
67.980725,-46.861016,135.181652
62.998343,-42.360645,52.071427
68.812600,-41.542764,154.057860
-36.076254,-66.302633,42.440369
-74.747777,10.205426,42.409276
-52.398499,55.228015,41.486784
40.758202,-63.834939,41.840913
-69.484368,29.781539,42.172958
-69.417866,-29.376928,42.502304
31.924439,70.365209,39.422113
-17.211881,75.198001,40.193290
64.396164,-44.340630,101.563378
-44.533225,62.092519,41.240853
40.755932,65.519282,39.530143
-64.951941,38.957771,41.960639
49.659452,57.394367,222.462971
56.106235,52.560877,40.129651
32.175581,-68.558282,42.294715
56.821782,50.509169,223.320218
56.950203,-50.026927,45.027452
12.820893,76.278006,39.529587
12.921407,-74.594740,42.115942
22.817357,-72.220672,42.263161
2.796452,-75.616305,42.107097
-7.320371,-75.272974,42.201196
-74.708401,-9.948527,42.482684
-26.911255,-70.583420,42.387211
48.832589,59.578737,39.683294
59.567493,49.225358,49.426962
-55.963250,-50.752534,50.907500
27.567931,70.684146,213.125198
15.695607,74.437771,213.486028
4.935321,76.180202,213.809742
-5.249095,76.580205,214.480026
-15.267491,75.610018,215.092611
-25.047389,73.322777,215.663305
-34.445731,69.752445,216.210160
-43.322104,64.979314,216.750057
-51.610833,58.991347,217.339006
-58.890460,51.926185,217.855392
-65.257886,43.754805,218.391011
-70.741096,34.808339,218.874008
-74.917793,25.266970,219.529253
-77.721529,15.140790,220.384825
-79.158800,4.991636,220.784264
-79.220626,-5.269228,220.739406
-77.801536,-15.412996,220.591899
-75.045946,-25.232507,220.299054
-71.086191,-34.602901,219.950431
-65.884243,-43.412042,219.557435
-59.517945,-51.396555,219.015378
-52.167728,-58.455251,218.451435
-43.965616,-64.397918,217.705571
-35.100840,-69.206653,216.844426
-25.630944,-72.810939,215.941322
-15.684040,-75.061253,214.940451
-5.135703,-76.100967,214.019757
6.535563,-75.588901,213.523343
17.051710,-73.990129,213.412585
26.853728,-71.081716,213.324760
35.863756,-67.159717,213.418933
44.418264,-62.033842,213.685372
52.193393,-55.996357,214.001545
59.207571,-48.855747,213.557647
61.349956,-47.015871,204.811914
-72.765273,20.152567,42.313236
62.473363,-46.578096,195.733788
57.868952,-50.037799,66.989248
48.999506,-57.767895,42.608510
-31.343445,70.493112,49.221833
-67.435409,34.657643,50.522328
-7.263994,76.930106,39.909340
60.105036,-53.097187,124.775700
59.531876,-52.438086,115.647169
59.313611,-51.811592,106.054828
-72.702310,-19.834171,42.504311
46.561534,60.238997,213.924981
-62.292411,-42.763396,50.968865
62.487058,-48.014628,177.663176
-40.430565,-63.875921,50.957424
63.814149,-48.845576,149.426234
-62.279017,43.614032,50.280298
62.434532,-47.334142,186.858383
62.821461,-48.349459,168.183112
64.680096,-49.938279,141.400256
7.987564,-75.459712,50.459616
59.047196,-51.225441,96.267578
59.903086,49.724900,60.181873
59.772951,50.716554,69.765595
60.002025,51.257625,79.508865
60.079708,51.982839,89.228953
60.277563,52.560104,98.942561
60.589461,53.077645,108.701078
61.196783,53.621152,118.106354
61.916903,53.881932,126.901972
63.186636,53.863511,135.848140
65.094837,53.462958,141.956914
66.047217,51.824325,144.190206
65.633037,49.582148,148.626232
64.671243,48.428737,154.549496
63.779220,47.705003,163.254984
63.019236,47.565860,172.671733
62.221091,47.681628,181.778362
61.325583,47.858049,191.047321
60.288135,48.246470,200.420752
65.535530,-51.144497,133.005676
-17.270229,-73.586411,42.292624
61.676642,-54.994002,139.116624
57.546958,-49.801949,56.722651
63.274421,-48.499840,158.614131
58.695072,-50.704830,86.690845
-48.624856,-57.864631,50.931669
-55.967342,51.790078,50.006084
-75.331065,5.225005,50.891188
17.897325,75.758658,47.989385
37.719093,65.962897,213.368740
58.253427,-50.377364,76.879204
44.557644,-61.488206,49.001991
-40.243882,65.449901,49.556215
-71.359533,25.189687,50.699294
-67.428313,-33.998298,50.999241
27.421894,72.790023,47.868463
-21.909672,74.278631,48.853230
-31.548707,-68.768201,50.917213
2.828249,77.287537,39.686243
60.547996,-54.016519,133.055146
37.167926,-66.275110,50.660039
59.947326,47.345435,216.815153
51.084115,-56.274779,52.274368
18.141119,-73.760634,50.607717
36.431190,68.630579,47.724256
59.722798,48.151661,209.181388
-2.162359,-75.786221,50.602910
44.840885,63.317493,47.706574
-75.316860,-4.883595,50.934413
8.011859,77.424804,48.131777
9.808889,75.904624,205.260585
-0.745185,76.812604,205.623202
-10.834648,76.486034,206.136733
-20.768374,74.824145,206.730564
-30.415728,71.874432,207.394275
-39.625158,67.647351,208.067918
-48.301444,62.140216,208.812948
-56.107885,55.586352,209.494421
-63.100793,47.873138,210.210891
-69.085868,39.150166,210.962984
-73.919084,29.724510,211.692617
-77.386509,19.836950,212.364968
-79.367881,9.888786,212.659316
-80.015416,-0.203079,212.863772
-79.345235,-10.298310,212.847201
-77.356370,-20.258542,212.605212
-74.066495,-29.901314,212.244041
-69.489888,-39.036012,211.808305
-63.745362,-47.466588,211.238767
-56.819497,-55.087973,210.543742
-49.076154,-61.591896,209.793618
-40.544268,-67.006517,208.953708
-31.361406,-71.238427,208.089132
-21.686921,-74.228534,207.140737
-11.453148,-75.935899,206.171935
0.178641,-76.249790,205.595259
11.720143,-75.194622,205.130458
21.969160,-72.958871,204.907904
31.395876,-69.468353,204.741196
40.205888,-64.989438,204.992004
48.146726,-59.646792,205.548696
55.160235,-53.669656,206.133604
53.614970,-59.265741,120.165672
-12.097526,76.690175,48.528880
54.585978,-61.675720,136.464375
-65.029660,39.510166,58.805810
-74.005446,15.318856,50.831003
57.681178,-51.657329,199.127822
55.058135,54.979100,55.655983
52.420926,56.994096,47.849330
53.860228,-60.216735,128.771685
-2.057891,77.743838,48.291009
-48.556326,59.145025,49.767349
54.130804,53.729385,215.098027
53.414219,-58.615068,110.575532
33.320375,68.680190,204.807538
57.326549,-55.134189,154.106427
-59.381127,-46.977976,59.185599
-44.703479,-61.145527,59.360441
56.274442,-54.758415,173.010379
52.228732,-57.169635,81.598862
53.168286,-58.006139,100.909494
58.026798,-56.212942,145.812735
28.102134,-70.629302,51.038301
52.559254,55.775256,205.622922
-52.547394,-54.550961,59.250857
54.433756,57.157584,75.000915
54.274223,58.075030,84.504099
54.335454,58.764939,94.257643
54.599021,59.287482,104.112450
54.902242,59.769042,113.985977
55.627402,60.282247,123.373444
56.632862,60.372524,132.670997
57.753856,60.445215,141.208915
58.839427,59.518041,144.991818
59.784776,57.838541,147.759459
58.386769,55.920944,151.886609
57.852998,54.615774,159.318690
57.340104,54.194695,168.168700
56.474486,54.277035,177.279377
55.581212,54.392176,186.245059
54.636308,54.562806,195.487751
58.897108,-57.499629,137.943390
-12.232177,-74.769236,50.741744
55.808002,-61.864472,143.743227
56.776542,-54.781220,163.252743
52.781328,-57.546111,91.188495
51.635611,-56.915334,71.822941
53.468179,57.299084,64.647424
-73.962150,-14.901823,50.972856
21.435570,73.188253,205.125265
-75.589578,0.224689,59.386069
-59.319758,48.149802,58.498032
-22.066284,-72.409456,50.839823
-35.751771,68.539883,57.861120
56.197642,-54.215602,182.457731
-65.130567,-38.549329,59.190455
22.929703,74.931477,56.478260
-26.500937,73.020318,57.542103
-36.093076,-66.661509,59.425873
-71.328281,-24.659778,50.984121
43.866277,-62.298484,57.428982
3.124407,-76.027502,58.769671
56.889221,-52.984438,191.339281
43.030401,63.199639,205.490160
32.208587,71.365189,56.281754
-74.939215,10.368830,59.316106
-69.617042,30.177098,59.061663
51.314222,-56.580956,62.021690
40.826455,66.655325,56.013451
13.193322,77.240405,56.578917
13.106562,-75.011398,58.386641
-74.921331,-9.879357,59.388159
-6.294300,76.984745,197.119033
-16.344640,75.992788,197.689056
-26.330991,73.637022,198.430238
-35.796558,70.002467,199.233642
-44.946402,65.040518,200.173084
-53.205544,59.013849,201.062436
-60.720307,51.715135,201.968977
-67.218174,43.308770,202.826029
-72.560682,34.162513,203.505413
-76.590541,24.534870,203.965542
-79.218611,14.777833,204.216536
-80.564084,4.785919,204.392244
-80.586816,-5.283661,204.452337
-79.281469,-15.273526,204.398752
-76.670217,-25.050006,204.217953
-72.760279,-34.457364,203.891030
-67.649273,-43.238929,203.434761
-61.361237,-51.298865,202.827802
-54.076275,-58.444095,201.981983
-45.899200,-64.490647,201.073513
-36.962457,-69.378604,200.228151
-27.509083,-73.029486,199.410320
-17.555448,-75.430422,198.630753
-6.576375,-76.580407,197.978072
5.659257,-76.200610,197.170379
16.774683,-74.470161,196.642475
26.759383,-71.562561,196.244976
36.050280,-67.474201,196.161046
44.603641,-62.462649,196.579681
51.944462,-57.068972,197.792891
-16.859825,76.123430,57.183987
49.988779,-60.888367,158.590904
47.030111,-67.079001,141.104697
-72.923282,20.465197,59.230439
27.437190,71.661308,196.964787
-44.443359,62.793485,58.090072
46.481847,-66.450949,132.683180
48.684350,60.941399,56.013506
46.735077,-64.741853,115.092281
-17.075599,-73.970835,59.253394
-6.920621,77.859588,56.887779
-52.417463,55.896431,58.288744
15.123473,75.192080,197.019907
47.707419,60.247059,198.613815
45.548862,-63.212918,86.308713
43.869965,-62.840886,66.757774
39.133436,65.982379,195.778053
46.495184,-65.511119,124.296238
50.713303,-62.280119,150.503352
-26.797809,-70.953391,59.358701
27.982470,73.747722,65.030766
47.790087,63.445287,79.611911
47.542273,64.343472,89.142788
47.891069,64.791515,99.213797
48.131745,65.314007,109.193658
48.374485,65.854725,119.114302
48.765649,66.416734,128.859775
49.300899,66.944111,138.370119
50.379686,66.400323,144.553242
52.546793,65.440205,148.608267
51.400960,62.984688,149.536118
51.191478,61.491016,156.028726
50.763927,60.424013,163.984724
49.919051,60.244208,172.568304
48.833878,60.374649,181.405304
47.964409,60.508174,190.307788
51.266512,-63.631953,142.764812
-7.023915,-75.675995,59.077054
34.293556,-68.233519,60.864046
48.078291,-67.509092,147.617196
44.722842,-63.025885,76.657257
46.549819,-64.111866,105.552400
4.112040,76.799756,196.884975
3.165007,78.232652,56.685607
49.946446,-60.379088,167.882178
-31.065071,71.407456,66.184632
-67.693524,35.233663,67.017296
-62.975100,-43.180710,66.975834
23.331550,-72.595856,59.022409
18.379622,76.725758,65.128559
-69.671660,-29.456519,59.221893
46.210975,-63.599367,95.920456
48.734229,62.062302,71.186968
-75.829572,-4.855571,67.345496
-75.691476,5.434926,67.409259
-49.050612,-58.247970,67.527459
-1.517993,-76.311559,67.261167
36.948217,69.551479,64.676742
-62.393138,44.291192,66.952385
-56.584983,-51.196149,67.226156
48.349087,-60.912830,178.635685
-40.136636,66.197737,66.425285
-40.635456,-64.280723,67.749347
8.722320,-76.015778,66.680958
-72.948596,-19.877142,59.315139
-22.102266,75.057186,189.310241
-31.910280,72.039429,190.179368
-41.413348,67.611209,191.298087
-50.115605,62.094260,192.240668
-58.094996,55.314986,193.251161
-65.208377,47.418995,194.198229
-71.024382,38.625482,194.907331
-75.593676,29.281622,195.362685
-78.804820,19.667768,195.578637
-80.801582,9.757500,195.791342
-81.499470,-0.286103,195.914035
-80.868547,-10.334173,195.923699
-78.927595,-20.229190,195.840396
-75.707286,-29.801843,195.627195
-71.214177,-38.920866,195.248547
-65.583135,-47.338802,194.781531
-58.835068,-54.910898,194.100126
-51.112570,-61.567598,193.325294
-42.487988,-67.120098,192.491060
-33.207637,-71.549932,191.659207
-23.411804,-74.650165,191.007217
-13.053141,-76.513940,190.389289
-1.325214,-76.988324,189.618989
11.114500,-75.826115,188.721273
21.662398,-73.449004,188.071388
31.576584,-69.731265,187.637277
41.256917,-64.761992,187.522923
50.082559,-59.072056,188.718404
-11.851578,-75.369213,67.528936
-71.722799,25.617738,67.074799
-21.564646,75.249889,65.837499
38.768103,-71.557386,137.023125
45.164339,64.284598,64.008235
39.065228,-70.107684,119.152940
-1.451173,77.325301,188.245834
-56.100810,52.438142,66.747550
39.276693,-69.490282,110.160699
20.893186,74.182931,188.714397
38.805212,-67.649558,146.142263
-74.525937,-14.982805,67.219689
39.424672,-66.468088,163.814325
-11.746239,77.652132,65.519735
38.719308,-67.157441,154.739134
39.512212,-71.873863,149.501802
39.247296,69.523140,83.047010
39.010582,-68.895446,100.656795
40.603446,69.480785,94.175736
40.753789,70.058577,104.231548
40.975063,70.624098,114.215635
41.209787,71.207274,124.176949
41.437865,71.791461,134.042318
41.800408,72.275246,143.599110
43.655718,71.811978,149.952090
43.465625,69.882787,148.843188
43.190622,67.578839,152.937101
43.558107,66.135249,159.897778
42.929285,65.854239,168.158035
41.082894,66.168807,176.540338
38.799154,-71.006094,128.103196
-11.862161,76.843218,188.553687
9.523476,76.442751,188.333469
38.425561,-68.409203,91.234572
-48.589269,59.845721,66.585128
-31.525604,-69.304804,67.773363
-26.206338,74.011148,74.463043
-68.165223,-34.412195,66.916824
-6.313775,-76.506132,75.541910
-45.456070,-61.878912,75.254616
38.916881,-72.066726,145.385301
-60.526776,-47.619856,74.730061
8.417685,78.391425,65.163805
33.167831,72.107063,73.727407
31.674341,70.282099,189.350219
-70.302645,30.772732,75.060381
-75.967497,-10.095428,75.103410
-76.401664,0.262779,75.279234
41.127519,-65.249182,171.952187
-74.409966,15.668219,67.236953
-21.892411,-73.000282,67.683402
17.738305,-74.469397,65.546947
36.006691,-67.994760,71.891365
40.405107,65.953488,185.451700
-53.524001,-55.211710,74.895965
37.321699,-68.135683,81.638697
-65.537090,40.100276,75.122711
41.740407,67.285282,72.848628
-1.697728,78.703699,65.285827
4.573993,-76.735249,75.078643
-66.373441,-39.233712,74.709318
-35.585454,69.365645,74.740594
23.599673,75.851086,73.766510
15.610101,75.756844,179.841916
-36.338341,-67.420104,75.676326
-27.898626,73.754065,181.006258
-37.812462,69.904396,182.188918
-46.809047,64.940750,183.297108
-55.291099,58.640740,184.340295
-62.996640,51.253353,185.462698
-69.266415,43.012293,186.247343
-74.304417,33.956263,186.696052
-78.114015,24.548045,186.951704
-80.713558,14.695534,187.120895
-82.067771,4.703829,187.288851
-82.117120,-5.364141,187.360513
-80.839810,-15.371466,187.342528
-78.294576,-25.110837,187.225286
-74.463302,-34.449427,186.991528
-69.424147,-43.228631,186.590285
-63.290699,-51.234505,186.078282
-56.050475,-58.351077,185.457709
-47.889607,-64.498222,184.722634
-38.875247,-69.648410,184.016110
-29.157724,-73.487015,183.328063
-19.028316,-76.092095,182.694479
-8.213538,-77.321217,182.137229
4.316024,-76.985165,181.266263
16.296802,-75.122857,179.979422
26.624758,-71.941224,179.280789
28.307310,-72.384419,150.851103
29.347737,-76.697230,141.127730
26.429883,-72.020423,68.410653
30.687857,-74.386931,114.126084
-74.160055,-20.351183,74.858923
-73.595154,20.940281,75.256466
-72.035960,-24.996637,67.070775
-16.554335,77.118945,74.130971
31.095604,-73.754622,105.075567
28.593302,-75.645110,145.308547
3.953444,77.360535,179.373207
33.178494,73.188742,90.210873
32.780764,73.959258,99.264875
32.992863,74.496684,109.276658
33.175143,75.060282,119.321744
33.319568,75.635976,129.303802
33.365090,76.129890,139.169248
33.374804,76.583796,148.423482
34.548214,76.842247,150.881094
33.102424,72.773172,150.263354
33.791661,71.215886,156.714266
35.482473,69.927624,163.799040
32.116402,70.966801,171.082941
29.650006,-75.932604,132.205093
-52.606627,56.560970,75.036493
-59.579602,48.824781,75.155049
30.890038,-72.863653,96.010107
-44.505705,63.527173,74.885899
36.709117,-67.439320,179.324560
-41.472355,-65.195366,83.120445
-17.730770,76.269348,180.016426
-64.532702,-44.167339,81.970808
28.043499,-72.186341,77.588053
29.313911,-77.460552,149.087009
27.751839,-71.928279,160.993326
30.164880,-75.126501,123.077666
13.692666,78.222368,73.697279
-16.750863,-74.871912,75.753943
-77.091488,-4.978472,82.433087
29.870296,-72.302795,86.953964
28.734430,74.583301,82.429934
-30.866617,72.317563,83.039062
28.798661,71.970927,180.339979
-72.866013,26.353872,82.011655
-70.890394,-30.119679,74.773420
-21.254104,76.226685,82.784143
31.862682,-69.983168,170.679788
-75.764745,10.817430,75.198663
-6.612695,78.853226,73.832732
-68.806335,35.936579,82.002927
-50.345533,-59.111731,82.667696
-7.018772,77.442071,179.413497
16.598861,-75.238074,74.502579
-0.430477,-77.308035,83.324827
-11.355790,-76.398443,83.877926
-76.072965,-15.722545,82.229616
-58.134710,-52.145577,82.133638
-43.612062,67.433000,174.414228
-52.649939,61.876483,176.118271
-60.527598,54.804294,177.338759
-67.140120,47.149990,177.804594
-72.690504,38.601622,178.055608
-77.115661,29.361361,178.264350
-80.327636,19.693758,178.442714
-82.310009,9.686532,178.611092
-83.018251,-0.390486,178.727987
-82.421611,-10.444257,178.765853
-80.519116,-20.364240,178.691779
-77.354594,-29.915344,178.526173
-72.940990,-38.981087,178.221889
-67.360769,-47.390594,177.819595
-60.709189,-54.992312,177.388118
-53.034772,-61.637723,176.832553
-44.388303,-67.372677,176.230634
-34.971686,-71.925132,175.581166
-24.938641,-75.162931,174.853315
-14.308072,-77.101867,174.330846
-2.775487,-77.779908,174.054449
9.700739,-76.545835,172.723957
21.450787,-73.872046,170.885363
18.662607,-80.165361,144.666915
24.008254,76.908631,92.682005
20.932842,-78.972626,126.768213
-40.217541,67.027644,83.089411
-56.652230,53.147145,82.765002
-75.607542,16.218490,82.038966
-62.501020,-48.808214,89.376259
-31.866685,-70.278459,83.641420
21.044365,74.886328,171.228689
22.287229,-77.742686,108.708609
17.572670,-75.751693,155.318120
17.481379,-76.314080,147.530361
21.669746,-78.422558,117.639099
9.614029,77.070738,170.523373
-26.839445,-71.861656,75.716418
17.612224,-80.307872,148.198810
24.613325,77.469085,104.140887
24.754279,78.061426,114.419984
24.819470,78.648107,124.421508
24.703616,79.263956,134.378399
24.507819,79.858451,144.275528
24.274309,80.642857,152.425097
23.051456,78.238294,148.753214
23.595027,75.373693,154.304198
26.262910,73.763133,162.917850
19.852643,-79.465304,135.979580
3.547129,79.225949,73.648300
-63.324382,44.934314,82.317023
22.421610,-76.713343,100.196735
-48.978672,60.597368,83.024346
18.938794,77.679831,82.497726
10.125850,-76.984854,82.295739
-23.904700,75.218207,171.662960
-4.978315,-78.964954,90.098953
-77.198582,5.929075,81.990849
14.580245,-75.791872,163.928953
-73.500051,-25.646422,82.046035
22.418811,-75.667891,91.990167
-79.131472,-10.329359,87.136450
20.576089,-75.143597,83.337876
-35.769420,70.153270,91.367305
-75.720242,21.677214,88.567592
-68.249466,-40.412817,89.148230
-69.631441,-35.139781,82.077320
-34.115259,71.895722,173.049201
-26.022576,74.989969,91.338814
-72.239325,31.650526,88.922132
-11.468352,78.639049,82.406510
-21.950870,-74.121938,83.772465
-46.999379,-62.962416,90.294722
-1.857489,77.780673,170.155692
-55.652109,-56.342554,89.759812
-79.702914,0.493763,86.948126
5.703127,-78.700993,89.741863
-37.303614,-68.486349,90.828126
-57.817701,58.284315,168.589119
-64.822866,51.169487,169.093064
-70.784535,43.160168,169.423391
-75.811711,34.198672,169.589394
-79.605389,24.636013,169.699979
-82.220318,14.677198,169.880137
-83.584912,4.626015,170.035217
-83.660891,-5.504349,170.097678
-82.410726,-15.501471,170.086433
-79.897156,-25.278166,169.967790
-76.146479,-34.629820,169.774003
-71.156768,-43.372372,169.464030
-65.047970,-51.523143,169.179568
-57.891716,-58.614709,168.784632
-49.786466,-64.905177,168.387792
-40.619446,-70.081761,167.860569
-30.912024,-74.102427,167.390668
-20.389716,-76.588526,166.968272
-9.087660,-77.891107,166.913579
2.401424,-77.898246,166.249106
-13.004384,77.106528,170.618754
7.010731,-82.519398,146.421071
13.573219,79.255588,90.412206
-77.043112,-21.060232,88.559299
-68.885061,-46.356148,93.935186
-45.193143,64.540338,91.130695
-61.421535,49.599148,89.790996
-78.538805,11.207111,88.001742
12.696275,-80.842211,111.922871
15.418186,76.424451,161.475221
10.777093,-81.541407,130.226255
15.979930,79.435803,99.944209
7.570251,-78.775434,151.296765
15.986583,80.080447,109.727730
15.918351,80.880602,119.486368
15.872233,81.484897,129.381275
15.593984,82.208247,139.455613
14.731312,83.054719,148.747159
12.406411,81.477343,147.992371
10.868955,77.814855,151.731605
8.919966,-81.873201,138.841669
-1.471872,79.677232,81.999757
-67.550083,40.997284,89.293669
-40.714043,69.797970,166.063351
13.009443,-80.076675,103.363798
-54.109840,57.373047,90.592739
8.727103,79.379830,81.968868
6.489380,-81.145584,146.162636
14.576785,-77.304952,88.564466
-74.794612,-36.915076,91.808325
-19.717831,76.502723,162.416041
13.558023,-78.656461,95.541500
-27.176248,-73.003179,91.047629
-82.123887,-15.943487,89.168609
-61.729470,-54.801436,94.501635
-41.202493,68.045373,99.059744
-80.915484,16.670188,90.087064
-49.897614,64.616617,167.681196
-43.996824,-68.664254,92.756398
-73.283580,-31.111108,89.082725
-31.185448,73.183866,99.382479
2.333851,-81.082422,96.857371
-77.815666,27.194467,91.162331
-16.825440,-76.590688,90.896657
12.017091,-81.117617,121.194783
-16.142588,78.130928,91.120526
3.986320,77.929275,160.857590
-53.542216,-62.610985,93.043664
-83.630665,-5.094008,88.804705
-30.854101,73.975447,164.152786
-10.806623,-79.898904,95.031112
-5.214002,-82.572219,145.274084
-62.355107,54.924207,160.375275
6.361913,-78.106847,158.743390
-68.763331,47.380155,160.724811
-74.172486,38.988072,160.915573
-78.592085,29.664900,160.982358
-81.820739,19.659965,161.065013
-83.833275,9.628739,161.263100
-84.550381,-0.489762,161.373400
-83.964268,-10.586576,161.359670
-82.086458,-20.539314,161.313667
-78.972374,-30.141587,161.166126
-74.620383,-39.243384,160.954299
-69.104024,-47.800837,160.846650
-62.464127,-55.489443,160.543534
-54.696626,-62.311388,160.657111
-46.083669,-67.966836,160.900075
-36.609990,-72.620545,160.760412
-26.434285,-75.857169,160.464900
-15.446981,-78.014543,160.726758
-4.496178,-78.600228,160.429997
-8.114267,78.107722,161.371554
-33.864968,-73.767545,93.796213
-79.209141,-26.697724,89.621973
-83.327466,5.734476,89.507166
-51.272938,61.604090,97.870393
-46.934074,67.156555,159.038043
-27.702077,75.680928,155.640090
-1.594394,-82.352507,132.685306
7.884572,80.380035,96.871208
-66.351392,45.618950,95.937060
6.935532,81.013723,105.250122
-76.431940,-42.796453,92.042131
2.590842,-82.417829,115.131905
1.038725,-82.598870,124.196020
-55.018113,61.537753,159.908929
6.637904,81.941424,114.328528
6.723686,82.554432,124.286911
6.432833,83.269862,134.042969
3.298735,83.238997,142.651854
0.308585,83.462573,147.345835
1.850428,80.577933,148.078249
3.195623,-82.190827,105.519671
-3.888617,-82.303992,140.791921
-6.282976,79.832297,90.602166
-73.504121,36.971932,93.320647
3.466930,80.173344,89.833480
-59.414188,53.926542,96.992884
-38.002270,71.976718,157.617701
-2.700610,78.783157,152.715287
-37.009568,71.114892,106.805101
-7.012639,-81.780493,100.772218
-15.387357,77.960502,153.619473
-87.393480,-10.989270,90.194759
-47.822306,64.928176,105.245733
-84.918765,-21.781131,90.603496
-0.672425,-79.454639,154.580791
-85.802263,11.015384,91.536949
-83.483877,21.632105,92.828575
-22.889376,-77.634911,94.993005
-69.006415,-52.449714,92.698225
-81.583380,-32.320479,91.644104
-21.014914,77.310163,99.522190
-40.697058,-73.703813,94.082763
-50.569358,-67.926044,93.427084
-2.959604,-80.572848,148.585591
-66.474909,51.438632,151.993436
-72.318235,43.562642,152.077220
-77.296323,34.696953,152.244720
-81.087171,24.910868,152.272101
-83.760118,14.578767,152.355403
-85.121777,4.545085,152.542265
-85.179045,-5.573971,152.589098
-83.926300,-15.690191,152.537910
-81.408367,-25.518273,152.435741
-77.668906,-34.937072,152.263607
-72.844069,-44.179680,152.503408
-66.852372,-52.355030,152.759873
-59.487451,-59.952372,153.175586
-51.168189,-66.164514,153.600601
-42.197350,-71.311878,154.049883
-32.281082,-75.202266,154.159321
-21.307136,-78.027095,153.924058
-12.793147,-82.308626,134.333022
-88.114040,0.003254,90.563034
-7.192485,-83.051524,118.099135
-74.622813,40.866793,97.996205
-0.779658,80.699920,98.750531
-10.073372,-82.835811,126.277595
-30.112169,-77.991862,95.473124
-3.955031,81.561159,108.439953
-67.070936,50.212373,100.852179
-2.319192,82.777278,119.022277
-3.340366,84.218205,127.972666
-6.705070,83.584628,135.408923
-10.711877,82.275201,143.876829
-11.673557,81.198008,148.503192
-5.836653,-82.803500,109.113615
-10.707774,79.758532,99.648858
-79.948057,31.506932,95.342439
-15.908277,-81.268332,147.980167
-59.545010,-61.001022,93.078847
-37.115883,-76.040854,102.825140
-15.246497,-82.346171,142.537645
-10.486835,-79.473802,153.876350
-88.920829,4.922315,98.876982
-87.900233,16.018962,99.457887
-18.710621,-81.089893,96.933308
-57.226239,57.985851,103.791645
-86.954025,-16.150042,98.726989
-26.868628,76.593984,106.880293
-79.556408,-37.455511,99.599583
-46.737288,-70.836554,101.887780
-52.218006,64.465053,151.353739
-24.542133,78.636356,150.271209
-88.304085,-5.855347,98.760028
-59.717108,58.432108,151.826943
-35.287692,74.964436,150.416519
-44.087368,69.540297,150.502688
-46.272867,69.616679,107.580557
-33.263946,75.461511,111.260606
-73.197683,-47.093560,99.923518
-23.165911,-80.640299,135.737193
-75.719059,39.436440,143.371820
-80.078515,30.249025,143.511433
-83.337390,19.846325,143.482756
-85.361701,9.527083,143.557964
-86.070546,-0.556906,143.699808
-85.428325,-10.670416,143.695154
-83.483652,-20.750574,143.588711
-80.323635,-30.410352,143.457365
-75.758102,-40.187629,143.675117
-70.235164,-48.940224,143.871018
-63.281251,-57.191629,144.868572
-55.680033,-64.208545,145.864763
-47.107336,-70.046735,146.898775
-38.048035,-74.294644,148.434173
-27.658648,-78.047921,148.990737
-85.378610,26.385403,99.116021
-16.405040,-82.067976,105.187748
-81.350367,36.075326,98.821189
-20.719630,-81.270065,127.696584
-17.620134,-82.092070,119.815290
-57.481612,62.564024,103.847570
-75.672446,45.498242,98.594614
-11.849224,81.435925,115.424675
-11.741123,82.810942,122.022737
-14.192812,83.231331,128.455831
-17.524960,81.974236,136.584552
-21.663269,80.281970,145.357135
-56.047005,-64.411534,101.127967
-26.474622,-79.991922,103.666451
-84.162655,-26.686059,99.000200
-57.015151,61.752678,142.930221
-32.660010,-77.879493,111.570034
-64.743184,-56.446714,100.192213
-15.930754,79.572348,107.351961
-88.090283,10.071400,107.856456
-68.657333,54.778183,99.613029
-87.646533,-10.988088,107.577529
-76.508611,-41.994998,108.356617
-25.210389,-80.265987,144.003537
-70.191938,47.938738,143.131729
-42.829888,-73.113459,111.042195
-55.759058,65.605966,108.586106
-14.202470,-82.419850,112.744421
-88.409845,-0.606041,107.502488
-31.669697,77.166635,145.339177
-82.049903,-31.564610,107.856333
-63.964258,55.370227,143.081087
-43.360130,72.978207,111.193699
-49.618850,67.443666,142.707030
-23.344017,79.523625,112.260010
-85.442251,-21.252584,107.658094
-82.589188,25.546854,134.662949
-85.263914,14.721353,134.582584
-86.639823,4.462133,134.660562
-86.648357,-5.638334,134.709811
-85.338200,-15.764562,134.672002
-82.714283,-25.770226,134.593089
-78.617393,-35.794328,134.644317
-73.407431,-45.140615,134.801143
-66.468445,-54.215528,135.406639
-59.038161,-61.755211,136.416962
-50.556849,-68.480413,137.901880
-41.740813,-73.808725,140.978598
-33.721461,-77.417703,144.345462
-86.227539,21.280337,108.041279
-73.829828,44.094504,134.285155
-82.976650,31.176127,107.786385
-31.347830,-78.303852,128.607767
-27.586159,-79.550885,120.157232
-65.581050,57.540828,107.245619
-20.159618,81.396320,117.152384
-78.282267,40.644704,107.404630
-22.303907,81.774036,122.469908
-23.986424,80.799399,129.447716
-27.129754,79.311232,137.506868
-52.204832,-67.348416,110.099983
-23.117793,-81.057355,112.098146
-78.783976,35.254614,134.537554
-69.452921,-51.590021,108.432097
-61.192952,-59.981584,109.259005
-40.899499,73.294525,144.132864
-79.470268,-36.306682,116.737339
-54.243583,64.915929,133.871600
-62.028256,60.282208,115.921534
-67.811716,52.172771,134.057117
-88.005302,-5.731324,116.571579
-86.624056,15.406098,116.765491
-33.226384,-77.682575,137.032167
-52.188607,67.436197,117.008700
-37.779791,-75.710797,120.299943
-87.997934,4.545112,116.505373
-72.398464,49.470398,107.162748
-61.282431,59.058390,133.978585
-73.254006,-46.619548,117.050801
-86.529589,-16.030847,116.626721
-30.259990,78.551939,116.730296
-86.784139,9.590900,125.603855
-87.516807,-0.557781,125.628150
-86.890119,-10.725405,125.604352
-84.910572,-20.986849,125.677442
-81.421033,-31.130463,125.694939
-76.468245,-40.972056,125.738159
-69.953841,-50.632454,126.173469
-62.492451,-59.017860,126.875382
-53.736233,-66.406246,128.212266
-42.605326,-73.244547,130.374161
-84.119883,26.184393,116.755556
-83.701787,-26.277873,116.667028
-48.126308,-70.128392,119.805723
-41.768879,73.767795,119.078098
-80.264167,35.824204,116.481869
-69.006154,53.099783,115.962150
-45.126315,71.210686,135.148475
-65.190429,56.187737,124.840170
-71.570985,48.691714,125.082983
-84.782811,20.585370,125.703072
-58.343353,62.716227,124.813352
-36.203214,75.960428,137.103012
-49.213813,69.180824,126.071328
-31.583090,78.589099,122.892341
-31.883928,78.221488,130.980241
-75.128779,44.929382,116.175376
-66.019440,-55.441108,117.519407
-57.531831,-63.377847,118.484987
-77.198835,40.106152,125.344596
-81.597059,30.853255,125.611051
-39.825531,74.680832,128.188924
65.599565,5.058157,264.029335
64.476190,22.463502,264.038261
55.715925,37.280742,264.049731
43.158894,50.543714,264.055214
28.099369,60.026722,264.043455
11.228282,65.990971,264.032574
-6.613515,66.704527,264.023905
-24.199738,62.738757,264.017695
-40.446618,54.288304,264.014357
-53.630187,41.447444,264.014538
-63.008941,25.976827,264.017651
-67.889184,9.041014,264.023605
-67.254009,-8.537650,264.032442
-62.421073,-26.083549,264.043081
-53.226401,-41.655140,264.054729
-39.879173,-53.680795,264.053365
-24.042217,-62.625781,264.041287
-6.839520,-66.913654,264.030668
10.654748,-65.840821,264.022447
27.795051,-60.358358,264.016557
42.843531,-50.732039,264.013751
55.071657,-37.722130,264.013988
63.336970,-22.043018,264.017448
65.639570,-4.132190,264.024899
64.911166,14.155185,264.034055
60.256448,29.473900,264.043726
49.935583,44.482484,264.056061
35.859323,55.642790,264.049269
19.902819,63.594589,264.037834
2.271112,66.950552,264.027918
-15.511000,65.294131,264.020459
-32.530302,59.086082,264.015650
-47.478792,48.289288,264.014042
-58.836350,33.983658,264.015753
-66.246866,17.850869,264.020074
-67.845460,0.364321,264.027856
-65.473731,-17.479585,264.037581
-58.644692,-34.213486,264.048685
-46.795932,-47.792823,264.059519
-32.206796,-58.740188,264.047187
-15.754840,-65.591161,264.035742
1.822758,-66.671240,264.026465
19.478125,-63.758445,264.019050
35.559153,-55.996152,264.014814
49.384008,-44.578618,264.013492
59.952338,-30.390227,264.015110
64.918220,-13.254750,264.020883
56.345215,9.778724,264.036175
47.392747,35.781411,264.053130
34.717337,45.811437,264.053527
20.922626,53.834727,264.043079
5.832564,58.611498,264.033619
-9.684079,57.880809,264.026736
-24.878537,53.189331,264.021974
-38.872134,45.040103,264.019476
-49.382791,32.736534,264.020624
-56.913949,18.638242,264.024047
-58.964277,4.755548,264.029878
-58.434555,-11.333635,264.037925
-52.719649,-26.635984,264.047835
-43.715592,-38.029036,264.057411
-31.709571,-49.205364,264.051433
-17.049636,-56.188093,264.040866
-2.990702,-57.969500,264.033021
12.885904,-57.244401,264.025461
27.320157,-50.602008,264.021483
40.477957,-41.437479,264.019403
50.771019,-29.376556,264.020131
55.851152,-16.078761,264.024012
51.727023,28.327761,264.047395
55.715049,19.765911,264.041294
56.203156,0.887888,264.031965
41.336787,41.442132,264.058788
27.967808,50.000097,264.048286
13.728508,57.063833,264.038097
-1.972518,58.369546,264.030093
-17.561963,56.109023,264.023931
-32.170018,49.964900,264.020166
-44.334727,38.979307,264.019931
-53.734158,25.765975,264.022029
-60.316699,12.137873,264.025642
-58.837813,-3.086920,264.033752
-55.959934,-19.357025,264.042842
-50.200468,-33.780693,264.052395
-37.910264,-43.536066,264.057162
-24.404174,-53.271162,264.045921
-10.316759,-59.429273,264.035979
4.731098,-57.880841,264.029219
20.495151,-54.516963,264.022985
34.144938,-46.589814,264.020041
45.880594,-35.653409,264.019528
55.147340,-23.517772,264.020785
56.403473,-7.730225,264.027748
33.474225,36.151834,264.057644
48.339733,-11.569229,264.029893
20.728531,44.074863,264.047748
8.567420,51.250353,264.038480
-5.230237,49.385767,264.032927
-18.094000,46.495101,264.028336
-31.566219,42.065954,264.024240
-40.245422,30.130758,264.026081
-47.518442,17.957748,264.028714
-50.945519,-6.611553,264.039069
-45.734343,-19.951477,264.047837
-29.935757,-40.375402,264.054746
-16.952488,-46.593214,264.045408
7.561314,-50.369392,264.031414
19.438442,-44.924640,264.028124
32.652420,-38.260426,264.024779
42.663277,-27.439748,264.025072
46.141069,-19.875703,264.026992
48.278856,13.677812,264.042047
46.690925,5.479512,264.038883
43.952621,28.400549,264.051283
46.753193,-3.408763,264.034568
39.882455,33.611080,264.055807
27.255638,40.080638,264.052787
14.395035,47.780516,264.042938
1.896005,50.137807,264.035874
-12.013129,49.895141,264.029480
-24.990002,44.071860,264.026318
-35.523034,36.205294,264.025260
-45.471871,25.231003,264.026114
-51.640210,10.560556,264.030447
-47.630274,1.392627,264.036763
-50.065264,-13.523260,264.042756
-42.979077,-28.384118,264.053158
-33.363573,-32.031522,264.059359
-24.411897,-44.866901,264.049917
-9.211644,-50.700021,264.039607
-0.450230,-47.279955,264.036893
14.191967,-49.375764,264.028588
25.937634,-40.991920,264.026796
36.787715,-32.188538,264.025659
45.274844,21.021052,264.047067
35.649224,25.331086,264.053923
37.873204,13.183593,264.046965
34.181940,-21.667704,264.031997
-0.912154,40.689715,264.039138
27.358046,29.697644,264.057898
6.954146,43.070432,264.041701
-18.660720,37.031429,264.032646
-31.120332,27.733561,264.031411
-41.362281,9.967885,264.035450
-41.025539,-9.722019,264.045051
-35.516598,-20.589897,264.052848
-20.816983,-35.697082,264.052522
-9.655607,-40.316516,264.044810
9.278563,-41.247351,264.034941
17.615793,-35.671053,264.033475
26.560166,-30.451408,264.031544
38.091920,-10.165431,264.035610
-9.961705,40.230231,264.035079
13.476408,38.696168,264.046371
-37.402488,19.986254,264.032373
-26.858285,35.393660,264.029648
37.064071,1.556738,264.041771
20.476887,34.508723,264.052283
-12.614757,29.311582,264.039160
27.716722,18.929198,264.054759
-3.703795,30.797115,264.042647
-31.396281,11.217534,264.039353
-26.242870,19.002514,264.037920
5.539424,32.368830,264.046248
13.688303,30.313449,264.051112
-21.744457,27.782714,264.035732
-30.016416,-11.319175,264.050933
-22.914719,-21.796469,264.059326
-11.121330,-28.757540,264.051066
-0.725292,-35.136708,264.042865
8.325521,-30.065520,264.040798
27.153327,7.832539,264.049695
28.135570,-12.831405,264.039260
22.346754,-19.789531,264.038773
27.273615,-3.113085,264.044359
-32.856415,0.375478,264.043967
16.899337,-26.646139,264.038177
19.764796,24.626324,264.056766
-20.783406,8.092100,264.045815
-7.035722,21.038935,264.045828
-16.648448,19.599472,264.042117
10.224429,-18.228797,264.045562
18.115729,14.495795,264.057392
-11.088366,-17.111954,264.056652
-0.874571,-23.667259,264.048453
18.346577,-9.542892,264.045708
-19.535477,-6.183963,264.053347
15.763100,2.726191,264.052893
10.812157,22.225832,264.053708
1.993139,21.754692,264.049751
-10.818930,12.480035,264.048205
-1.793108,12.188146,264.052626
-0.481240,-13.088411,264.053342
-8.645297,-7.438544,264.058959
8.070925,12.651936,264.057073
8.034378,-6.417437,264.052320
-8.551144,2.968309,264.053927
3.710822,3.695149,264.059347
-1.058034,-3.803310,264.058098
64.816216,4.200072,-0.030185
63.602629,13.822429,-0.035325
60.951908,23.578304,-0.041186
56.753842,34.345808,-0.048221
50.192469,43.865214,-0.055727
42.979334,50.954204,-0.054796
34.369220,56.168419,-0.048247
23.842990,61.587302,-0.040690
12.172537,64.188343,-0.033902
1.744166,65.325566,-0.028398
-8.680143,64.958633,-0.023576
-20.175177,63.510822,-0.018740
-30.893509,58.519890,-0.015841
-39.064209,52.588134,-0.014633
-46.687714,45.611979,-0.014200
-54.605852,37.148079,-0.014311
-59.681223,26.459098,-0.016834
-62.471633,16.598574,-0.020081
-64.641072,6.462955,-0.023761
-66.240459,-4.987937,-0.028329
-63.948046,-16.591409,-0.034840
-59.807632,-25.845350,-0.041148
-54.842107,-34.893109,-0.047754
-48.775064,-44.723778,-0.055260
-39.675347,-52.280369,-0.051321
-30.682946,-57.039038,-0.044938
-21.225409,-61.232173,-0.038617
-10.429775,-65.357600,-0.031714
1.410084,-65.801346,-0.026074
11.431381,-64.097207,-0.022293
21.431800,-61.634801,-0.018878
32.453079,-58.188681,-0.015464
42.018355,-51.289967,-0.014348
48.725386,-43.792291,-0.014825
54.929919,-35.711752,-0.015808
61.334366,-26.191192,-0.017378
64.340976,-15.024907,-0.021285
64.958057,-5.335641,-0.025595
53.269523,17.099724,-0.041612
49.819029,26.029554,-0.047432
41.609287,42.329064,-0.058146
33.965363,46.060575,-0.052749
25.147501,50.148595,-0.046612
5.810776,55.540746,-0.034830
45.662853,34.711325,-0.053449
-4.040551,55.783126,-0.029993
-13.747705,54.517443,-0.025910
-29.723465,48.425520,-0.021066
-49.943024,27.785284,-0.020892
-37.080904,41.997263,-0.020487
-43.638883,34.520805,-0.020794
-51.556699,18.567099,-0.024410
-57.810774,-9.914726,-0.034679
-54.005824,8.701764,-0.027832
-56.248617,-1.088493,-0.031315
-53.438518,-17.805072,-0.040465
-38.872336,-42.947735,-0.055374
-48.401910,-26.379144,-0.046886
-43.383464,-35.091639,-0.053366
-30.393348,-46.365315,-0.049867
-3.592807,-57.985085,-0.032065
-21.144462,-50.252333,-0.043779
-11.914846,-54.388733,-0.037586
5.250399,-55.646241,-0.029118
33.344045,-48.648547,-0.019567
14.927170,-53.246867,-0.025818
24.676600,-50.959913,-0.022434
38.702947,-41.541245,-0.020474
55.738720,-18.806525,-0.023434
15.571616,53.509734,-0.040458
44.531002,-33.725960,-0.021506
50.494788,-25.992537,-0.022434
-22.712200,53.722185,-0.021972
54.960466,7.856090,-0.036438
55.279088,-10.204451,-0.027718
55.037571,-1.198942,-0.032100
0.271651,47.798230,-0.035764
46.542404,11.183994,-0.041879
26.473707,39.455721,-0.052240
33.989026,-32.320907,-0.027002
-40.178612,22.474734,-0.028068
-8.435366,45.387228,-0.032702
-28.205789,39.462825,-0.025941
-43.271182,10.974921,-0.031939
-48.796515,-8.920283,-0.038553
-42.736193,-17.508699,-0.045477
-32.100913,-35.886031,-0.055618
35.525356,36.223317,-0.058091
-21.723954,-39.061838,-0.049350
-2.304101,-48.446414,-0.035995
42.727473,18.661311,-0.047181
8.037889,-44.908738,-0.032930
28.582505,-41.013353,-0.025355
-19.220308,43.880354,-0.028221
8.475809,45.686681,-0.040685
-33.390896,31.617079,-0.027065
38.949847,27.201246,-0.052968
-46.027085,0.683134,-0.035411
-36.729802,-26.465061,-0.052540
-11.522391,-43.453645,-0.042590
46.794911,-16.324561,-0.028705
18.552972,-42.614602,-0.029196
17.571483,43.024691,-0.046288
40.054987,-23.866289,-0.028220
45.094123,2.825639,-0.038573
-38.634817,-7.935804,-0.042986
-32.519861,12.561159,-0.036372
0.371059,37.270053,-0.040700
-11.295354,34.560401,-0.036334
36.954332,9.719425,-0.045582
-0.240119,-36.649650,-0.040636
-22.178218,32.040822,-0.032264
45.004455,-6.628345,-0.034128
-23.594428,-26.697639,-0.056075
35.993862,-13.505337,-0.034996
23.248569,-32.354867,-0.031900
29.028951,-22.566069,-0.033890
32.016134,19.100315,-0.052292
-35.778210,2.203418,-0.039633
28.595998,29.070831,-0.058083
-31.491097,-16.799087,-0.050557
-27.620573,22.360612,-0.034161
-12.182487,-32.459015,-0.048103
12.257410,-34.035450,-0.036143
18.822831,32.273172,-0.051895
10.557760,36.636878,-0.045902
32.580864,-1.550819,-0.042239
-3.151452,26.537271,-0.043985
17.637808,-23.136213,-0.038850
-15.161836,22.854555,-0.039924
23.666916,-12.121785,-0.041312
-3.506568,-26.688843,-0.046859
25.184377,9.717404,-0.050977
-21.889309,13.259735,-0.041161
9.074091,26.005486,-0.050120
-25.820882,3.592609,-0.043778
-28.228226,-6.442407,-0.047299
6.518890,-25.204204,-0.042968
-20.223943,-14.525791,-0.054920
-11.622711,-21.273989,-0.053154
20.948149,21.319580,-0.058029
-16.935281,4.948273,-0.047422
11.097704,-13.864628,-0.046253
16.220327,-0.850152,-0.050079
-6.185719,17.981219,-0.046514
-17.829762,-4.102236,-0.051210
13.449299,12.865970,-0.057856
-12.087255,11.822175,-0.046547
-0.504180,-17.018896,-0.050076
-8.975503,-10.325675,-0.057134
-3.323232,10.120219,-0.051556
-7.214292,1.153149,-0.053864
2.612143,-5.984404,-0.053883
3.125720,16.730161,-0.051582
4.733969,5.186858,-0.057728
4.447685,21.806062,224.634454
-5.881969,-27.499607,214.932912
-1.274725,-20.948271,176.490198
-4.243915,22.488488,168.984693
10.650879,-13.844264,228.029525
37.314024,9.696496,238.019188
48.458087,-16.420992,234.916292
21.722544,9.141954,223.164049
42.379876,22.209286,205.005544
51.520436,-7.770220,200.349723
15.871032,42.299014,230.542576
61.925569,13.584096,252.486308
56.441110,23.054920,240.680350
-4.754736,9.028672,226.729585
16.624742,16.895446,203.447383
27.527035,14.641893,189.660268
-2.498930,38.238233,135.058756
3.266431,35.291791,91.457213
-14.190284,-36.896179,133.424359
48.367351,21.082527,177.578580
-13.550864,37.588039,240.992014
20.820123,40.962883,214.589274
53.381180,37.158025,247.428571
33.620640,52.276392,247.001419
34.130655,34.812586,253.743284
23.564749,56.531459,230.772566
51.467966,40.743552,237.373649
-4.842788,65.564591,244.118593
-22.248265,42.428514,202.077790
8.932071,62.564346,244.636515
12.463155,43.139121,186.744716
-44.828218,18.880749,223.002169
-8.347068,19.786933,211.371933
-12.374887,49.477967,177.350414
-20.646616,63.470133,251.697032
-18.826798,45.794470,254.365037
-4.956728,46.663831,251.802965
-5.204735,33.325298,254.069423
-20.437961,61.317709,241.026510
-32.281912,51.793484,249.629587
-38.979796,53.307876,238.654859
-37.210901,7.986513,211.790211
-27.359746,35.183507,248.477809
-16.201987,34.788330,255.689773
-48.236063,39.083801,247.184410
-60.259097,25.999670,252.072632
-63.784962,25.150797,240.546799
-38.789789,-11.417503,231.861147
-12.105127,-12.812198,238.617463
-47.573199,22.723227,254.992913
-57.445050,9.842951,251.881587
-41.769511,8.852706,255.963219
-62.872995,-1.705991,252.813855
-67.110220,10.324269,239.881815
-47.186592,-4.845089,249.447590
-8.557011,-46.256970,238.173776
-12.957203,-11.762770,212.667707
-41.334713,-12.695839,210.437118
-62.836384,-20.817045,243.610584
-63.947287,-3.997347,240.387851
-46.287064,-31.048114,253.002209
-51.833215,-37.348318,240.029846
17.714797,-33.654262,237.603776
-8.163813,-33.803581,204.152831
-43.163833,-17.446706,254.263720
-31.301263,-39.768769,253.669518
-14.856383,-56.930230,251.789387
-22.572134,-60.882951,237.896671
11.122410,-34.967796,208.155546
-25.785348,-33.299773,177.257589
-2.800879,-63.697149,254.498070
-16.072912,-40.079703,253.086616
12.720742,-61.433184,253.166682
-1.412374,-48.156365,251.429694
-4.752447,-65.058050,239.576688
24.877615,-58.278293,248.298465
38.733954,-48.585702,252.072074
26.240481,-44.258434,255.329084
26.608428,-43.816498,242.720445
20.738535,-6.896156,215.358755
10.893727,-45.990598,182.844640
25.121902,-60.864120,237.187114
12.467580,-44.229957,252.834005
10.311845,-64.857771,239.191951
41.309354,-31.070747,252.114406
40.871048,-50.468032,237.781719
6.606142,-33.143128,95.019646
56.885145,-30.480087,254.670996
54.353222,-35.176273,240.055872
62.535556,-22.916598,237.671907
60.315568,-2.299656,251.473567
2.431679,-31.774098,55.844836
10.234106,31.083418,40.007292
13.223288,11.128780,41.721224
37.345682,-20.566275,36.140152
40.404583,25.386816,29.880362
10.484301,-3.172658,31.198590
36.961146,-17.569247,54.209303
49.971672,10.182386,60.755063
62.994711,-4.949987,12.294715
47.963776,-7.175549,9.467339
47.832933,-5.028323,23.513110
-6.303789,-0.747670,30.689436
22.140957,-46.135847,35.002802
9.682373,-9.388442,52.915524
10.197671,-15.747285,91.964755
39.239780,-8.241053,88.500133
-16.349862,8.371131,32.960367
-30.253295,24.361667,37.073523
20.553866,40.320550,35.376784
9.119254,20.086392,65.468855
38.343843,14.714251,88.696051
63.234655,8.567735,10.845724
61.455554,-9.318355,26.883631
62.784089,-7.620307,51.662807
45.500461,-13.147626,105.944292
69.068781,-0.231316,30.443314
32.273591,-3.076027,27.934911
51.081583,9.731899,24.140746
53.282352,-21.164124,30.495524
46.986340,-37.395760,30.455307
45.930812,-8.422612,41.425187
49.523353,-6.057543,57.466082
63.513185,9.181507,24.604773
65.004443,-10.111374,39.402728
64.374385,5.959296,54.087162
64.880758,8.496018,66.914632
38.371000,15.764271,106.273144
69.552232,-0.401591,48.286488
35.125431,2.549072,54.864928
23.629918,-7.378738,54.269736
-7.680522,-8.140513,60.474753
-34.789970,-14.588534,64.188237
-13.537911,5.244028,63.176896
-9.269207,-40.177881,58.076011
-19.384769,-1.793073,83.588106
9.947834,-46.263472,58.816786
16.892431,-35.593833,82.291854
18.228192,18.500540,84.377583
11.564761,-8.519209,116.202849
-43.050555,14.534907,65.470321
-8.833175,51.608165,57.362280
-10.596266,16.948455,90.393373
22.870636,46.276828,65.916784
10.129292,44.889220,89.187519
8.885044,12.064270,105.421828
37.937929,-8.493074,64.955807
60.230239,-22.231805,47.446878
46.882177,-19.167478,69.212860
47.971604,-2.877529,69.856003
63.701476,-6.926568,66.243142
62.656320,-22.362180,63.628238
62.787918,-5.832909,81.106476
67.654405,5.283608,78.243419
51.668329,-9.738668,80.543871
37.292076,-4.778842,77.547029
23.311852,-4.585929,78.456590
-10.856059,-42.598987,83.809977
-7.160500,-6.784415,113.814415
19.206609,-43.282070,107.883917
-4.668744,42.295138,87.879084
-7.016635,19.928508,103.202360
9.234921,49.688629,112.982616
54.077890,7.477556,77.913417
46.713928,-20.487691,83.363610
53.931209,-36.187806,76.267103
50.396898,-0.730884,89.071756
53.382388,-4.306033,103.181576
40.318221,-12.118489,125.687700
48.822882,22.038348,126.724385
63.468861,6.768409,90.184311
63.325147,-20.878879,79.013030
62.199212,-14.874044,91.798719
66.245513,-6.405734,102.404691
71.164066,0.941277,95.671626
50.920493,12.574375,94.231954
47.560044,-14.238626,94.710937
69.026845,11.433147,101.417065
64.111245,-18.905990,106.629499
67.647710,-5.029921,117.371006
38.127580,-5.511707,135.536888
49.996206,-6.571562,160.589820
69.677723,6.333289,110.898985
55.099929,-14.596317,114.332751
39.404873,-4.153139,113.516066
24.704467,3.267517,111.571780
0.421960,-37.959208,110.738011
8.605830,-12.570894,131.074193
-6.070908,47.966146,107.178788
24.013440,20.839071,134.355809
-17.444160,-15.344804,119.809464
-49.733005,-12.246184,119.326777
19.909655,-42.336084,129.437435
20.718823,-8.782488,134.546773
3.095413,-18.990801,154.634889
53.791358,11.544171,134.976502
40.450770,8.341464,154.220778
56.529631,10.371827,119.696085
53.781913,-40.179519,118.123441
57.086267,-3.512526,126.743679
68.624500,10.885908,125.827642
65.810624,-22.962642,115.724334
65.814318,-20.447021,126.986715
72.142410,-5.304674,126.096505
72.680481,-7.211888,127.640686
43.848188,-17.584844,179.308561
52.734986,-23.311037,123.988117
51.355092,-4.343241,128.507778
50.491961,-1.817362,133.357766
24.269180,13.436905,144.363253
21.506727,13.237780,155.575202
71.741728,8.275985,128.226365
68.347184,-23.206179,128.949803
66.432554,-5.939199,129.108920
71.838610,11.208359,131.180654
76.632788,1.125340,128.127419
-16.719427,-12.409570,137.930144
-13.507115,-13.544355,165.724115
15.537024,-33.506086,132.760290
11.375910,-40.575914,159.259307
13.409469,-18.921998,188.128903
-11.417194,22.434662,130.317908
-9.432219,10.510742,157.084292
27.188452,48.686106,147.042599
8.362372,42.820012,163.513201
48.698710,-17.542382,130.558037
61.465635,-35.952232,129.222075
54.975166,-9.815251,140.725388
56.462410,0.035717,152.380501
74.244996,8.597600,141.269467
69.808273,-20.169481,130.189060
69.514194,-20.346305,140.050792
71.692870,-2.756187,139.627194
69.358878,-7.815082,150.160797
34.525715,-0.368995,141.454480
56.602775,5.796041,139.438256
54.727330,-23.006485,139.154306
68.955114,7.150103,151.237134
68.345042,-21.781228,153.060915
66.717396,-7.037083,164.025908
70.230380,10.173782,165.509862
74.474234,0.129691,159.201109
38.489975,-4.375082,169.185453
20.585231,-9.221630,167.546364
-20.806294,-40.302135,156.620359
-17.596652,-11.435236,184.053367
-16.646416,44.502102,159.034774
-15.073440,14.586348,186.205021
54.943672,9.725496,163.255537
50.890187,-17.722507,166.354546
57.205414,-34.861009,163.766350
54.094184,-5.500152,172.200638
70.550893,6.657714,177.752796
67.347429,-23.237415,166.817040
69.074347,-7.662839,179.023077
69.309532,-8.043045,193.070587
66.879849,-5.304702,206.350880
65.593505,4.195774,191.086180
68.604517,8.831129,202.220687
51.562988,-4.450432,185.532918
47.514933,10.106417,187.471077
54.085698,9.398033,202.946209
63.327957,-20.175440,188.694301
63.091290,-15.161050,214.514525
65.855341,9.607428,214.563172
31.416595,-7.315742,202.571866
40.765645,5.497616,199.948391
62.225967,-22.282210,201.971474
51.149579,-37.057548,201.767266
54.675681,-1.414292,214.307064
51.367236,10.963576,225.564888
48.741957,-8.555862,223.204298
68.815938,-1.916821,223.749045
63.428662,-13.486049,226.792044
35.814583,-4.392607,227.061413
37.968545,-20.657091,228.121338
34.854983,-10.106538,238.976565
57.621734,-28.703464,224.822986
50.216028,-0.337954,237.801322
63.134868,6.097379,228.612165
65.017149,-7.711308,238.658530
68.828493,1.262475,245.535633
63.799237,10.854058,239.483631
-15.016690,50.309523,39.039816
51.336497,38.829036,12.017123
37.309924,50.903960,12.002832
35.550449,36.146398,8.131920
41.571842,50.747347,25.636907
53.494114,36.516362,27.430366
13.340204,62.663332,14.631612
6.299275,65.337536,26.092991
25.368231,56.817168,14.896435
-16.213065,62.297441,22.735761
-2.553441,63.794041,12.321567
-31.422752,-18.408555,44.038094
-30.700347,44.939005,11.257182
-34.721928,55.783109,25.029072
-50.616455,37.351653,12.634809
-59.745565,25.590577,8.855874
-57.798050,27.106148,26.367035
-41.243489,22.932804,9.608779
-63.899585,11.287684,11.673057
-61.556868,-4.948244,15.746590
-14.582314,-37.134359,32.796652
-45.339140,-17.347401,12.445953
-44.824385,-22.693679,33.005282
-58.833129,-24.641981,12.331930
-60.966193,-19.768900,26.720489
-47.679255,-36.974254,13.575971
-35.372218,-50.031043,14.727222
-19.752103,-59.577032,15.298448
-4.055888,-65.248476,11.286274
8.555663,-63.387641,10.661145
37.362405,-51.150206,13.213989
23.369801,-60.097021,11.449464
52.760140,-35.876338,13.851755
39.857580,-48.326760,27.100867
64.567021,7.345505,40.228742
56.042522,11.330818,105.463553
52.676887,12.146310,130.493914
58.498945,7.531539,177.795869
41.113206,8.418822,174.722917
24.994345,2.188730,176.712767
64.993011,21.043656,175.109465
57.046436,39.096903,176.186442
52.030009,-36.827489,46.367054
57.011683,24.181636,14.847160
11.475968,48.591700,10.826142
-4.708373,49.310877,9.490510
21.886217,-41.898899,14.242158
28.009835,-58.902695,26.493334
10.157638,-47.215326,9.826775
14.351487,-62.796904,25.037852
53.167348,-19.503240,130.417297
52.743966,-20.966296,102.633090
55.528846,-17.858086,154.481719
60.530175,-22.463637,177.321716
-19.546100,63.216996,8.455188
-16.821292,43.318850,11.407592
-19.653578,65.149292,48.478160
-46.821666,43.437633,26.353951
-46.837224,7.434687,9.991235
-61.767796,10.482197,30.119342
-45.314196,-3.719163,8.908685
-65.133980,-4.466858,34.059221
-17.530702,-43.752760,10.319546
-20.984910,-44.745771,25.067407
-19.272962,-60.429187,29.979096
-30.100308,-31.078927,14.604014
-37.737790,-51.863597,34.592838
-4.885627,-46.442990,12.422071
-0.551760,-61.450920,26.802384
34.631155,-33.354779,10.759173
28.628597,-31.859621,26.197571
39.235933,-51.445696,44.463130
-20.153282,48.019471,241.285487
-24.111288,63.090953,226.213459
-26.585110,-28.466427,255.095009
-38.235165,-51.086855,238.206645
50.283461,-15.362968,251.319254
21.062283,-16.346722,251.994405
35.522028,-20.362263,246.339557
-49.991375,-36.136866,28.933956
53.296769,27.837996,44.958370
52.356769,27.185019,65.857370
35.580252,19.032389,64.435628
54.884863,28.274045,84.688917
53.604210,41.172856,77.125186
49.879582,29.955761,101.147745
55.815513,44.103814,102.984230
50.582077,27.160813,117.340285
58.296752,29.506450,130.113079
57.129679,43.448718,126.367698
15.889752,49.468760,138.705388
58.965499,25.172783,136.258983
58.002698,40.625302,141.685071
57.155081,24.143165,146.924706
59.978661,26.616645,164.820997
58.588871,22.591907,191.849719
23.800583,39.891633,8.823938
25.769140,23.316794,13.401235
25.852226,59.065051,27.579237
54.636497,-19.012007,13.446991
38.515916,-18.490493,15.346562
22.365719,-20.384626,11.284872
37.605333,29.393337,240.178778
23.854669,36.355310,240.756312
51.957397,41.204331,223.143126
54.665992,40.067727,212.636863
38.571324,51.935011,218.804414
0.070318,50.224451,236.205182
10.736425,64.795874,228.369018
25.832286,59.584232,212.409649
-6.871550,65.340958,228.194301
-13.708522,22.816188,238.046885
-23.836019,47.591990,228.772765
-19.903651,47.340887,215.496166
-17.145129,64.456614,216.130561
-31.276531,38.790448,235.659114
-38.173616,54.579366,220.437464
-49.900416,27.141531,238.674115
-49.554936,42.527647,224.329495
-61.452025,24.915460,229.877307
-47.635392,11.264459,241.709243
-65.254438,9.446565,226.140245
-65.596703,-4.964195,228.826621
-47.555199,-18.804380,242.543904
-63.389185,-22.156673,224.165015
-26.455183,-30.757345,240.591399
-54.831524,-39.372107,222.911241
-22.779219,-46.754642,242.693123
-22.739240,-62.161352,219.424822
-40.793333,-52.959743,222.322472
-2.448050,-62.355625,224.701917
9.172241,-48.456860,238.260328
14.287042,-63.677958,222.514926
29.700643,-58.956884,221.529080
38.872064,-33.504305,235.504979
43.177529,-48.649637,217.257337
-6.058317,-45.807608,27.745490
-5.034634,-65.581418,41.182145
-21.745693,-61.989079,42.542236
34.005297,-17.749148,81.845669
31.546531,-20.390487,68.658395
35.222430,-32.551036,80.265153
52.451179,-34.667974,91.774612
54.905503,-35.881071,61.758908
36.058523,-19.495014,92.219197
-37.844736,29.117132,24.047950
-49.810960,43.016149,42.320113
-59.188468,27.899987,46.284392
65.355899,-26.072595,99.548121
36.646362,-22.727554,103.710024
56.672763,-37.102564,105.498268
42.573556,-36.505245,104.828443
27.327963,-36.265639,103.793325
-37.890773,55.365900,39.538171
36.806711,-16.005493,130.992877
54.741415,-40.433893,136.748546
33.096413,-39.023682,137.773895
-16.400363,-44.476444,124.964854
57.024190,-38.716415,128.296825
29.178565,-18.598772,130.852619
58.212164,-38.054812,176.919592
41.107261,-30.457789,172.300968
25.130087,-44.902006,173.924922
57.721770,-38.212801,189.860408
39.917720,-19.109816,193.901230
36.066077,-15.348437,163.993936
42.334627,-27.871522,160.707616
60.850466,-35.072377,151.934319
40.049510,-18.129959,152.648594
29.433082,-30.735911,205.253136
55.977807,-36.702950,213.221535
40.424657,-18.308775,212.191838
40.768546,-33.057053,216.327253
-61.170058,-22.068038,40.941094
38.322627,-16.543532,139.030458
61.030474,-36.583574,139.814708
38.010253,-33.097605,134.280282
33.620253,-34.258430,41.916055
13.856394,51.879926,27.271013
14.681589,66.058746,38.372476
24.364401,38.950806,22.083396
26.085061,23.154423,33.068959
26.913587,59.198191,40.607405
25.646072,59.465298,52.746180
-43.017714,11.879771,23.903302
-64.221600,10.296152,47.408459
-46.614273,-7.251046,24.930078
-65.030799,-4.128372,50.356961
27.150894,-60.423242,47.728778
8.968517,-45.969109,23.907529
14.507721,-63.403867,39.504322
63.144250,22.522953,37.494773
50.599042,7.245134,40.614759
56.144507,22.445139,28.335383
41.028049,-31.596721,127.851612
37.984614,-32.890570,61.056949
43.687913,-24.714588,114.524543
36.821233,-36.478791,115.957167
54.675728,40.195567,39.015968
52.800807,40.659602,52.544174
63.753579,20.501508,56.583997
37.074282,25.091227,51.306855
53.010203,43.154572,65.120270
34.554113,43.357195,56.016857
36.182787,38.936479,70.248250
64.249230,22.057563,75.491081
38.655015,26.273155,76.697832
42.589011,13.286584,74.089620
36.748725,3.631582,67.076870
23.332997,41.903276,80.480609
53.899900,43.470295,90.815539
64.682105,23.840116,94.818942
38.368559,37.459234,87.519210
35.323664,30.770412,101.303754
37.915967,43.603476,101.651136
24.358671,38.177868,95.787562
53.507816,44.116488,114.946613
64.430443,24.479017,109.896670
37.763788,36.316617,115.148563
66.843961,25.725218,122.370680
42.812723,36.872643,127.065830
25.474575,33.207862,127.896049
-20.517782,17.810333,124.426926
-1.842982,44.233020,127.378828
38.557263,13.043197,123.606903
69.122259,24.800047,131.783787
41.336264,24.518356,132.154873
55.398908,42.380163,137.941997
34.367919,11.315644,132.067288
39.248648,22.437682,137.438421
36.449831,35.085936,136.759685
39.659374,36.888638,142.166968
24.830800,36.296459,141.438150
-14.231654,39.678037,142.325465
60.136235,42.335456,144.664667
70.389261,21.112097,140.646858
41.977932,20.067853,141.169709
43.547075,37.678098,143.729151
59.018447,38.829559,152.567516
68.862278,19.999107,156.318763
31.011288,25.552375,151.352767
39.095528,23.245468,164.014309
54.796275,41.387743,163.905759
30.722415,36.722801,164.949584
68.669815,17.723258,187.412906
42.655996,24.238943,190.682729
55.481389,37.198555,188.527956
41.363063,36.500816,177.024155
64.906671,21.867384,203.825279
55.239081,24.712775,214.586667
55.051949,37.866245,201.108554
63.696541,19.753099,224.818394
50.337622,28.084802,227.977391
40.163856,35.390852,20.188133
40.260283,54.612530,38.581320
-2.106336,49.094223,23.470868
-5.060925,66.569083,37.711002
5.659064,52.852320,219.798176
9.161976,66.327839,212.898508
20.872185,29.121660,227.214392
25.500448,60.964549,199.232267
-10.267647,51.620141,225.549922
-3.982410,66.452412,214.461720
-45.084947,16.106042,184.820702
-63.128963,26.230333,217.975430
-47.592443,4.225627,229.772639
-40.530137,-7.933058,189.156019
-48.126807,-23.090818,218.568672
-68.497507,-5.827119,218.679691
-20.727491,-46.748508,228.163878
-27.962020,-46.892101,216.814968
-34.274412,-34.069921,226.796554
1.424376,-47.733390,225.385248
8.570622,-64.194935,206.198198
-7.457791,-67.367344,213.083066
23.000004,-46.443329,227.971808
25.803336,-60.128423,205.484116
42.545123,-53.422018,113.672052
47.662139,-31.128917,186.509402
-23.070345,37.559548,26.716367
-22.341913,19.671333,26.844685
-50.848641,-37.059744,47.288229
-45.449891,-15.474119,89.572108
-31.075609,-34.672618,32.085685
35.353387,-33.609292,93.554736
40.169274,-50.626233,89.494775
43.436685,-48.886694,163.898253
45.480572,-48.499993,140.632001
42.986632,-51.089733,77.403510
40.118270,39.157744,153.805983
42.400101,-57.305113,137.133524
7.005936,51.313753,41.946669
12.115722,66.700002,50.406315
42.673109,-51.132531,178.973248
40.838063,-32.102162,149.332354
-45.705828,20.858187,38.897570
-44.184470,7.202741,53.313829
-35.414327,10.775793,79.742951
59.104361,-32.091185,32.391062
22.448271,-16.917009,28.954095
36.085463,39.520579,38.530664
42.103631,53.128236,50.279842
-48.827056,-4.511590,41.138500
6.570049,-48.619750,40.798704
11.250737,-63.921532,51.753499
-9.686752,-51.864668,40.349059
-0.544119,-49.115501,53.550918
-2.022346,-64.319038,54.762147
-21.835143,-44.119597,40.749798
-18.289216,-62.014753,55.324688
41.833085,-52.616092,126.944621
-34.829969,38.472733,41.278812
-48.297226,43.571529,59.998601
2.309160,67.094448,200.373186
4.651874,53.315400,201.483753
-8.096222,53.176169,212.011737
-20.803181,62.775601,204.227474
-21.205209,34.262824,226.522850
-17.295557,22.600954,222.259935
-17.534413,33.242934,214.045583
-23.882593,49.242779,188.312279
-11.199535,65.684994,188.859442
-31.991873,35.068632,215.386614
-38.376095,53.648366,203.952874
-53.832393,42.318272,208.579079
-63.230871,29.007994,205.624353
-47.280333,-3.475983,219.236477
-69.621087,11.031991,210.464996
-65.033291,-19.924916,207.302686
-70.121400,-3.190419,205.100522
-41.645672,-37.444203,215.072499
-55.453079,-36.609206,206.320087
-59.801852,-39.471632,194.273759
-45.450340,-15.174868,160.264892
-26.192691,-63.298483,204.162144
-38.862035,-52.711358,204.719398
11.567209,-50.724274,213.585474
-7.943581,-47.184518,214.130778
-10.118958,-64.071365,201.679057
27.243746,-44.942454,211.734895
43.891568,-50.352826,195.377058
39.516888,-48.787114,64.112649
20.791403,-47.805854,65.788541
-31.950071,55.992374,52.515655
-2.586153,66.229376,52.172577
41.403940,-54.843775,146.081218
40.590490,55.764641,65.530606
40.812215,54.381811,78.229507
40.981804,57.920464,90.077998
41.247902,56.985814,102.044015
39.824328,57.303046,114.534081
42.944735,56.699551,126.892789
38.352323,53.614942,139.271437
45.718325,55.613538,145.738623
41.569043,55.070289,146.456418
42.030370,56.038306,154.977832
41.996859,52.263589,171.136040
33.831742,53.735281,186.176355
47.480600,-50.486278,151.731618
27.231432,-31.765244,222.666940
-45.417389,-18.542572,50.444093
-62.006915,-18.969496,53.219646
-22.569307,63.297501,35.857620
-19.073196,36.301121,46.025382
-18.549266,64.576336,66.394121
42.778581,-54.098422,101.303358
-37.418185,-52.343835,51.476881
28.047276,-42.072608,198.555793
-33.499679,36.746143,58.493132
-36.287352,55.441979,66.346640
-46.788621,24.559812,53.571184
-58.570042,26.038036,65.199751
26.573703,-64.814661,127.890661
24.865142,-44.366348,116.752472
26.632200,-63.464226,115.671044
26.943466,-50.351006,126.487014
22.306088,-60.856197,152.777077
26.114208,-60.714542,182.503734
28.171908,-48.440860,188.117357
16.517749,-49.115586,141.327466
19.223394,-65.577153,143.641007
25.782200,-44.206193,151.628498
9.828347,-63.671638,65.402856
-4.417339,-66.180045,73.185443
26.469560,-50.290167,102.893562
25.504135,-63.811585,101.995406
23.916794,-41.620455,91.378067
24.735108,60.624939,75.928544
27.411963,62.414918,63.996390
25.759159,56.171896,89.762761
23.389985,55.236287,105.413202
25.501428,51.665684,123.554168
24.617010,66.337316,150.550256
17.933587,54.467022,143.619636
26.163043,58.806163,163.289682
27.472113,33.964462,188.487141
42.313609,50.607904,198.865789
39.413133,36.993176,195.495358
18.037834,-53.355673,143.615524
21.457904,-67.365544,147.256038
23.721089,-53.900052,135.350268
19.432158,-50.355546,160.632953
25.610727,-60.884648,166.432919
-59.690034,9.404305,64.922711
9.642704,52.864156,61.954443
13.208045,68.094856,68.393360
24.198154,-61.572412,76.244421
20.772839,-50.656951,52.564164
27.025850,-60.972047,62.887816
19.544735,40.809255,50.819403
-0.748466,67.947655,70.299927
-9.577392,18.593949,53.064149
-21.967210,48.917200,75.982895
-17.222963,65.303205,79.824916
39.795510,35.154207,212.148623
34.613385,38.996042,227.616583
-50.099422,-7.374114,56.452245
-62.832174,-7.057754,66.123466
12.173228,65.526839,188.379881
-11.678757,49.288400,199.494516
-36.395948,37.970109,198.750665
-42.118992,55.674262,191.606663
-48.101356,28.223039,208.289569
-54.206840,24.472112,195.953418
-38.665940,6.095376,162.100293
-54.395513,41.596592,193.438156
-68.267257,22.244758,195.247761
-54.120315,10.431575,206.726844
-71.040802,7.475382,195.397319
-54.970403,-9.538045,209.912917
-72.372925,-9.806055,194.980915
-46.679772,-20.855269,204.600676
-67.549316,-25.267448,195.555943
-20.215516,-50.295948,204.331431
-27.675393,-46.486834,186.911607
-28.085987,-62.402614,192.372640
-3.378092,-47.276012,200.566882
-10.162083,-67.761973,189.588060
13.512291,-48.181453,195.415134
9.850962,-64.679248,190.189043
23.901968,-68.508855,138.444925
-37.860375,-52.646626,72.121684
-51.873235,-38.602262,68.108775
-61.317144,-24.976664,66.044165
-19.130904,-62.376678,71.426207
25.324988,54.487937,151.840251
-16.266359,-48.114363,52.072776
26.057754,-61.507937,89.708268
-34.948629,24.085897,104.731295
-33.217799,37.460364,74.174154
-34.349814,56.016760,80.535318
-46.468415,6.139096,74.663888
-39.829831,-10.102156,107.571946
-64.910647,7.043663,77.814455
9.327326,-65.154095,80.251275
-4.295981,-49.369980,65.865728
-5.892470,-51.873838,79.567169
-2.717757,51.926016,186.809081
-4.180305,65.750464,176.801327
-23.304641,63.446267,177.088474
-21.864942,28.108406,201.320704
-41.450147,53.905134,178.515127
-47.273672,54.291128,167.538647
-56.174546,40.752459,179.495118
-65.146032,26.483476,183.345511
-54.430843,11.903577,189.806473
-68.250681,10.323046,181.275672
-57.976724,-6.481621,194.448819
-71.227877,-3.808653,183.343325
-52.203145,-23.079310,192.366261
-69.342216,-20.369775,183.865141
-38.027911,-33.837586,203.987934
-47.069803,-50.270937,193.112693
-25.116738,-63.528788,180.553510
-9.554152,-52.524277,188.392659
-8.220392,-65.984735,177.247132
10.103458,-62.126234,177.291571
-17.537814,36.682394,64.663817
-19.530769,66.905721,92.492739
-42.930476,28.603432,65.730525
-61.983427,26.993739,77.172742
7.102921,-66.339493,133.922076
-15.660386,-71.176814,127.738593
4.009308,-69.182696,145.398318
18.970030,64.126199,176.261256
10.450961,-72.451836,123.937699
5.406902,-62.915857,152.660706
7.345150,-64.026842,165.571327
-30.358779,-37.146533,47.779839
-22.610846,-46.579954,64.898217
-34.307319,-32.026620,60.538668
28.585729,66.538641,112.114294
24.956217,65.582739,146.545364
3.920865,67.476675,144.541579
-13.545148,64.850961,149.650633
1.232098,-68.490624,144.375982
25.846377,-46.443874,79.468263
10.379910,-49.323165,74.424118
12.354881,-66.801527,112.994024
9.847051,-67.826450,100.913774
-50.273896,41.349086,77.453977
-31.074225,22.245864,70.866932
-46.921366,21.035554,76.241998
-62.810095,27.496268,87.217460
-47.976519,-19.420676,65.728810
-52.207066,-40.324559,83.711113
-59.432865,-22.663258,77.918388
11.950940,-68.486248,89.633326
-44.952012,-2.075116,66.070607
-27.763128,63.810585,190.584083
-25.463026,32.480981,189.340325
-27.390648,47.633576,168.112108
-28.260593,63.872834,164.282205
-42.026521,-32.887546,192.064088
-57.455157,-36.454263,181.130014
-43.278245,-54.074530,181.104648
10.761094,65.022304,89.214236
26.234142,67.075635,100.689773
25.561504,68.095309,125.345794
28.275810,66.452965,138.119533
9.693350,64.550533,155.212068
8.506892,66.105528,166.916290
-35.706850,57.075375,96.459324
-5.813386,-64.948945,90.654367
-22.864109,-51.880745,82.362924
-21.831561,-63.760048,96.735844
-53.169825,-6.206835,77.036514
-62.996858,-4.948904,88.046694
-49.622185,44.787853,93.156917
-20.909034,26.283284,77.407158
-49.073286,27.131964,88.553397
-48.908762,29.403856,101.204693
-52.664876,20.850615,129.474204
-67.767349,12.054964,93.183756
-62.840164,28.916233,96.378584
-32.341548,-30.288261,78.168164
-46.598831,-22.607688,77.762945
-64.761120,-22.359331,92.802616
-38.695896,-53.096093,95.027045
-7.891899,67.274989,161.348773
-21.023645,33.348373,176.989046
-29.683832,64.498718,151.557841
-37.791504,38.598690,183.489391
-40.063019,9.485166,142.970895
-50.099160,27.084010,183.056035
-55.775966,22.687270,166.668279
-59.664938,43.045837,168.157846
-68.771249,27.685427,168.819287
-52.634451,14.365880,177.114157
-73.057408,9.346508,168.994404
-55.255912,-12.218040,143.136513
-57.227511,-16.194664,181.301051
-52.972210,-19.616415,169.170988
-69.910542,-24.945516,169.865726
-53.007792,-3.209687,179.662704
-71.991711,-8.978260,169.525164
-29.699866,-47.679123,174.499119
-19.804346,-49.404018,163.171117
-28.312647,-63.634942,168.029319
-39.756912,-36.628718,177.430989
-46.447310,-52.644674,167.314150
-12.435878,-46.829134,175.900559
-11.107313,-66.076391,164.155083
-67.551443,-12.094651,76.236232
-19.485865,-17.843170,76.709854
-52.558948,-15.183592,100.120831
-3.941530,51.404926,77.189423
-4.920934,69.418924,87.475370
-15.221167,36.869841,80.945428
-18.662838,51.219403,88.595433
-14.772015,56.237140,103.975526
-3.096761,-63.050023,108.778634
-8.336472,-48.807278,110.062442
11.987264,-51.242672,111.367464
12.230379,70.202774,100.901724
-3.077655,69.689470,106.590516
10.799090,53.493241,99.649333
12.921769,66.934134,114.262595
23.614059,40.342554,111.197659
12.440976,71.154558,139.027777
10.576852,49.177663,150.774799
21.626206,37.724660,154.039111
7.283817,-53.311866,134.414396
12.531287,53.726381,77.536605
-71.534034,-6.407915,93.795326
12.139611,-52.055051,89.487594
-30.323222,42.831821,88.243971
-5.310365,54.232550,94.213425
-14.876644,38.323600,92.018169
-19.625354,67.568696,108.863227
-7.501847,-67.471490,117.796143
15.264252,-53.636279,124.139249
29.281300,-36.491636,125.902729
-14.643040,-50.699495,92.153940
-41.198353,34.746230,166.366572
-42.510687,54.940830,155.714583
-57.761186,41.338815,155.410378
-68.192518,28.093088,154.229981
-56.393891,3.229872,167.435711
-71.381096,12.054988,156.335901
-68.764633,-21.974676,156.892911
-71.852394,-3.551437,153.596696
-61.591730,-39.059997,167.814036
-44.096902,-35.339278,160.883990
-60.264286,-39.422779,154.171448
-62.244783,-40.435219,138.364321
-28.002757,-63.674614,156.248101
-46.993195,-55.646617,153.612802
6.018159,-48.321994,168.193333
-13.707859,-68.326700,148.717988
10.838094,72.769347,125.228502
11.509781,58.460321,127.625896
-2.091883,52.096132,141.885791
4.289162,36.669369,148.067527
22.271933,36.266523,142.621409
7.407491,52.878373,176.220110
-50.429978,10.500836,87.654087
-8.554384,52.356508,165.223294
-15.565274,35.345002,165.580472
-7.427819,50.357671,151.274843
-13.554494,-72.161232,141.270258
-11.789568,-56.804920,131.799530
0.541919,-51.064664,139.413431
1.040281,-52.828726,142.224318
-56.688327,-38.519952,98.398299
2.192894,-49.201879,152.894552
-8.528120,71.569290,143.673004
-34.572442,-30.205505,102.810922
-72.682892,-20.397392,94.708678
-50.208020,1.053811,100.337586
-78.791726,-4.006113,97.138978
-36.565207,38.552874,102.277190
-34.964115,55.315571,111.465685
-67.509537,26.026185,101.303565
-49.203282,15.950903,99.323741
-71.469876,8.959215,95.831693
-3.913945,-51.034763,100.475451
-42.436204,35.927875,144.551904
-55.394164,22.905357,148.206536
-60.814246,41.832023,138.445204
-70.860122,27.200341,137.932932
-52.643780,8.939101,155.420974
-74.387597,10.827216,143.290059
-55.488381,-9.476233,157.039589
-75.306277,-7.548579,138.182992
-52.340197,-25.059000,156.430468
-70.704828,-24.862033,143.898299
-32.771109,-47.254655,153.677789
-31.017815,-64.544015,146.751732
-16.742745,-48.244728,150.538667
-25.602077,67.463571,146.513929
-41.021364,-57.045321,97.618191
-61.023601,-40.894487,96.904955
-26.799844,-69.647449,112.722098
0.377851,-51.120210,120.804723
12.407214,-35.351010,122.286414
-22.423252,53.699388,155.941821
-45.660563,56.123410,137.085686
11.653911,-69.627103,158.412347
12.382858,-32.373198,151.949493
-2.771489,70.213911,124.936374
-7.359119,72.773851,133.392562
-28.170676,70.039731,136.603278
-29.974657,-67.195921,135.881640
-13.734283,-53.996710,142.251048
-54.721163,43.339868,104.950499
-15.341023,50.407081,116.393584
-30.487161,36.768238,115.965913
-45.144089,58.175337,113.149236
-62.636387,-7.072328,100.511746
-78.096207,-9.180746,108.042900
-55.215073,-23.269796,98.780884
-73.741002,-25.803718,106.851693
-56.843540,14.221416,106.458182
-76.463783,8.213321,106.905337
-51.040694,28.202110,110.341916
-73.729355,27.647951,107.114437
-62.465333,-43.181962,109.010203
1.984806,57.980922,104.863266
-18.818627,38.356574,103.130449
-22.392606,20.053522,102.501762
-20.867988,-67.514177,101.782430
-59.408306,4.012270,144.012880
-74.239757,8.679444,125.687449
-55.620175,-26.976347,144.607799
-74.254366,-22.993955,132.135408
-43.875288,-36.382030,145.877154
-49.176494,-54.688657,140.512042
-30.014576,-44.880430,143.500726
-62.023575,44.427883,106.565119
2.446173,73.944940,95.977897
0.601746,41.418480,100.726263
-2.299873,57.273039,115.273150
-20.914864,-47.634191,102.775217
-45.000408,-57.454153,110.293994
1.065572,-74.386811,112.248271
1.999168,-20.635865,116.025675
-26.204070,50.807274,144.949501
-73.640171,-6.304327,120.755361
-21.945639,70.903164,118.461742
-42.821892,31.924772,112.563984
-2.069032,-71.827794,155.612406
-70.872001,27.240518,120.542046
-6.155856,-72.290821,101.454833
-46.808852,-54.643151,124.597336
-28.881876,-58.652944,123.805322
-32.661613,-39.170543,123.402560
-29.728222,-50.484971,134.196274
-21.162754,-55.436822,112.239037
-24.934914,69.104815,125.634756
-58.939961,46.066757,122.672676
-72.640383,-22.904334,120.127070
-39.449263,-36.523458,105.795394
-13.781585,-75.391621,112.517356
-3.040665,-29.686380,123.374764
-26.151663,36.744384,152.858614
-63.880615,-39.371508,121.608001
-16.722163,37.213314,114.448473
-54.639666,-1.123723,129.622922
-61.146631,-20.073279,131.029490
-43.614977,-42.283453,134.449239
-22.065510,53.166678,120.224629
-5.613305,55.255289,134.381051
-20.605057,42.411991,126.014800
-29.999007,24.596443,122.051853
-21.679149,55.862458,135.267192
-28.803249,39.952746,135.555846
-14.951992,-35.854209,114.299553
-41.250727,41.073723,126.580651
-49.147005,-32.610629,120.211380
-21.842010,-37.429910,114.424940
48.720359,9.623243,253.513470
22.175781,22.446035,251.429413
35.714876,19.765727,252.711207
19.981571,33.768202,254.309640
54.051728,41.130670,257.762004
7.050091,34.165514,254.905513
9.463282,21.451176,255.529840
11.132872,44.606602,248.508195
5.403348,66.231054,256.061650
-12.746599,65.711766,257.344742
-30.069439,60.835867,257.438854
-40.063711,54.697499,258.073943
-56.196361,38.256522,257.057989
-66.988774,-10.920182,256.809572
-60.675338,-30.870736,256.871630
-34.602901,-58.538923,256.668867
8.942097,-29.379359,253.003816
64.022889,-17.117898,256.230192
59.847372,30.255788,255.552263
43.879447,43.352104,256.494831
14.587464,63.913715,256.712510
-21.028449,66.052896,259.123302
-48.431799,47.263419,257.083839
-67.328263,10.547044,256.875818
-32.321234,-16.532301,250.204189
-64.306394,-20.633345,256.835220
-55.639118,-39.893161,257.759408
-25.442550,-62.661000,256.975469
-14.661570,-66.533238,257.207881
25.984643,-30.741706,254.203469
27.431587,-59.899574,257.566174
50.349128,-44.366337,255.799340
67.089494,-5.405766,257.850282
-21.011755,55.306803,257.979572
-4.152332,65.578818,256.830088
-10.679065,56.236044,255.506549
20.490773,-4.114320,253.894336
35.192468,-6.164186,252.416111
-31.450097,18.967353,253.979976
-37.107291,42.034424,257.266324
-17.065482,23.496397,253.768276
-30.169543,0.457049,254.068737
-35.889849,25.559620,241.384890
-15.485487,-1.754201,253.582074
-26.228265,-3.211109,242.949572
-52.645386,-7.145115,258.379602
-32.621427,-49.143016,258.640907
-42.240288,-49.518731,252.725703
7.111285,-52.231115,258.096286
44.670866,-36.455128,258.606665
24.771101,8.114884,251.831764
36.102947,6.641494,255.820915
47.092159,28.736609,255.785768
-0.932838,57.459969,256.597987
-28.471684,49.726945,258.567615
-52.874434,-16.907528,255.003541
-27.147161,-53.384849,250.674542
-5.249826,-31.912179,254.749042
18.673295,-53.150132,257.621230
-4.251382,-6.366807,252.454791
7.620652,-7.502791,255.290419
5.346626,-3.989400,241.117735
-1.290599,6.586366,253.969928
-3.073838,-18.696941,254.498110
-18.523657,10.664315,253.638614
-3.219696,21.691132,253.978999
11.824956,6.829509,253.336864
8.471888,12.497957,239.928439
7.695149,-18.952785,240.908839
6.177960,52.410100,256.538788
-34.751183,30.531923,256.197573
20.538239,44.985932,257.182259
-27.356052,39.430909,257.487933
-16.964824,-16.917107,253.185996
-25.359820,29.925946,257.581693
25.182103,-22.398568,239.621570
6.388507,31.234760,240.863490
-3.908693,-30.554111,241.602403
-29.016511,11.554287,238.451959
20.855943,-2.921731,237.336301
23.687829,18.305289,237.643380
48.537689,8.367716,9.946058
-7.520530,34.423815,9.039816
7.112714,36.798647,10.022670
-26.152620,22.114401,12.125728
-31.361149,-16.247317,9.145095
9.593337,23.009533,14.311267
22.369134,8.818859,16.438365
10.769666,2.288422,11.862399
23.559859,-6.931301,11.857095
21.929426,8.155754,31.518910
40.044359,21.042885,10.180147
36.597365,0.492401,10.798695
38.569112,12.134869,24.218124
7.777854,-30.304655,11.040267
-31.691323,9.732642,9.986854
-30.958682,-1.602486,12.319730
-12.076101,-29.587701,9.948119
-10.997999,20.845568,12.723844
8.110600,-14.686252,9.309017
9.607919,-14.315820,20.836144
8.300043,-30.429335,27.074170
-17.900749,-12.581410,12.288331
-29.366230,-20.095970,27.191096
8.766134,39.078551,26.750784
12.721931,23.538122,28.084448
-16.980480,9.385740,19.688884
-27.207673,6.876614,25.069547
-30.856282,-5.846687,26.398946
-3.216817,-18.501958,11.794261
-4.985845,-30.495511,24.780647
-16.691766,-13.319174,28.621741
-2.683356,0.986987,15.437107
-17.145604,5.209059,8.758513
-17.140328,-2.567960,22.436961
-16.733493,8.112728,47.244712
-4.404516,-14.791432,24.392956
-5.551809,-16.255680,37.685734
-5.956859,9.210059,6.615349
-5.608345,15.979734,26.668169
-5.890997,31.641519,26.489881
0.349003,22.251688,39.207800
2.296291,15.303440,7.112328
10.277684,27.421515,211.430101
25.345733,22.011857,214.184376
7.899113,10.478741,211.480140
4.489407,21.979366,198.910173
-22.448540,22.485891,211.212923
-29.237179,17.346998,217.380645
-18.758564,7.348650,215.005305
-4.575142,37.876535,209.366136
-8.824912,35.474209,225.775995
-7.913482,35.741454,190.590765
-5.404026,2.795530,214.566488
-7.644691,5.363318,201.717536
-10.439570,21.740591,199.419178
12.042516,-21.467284,215.994703
7.828592,-33.493578,225.578788
12.027153,-32.045689,195.139106
-23.109957,-33.169848,212.192398
-12.476137,-33.066262,227.615983
-24.208264,-36.933771,197.507920
-5.690825,-33.880258,162.533632
10.779681,-29.496263,165.392868
24.470050,-36.576792,163.747937
5.651439,-17.555072,166.742270
-25.299021,-33.777722,163.761825
-26.941789,-27.676313,188.119423
-28.602900,-33.342642,150.780198
-8.393324,-31.732683,187.453658
-10.296657,-32.249647,151.163170
15.256870,26.511845,161.438611
4.918897,9.210595,162.529248
8.542953,25.060635,186.168105
6.017775,21.371286,150.538723
-26.651783,17.206487,166.988392
-43.507731,15.468468,166.945797
-6.536374,34.631553,155.665058
-9.837752,3.417250,170.622874
-18.769455,20.373905,152.866917
22.352285,-17.941243,227.646113
-2.927780,-18.778680,226.894694
4.274684,-3.846155,222.118307
40.031828,9.479780,216.120369
36.951880,21.763225,224.104326
26.561909,7.817946,205.031040
8.085850,7.978545,194.254678
26.472486,27.694760,200.641888
4.892826,38.231229,223.675920
-19.876938,12.518354,228.082636
-32.373387,6.165782,223.997754
-29.822341,23.912215,228.295000
-18.428281,-2.785975,226.524752
6.973344,9.329427,179.461525
22.589913,24.711544,175.486758
23.437960,6.806067,166.271879
0.461366,39.037418,176.173130
5.862249,-6.166442,174.951850
7.158564,-4.065703,202.754343
5.928624,-6.801455,162.395499
-9.941324,28.155679,130.783027
8.008537,25.770744,136.534772
8.610736,6.686976,134.166549
5.669803,21.388286,138.304917
8.651722,14.878875,125.769303
-28.958174,25.648180,138.432758
-14.367916,8.162062,124.777854
-12.280643,-7.908442,123.918096
-13.477886,8.677944,140.740083
-5.582159,11.718385,127.618023
-10.441350,26.722517,142.749961
-3.709845,26.229169,123.224944
0.643429,19.353871,114.597948
-4.630960,28.164453,91.916915
11.339050,27.320677,87.494249
26.768917,24.411792,93.579188
12.005627,8.141687,90.125587
12.864843,26.182672,116.235488
13.259491,26.182961,74.705714
-17.963870,23.673094,91.283454
-33.151039,27.112730,89.392565
-17.190825,7.909322,97.520261
-17.008111,25.050913,113.520976
-2.830479,36.448575,113.963878
1.161494,35.492961,80.853475
-1.661164,8.707383,90.048401
-4.812460,-6.531195,92.215025
0.186141,5.659305,114.590685
-5.636729,8.381611,75.253393
-5.448184,22.750268,78.301091
-3.651139,17.986763,64.664892
6.793105,-40.722358,135.241339
1.723577,-37.255539,141.560332
-15.334108,-27.836372,124.670650
-33.201253,-23.159326,118.579253
-18.639212,-32.679613,142.455925
-31.180932,-26.549667,141.441157
11.111932,36.198185,199.228292
27.327674,44.311295,200.998396
-24.472391,11.641943,202.834227
-36.342590,20.874245,207.340551
-40.807934,-3.883770,203.075505
-22.855668,-2.680298,197.440635
-21.199390,-19.609835,224.989527
-31.564299,-18.676128,199.458715
-13.256722,-18.075312,199.273353
3.746464,-19.373147,202.854678
12.743642,-33.687727,109.878016
9.539687,-23.740787,79.284219
-15.976283,-33.582838,91.199017
-22.016923,-17.299381,92.001999
-13.117817,-34.151296,71.537219
-5.452302,-19.551793,84.746248
-2.761512,-45.768343,90.115071
0.675525,-36.543506,80.741226
-5.025154,-35.567392,42.365624
17.563897,-30.839864,38.505730
-17.353109,-25.545140,36.911098
-16.809490,-31.219863,53.605696
-17.091888,-29.756482,21.905964
-8.682987,-18.188497,50.078963
6.945420,10.082490,27.340915
-3.542325,9.728226,40.599178
5.715123,8.386062,55.895769
8.929651,-18.224246,40.050074
24.298261,-18.920188,46.419720
20.871240,-33.675102,54.206351
16.505479,-18.595306,64.481353
21.002527,10.755716,53.711180
21.920864,25.615568,46.459327
20.077911,11.240178,66.746532
31.920879,9.814891,41.067913
22.369227,-17.821779,78.298907
24.103776,-12.408206,103.122163
8.535287,-5.205546,79.652023
-7.070510,-5.764798,75.749796
8.243737,11.185247,77.186582
8.555253,-3.703777,103.178533
13.709369,-20.888190,104.530439
-3.521559,-20.001728,102.499209
25.177515,-4.980568,41.841488
22.187567,10.887049,97.278356
38.139462,-1.940795,99.630412
-3.428205,-2.303421,48.069281
3.592134,0.410640,66.379301
22.225368,-3.921454,66.411200
-33.454257,-5.536097,53.794495
-17.583938,-6.531367,53.510047
-20.871085,-6.929134,66.968578
-19.279390,-5.153306,39.319720
-20.786509,-19.342738,60.951579
-3.187490,-19.338861,67.981674
-35.726394,-7.315030,79.204462
-19.847386,12.694189,81.111657
-16.531982,-5.114834,103.074018
-20.760883,-19.763772,108.797457
-11.522147,-36.260658,103.148445
-26.261055,4.214396,54.130164
-28.959712,19.721711,54.275405
-31.039240,5.018885,67.521164
-31.457486,7.271947,39.610795
-1.710536,36.481182,51.696150
0.010872,35.589392,67.653941
-2.388695,38.017750,38.505304
7.944140,23.234178,53.115486
11.832307,36.164529,62.252986
11.546108,41.134108,74.459578
25.530424,10.703158,79.028767
26.837019,29.109410,81.585834
23.898423,-6.001662,89.859523
8.106392,-3.565020,91.092094
23.144964,-24.983188,91.723312
12.432743,-45.861837,100.859629
-4.925790,2.435131,103.472496
-33.568576,8.629595,94.095977
-31.677078,-7.107466,99.216289
-34.505261,9.619414,112.958834
-13.708119,9.570773,114.646817
-24.952647,-6.663833,113.050395
14.956030,44.272974,101.433032
9.987005,28.308471,101.050785
10.172795,38.226595,110.473301
11.638199,38.743283,124.055419
13.221896,6.855406,117.599479
25.005777,-22.259833,118.028209
22.596457,-24.672944,133.360578
24.463494,-2.894340,127.436931
24.371639,14.519399,127.225126
22.297246,-2.660439,132.914464
4.835213,-19.622067,130.448836
2.425662,-2.509391,131.143939
-2.962496,-23.363926,142.745807
0.799218,11.286998,131.237254
24.055319,8.822386,138.200378
4.823635,6.689311,145.241408
-20.229516,-21.146685,113.277008
-41.789645,-15.970626,108.389523
-44.452799,-24.309301,132.820604
-25.908033,-4.924730,116.348614
-3.294230,-3.610471,124.715007
-27.003328,-22.237509,129.913111
-31.696058,-35.237364,135.355452
-59.581930,-22.704279,109.789333
-60.535834,0.432283,111.245867
22.583810,-21.364327,159.850870
20.930596,-4.551964,154.340176
23.235396,-19.997507,175.784005
-18.396928,-19.243123,152.553858
-6.203437,-3.072857,153.890277
38.616780,-1.227073,131.528574
41.343830,7.927136,136.904476
17.384496,-2.110856,142.069747
2.327070,-9.637203,142.986425
21.274399,-18.917790,143.298049
-40.390157,-19.656302,148.863903
-40.450580,-5.285726,153.263037
-38.996511,-19.743867,180.614650
-24.398797,1.471106,156.003478
-22.477283,-20.469788,175.418394
-32.961787,11.614867,129.845911
-34.034344,-5.857497,132.567494
-26.201349,-2.005969,118.376109
-38.049756,20.535610,155.121345
-42.116627,6.236363,176.616975
-27.561211,0.462930,177.143227
3.889291,37.164826,136.891571
24.255351,24.548912,141.640980
-14.980615,37.155434,131.845374
41.567656,-5.725556,150.579710
21.313498,-19.057230,201.163974
37.125629,-2.642957,212.208697
29.011965,-3.724556,188.430376
-1.726881,-6.124193,188.923560
23.608276,29.344761,65.241144
-11.026845,5.738432,241.439990
22.857485,-33.912130,70.779088
8.285013,-35.111946,68.060070
24.755070,-35.313534,143.127934
8.309789,-34.049375,177.182919
-12.235757,-30.835396,173.285916
29.943695,-34.130338,187.410301
24.460513,22.845621,110.044000
-16.024653,34.983279,124.156388
24.575417,44.286059,174.862108
-33.772475,-21.102836,215.749355
-29.667362,-5.047904,213.979102
-14.460041,21.718879,39.513558
-17.431866,18.279319,67.764318
-39.540334,23.510563,193.721961
-39.082497,7.438045,192.624140
-36.600981,20.834194,178.984573
-43.496322,7.406527,115.149292
-58.539897,20.627101,111.382765
-35.059330,-21.226618,163.741892
-39.982424,-7.142170,169.275785
20.605506,59.732785,247.653203
13.769600,50.521690,256.872159
-54.532666,43.388547,4.779283
17.181014,-66.017224,6.465199
60.263185,-36.907838,259.582314
-66.890104,18.809582,4.822121
66.296869,14.983572,259.029173
20.195035,66.141635,7.510162
4.826848,-69.716844,4.765591
69.392645,0.530011,5.046210
6.292271,-68.244992,257.763001
33.287602,-58.890684,6.493109
61.681856,-26.163164,6.951399
60.858403,30.238969,5.768327
-50.435723,-47.310355,258.056965
47.771229,-52.262432,259.761440
41.718349,53.872423,258.310252
41.240555,54.607015,5.168439
-4.824942,69.882254,4.809513
25.002361,63.683342,256.960292
-36.949134,57.196010,8.299943
-63.529526,31.504673,259.236896
-33.705576,-60.312077,8.249062
-66.812743,-4.683389,6.165831
16.325985,-68.341771,259.209705
-15.978978,-66.619402,7.952881
-55.759966,-40.001992,8.458223
-0.429669,70.935516,260.050906
-65.277377,-25.276135,4.881042
6.874408,68.410039,6.286497
64.329253,23.303277,258.982462
43.239687,-55.439522,5.432844
40.225100,-57.435424,259.171183
64.952776,-15.582961,8.159453
-44.510008,-55.380809,259.395874
68.701747,5.613421,256.068406
65.301520,18.893266,7.108950
35.677049,60.820985,258.588985
57.615154,40.608568,4.624308
47.557842,-48.239751,7.301858
-43.276567,-54.650688,6.200412
-66.093728,-14.882779,7.965261
-46.645753,49.003988,8.605520
52.450122,-48.887698,260.554160
-70.951024,-0.933945,259.310308
-59.040401,37.673142,5.234183
68.949387,10.441339,4.953717
-7.039952,70.896316,260.320642
-67.000717,21.843817,259.040796
48.803463,48.318111,6.295291
11.688601,-69.355042,4.253818
31.305727,61.028958,7.546690
-25.480063,-64.795303,5.054369
-47.691219,-48.088446,7.757255
-61.715656,-32.824226,4.744114
69.263084,-3.371952,87.455963
