2274,2290,2281,246
2593,776,2480,880
3024,2034,3379,3212
3215,2914,2915,3377
998,1091,997,2810
2960,3175,2212,3174
1845,1848,3048,1834
3229,2522,3393,2879
2569,801,906,802
3193,3194,3204,2066
2467,2267,2466,2462
2790,981,2745,2742
407,3440,2400,319
2879,2522,3334,3229
275,274,2040,2044
2197,362,2220,2219
3427,192,255,343
3214,3218,3342,3344
3218,3214,3342,3219
2956,3015,2955,3243
1109,1202,1201,2736
3008,3006,3005,3007
2774,1110,2736,1202
1093,2722,1092,999
3427,2314,2313,320
3352,3245,3007,3246
1925,3432,2328,1889
2736,1202,1201,2774
1477,1401,1478,2839
2529,3362,2530,3345
271,470,2190,317
2157,2205,3336,3338
105,3461,3433,1885
3345,3215,3344,3346
105,3461,198,3433
2286,2471,596,2285
1228,1145,2656,1144
1451,1507,1506,2961
2206,2888,2980,2871
3139,3127,2485,3116
2450,2194,2443,2445
521,2165,409,583
3378,3215,3213,3345
2100,1833,2091,1794
1803,3033,3034,1823
839,941,2587,967
2207,3378,3213,3345
3246,3372,3352,3373
1015,1109,1108,2736
2879,3393,2519,2522
3218,3372,3371,3373
3325,2176,3239,3329
2056,2562,2411,2408
2073,2573,2431,2570
339,2311,2310,2355
3090,2100,2095,2093
3346,3344,3220,3215
2196,2219,2197,2201
1227,2655,1143,1144
2638,2734,2571,3171
316,2131,171,236
2817,2162,2888,2867
2290,2298,2297,2291
2355,2311,253,339
2090,305,306,159
3001,3403,2523,3025
3427,343,255,332
1808,2072,3073,3056
2942,3374,2939,2846
2765,2764,2846,2848
1848,1845,3095,1856
2103,309,2094,308
3461,1885,2324,3433
2626,2628,2727,2728
511,2552,2300,2030
3397,3202,2059,2627
2389,621,620,2390
2050,3251,3166,3161
2141,2493,2492,2494
314,313,2377,2107
2360,2362,2603,2486
1677,3046,1723,1701
3014,2954,2982,1565
1189,1269,2765,1270
2627,2569,2728,2730
334,2303,2309,3458
2339,2269,2338,2277
2028,2039,2560,3200
3176,2467,2462,2587
877,2484,979,2593
1451,1452,1507,2961
855,959,2539,856
3358,2463,2462,3392
2238,2465,3381,3392
2554,2303,2481,2305
2327,1887,3447,3460
1445,2875,1376,2878
2279,2282,2287,2274
3257,2074,3258,3210
2414,2720,2616,3162
3460,3447,107,1887
3460,1887,1919,2327
125,272,3050,126
3429,404,263,2328
2068,2067,2069,2421
306,305,2090,2101
2288,2552,2553,2030
2331,2348,2334,2347
2827,2864,2754,2718
2167,2508,2509,2173
2546,2037,2033,3206
2326,2380,2366,2322
3029,3027,3217,3025
2470,2668,3170,3392
863,861,2244,2646
638,712,2343,583
3337,2210,3243,2956
2669,2750,2613,2780
1031,2591,932,2611
2460,2455,2457,3337
49,3416,2117,2130
1905,2345,2397,2309
2432,2573,2433,2431
1869,2303,3424,3458
3049,47,46,167
2229,2225,2337,2217
168,184,314,3049
1986,1973,3126,2000
3147,2125,3274,3301
1696,1718,3054,3043
314,313,167,3049
2091,2084,2092,2088
2626,2628,2728,2565
1869,3424,85,3458
2597,2596,3312,2603
3337,2210,2457,3243
3021,3349,3007,3030
3090,1706,1728,2090
3246,3013,3348,3347
3030,3349,3007,3246
314,184,2108,3049
3458,1905,2303,2309
3057,3046,28,149
3149,3143,3269,3301
3430,2319,2320,1917
2045,281,418,282
2664,2712,3313,2778
2437,2364,3271,2368
100,196,3430,2319
320,519,2310,341
3332,3225,2179,2992
2120,3149,3295,3301
3129,3142,3141,3271
3267,2152,3270,2747
2489,762,882,773
2173,2129,3319,3321
660,636,2343,775
2120,3143,3301,3146
2449,2196,360,271
2155,2797,2798,3387
2230,486,2220,323
872,942,2589,969
3448,3430,1883,102
2577,2679,2678,2739
58,2192,57,174
2802,2669,3310,2780
3448,1915,2324,1883
2863,2858,2907,2859
2056,2411,2045,2408
3448,3430,1915,1883
1884,104,3461,3435
2674,2685,2874,2177
2722,1184,2762,1185
1713,2041,1780,1737
2092,304,303,440
2236,3337,3243,3341
3435,3461,1884,2324
3051,8,1667,1690
747,857,746,2342
3132,3148,2114,3144
3148,3132,3141,3144
968,842,2586,2666
2646,2244,863,2456
3132,3120,3131,3144
3168,3192,2660,2472
3315,2301,2556,3152
1566,2929,1523,2973
2865,3304,2836,3262
3132,3131,3141,3144
2596,2358,2447,2612
606,2183,2443,2189
3461,260,2324,3435
2609,2364,2365,2367
3246,3350,3373,2208
227,2258,381,226
2356,3130,3152,2580
2539,625,744,745
2356,3114,3152,3130
3406,3367,2725,3369
3311,3310,3309,2597
2369,2365,2328,451
2581,3398,3152,2580
2380,591,477,600
2131,2400,2137,2119
539,2331,354,356
2968,3022,3394,2967
2159,2664,2644,2301
2342,857,746,2543
2581,3151,3152,3398
3163,2414,2562,3162
104,1884,3461,1885
2083,1792,3078,3088
1295,1182,2742,2745
2710,2110,3281,3316
885,2605,841,993
1379,1378,2880,1452
881,2591,932,926
3163,2414,2413,2562
1884,1885,2324,3461
3163,2414,2618,2413
489,365,2492,485
2636,2631,3171,2772
2429,2085,2431,2570
907,2569,802,2425
2802,3311,2158,3310
2058,285,2057,421
2274,2273,2285,2027
3267,2152,2109,3270
1735,1756,2108,3064
2299,270,76,234
2952,1564,1478,1526
420,553,2056,421
612,489,490,2501
2638,2429,2575,2431
2486,2671,2596,2448
2478,2334,2372,2121
2202,2217,2525,2186
2734,2636,3171,3173
3012,1618,1644,2973
1626,1577,1645,2995
2751,2829,2823,1317
2734,2571,3171,2636
550,2411,549,2045
405,352,520,2328
3203,2049,3074,2419
248,3456,2303,3424
2471,2436,923,819
123,3416,1900,2117
521,322,338,2165
3409,95,96,256
203,266,2332,355
2736,2738,2639,1017
2950,2989,3180,3247
2950,2989,2948,3180
2323,2325,2474,2603
2950,2989,3247,2965
3024,3022,3023,2524
2773,1012,2636,2632
73,2290,74,232
2919,3191,3189,2021
1886,3433,106,3460
270,2029,124,357
3376,2725,3375,3187
3433,3460,1886,2326
2808,1327,1391,1319
3376,3375,3402,3187
243,179,2259,2257
3460,1886,107,106
2459,2230,2456,635
203,114,3410,115
2230,486,635,2220
2703,1323,1242,1287
3402,2841,3187,2895
2146,52,2142,2335
875,821,763,2448
3376,2725,3406,3375
2866,2928,2753,2972
2919,3191,3016,3189
1886,3460,107,1887
1905,2397,2303,2309
1886,1919,3460,1887
2307,524,2308,473
2812,2896,3016,2895
3376,3402,2265,3187
2023,3112,3034,2403
2398,3137,2481,3118
503,504,2540,380
2023,3082,3111,3069
2895,2896,2763,2812
3194,3157,3165,2031
2986,2947,2906,3020
3460,350,2326,3433
368,213,2144,2501
2599,2333,2138,2137
1713,2042,2041,3051
2637,2638,2574,2431
1893,3418,1929,2332
2599,595,583,647
1886,1919,2326,3460
1577,1612,1645,2995
3443,3420,1865,2344
2131,2141,2335,2134
2602,772,2500,2499
2219,488,588,536
225,2258,2540,2255
2018,3099,3108,2412
1812,2100,1833,3048
2943,2945,1541,1590
2484,991,2689,2602
1036,2670,2644,1030
1247,1234,2748,1325
2707,1327,2748,2755
1865,3420,3443,80
2214,2199,2260,3380
1202,1282,2774,1283
2544,2542,2548,3206
868,974,837,2613
2352,2190,2449,2443
2670,1235,2751,1179
2701,2591,2457,2646
2922,2458,2036,3243
2500,2503,930,2602
771,2405,544,2407
2913,2391,3377,3023
725,781,2488,890
2524,2912,2391,3334
2912,2524,2391,3023
3420,249,2344,3443
2272,2275,2273,70
3420,1902,2344,2302
2484,2689,2504,2602
2533,2207,3213,2522
326,2256,483,392
1962,1925,2363,1924
2915,3377,2914,2913
2405,544,605,774
2444,864,2642,2343
2769,1100,1193,2731
2697,2715,2407,3250
1197,2633,1198,2815
2441,2164,2173,2166
2240,3190,2021,3187
608,2468,2256,641
2822,2918,2242,2916
3427,2314,332,2313
3215,2914,3377,3222
936,2666,943,1066
1158,2700,1133,2646
2280,393,2273,2285
98,2316,3412,1880
97,2316,98,1879
2758,2048,2615,3164
2316,97,3452,1878
1889,3432,2328,3459
3116,2356,1974,2313
75,233,74,2290
2239,3220,3222,3217
602,2399,2480,2308
3306,3327,3328,3233
3432,110,3459,1889
3306,3330,3328,3327
3221,3223,3329,2523
2965,2950,3244,3247
2703,2777,2788,1287
2551,2406,750,887
3459,1888,109,3429
2128,3230,3314,3241
3004,2937,2872,2800
3356,3176,2467,2462
3244,2036,2965,3247
1850,1857,1847,3105
1626,1568,2954,1605
550,2411,2045,551
2723,2565,2626,2728
1495,2949,2907,1496
3244,2036,2923,2965
1363,2760,1320,2813
2997,2204,3028,3291
3109,2432,2091,2073
3459,1888,1889,109
1074,1244,1160,2706
671,871,2407,672
868,2447,670,761
2451,2449,2443,2352
1100,1193,2731,1101
3083,1820,1800,1835
3018,3235,3394,3234
75,2297,2298,2300
1555,1536,2783,1604
1889,110,3459,109
2133,2194,2450,3294
2439,649,666,862
898,2624,897,2417
580,2103,447,2106
344,331,2302,250
2572,3396,3255,3171
2488,2486,2704,2597
2716,2028,2560,2404
65,64,242,2250
2535,2539,2655,2538
2479,2307,2309,2345
238,2189,317,2190
3414,2309,1870,3458
2327,262,351,403
3010,1663,2963,1657
522,2358,2315,453
1627,1633,1634,2984
3255,2019,3172,3171
1977,3121,3124,1989
3255,2019,3193,3172
86,3458,3414,1870
3335,2157,2205,3351
2409,548,674,549
255,3449,3427,332
1824,1816,1802,2055
2488,2717,2603,2597
3458,1869,1870,85
86,3458,1870,85
1318,2688,2817,2706
3168,3192,2472,2097
2993,2912,2878,2961
3458,1905,1869,2303
1381,1382,2794,2793
2837,2743,2836,2806
3067,2052,3065,3041
2825,2742,2836,2790
131,3444,3426,2041
2928,2839,2806,2836
166,3411,165,45
2865,3302,3263,2836
3270,3263,2790,2152
3263,2756,3266,2757
2974,2936,2975,2934
3414,1932,2309,2307
2991,1365,2817,1460
3045,3451,1676,2070
2278,2339,3383,2033
2023,2553,3196,2403
465,2138,2599,2333
2427,909,804,2425
2584,2321,2364,3271
1949,2327,2366,2326
272,273,2040,3050
3045,3451,26,1676
2385,734,845,735
1976,1949,2366,1961
3440,1937,2400,2117
3147,2151,2712,3310
1930,1955,2331,2370
2364,2609,2606,2321
1899,3419,3440,1931
3387,2643,3278,2642
3440,1937,1931,2400
2109,3279,3388,3278
332,3449,3427,2313
1977,3124,2118,1975
140,287,286,3054
2424,3087,2082,2072
195,99,3412,2319
3430,101,100,1882
2147,2164,2140,2509
963,2551,2697,2547
3268,2109,3278,3276
2147,2148,2115,3297
155,156,3060,35
3244,2680,2924,2923
3430,1882,100,1881
1703,3059,1749,1680
1917,2319,1881,3430
2334,354,2331,2333
2331,1895,3446,3438
3059,155,35,34
3292,2148,3277,2115
773,2489,778,945
2093,162,2094,3062
4,3413,124,3
3286,3284,2174,3321
3120,2017,3144,3154
2928,3308,3261,3307
3262,3306,3307,3291
3331,2516,2879,3332
2369,665,451,516
2360,645,2317,513
3238,3306,3262,3291
2444,757,2343,599
3438,118,1895,3446
357,2030,2300,2029
3250,2698,3199,2696
3438,118,117,1895
2565,684,2420,683
305,2092,304,2088
2215,2200,2336,2518
2031,2619,2018,2050
2201,2215,2197,2185
875,2486,2448,1028
2654,1141,1142,1053
2964,1624,1599,1642
3356,2467,3176,2595
2541,2538,2590,2394
691,2427,566,692
2092,2432,2091,2101
2122,3276,3295,2114
2742,1182,1237,1157
182,2290,247,74
3042,3086,3043,2057
2737,2739,3170,2086
73,2290,182,74
1254,2703,1242,1287
3017,2986,3012,1638
1753,2095,2094,1729
1626,1605,2783,1604
985,1117,1024,2641
2116,2167,2168,2181
962,2697,1060,2658
582,2107,472,2295
2321,2609,3267,3269
3410,2330,1892,3457
114,3410,1892,3457
2257,179,392,243
3276,3149,3295,2114
2083,1810,2375,1791
2880,1308,2693,2820
66,2247,2255,224
2931,2929,1467,2885
2851,3019,2983,2844
1659,2978,2995,1616
2935,2832,2974,2749
3414,252,87,3436
2567,2732,3253,2768
3415,1892,3457,113
1080,2742,1172,1157
507,2396,2545,2549
86,3414,189,87
1880,2319,3412,99
2416,2417,2623,2419
2962,1561,1562,1508
3087,2078,2082,1767
3149,2120,3295,2114
740,851,2528,741
2236,3337,2457,3243
508,385,2549,384
2024,2292,2296,2289
258,196,100,2319
2319,1880,1914,1916
3272,3270,3303,3302
3371,3217,2239,3025
99,3412,98,195
264,2329,353,202
3270,3263,3303,3302
112,202,3415,2329
113,114,1892,3457
2260,2214,3380,3357
2868,2711,2817,2867
3410,390,2332,2330
3241,3305,3240,3237
1079,988,2704,973
2793,1142,2655,2693
3415,3457,1892,2330
2650,2651,2515,2517
2879,2522,2519,2692
2090,160,2093,3062
1668,2041,1714,3426
502,2536,624,501
2471,2473,2472,2286
127,2040,3050,3036
844,970,843,2503
2439,2609,2367,2667
2989,2987,3248,3353
2609,2364,2606,2365
2487,2360,2485,2320
2290,233,74,232
1083,2672,2613,2801
10,3426,1668,11
125,3437,4,5
3264,2865,3303,3263
2103,309,445,446
1022,920,921,2577
138,3042,17,18
2865,3302,3303,3263
1555,1605,2783,1556
3140,2603,3312,2485
2338,2257,2272,2269
2485,2603,2487,3140
2684,1081,2683,1177
2966,2823,2933,2932
2079,296,2078,2076
2434,2103,2436,2576
3046,296,2076,2078
3449,398,256,2315
849,739,2390,2517
2597,2603,3312,3298
3426,3444,10,1668
1077,2647,2648,1175
1754,1773,1731,3081
2105,2102,3063,3081
2929,1523,1467,1469
3081,1708,3063,1685
2001,2002,2012,3134
3130,3118,3152,3151
2189,2172,2170,2168
3215,3344,2239,3213
335,3436,252,2307
2199,2267,2353,2257
2320,196,347,2319
2250,66,2251,178
324,318,459,2189
760,2486,821,928
1925,3432,2329,2328
2251,326,2256,2249
2251,2249,2250,178
2251,392,2256,326
2363,3129,3271,2368
2251,326,178,243
1208,1132,2677,1242
2297,2552,232,2282
2522,2521,2519,2692
91,191,254,2355
3298,2603,2717,2597
287,3044,141,288
1690,3051,1712,1736
2584,2321,2609,2364
3426,3444,1668,2041
1897,2333,1934,1933
2443,2190,2194,2352
991,2689,2647,1082
2963,2927,2951,3026
90,1873,3425,2355
3205,3190,3209,3384
2764,1187,1268,1188
158,37,3417,2088
684,558,559,2420
1574,2973,1525,1582
2852,3368,2770,2815
2355,1873,1874,90
3438,117,204,3418
3445,3456,1867,2302
3438,117,267,204
541,2331,539,356
1141,1052,2653,1140
2336,2202,3294,2185
2512,495,371,494
3118,3130,3152,3115
82,1867,3456,83
1699,2070,1721,1745
2197,321,2219,175
1779,3051,1712,3084
2720,2758,2615,3164
1921,1949,1961,2326
2804,2835,2917,2831
967,2659,1026,2587
2201,2215,2217,2197
2405,2715,2716,2407
2697,2410,986,2561
3456,1868,1903,3424
72,2276,2274,2282
3263,3302,2791,2836
2085,437,570,438
2302,1867,1903,3456
3445,3456,82,1867
2274,246,72,73
2321,3269,3267,3142
3456,1868,1867,1903
1275,2856,2854,1351
2535,2539,854,958
155,3059,301,154
1661,1651,2940,3011
231,2276,72,2282
3230,3288,3319,2156
2251,392,2257,2256
2471,2281,2472,2295
2251,326,2249,178
1262,1321,2824,1406
2251,392,243,2257
2496,2441,2166,2115
1891,112,3415,2329
78,79,1864,3453
346,2317,2319,2316
632,2552,509,510
2110,3281,3316,2111
3443,3453,2130,1864
3293,3321,3319,2129
2318,3127,3116,2485
1958,2315,2313,1912
1722,3057,3045,3087
3443,3453,1864,79
2321,3142,3271,3269
1823,3083,3082,3034
912,1013,2636,1014
2318,2317,2485,2446
2625,795,2419,899
1956,2356,1935,2313
2939,2844,2983,2833
855,2539,854,744
3425,3436,2311,1872
2856,1424,2901,2854
3436,88,1872,89
2719,2048,2658,2615
407,3440,3419,2400
3159,2620,2623,2619
2400,3440,3419,1931
1587,1644,1582,2973
2384,2193,2386,2129
2167,2172,2173,2166
3425,3436,1872,89
419,2045,282,2056
1102,2731,1008,2733
2795,2957,2998,2920
3335,3393,2163,3229
123,49,3416,2117
2509,2167,2140,2116
1360,1284,1361,2863
2974,2930,3328,2970
3436,1906,2307,2311
2974,2976,3328,2749
1295,1336,2826,1395
2586,1151,2748,1173
420,283,2056,419
285,138,139,3043
627,504,2341,2395
272,2030,3050,2040
1378,2819,2911,1377
2097,3157,3210,3194
1146,2695,2657,1230
3350,2523,3328,3403
2249,359,514,464
2426,2083,2079,2376
2762,2763,2813,2812
2052,2045,282,3041
3419,121,122,269
3325,2176,3289,3239
1200,2773,1107,1108
122,1899,3419,3440
998,896,897,2617
2799,1297,2675,1300
2421,2068,2077,2072
2325,2323,2487,2603
2822,1218,2785,1301
1876,3449,2313,3427
2427,567,2079,566
288,2063,3044,142
2844,2938,2833,2939
2466,2469,3357,3380
563,689,2425,564
2607,2605,2608,2604
3140,3139,3301,3146
21,142,141,3044
565,433,2076,432
27,3057,148,3045
2394,502,2540,2536
1759,3103,1780,1821
27,3057,28,148
2467,2353,2595,2469
149,3057,295,148
2711,1256,1131,2665
3417,159,3431,38
147,294,3045,148
566,567,2079,434
1106,2773,2633,1012
161,160,3062,2093
3306,3325,3233,3329
1223,2820,1140,1224
3325,3306,2176,3329
2697,2715,3250,2698
2339,2340,2033,3206
1898,121,3419,120
2079,296,2076,433
3195,2026,2284,3197
2365,649,479,520
308,309,445,2103
2916,2822,2695,2242
2459,2230,2351,2456
2793,2821,1311,1382
3455,1674,2063,3428
1976,1961,3117,1983
3455,1720,2063,1674
3455,1720,3055,2063
23,3455,1698,24
381,2258,380,226
2294,3192,3107,3111
2256,458,392,2271
2168,2169,2166,2140
2219,2216,588,642
492,491,2506,614
2512,370,494,371
1698,3455,3055,24
2126,2664,3310,3398
401,2325,463,2324
2251,243,2259,2257
207,3440,122,269
2137,2139,2112,2165
1293,2834,2754,2804
363,2169,468,487
1995,2009,3119,2398
2829,2804,1385,1315
219,2197,2200,60
1670,3434,3066,3454
3361,2455,3340,3338
3225,2035,2178,2992
2596,2126,2446,2612
2189,2170,2172,2190
284,3042,2057,2052
1249,2779,1328,2823
2602,2555,2499,2601
2346,2355,2356,2310
2010,3130,1992,1996
2512,493,616,494
1670,3434,3454,14
2455,3361,2186,3338
1670,3066,3041,3454
2455,3337,3340,3338
15,1670,3041,3454
529,2399,2305,650
2503,844,733,843
2455,2186,3337,3338
2318,1958,2313,3116
402,3433,2326,350
14,1670,15,3454
1714,3426,3407,3052
2219,2201,2224,2220
478,2327,2367,537
3186,3215,3220,3222
2953,2928,2925,2972
2228,3183,3184,3207
3218,3214,3221,3213
2196,2449,2190,271
1468,1522,1439,2823
2135,3124,3125,2119
630,749,2551,750
2230,486,456,635
2068,2064,2071,291
805,2427,910,909
1692,1668,1714,3426
339,2355,191,253
595,2599,583,409
2500,612,2501,2381
3344,3218,2239,3213
1318,2688,1248,2817
2307,524,335,2308
2583,2827,2837,2807
716,584,728,2476
1668,3426,1692,11
1863,3416,3453,2130
3304,2827,2917,2752
2716,2028,2039,2560
2246,2251,2245,2253
531,2308,2310,2311
3246,3013,3030,3348
372,218,373,2518
3049,1756,1710,3064
3242,2128,3314,3241
543,2492,611,2499
2369,406,2329,2330
1863,3416,78,3453
219,2518,2520,373
2362,725,781,2488
78,1863,3453,1864
1122,2647,1082,991
2769,2767,2899,2850
707,759,2367,2667
560,2420,685,559
868,2447,761,934
2518,218,373,219
3021,3005,3030,3007
19,18,3043,139
2692,2912,2180,3334
232,2552,386,2282
2680,2787,2926,2796
3099,3038,3033,3108
2054,1782,3101,3085
2321,3142,3267,2437
1187,2764,1186,2726
2436,818,705,704
60,175,2200,59
2048,2719,2758,2615
2747,2756,2152,2790
1864,1863,3453,2130
1363,1259,1238,2759
1090,2760,1238,2622
2506,2188,2384,2181
3285,2157,3290,3336
2589,2797,2442,2642
2282,509,385,2549
3433,349,402,2326
896,895,2617,997
2282,385,386,231
2282,509,386,385
2524,3223,3334,3213
2524,3334,2391,3213
1832,2375,3105,2089
2307,2308,2311,2556
3135,3143,3301,3269
469,597,2358,644
2356,2355,1935,2313
2151,3399,2712,3310
2573,2576,2637,3169
2779,1403,1333,1328
869,2488,2486,973
1855,3097,1854,1843
2624,898,899,2417
3452,1878,96,3409
256,3452,3409,2315
915,2575,2429,811
3409,3452,1878,2315
194,256,345,2315
431,294,295,2076
1878,97,1879,2316
412,2044,275,2041
3452,97,96,1878
1216,1297,2675,2686
2700,2681,1303,1241
2633,1011,1105,1012
2968,2933,2932,2966
3076,3075,3105,2066
1486,1423,2902,1422
3004,1456,1511,1465
2057,2060,2062,2416
2278,2284,2033,3383
2612,2664,2580,2301
2350,406,2330,390
3021,2987,3349,2906
2321,2437,3271,3142
1453,1509,1508,2927
2599,2165,2343,583
67,179,2259,243
3282,2383,3385,3319
2064,289,2063,425
143,290,289,2063
2707,2748,2886,2755
270,2300,2299,2029
288,2062,2063,425
1705,1681,1727,2088
3203,2416,2623,2419
3377,3213,3215,2239
2991,2876,2868,2817
3452,2316,1878,2315
3031,3007,3009,2458
302,3088,3059,2084
3137,3153,3152,3151
2583,3304,2917,3326
2358,3449,2315,398
2355,253,3425,90
3273,3153,3274,2111
2966,2823,1522,2933
3186,2541,2915,2882
3346,3364,3357,3360
2369,2365,451,666
3364,3346,3357,3363
256,3452,96,3409
2475,2469,3380,3365
2557,531,2310,651
2125,2120,3301,3146
3284,2174,2173,3297
3324,2800,2686,2874
2400,2137,2119,2401
361,2248,2230,484
1699,25,3055,3451
2838,2807,2864,2828
2577,817,921,2436
1795,2100,1812,1771
2248,361,325,484
2222,177,2233,2231
3359,3182,2212,3174
2964,2921,2783,2922
2638,2019,3172,3169
1016,2635,915,1017
2855,2567,2852,3368
739,849,2390,850
2505,2647,2504,2161
3123,1907,2304,2302
186,80,3420,81
986,2561,1041,2697
2349,2332,2347,2350
3055,2070,1699,3451
2707,2755,2886,2798
3170,3390,3181,2238
2182,2183,2189,2443
2099,444,577,445
2954,1516,1577,2995
2775,2776,2774,2862
3248,2234,3359,3247
3248,3372,3349,3366
2170,2184,2188,2181
894,996,995,2617
1648,1650,1651,3011
350,2327,2326,538
2394,502,2536,624
2380,477,2326,538
1930,3446,2333,2331
1475,2929,1566,1525
2327,2380,538,2367
2327,2380,2326,538
2070,1676,1699,3451
25,26,3451,1699
3248,2234,3366,3359
3248,3372,3352,3349
3219,2208,3373,3351
3031,3245,2458,3015
3075,3076,3386,2066
26,1676,3451,1699
699,573,2431,698
2143,2144,54,213
1708,3422,3063,3450
294,3057,295,2076
511,2552,603,510
2258,504,2341,381
2723,2565,2728,2049
2963,3010,3026,2958
2202,3285,2450,3336
3350,2176,3329,3351
2820,1223,1140,2819
2610,2438,2608,965
3215,3222,3377,2239
1823,1799,1800,3034
2731,2771,2769,2768
2369,406,516,2329
2946,2987,2985,3366
589,2295,2471,706
2847,1345,1344,1417
2775,2737,2639,2740
2083,1792,1768,3078
36,35,3060,156
3450,44,3063,1708
2369,406,2350,516
2505,2385,2648,2513
1708,3422,3450,43
1325,1234,2748,2686
417,281,2045,280
2900,1483,2898,2943
2840,2760,1363,2813
2305,337,333,2303
333,2305,534,527
43,3450,1708,44
976,2644,1030,874
600,2380,538,477
2274,2290,2282,2287
3067,1740,3041,3065
654,2305,529,527
2344,542,2494,517
3420,1902,1865,2344
2107,2291,2298,395
1216,1126,2686,2675
3217,3025,3379,2239
2883,2923,2699,3243
742,2535,853,2393
3037,3035,3108,3039
2045,3067,2054,3085
1221,1137,1138,2792
2662,781,2474,831
2800,3004,1404,1456
1709,3411,2105,46
2293,2295,2472,2289
2691,2879,2180,3331
1230,1312,1229,2695
2026,2396,2549,2279
682,683,796,2419
1709,3411,46,45
794,2419,2417,681
794,2419,681,795
3307,2997,2176,3347
3421,1678,3058,31
2029,272,2030,3050
2795,2913,2927,2794
3046,296,295,2076
3417,305,2088,2090
3217,3027,3379,3025
1184,1332,1183,2760
3159,3160,2623,3252
2198,2226,2243,3361
557,2418,2420,2419
794,2417,680,681
436,3079,2376,435
435,3079,299,436
2430,569,568,694
3384,2238,3258,3181
420,552,419,2056
3058,1678,30,31
2270,2275,228,2545
157,303,3060,2088
2933,1522,2966,1557
2885,2838,1396,1326
3459,3432,2328,263
792,896,791,2617
693,2430,568,694
2181,2188,2171,2506
3432,110,263,3459
3449,1912,1876,2313
3112,3033,3082,3034
797,2565,798,902
1876,3449,94,1877
695,2430,808,694
2090,1728,3080,1751
3025,3212,3379,2239
2040,3084,3050,3036
2411,2415,676,2563
2500,732,784,843
2827,2864,2828,2754
1803,1757,2042,1780
2308,2592,2557,2556
1291,1249,2751,1179
2728,3252,2723,2049
3025,3024,3379,3212
838,724,2464,822
355,2348,342,2332
2444,757,864,2343
177,64,2233,2231
2436,2473,2295,2471
1581,1528,2951,1563
312,2106,2105,313
2310,519,594,471
1174,1315,2801,1233
3449,95,94,1877
3148,2120,2114,3144
3210,2238,3384,3383
271,2196,2191,2190
172,2168,2132,363
3228,3288,3226,2156
3013,3307,2928,3348
2489,885,778,945
401,2325,476,463
517,2141,315,364
3134,1999,3128,2008
2333,512,2599,465
2334,354,539,2331
713,2357,2663,722
842,2451,767,669
3409,3449,95,256
2585,2586,2442,2443
339,340,531,2311
2182,2445,2442,2443
3449,1912,1877,1876
3409,3449,256,2315
742,2535,743,853
2072,2065,3076,3056
2454,661,713,2663
3166,3161,3254,2074
1093,2722,1185,1092
1481,1480,2940,1576
604,537,2367,2365
1925,3432,1890,2329
2618,3203,2623,2619
2329,3432,1890,111
1269,2764,1268,1188
2559,675,2563,2409
2658,1147,1059,2657
3051,8,3036,128
2290,75,247,74
2723,2419,2625,2565
444,2099,308,445
465,2138,636,2599
604,537,607,2367
3184,3186,3346,2240
3358,3383,2340,3209
2354,593,2464,2461
2436,703,704,578
2490,2350,2347,2121
1028,989,1119,2672
2333,512,467,2599
781,2362,668,657
2367,478,607,587
2651,2519,2652,2692
1544,1543,2947,2986
3142,2437,3271,2368
537,478,607,2367
753,2244,609,633
2329,112,1890,1891
2350,355,2332,2348
465,2138,482,636
2320,3448,3430,1915
2232,2250,64,2247
2329,112,111,1890
2712,3399,2778,3310
715,833,2582,720
990,823,2642,969
2350,2490,2347,2349
2774,1110,2738,2736
3435,1883,3448,2324
2463,2679,2678,2594
845,846,2511,735
1982,1980,3123,2398
1076,2666,1151,1135
3210,2238,3258,3384
2808,1327,2748,1325
2327,350,403,538
1063,983,882,2489
3448,103,1883,3435
3292,2600,2114,2135
103,3448,1883,102
2629,2568,2730,2425
600,717,2582,715
3099,3038,3098,3033
2067,1818,3102,1764
3441,152,32,3421
1731,2102,1774,2105
2052,2045,2056,282
3044,2067,2063,2062
2234,3372,3220,3218
2229,2232,2231,2233
3458,188,2303,3424
208,2141,315,2130
375,376,499,2526
1945,1912,1958,2313
2510,2505,2161,2688
2339,2278,3383,2277
656,2306,653,2499
3458,2303,188,334
84,1869,3424,85
2412,2060,3074,3072
3248,2987,3366,3349
3031,2458,3009,2955
996,2810,997,1090
2064,289,290,2063
2499,723,659,653
2930,2753,3328,2970
3190,3369,2240,3360
2900,1483,1420,2898
550,417,418,2045
3257,3384,3258,3181
656,2499,653,772
2208,3352,3373,3246
606,2189,2443,2190
2166,2164,2167,2140
735,2384,616,2511
378,379,2247,224
1033,1126,1123,2578
2519,2521,2525,2388
2409,2410,2559,673
3212,3025,3394,2523
3024,3025,3394,3212
2908,1549,2988,2949
2568,2075,2730,2627
2265,3401,3400,3402
3369,3190,3376,2235
914,2635,913,2429
2811,3402,3400,2843
3176,2467,2587,2595
327,2272,391,244
2081,2737,3181,3170
2280,593,457,526
3401,3252,3400,2728
2285,525,2281,2471
2254,2477,2476,2595
2724,2766,3400,2728
2581,3151,3138,3130
3273,3153,3151,3274
91,90,2355,1874
2088,37,3417,1705
977,2594,2464,2461
2364,2437,3271,2321
2125,3147,3274,3398
2811,3402,2265,3400
3060,37,2088,1681
838,977,2464,2461
322,2132,2165,363
3212,2034,3379,2239
2766,3401,3400,2728
2878,1305,2792,1376
3122,3137,3273,2111
1978,3126,2347,2402
3060,37,157,2088
3366,2985,2851,3349
2387,847,848,737
2171,2144,214,55
2649,950,1047,1048
732,2503,613,733
2491,2604,2708,2121
2387,617,737,618
2584,2321,3269,2609
3142,3149,3267,3133
1214,2807,2744,2864
1887,3429,2327,3447
3462,2192,57,2188
52,2146,2142,237
2898,2900,2939,2846
2900,2898,2848,2846
1432,1431,2907,1495
508,2549,509,631
2870,2779,2823,2871
2654,2528,2653,955
630,2551,631,750
2549,508,630,631
2254,2244,2476,2477
1132,1130,2703,1242
2143,2146,2335,211
2120,3274,3295,2114
2497,2498,2495,3336
2249,242,2250,178
2914,2920,3189,2242
1507,1561,2962,1508
2195,2191,59,2200
3185,3208,3206,2021
952,2652,1050,2651
2236,2923,2036,3243
2225,2226,2337,3361
755,2464,822,2286
2280,526,457,328
1022,2641,921,1023
2226,2225,2243,3361
621,498,499,2526
3447,108,107,1887
2929,2931,1467,1523
970,2647,930,2503
1494,1431,2907,1430
2447,597,761,644
485,517,364,2492
763,2448,770,826
3195,3196,2026,3156
433,565,2079,566
2448,2447,770,837
2084,2073,2092,2085
3009,2872,2982,2873
3044,2062,2063,288
2627,2569,2730,2425
3311,3399,3310,2802
1789,1808,3087,3077
565,2427,2079,566
1887,3429,3447,108
3368,2814,2770,2815
2064,289,425,426
2263,2020,3209,3384
3201,3160,3161,3202
2749,2981,3234,3328
1756,1735,2108,1778
2407,546,2043,2041
875,2448,763,826
222,64,223,2232
3110,3072,3096,2412
2155,3388,3260,3387
1930,3446,1896,2333
1516,1565,2982,2954
3004,1553,1521,1465
2700,2681,2588,2680
2144,54,55,2168
2167,2172,2168,2181
1495,2949,1494,2907
1930,3446,1895,1896
2689,1180,2706,2688
1522,1468,2933,2823
3446,2333,119,1896
2592,2159,2705,2645
3230,3236,3318,3314
2333,512,407,467
2908,1494,2907,1430
1025,2645,2357,925
2791,3263,2836,2790
2138,2333,2370,2401
2357,2159,2301,2645
2988,1642,2964,1599
658,714,2557,880
3354,3012,2973,3017
2719,1067,1150,1124
3072,3070,1826,3106
2020,2263,3181,3384
1425,1488,1424,2901
2557,933,2645,880
3157,3198,3210,3166
683,684,797,2565
2842,1531,1441,1528
714,827,2557,880
658,2557,2480,880
2965,2964,2921,2949
3037,3097,3038,1827
2948,2908,2907,2861
1772,3081,2102,1797
2720,2046,2621,3164
3079,2083,2079,2078
2291,394,330,462
1756,2108,3064,3049
3446,118,1896,119
3198,3384,3166,2265
172,2168,54,2132
3427,2355,2313,1875
3182,2960,3174,2926
500,2232,2536,2392
2498,2216,2452,2497
2758,2622,2621,2720
996,2622,995,2617
1256,2868,2711,1384
2696,2048,2658,3395
363,2132,172,322
92,3427,93,1875
1599,1549,1550,2949
1915,2322,2324,1918
2711,2665,2867,2714
196,2320,400,259
2333,268,120,206
2711,2159,2867,2665
3135,2323,2487,2322
1586,3000,2890,1559
2745,1182,1153,1302
2461,941,2594,2587
2629,2733,2768,2770
803,907,802,2425
1412,1386,2813,1332
92,3427,1875,2355
3031,2955,3015,2458
3304,2583,2827,2837
2164,2441,2173,3297
1635,3012,1631,2999
3287,3296,3286,3303
1200,2773,1199,1107
2332,115,3410,1893
2384,2385,2513,2511
2754,1165,1246,1322
3031,2955,3009,3028
2732,2772,3256,3396
3428,21,22,1697
2434,815,2577,816
815,2433,2434,2577
3335,3393,2203,2163
2447,2317,2448,662
3428,1743,2063,3044
1232,2613,1152,2670
2732,2772,2814,3256
3201,2031,2619,2412
21,3428,3044,1697
1741,1672,3043,1718
701,2434,702,815
2469,2245,2475,3380
2216,828,2459,2611
1031,1027,926,2591
3190,3376,2265,3187
2877,2979,2180,2878
2349,2332,2350,2330
2858,2950,2907,2948
2673,1148,1123,2611
2629,2732,2632,2770
1857,3095,1847,3105
828,881,2459,2611
2718,2807,2805,2827
2605,2608,841,984
1260,1169,1088,2683
114,203,3410,265
3460,350,2327,2326
2979,2877,2875,2878
2350,2348,2347,2121
1076,1039,1151,2586
2622,2617,2720,2615
1866,3420,81,3445
3031,3028,3015,2955
2957,2896,2998,3016
2977,2974,2976,3404
2761,3252,2623,2721
2391,2522,2653,2533
2608,1081,2684,1062
2593,2557,2645,880
2877,2691,2878,2180
2608,1081,2683,2684
1646,1663,2969,3010
959,855,2539,958
1055,2656,958,1056
2877,2875,2878,2691
2155,3388,3266,3260
2594,941,1069,2587
2262,2858,3174,3178
3266,2155,2886,2798
2960,3343,3244,3182
881,2459,2611,2456
1358,1281,2859,2861
3401,3252,3251,3400
3420,2302,3445,1866
1442,2921,2782,2783
2451,719,767,592
2496,2372,2343,2642
2147,2383,3282,2509
2531,2527,2530,2207
2798,2757,2886,3266
2757,3265,2886,3266
2302,1867,3445,1866
2757,2755,2886,2824
2928,3308,3028,2994
2066,3076,2065,3056
972,2559,2561,2410
3217,2534,3016,3222
3263,2756,2790,2152
2794,1380,1381,2693
82,1866,81,3445
2367,2789,2667,2609
66,67,2259,243
3160,3251,2059,3252
285,286,2057,3043
1631,1587,2973,1644
2225,2217,2186,2525
2445,3285,3323,2450
2454,874,934,2644
2163,3325,3239,2179
2823,2933,2980,2871
1341,2800,2824,1404
2229,2225,2231,2337
2804,1315,1257,1385
2662,2582,2805,2744
2582,833,939,978
2786,2799,2955,2892
717,2667,2367,2582
2757,2755,2798,2886
1165,2718,2754,2864
2148,3279,2115,3297
1559,2876,2890,1570
2921,2922,2784,2782
2938,2897,2939,2895
2092,304,2088,303
2295,589,462,655
3403,3019,2833,3355
992,870,2593,891
1025,2645,2665,2357
3180,2904,2948,3178
2720,2616,3162,2615
2895,2845,2846,3402
2895,2845,2764,2846
2160,3241,3231,3225
2019,3258,3168,2086
2614,894,2617,2563
2391,2522,2692,2653
3004,2996,1511,1456
1210,2709,2707,1170
2331,2348,2347,2332
2607,2605,2683,2608
3285,3293,3294,3321
1162,2561,2719,2658
2399,2480,2479,2483
2822,1301,1372,1409
82,1867,1866,3445
2597,3310,2158,3311
1387,2996,2799,2800
2731,1007,1101,1008
1156,2684,1081,1118
3456,1868,83,1867
3424,1904,1903,2303
3327,2866,2928,2753
2731,2733,2629,1008
3293,3227,3319,2156
3456,1868,3424,83
2577,2679,2641,2678
2380,591,601,523
2676,2701,2611,2457
10,1691,1668,3444
2451,842,767,830
2069,1808,1788,2072
1148,1042,1123,2611
2713,2750,2869,2887
281,2045,280,134
1169,2709,1073,2683
2949,2908,2948,2988
2709,2605,1073,2683
2184,2185,3294,2194
2099,2576,2433,2432
2280,634,2285,2464
1691,2041,1668,3444
2244,2477,2646,2588
1416,1362,3002,1434
2924,2680,3244,2926
2869,2713,2867,2778
2844,3019,2983,2833
3283,3281,2111,3280
2965,2964,2922,2921
3031,3246,3347,3013
2903,1278,1354,1355
3423,3444,2041,1691
2661,2582,2805,2662
2831,2935,2835,2917
1609,1607,1560,3000
1145,2656,1144,1056
2927,2913,2693,2794
1495,2949,1550,1494
2083,3079,2079,2376
3423,3444,1691,9
2876,1559,2961,1506
1522,1572,1505,2966
2538,2241,2915,2655
2518,619,618,2517
2437,3142,3133,2368
10,1691,3444,9
1522,1468,1557,2933
937,972,2561,2410
1432,1496,2907,1433
1467,2885,1396,1411
2538,2241,2532,2915
2538,2241,2654,2532
3263,2825,2836,2790
2838,1392,1330,2925
903,2626,1004,902
2996,2799,2786,1371
2608,2607,2604,2606
2934,2966,1500,1558
2371,2478,3268,2121
208,2141,209,315
3443,1901,2130,2344
1367,1392,1446,2925
2934,2977,1554,1552
2925,1475,2838,1392
2270,381,2258,2341
2437,2321,2606,3267
2922,2891,2955,2782
2953,1475,2929,2925
2784,1288,1383,2700
2440,2441,2173,2166
2589,2183,2442,2443
1260,1177,2755,2683
2531,2533,2522,2207
2898,2940,2941,1481
3443,1901,1864,2130
2958,2842,2998,2951
2863,1434,3002,1362
1735,2029,1664,2108
1713,3051,1736,1757
2160,3225,3237,3241
2605,841,993,984
3099,3033,3112,3108
3420,249,186,2344
2064,289,426,290
2765,1189,1270,1190
2096,2576,2103,2099
695,2429,570,696
1682,3431,1706,39
439,2092,2085,2084
3090,1706,1752,1728
3420,249,80,186
2576,3169,2573,2432
43,163,42,3422
305,2088,2090,2101
2608,1081,984,2683
164,311,3063,165
3075,1860,1857,3091
2733,1104,2633,1010
2343,2138,2372,2478
2925,1475,2929,2838
2903,2905,2901,2946
2039,3249,3162,2615
168,47,3049,167
3455,1720,1698,3055
1367,1474,2925,1446
1474,2953,2925,1446
2613,1152,1036,1125
2542,2339,2266,2037
2435,2024,2379,2377
2420,2064,2071,2421
2058,285,286,2057
2826,2937,2982,3004
2829,2804,1315,2801
79,1865,3443,80
3084,2029,3032,2030
2613,2670,1036,1152
1343,1267,2847,2763
3375,3188,3402,3187
66,2247,2250,2255
916,812,917,2575
2671,2447,2448,2613
2824,2886,2937,2800
3038,3097,3094,1855
1775,1711,3032,1734
3051,1713,1736,1667
233,75,2300,2297
1865,79,3443,1864
1816,1824,1822,2055
8,129,3423,9
3037,2054,1802,3039
1738,1692,3052,1669
1779,1757,1736,3051
2800,2886,2808,2824
1664,1,3064,3442
3157,3197,2032,3156
1179,1235,1086,2670
3442,124,3413,3
1666,3084,1712,3036
3442,1664,1,3
184,77,3064,169
6,127,3050,3036
3413,3442,1664,2029
951,1048,2650,1049
3443,185,3453,79
3462,2171,2170,2188
2651,1137,1049,2650
2492,543,2306,2499
1137,1048,1049,2650
952,2652,953,1050
465,2138,2333,482
1087,1182,1153,2742
2151,3311,2153,3305
2017,2013,2014,3150
2517,951,952,848
2160,2179,3231,3233
2109,3279,3303,3388
1384,1460,1458,2868
3241,3225,3237,3226
2754,1167,1079,1255
2599,647,583,712
1949,1951,2327,1922
1995,3123,2398,3119
3120,2006,2009,3119
3286,3260,3264,3303
3287,3240,2153,3237
2160,2179,3225,3231
2365,2369,2606,2438
2745,2610,1062,1034
2745,1044,2610,1034
2567,2855,2852,2768
556,424,557,2062
2288,3196,3195,2023
1118,2745,1062,1034
449,2107,582,2106
721,2461,640,590
3362,2213,2337,2530
2874,2872,2937,2800
184,3049,3064,2108
2641,2286,2464,2579
2610,1044,975,1034
2997,3015,3347,3028
1340,1326,2828,2885
2512,2193,2336,2386
1978,3126,1986,2347
2567,3376,3375,3401
1037,1067,2614,892
2281,2289,2472,2295
2240,3186,2021,3184
2029,3442,1664,2108
2101,305,442,306
2662,1075,876,978
2559,2409,2563,2558
544,2716,2405,2044
466,2271,458,590
385,2276,2549,384
3084,2029,1734,3032
816,815,702,2434
2662,2582,2744,978
1812,2100,1813,1771
2800,2872,2799,2874
2624,2722,2721,2726
2582,2743,939,947
1155,1075,1214,2744
2744,1252,2807,1214
2160,3233,3231,3305
1261,1319,1177,2755
2808,1341,2800,2824
1262,1321,1261,2824
3023,2034,3377,3379
2284,2283,3382,3197
1081,2683,1177,1088
2565,903,798,902
491,613,2382,614
3357,2228,3346,3184
3377,2034,2391,3213
1664,3442,3064,2108
3413,3442,3,1664
2236,3244,3365,3341
1548,2908,2988,1492
3410,2330,3457,265
3221,3239,3329,3224
361,2248,2231,2230
2931,1529,1467,1523
2148,3292,2122,3280
2357,825,980,878
2010,3130,3150,2007
3225,3236,3226,3241
2482,3281,2502,2601
976,1070,2665,980
3350,3246,3348,3347
599,610,2169,2444
1139,2792,2819,1222
114,3410,3457,265
3268,2121,2604,3133
2131,409,2137,467
2950,2910,2907,2949
2160,3305,3237,3233
348,2325,2324,2320
2327,1951,2363,1924
3410,1928,2330,2332
3208,2758,3164,2048
3210,3165,3194,3157
2850,2900,2848,2846
558,2064,425,426
1169,2683,1073,993
1073,2605,2489,885
2269,2354,2277,2223
1007,2731,2630,1008
517,2141,2492,2494
3079,3441,3047,1679
743,2535,624,744
3287,2149,3303,3300
2873,2204,2955,2874
2858,2857,2859,2862
2523,2968,3394,3234
2973,2929,2970,2972
3008,2964,3006,2922
2711,1035,2645,2665
2307,1932,2309,2345
473,480,2399,2309
3137,2111,2482,2110
2455,2225,3361,2243
2319,99,258,195
1977,3121,2401,3124
2657,1230,1147,1146
1300,1297,1371,2799
1906,2346,2311,1908
2630,1007,1008,906
2652,1052,2653,954
2713,2750,2751,2670
762,2489,2372,646
2451,2449,598,2443
2598,2158,3311,2752
3393,2145,2525,2203
3015,2205,2997,3351
2950,2965,2910,2949
2445,3285,3321,3323
2989,3021,3353,3008
952,2652,2517,953
740,621,2528,2390
1679,3441,3047,33
2112,2600,2401,2371
2949,2908,2907,2948
2703,2777,2909,2788
3304,2583,2917,2827
2809,2717,2805,2718
2692,2691,2879,2180
2124,2445,3294,3321
3385,2504,2710,2161
1113,1020,2740,1019
298,297,2078,2079
2689,1180,1045,2706
1236,1254,1207,2678
941,967,1069,2587
3306,3238,2153,3233
1403,1464,2890,1524
3282,2509,3297,2147
2512,370,2188,2506
2964,1599,2949,2988
2406,2697,2551,2715
181,2273,2274,71
907,2629,1008,906
2339,2269,2266,2338
1408,2779,1512,1476
2460,3341,2211,3340
2825,2175,3263,3261
2551,2546,2698,2547
989,1119,2672,1071
1033,924,2578,1042
2654,2528,2532,2653
2878,2691,2792,2692
2652,2528,2653,2521
2514,2513,2386,2129
59,175,2200,2191
3441,1702,3079,3421
2483,769,886,2555
2179,3329,3239,3224
3290,2104,2453,3259
2974,2936,2970,2975
2654,2528,2393,2532
981,2745,1153,1044
3356,3211,2261,3357
1453,1452,2880,2962
3441,32,33,1679
1561,1609,1560,3000
2612,2671,2596,3310
1535,1574,2978,1525
1548,2908,1549,2988
2900,1421,1422,2850
2939,2833,2983,2943
3344,3346,3220,3342
3441,1702,1679,3079
1325,1327,1391,2808
2512,2195,2336,2188
2994,2928,2952,3028
1599,1549,2949,2988
507,506,2545,629
3150,2017,3144,2014
2654,1052,955,2653
19,1672,3043,18
2651,1137,1138,1049
1387,2996,2800,1456
1191,1271,2767,1272
2719,2785,2759,1218
1022,1115,1021,2678
2620,2414,3162,2046
2749,2981,2980,3234
1608,2977,1658,1647
2380,2325,2474,2323
2833,2938,2844,3217
2857,2087,2862,3178
1900,3440,123,2117
500,2232,377,2536
2465,2470,3381,3392
3440,1899,123,122
2571,2572,3171,2631
1375,1416,1298,2959
2616,2558,3162,2615
2594,1085,941,977
2950,2965,2926,2910
2594,1085,1166,1069
2240,3191,2021,3186
3300,2865,3302,3303
3359,2235,3405,3178
859,963,2547,2551
2235,3359,3174,3178
1900,3440,1899,123
3348,3354,2970,2972
1388,2829,1369,1292
3283,3281,2482,2111
1416,1362,2959,3002
597,662,2447,670
269,122,3419,3440
3326,3231,2981,3233
2357,2159,2644,2301
1310,2793,1309,1226
1137,2818,1220,1136
2450,2194,2352,2443
1416,1323,2959,1362
2729,2769,1192,2767
3012,1637,1636,1644
2592,3315,2110,3313
849,738,2517,848
2769,1100,1192,1193
2769,1100,2729,1192
2577,2739,2640,2668
3439,1707,41,42
1018,2738,2639,1019
831,764,667,2474
412,413,2041,276
2094,3439,1707,3062
3048,3092,3100,3095
1670,3434,1693,3066
3249,3158,3162,3164
3439,1684,42,3422
1204,2738,1205,2776
1705,37,1681,2088
1751,1794,1770,3080
3439,1684,1707,42
302,3059,3060,2084
2935,2749,3328,3326
2974,2930,2935,3328
2705,3314,3317,3318
3117,1961,2366,2322
2930,2936,2885,2970
660,2334,711,2372
612,2500,2501,613
2649,1048,1136,2650
695,2429,696,809
41,3439,3062,1707
2786,1373,1290,1313
2797,2589,2442,2586
2538,2394,2539,2590
39,38,1682,3431
2217,2225,2186,2351
2669,2780,2613,2671
3235,2179,3224,3234
2905,2906,2988,1491
2908,2905,2988,1491
1314,2711,1160,2706
1068,992,1160,2706
1074,992,2706,1160
3417,3431,2090,1682
1314,2706,1160,1244
1492,1547,1491,2988
1079,2754,2718,2704
1163,2781,1257,1251
2401,1963,2118,2400
2138,482,660,2334
1547,2906,1491,2988
2747,2607,2606,3267
2781,1163,1213,1251
2599,636,647,712
3417,3431,1682,38
1293,2781,1213,1251
1492,1548,1547,2988
1492,2908,2988,1491
2331,1895,3438,3418
3188,3402,3187,2895
2041,413,277,276
817,2434,816,703
677,2411,551,2374
2192,217,216,2195
424,287,2062,423
2417,792,793,679
2764,1269,2847,2848
2064,558,559,426
1746,1789,1767,3087
2331,3446,267,3438
2738,2776,1203,2774
1789,1766,1808,3077
2076,2424,2079,2425
2107,582,2106,2295
2297,2300,2296,2298
449,2107,450,582
3099,3194,3111,3093
10,3444,130,9
1547,1548,1597,2988
3418,1895,1927,2331
1284,1283,1203,2774
2274,2282,2276,2279
1204,1111,2738,1203
2408,2558,2409,2043
1735,1664,3064,2108
1119,1028,2672,1167
2733,1009,2629,1008
1110,2738,1111,1203
817,2434,703,2436
1612,1616,1660,2995
1382,2821,1311,1372
1548,2908,1493,1549
2169,610,487,459
1548,2908,1492,1493
2535,2539,2394,624
2998,2938,3016,2896
498,375,499,2526
3438,118,267,117
2666,936,943,830
2391,2820,2693,2653
1130,1254,1166,2703
2222,361,2230,323
2252,2198,2253,2245
2405,544,2044,605
3032,3084,1798,1734
3010,3000,3022,2969
786,673,2410,672
985,977,2641,2464
69,244,180,2272
2470,3168,2660,2472
817,2434,2436,2577
3022,3010,3026,3023
1895,117,3438,3418
71,229,2276,230
3089,1848,1832,1833
3024,3029,3027,3026
1519,1520,1571,2975
3416,123,1900,2
1141,2820,1225,1224
2891,1499,3014,2996
2557,933,925,2645
2820,1308,1225,1224
2340,3205,3383,2033
3211,3177,3209,2235
2024,2291,2289,2296
2158,2809,2704,2597
554,2058,422,555
1293,1213,2754,1255
2927,2962,3026,2963
2834,1293,1322,1370
3024,3027,3379,3026
1405,2834,1329,2835
2534,2913,3379,3026
1811,1793,2089,2091
899,1000,2625,1001
2117,49,170,123
3010,3029,3022,3026
1347,2850,1420,2848
1347,2850,1348,1420
2850,2900,1420,2848
1360,1284,2863,2859
2577,2679,2668,2641
2280,393,328,2273
3010,3029,2969,3022
1518,1434,3002,1433
1950,2304,1907,1903
170,3440,2117,123
2029,3437,1734,3413
3240,3242,3288,3296
2825,2894,2839,2826
2449,2451,598,592
212,2143,2501,366
1314,2706,1244,1389
1496,1518,2910,1433
3118,1990,3154,3130
248,2303,188,3424
2307,2399,2479,2309
1665,3413,3437,4
1556,2954,3014,1613
3413,1734,1665,3437
404,352,2328,479
1556,2954,2783,3014
1626,2954,2783,1605
1387,2996,1456,1371
1374,1376,2875,2818
877,987,2484,886
1948,3117,1968,2322
879,2439,2610,975
2380,591,2582,601
543,2494,2306,542
2188,2190,2191,2185
2385,845,2511,735
219,2218,2197,61
2875,1445,1376,1374
2185,2190,2184,2188
1443,1445,2875,1374
3437,1689,3050,1734
1267,1343,1266,2763
66,2247,65,2250
1343,2763,1400,1266
815,2433,701,2434
3456,333,248,2303
3295,2712,3275,3274
248,3456,83,187
991,2689,2602,2647
2305,337,527,333
2891,3014,2783,2954
3433,349,198,402
3437,1689,5,3050
543,485,611,2492
3096,1825,3073,1842
2049,3203,3074,3110
2913,3377,2241,2915
3437,1665,4,5
99,2319,1881,1880
293,2077,2070,294
3016,3027,2938,2998
41,162,3062,3439
2947,2905,1489,2906
2079,297,434,298
2319,99,1881,100
225,2258,380,2540
242,359,2249,325
1544,2947,1488,1489
2119,3124,3125,3113
3016,3027,3217,2938
2190,271,317,174
3024,3379,2034,3023
3277,2478,3278,3268
1388,1317,1368,2823
3023,3379,3026,3024
1881,100,3430,2319
3272,3302,2149,3299
931,2602,930,1032
3424,1904,1868,1903
1522,2823,2829,1439
2191,360,2196,271
2197,321,362,2219
2823,1388,2829,1439
3414,3436,1871,2307
1461,2966,1444,2829
1733,1689,3050,1666
3437,1689,1665,5
1871,88,1872,3436
3037,2054,2055,1802
3039,2404,3035,3108
2712,3242,3316,3313
2028,3039,2404,2043
2041,275,412,276
2911,2912,2819,2880
1939,3115,1957,2345
1380,1308,1309,2693
346,2319,195,2316
3014,1579,1511,1499
1447,2996,1511,1499
2692,2691,2180,2878
2808,1325,2686,2800
1553,3014,1579,1511
88,1871,87,3436
3037,2054,3108,2055
1477,2952,1478,1526
2550,2552,2553,2288
632,2553,2550,2552
2258,2259,68,2257
3414,3436,87,1871
1832,2375,1831,3105
1366,2838,1402,1324
815,2433,814,701
2630,2731,2629,1008
2577,814,2574,919
3059,155,34,154
2430,569,2376,568
3436,1906,1871,2307
816,920,815,2577
2073,3109,2426,2089
3046,28,29,1677
2216,2459,642,2219
2697,2410,2407,986
3057,3046,1677,28
2952,1564,1526,2995
2107,313,450,314
370,2171,369,215
472,2291,2295,2107
2649,2818,2690,2650
3053,1694,3041,15
90,3425,89,253
1564,1612,1526,2995
2876,1501,2991,1512
3321,3293,3294,2129
2440,2441,2442,3284
2609,2321,3267,2606
2146,53,52,211
1464,1534,2890,1524
3214,2205,3338,3340
1570,2876,1512,1504
2054,3108,2408,3039
2501,2493,2381,2492
1938,1975,1937,2118
2054,3108,2038,2408
779,2605,2608,841
2605,777,779,2491
1475,2929,1469,1566
3053,1694,15,16
3266,3264,3303,3263
1,1687,3064,48
1587,1566,2973,1582
2902,2947,1487,2945
256,398,345,2315
1971,1956,1974,2356
3084,2029,3050,1734
2029,3437,3050,1734
255,3449,94,3427
2812,2841,2895,2919
2896,1527,2958,1530
2120,3273,2114,3144
132,12,3426,11
2616,2617,2615,2720
1260,1327,2755,1319
1559,1607,3000,1560
3217,2534,3222,3379
2029,272,357,2030
1543,2945,1487,2947
2064,290,291,2063
1423,2901,1424,1487
1419,2898,2848,1420
2625,795,796,2419
2986,1543,1593,1544
3442,1,3064,77
2569,688,2423,687
907,1009,1008,2629
2019,3258,2074,3168
1204,1284,2776,1285
3454,3434,3066,135
1575,2921,2949,2910
3115,3114,3152,2556
1460,2868,1389,2817
3114,2356,3152,2556
2308,335,532,524
652,2314,533,455
922,2436,921,817
1544,2986,1594,1593
1536,2964,1604,1624
3434,14,1693,13
1685,3081,2105,3063
3066,3434,1693,3040
1832,3089,3105,3095
311,164,3063,310
3445,187,82,3456
3445,187,250,82
3393,3332,3227,3293
1616,2978,2995,1569
625,2539,744,624
375,498,2520,2526
255,3427,94,93
363,2168,2169,318
2105,165,3063,311
174,3462,2192,57
3014,2891,2982,2954
2376,2427,2430,567
2360,645,2448,2317
3362,2226,2198,3361
3040,3434,1693,13
2454,2314,652,661
779,664,665,2438
775,884,2372,824
2491,2369,664,2438
3004,2937,2824,2826
2789,2747,2609,3270
311,165,312,2105
3428,1743,1674,2063
2713,2670,2778,2750
2978,1616,1615,1569
1464,1468,1398,2823
1659,1639,3017,1630
2667,717,867,785
2424,2065,2079,2425
2572,2631,2430,2427
2431,2429,2570,2638
2945,1542,1591,1592
1857,3095,3105,3091
2435,2024,2293,2379
2594,1116,2641,2678
2576,2640,2660,2436
1618,3017,1638,1630
2291,2297,2296,2298
2106,312,2105,311
2978,1574,1615,1630
2792,2692,2651,2819
3017,1639,1638,1630
3454,3434,135,14
610,599,710,2444
2369,665,2438,666
2087,3391,3370,3181
196,2319,258,347
3433,105,1885,1886
2792,2819,2878,2692
1215,1335,1253,2714
617,2511,2512,2386
1221,1222,2792,1138
2086,3168,3381,3258
1778,1815,2377,1758
3175,3390,3176,3358
2679,2668,2641,3392
3023,2524,3022,2961
105,3433,106,1886
1648,1658,1628,2990
414,3407,415,2043
2976,3404,3001,2990
2969,1620,2990,3011
2934,2966,1558,2990
3003,1661,1647,1662
741,2393,852,2528
803,690,804,2425
2934,2976,2990,2977
2911,1377,2878,1450
2536,500,501,377
3460,261,3433,106
1860,3075,3094,3091
2465,2470,2472,3381
2080,3107,2435,2660
3342,3214,3345,3340
3076,3386,3110,3096
2070,2072,1788,3077
2719,1250,2785,1181
3460,403,2327,350
1093,2722,1094,1186
2281,2027,2472,2287
2849,3188,3375,2899
146,293,2070,3045
2733,2633,1196,2815
2558,2562,3162,3200
2734,2081,3173,3171
1789,1766,3077,1722
1583,1480,2940,1530
816,703,2434,702
1848,1845,3048,3095
3433,1886,1885,2326
3390,3175,3176,2909
3432,110,1889,1890
3432,405,2329,2328
110,3432,111,1890
1621,1583,1576,2940
3156,3155,3199,2032
3203,3160,2623,2619
2940,1481,1576,1537
3045,2070,1745,3077
1967,1972,3113,1940
3280,3282,3385,2128
1609,1561,3010,3000
1249,2779,1333,1328
2984,2945,1590,1634
1143,1054,2655,1142
264,3432,2329,111
1925,3432,1889,1890
2070,3087,3077,3045
3044,21,1673,20
2614,2622,2719,2615
2669,2670,2750,2778
2578,2674,2675,2611
2070,1745,3077,1788
2869,2178,3236,2867
346,2319,513,397
3000,1584,1534,2969
2120,3146,2125,3138
3044,20,1673,3054
543,517,2494,542
3223,3234,3394,3235
1659,1616,2995,1660
19,3054,1696,20
1531,2951,1528,2842
1219,2818,1220,1289
3054,19,1696,3043
2735,2736,2734,2636
2860,2814,3368,2815
1356,1429,2861,1357
2736,2635,2734,2636
807,808,912,2430
2354,391,457,466
3045,3451,146,26
292,2070,2068,3055
3055,2070,146,292
2659,836,2468,865
1254,2703,1287,2678
2251,2249,2245,2250
2606,2607,2604,3267
1676,27,26,3045
2589,1065,1170,1040
3005,1626,1645,2995
2527,3339,2522,2525
1642,2988,3005,1641
1626,1642,3005,1645
2818,1304,1289,1374
950,2387,951,2650
2724,2845,2765,2726
2409,415,548,416
3361,2226,2337,3362
2920,2914,2913,2881
2496,2183,2444,2166
3428,143,142,2063
1977,2402,2401,3121
1297,2800,1316,1387
586,610,2183,2189
3046,30,3058,1701
2288,3196,2023,2553
3428,143,22,142
3046,30,150,3058
1079,2754,1165,2718
1529,2931,1498,1519
2312,3140,3135,2487
2150,2717,2805,2809
2126,2596,3310,2612
1522,1572,2966,1557
137,3053,16,17
2855,2766,3375,2849
77,1,3064,169
680,794,793,2417
2244,756,2456,633
1100,2729,1192,1099
1678,30,1701,3058
2146,53,237,52
1286,2788,2777,1287
2067,3070,2069,2421
3047,34,3059,1703
2732,2631,3396,2568
2787,2788,2677,2926
2146,53,172,237
1418,1419,2848,1346
1447,2786,1448,1407
813,2431,2433,2574
2861,1430,2907,2859
2641,2594,2579,2464
2238,3381,3170,3392
2775,2776,2738,2774
1600,1551,2949,1550
2921,1457,1517,1497
1236,1115,2678,1207
237,172,2146,2132
2392,2527,2337,2530
2409,416,2047,415
2880,1380,2693,1308
2282,509,2552,386
3429,404,200,263
2320,400,535,347
1926,2368,2330,2349
1789,1722,3077,3087
1173,1170,2707,2589
3047,34,154,3059
2491,2605,2604,2438
2138,482,636,660
1744,2068,1787,1721
2685,2675,2874,2686
3055,2070,2068,1721
3431,2090,1706,3062
3282,3275,3280,3297
2360,2320,2362,535
2786,2891,1448,2783
1926,2368,2329,2330
2420,2049,2418,2421
2747,2756,2607,2152
2288,3196,2553,2550
40,3431,39,1706
40,3431,1706,3062
2205,2157,3336,2997
1208,1299,2681,1217
3357,3364,3365,2212
3004,2937,2982,2872
2659,1061,2588,944
1788,1745,1721,2070
2409,416,548,549
3423,130,3444,9
2202,2217,2215,2525
2507,2384,2508,2382
1175,2647,1122,1077
338,171,2142,237
1792,1749,3078,3088
1973,3129,2368,3126
1442,2784,2782,2921
2856,1423,1350,1422
3059,1726,1749,1680
3060,1704,1680,35
3430,1882,1883,102
2154,2604,3278,2708
49,3453,78,3416
3430,101,1882,102
1782,1715,1760,3101
49,208,185,2130
2185,2184,2190,2194
649,2439,666,2365
2953,1515,1474,2925
49,3453,185,78
3430,1882,1915,1883
2409,549,2047,416
2567,3254,3253,3256
2731,2733,2768,2629
2795,2957,2842,2998
2821,2840,2918,2822
2962,1452,1508,1453
2430,2085,570,2429
1751,3417,2088,2090
1419,1347,2848,1346
1021,2740,2678,1114
1390,1364,1414,2796
3430,1917,1882,1881
2788,2702,2677,2926
2701,2883,2892,2782
2186,2497,2495,3336
2652,2528,954,2653
2037,2278,2396,2546
3044,1743,1719,1697
3070,2067,1818,3102
3043,1718,3054,3071
2057,3086,3043,3071
1764,3071,2062,1742
877,987,979,2484
3086,1741,3043,3071
1699,25,1675,3055
2394,2255,2540,2266
3266,3261,2175,3265
1741,1763,1718,3071
2051,2758,2916,2759
3055,25,1675,24
3451,25,3055,146
2532,2393,2538,2537
1774,1732,2377,1758
3074,3102,2067,3070
2425,909,908,2629
2328,2327,1888,3429
2673,2741,2701,2782
1618,1574,1582,2973
108,109,1888,3429
2068,2070,1788,1721
3055,2068,1744,1721
3196,3156,2560,2716
1766,1808,3077,1788
3459,3429,109,263
1090,2760,1183,1238
2777,1206,2740,1205
2530,3378,3345,2537
1799,1779,3084,2042
1635,2986,1636,3012
1887,3429,108,1888
2818,1304,1220,1289
2652,2528,2390,954
1721,2070,1699,3055
1858,3094,3098,1861
1549,1598,2988,1599
2978,1574,2973,1525
3176,2960,2682,2237
3447,3429,2327,262
2921,1536,2964,2783
3459,3429,263,2328
2876,1450,2961,2878
3223,2524,3334,3235
2670,1152,1086,1030
1601,1571,2975,1623
2788,1286,1323,1287
2202,2217,2201,2215
1299,1208,2681,2677
47,48,3049,1710
2132,172,322,237
1812,1833,1834,3048
1429,1492,2908,1493
2142,171,2134,52
2950,2863,2907,2910
52,171,237,2142
3004,1521,1413,1465
2090,2088,2091,2101
2090,2432,2101,2091
3089,3109,2091,2089
2090,2432,2093,2101
2743,1072,939,1084
1857,1860,1862,3091
2866,2885,2930,2828
3455,1674,23,1698
1859,3092,1862,1861
3082,3068,3098,3111
3099,3082,3098,3111
1141,2654,2693,2653
3092,1859,1851,1861
3092,3091,1856,1862
2544,2541,2882,2590
335,3436,190,252
346,2319,397,195
1840,3048,1813,1834
3455,143,3428,2063
998,2810,997,2617
3048,1812,1813,1834
2624,1000,2625,899
2774,2775,2736,2738
1674,23,22,3428
1777,1779,3084,1799
3428,1674,1697,22
1027,1031,1121,2591
3428,1743,1697,1674
3291,2176,3325,3306
1618,2978,2973,3017
3032,3084,3034,1798
1798,1799,3084,3034
2923,2922,2784,2965
2507,2385,2382,2505
1876,3449,3427,94
1875,3427,1876,2313
2889,2992,2178,2888
1777,1799,3084,1798
3093,3092,3098,3094
3092,3093,3091,3094
2706,1389,2817,1318
3005,1660,1645,1641
2966,2823,2829,1522
3093,3386,3091,3094
1533,2933,1464,1534
2511,2384,2386,2513
3099,3386,3093,3094
302,3059,155,3060
255,3449,193,94
84,248,188,3424
3430,1917,1915,1882
3427,1876,94,93
3052,3426,1692,1714
1158,2700,2741,1209
12,3426,1692,3052
2669,2671,3310,2780
2159,3314,2705,2867
3426,12,1692,11
2669,2670,2613,2750
2694,2793,2655,2693
155,156,302,3060
2967,2524,3394,3235
315,2344,2130,2141
2344,315,336,517
1893,3418,1894,1929
2881,2914,2913,2915
2691,2818,2878,2792
3173,2775,3181,2737
2428,2084,2089,3088
1657,1663,2963,1654
3425,1873,1872,2311
333,534,2302,344
2969,1646,1625,1655
1982,1950,2304,1959
2906,3017,3020,3030
2428,3088,2376,2085
2554,2303,2304,2481
2829,1315,1292,2801
1376,1304,1305,2792
3010,1663,1657,1656
2483,2504,2710,2601
2304,1904,2303,1903
3009,2872,2891,2982
1594,2947,1545,2906
2095,3062,3090,2093
305,2092,441,304
3048,1848,3089,1833
3420,1902,1866,1865
2986,1635,2999,3012
3113,3124,2118,2119
1191,1271,2765,2767
3425,1873,89,1872
1655,2969,1653,1625
2355,1873,3425,2311
90,1873,89,3425
3140,3135,3117,3134
3134,1999,3117,3128
2544,2541,2590,2542
2524,2993,2180,3235
3010,1657,1610,1656
2999,3354,2971,3355
1301,1181,2785,1296
1740,3053,3065,1671
3105,3073,3056,1830
1722,3045,3077,3087
1884,1920,1918,2324
957,1055,2655,958
550,417,2045,549
90,253,191,2355
2298,2024,2296,2291
350,3433,261,402
1776,3083,3032,1778
2085,302,439,2084
3424,84,83,1868
391,2280,328,2272
3099,3386,2031,3093
2085,437,438,301
181,329,2274,393
1930,2333,1933,2370
3041,135,3066,2045
1869,3424,1868,84
1930,1933,1942,2370
2349,1929,2347,2332
2041,1691,1668,1737
2316,1880,1879,1914
1749,3059,2084,1726
3423,1713,1691,2041
2428,3088,2089,2083
3099,3386,2412,2031
1743,1765,2067,1786
3042,1717,3065,1671
1719,2067,2062,1764
2062,287,286,423
3086,1695,3042,3043
2319,1917,1881,1916
3212,2034,2239,3213
1707,2094,1729,1753
2316,2318,1914,1911
2316,1880,1914,2319
1801,3061,2378,2379
1860,1855,3094,1854
3096,1825,3070,3073
3055,1720,1698,1744
3423,1713,1667,1691
2428,2083,2376,3088
419,2045,418,282
1387,2800,1316,1394
3423,8,1667,3051
2056,2562,2374,2411
871,2410,2407,672
2293,2292,2024,2289
247,182,330,2291
3423,1691,1667,9
8,3423,1667,9
3092,3095,1856,3091
3053,3042,1671,17
17,3053,16,1671
1818,1765,2067,2069
2172,2184,2194,2190
1709,2105,1731,1755
813,2431,699,2433
2066,3109,3105,2426
1837,1836,2378,1849
3092,3095,1845,1856
3032,2300,2296,2030
2085,302,438,439
606,470,2189,2190
3443,1901,1865,1864
3443,1901,2344,1865
3172,3171,2019,2638
3195,3196,3156,2025
2927,1510,2795,2794
2422,2566,2049,2421
1730,2094,1684,1753
2428,2083,2089,2426
1691,2041,1713,1737
1162,2561,1029,2719
1749,1792,1769,3088
3109,2066,3105,3095
3129,1976,2002,1985
3129,1951,1976,1985
2344,331,186,2302
86,251,189,3414
2360,474,643,513
519,2310,341,471
1923,2329,1891,1926
513,2360,2319,2317
92,192,3427,2355
2613,974,927,1083
2380,2325,2324,523
2375,2426,3056,3105
2501,213,367,368
1999,1998,1981,3128
1611,1562,2963,1610
1968,1999,3128,3117
3277,3292,3276,2122
355,2348,515,342
2713,2670,2751,2665
2491,664,779,2438
2320,2319,2485,2359
2223,2465,2277,3383
1377,1376,2878,1450
2322,1961,2326,1920
1626,2954,1577,2995
2501,491,367,490
3116,1992,3130,1996
1974,3114,2356,3130
404,2327,537,2328
2400,2333,2137,2401
3288,3297,3282,3319
368,491,367,2501
212,2501,213,367
2112,2135,2119,2401
3439,1684,2094,1707
170,3440,319,2117
1977,3124,2401,2118
212,366,2501,367
2367,2789,2582,2667
2258,504,2540,2395
2371,2334,2347,2370
1926,2349,1954,1952
2325,2380,2474,601
205,118,3446,119
1886,1921,1885,2326
2023,3034,2030,2403
2402,3131,2005,1991
331,2306,528,2302
2139,3292,3283,2135
2137,2139,2119,2112
1708,3422,1684,3063
3399,2830,2778,2802
1976,2001,3134,2002
2344,2306,2494,542
2258,504,380,2540
2355,3425,253,2311
1997,2009,3118,3154
3449,398,193,256
3004,1404,1465,1413
3450,3422,3063,164
3124,1975,1967,2118
2292,2293,2024,2294
3439,1684,3422,2094
1221,2818,1137,2792
2592,2479,2127,3136
2293,2379,2024,2294
2094,3081,1730,3063
2435,2024,2295,2293
3364,2234,3341,3343
2558,2039,3162,2615
77,184,3064,2108
540,410,2044,2040
2288,2300,2297,2552
2762,1184,1265,1185
3341,3245,2205,3243
2820,2912,2880,2819
2542,2541,2590,2394
1189,1269,1188,2765
946,860,887,2551
2094,3063,1684,3422
43,3422,42,1684
3096,1860,3094,1854
3419,2333,120,206
2614,894,995,2617
2729,2766,2727,2728
1124,2759,2622,1259
3243,3245,2036,3341
3053,136,2052,137
1748,3079,3078,1679
3057,2076,3045,3087
1001,1000,2625,2726
3073,2072,2069,2421
439,2092,572,2085
3257,3173,3171,3256
2094,3063,3422,163
3081,1708,1730,3063
2853,2855,2852,3368
2333,1897,119,1896
2094,2435,2103,2096
1098,1005,2727,1004
2333,1897,120,119
2577,814,919,815
2094,2096,2095,2102
2857,2735,2774,2862
1836,3068,2378,1849
2210,2892,3243,2956
2557,2308,2556,2310
2394,2214,2537,2253
2577,2679,2739,2668
2354,593,2280,2464
465,2599,647,512
2428,2426,2376,2083
3274,3398,3153,3151
2923,2883,2922,3243
3388,2643,3278,3387
2892,2956,2955,3243
2599,636,712,2343
2451,2216,2452,2578
973,1079,2718,2704
2376,2427,567,2079
3208,3185,2048,3164
2048,3206,3185,3208
2441,2496,2442,3387
2991,1501,1443,1460
2170,2184,2190,2188
1501,2991,1443,1445
1156,1262,1261,2684
3164,3185,2048,3249
2170,2189,238,2190
3185,2696,2048,3249
6,1666,7,3036
2569,2630,2728,2730
3440,319,269,207
2992,3333,3331,2180
712,2599,2343,583
872,866,2183,2589
543,2306,659,542
2956,3259,2997,3336
3288,3228,3319,2156
2628,2569,905,2630
799,2628,2565,2422
3436,1906,1872,1871
2116,2143,2501,2144
2729,1191,1192,1099
844,2385,2503,734
1152,2670,1036,1030
3122,2111,3283,2482
3127,1998,3145,3128
1081,2684,1062,1118
2628,2569,2422,800
2671,2704,2597,2158
1666,6,3050,3036
3275,3242,2128,3316
2144,2116,2168,2181
3317,2128,3316,3385
3441,1702,32,1679
2145,2193,2386,2336
3218,3371,2239,3025
3421,1678,1724,3058
2997,3015,3351,3347
2242,2920,2881,2914
2685,3324,2686,2874
2870,2889,2980,2887
2518,2200,2195,218
2741,2701,2699,2646
2884,2162,2817,2867
271,2191,239,174
2707,2586,2797,2748
2884,2510,2162,3318
103,1884,3435,104
2457,2351,2243,2456
32,1702,3421,31
3346,2240,3220,3360
1531,1462,1532,2842
3421,152,298,3079
1276,2771,1277,2854
3155,2018,2560,3200
3211,3184,3207,3357
3170,2098,2739,3181
2223,2579,2280,2465
180,391,328,2272
2541,2227,2915,2537
2541,2227,2537,2214
3441,1702,3421,32
2059,3202,3160,2049
2512,495,2518,372
2566,2065,2423,2627
2701,2883,2782,2699
2425,2065,2568,2627
3420,1902,2302,1866
1844,3096,3072,1854
3076,3073,3110,2421
298,435,434,2079
3445,186,3420,81
2068,2072,1788,2070
1844,3096,1826,3072
3445,186,2302,3420
180,2273,328,245
502,625,2540,503
3420,1865,1866,80
2962,2927,3026,3023
687,688,801,2569
563,2423,562,2077
751,2406,750,631
2476,584,728,609
951,2387,848,2517
327,2272,2271,391
2282,2550,2549,2279
3420,80,1866,81
433,566,2079,434
2096,2100,2432,2093
1683,1707,41,3062
658,2480,776,880
3238,3325,3237,3233
1683,40,3062,41
2510,3318,2161,3385
2503,2647,930,2602
3230,3236,3226,3318
2090,2432,2100,2093
2313,2580,2356,2310
2159,2664,2778,2644
2344,2306,2113,2494
3331,2180,2691,2877
2318,3127,1969,3116
306,2099,2093,307
2319,474,397,347
27,3057,1700,28
2103,2096,2099,2093
27,3057,3045,1700
2368,1923,1926,2329
2329,353,406,516
2647,2689,2688,1161
1336,1295,2745,1302
520,352,479,2328
3228,3226,3237,3332
1899,1898,3419,1931
3300,3311,2153,2151
3126,3132,3133,2402
3279,2441,3387,3278
2707,2797,2886,2748
2170,2171,2168,2181
3049,1756,1732,1710
1732,1756,2377,1758
1899,1898,122,3419
3175,3177,2020,3358
2455,2186,2495,3337
1898,121,122,3419
3302,2150,2791,2836
2662,831,982,971
3140,2312,2603,2487
3419,1931,1934,2400
196,2320,347,400
2486,643,760,821
3419,2400,2333,407
3418,1929,2332,2331
1806,1829,1826,3106
2417,2413,2623,2414
2373,2413,2416,2058
117,116,3418,1894
3168,3192,3169,2660
931,2500,784,930
2605,2608,2604,2438
3126,2490,3133,2368
3148,3132,3276,3133
2604,3267,3133,2437
3180,3405,3359,3366
2709,2605,2489,1073
2242,2544,2695,3395
950,2387,847,951
2158,2672,2780,2671
2521,2389,2388,2390
2143,366,2335,2501
3395,2544,2695,2657
215,2171,57,2188
630,2396,2547,629
1893,3418,115,1894
2498,2893,3336,2674
2193,2512,2384,2386
2386,2511,2387,617
1895,3418,1927,1894
632,2553,2405,2550
2139,2131,2142,2137
1895,117,3418,1894
2436,704,705,579
2228,2542,3183,3207
209,2141,2134,210
51,209,2134,210
2141,209,2134,50
3191,3217,3016,3222
2037,2339,2033,3206
379,225,2540,2255
209,51,2134,50
2387,2650,2515,2517
2388,2336,2145,2386
2420,557,2419,683
2203,2145,2525,2202
2651,2819,2692,2652
2512,2518,2386,2336
2986,2945,1635,1592
2163,3228,3237,3332
573,2092,572,440
2089,1792,3088,1769
2085,571,570,2429
591,2380,2582,600
2968,3018,2980,2967
1924,2327,1888,2328
965,2438,2608,888
1751,3417,1705,2088
2388,2187,2521,2525
38,3417,37,1705
739,619,2390,2517
2176,3325,3289,3291
1751,3417,1682,1705
2142,316,409,2131
2270,381,227,2258
2190,2443,2194,2182
3417,38,1682,1705
2088,37,157,158
2700,2699,2784,2680
92,2355,1874,91
2260,2223,2277,3383
716,2468,758,641
91,191,2355,90
3175,3176,2909,2237
2923,2922,2036,3243
2549,507,384,2545
818,2436,923,922
3416,1863,78,2
580,706,2295,581
2598,3326,3305,3232
2869,3314,3236,3241
49,3453,2130,185
2365,2439,666,2438
1169,2707,1210,2709
1239,1330,2806,1331
3122,2135,2114,3119
3460,261,350,3433
2331,2348,541,2334
2348,541,2334,646
2440,3321,3284,3323
3223,3224,3329,3234
49,3453,3416,2130
1863,3416,2117,1900
3105,3109,3089,2089
2633,1106,1105,1198
2218,2221,2197,61
1227,2655,2793,1143
3361,2225,2186,2525
2514,2516,3227,3393
2207,2530,3345,2529
2392,623,500,622
3147,2125,3312,3398
2917,2803,2831,3232
745,2539,626,2543
1174,2781,2801,1315
2657,961,962,2342
3215,3378,3213,3377
2460,2455,3340,3361
2516,2510,2513,3320
1863,3416,1900,2
327,392,458,2271
3416,1863,2117,2130
3042,18,3043,1695
2115,3292,2147,2139
3227,2516,2513,3320
962,2548,2657,2342
18,3042,17,1695
2139,2131,2493,2142
3186,3183,3184,2228
2840,2920,2821,2918
2168,2143,2144,54
6,1689,3050,5
2942,3188,2846,2899
2475,2469,3365,2595
864,823,2642,990
2288,2552,2297,2282
3437,1689,1734,1665
526,461,393,2285
270,2300,234,2299
318,2168,235,363
3325,3238,3306,3233
1783,3065,3067,2053
894,790,2563,789
3246,3372,3349,3352
72,2282,73,231
2375,2089,2426,3105
2377,314,2108,3049
1829,3072,1826,3106
2811,2843,2621,2841
3165,3157,2050,2031
3079,1679,3047,3078
2568,2075,2627,3396
2638,2575,2574,2431
1809,3056,1830,1831
3068,3093,3098,3111
2426,2078,2375,3056
2723,2419,2623,2625
2968,2976,3328,3001
2524,3223,3394,3235
3001,3404,3328,3403
3325,2179,3237,3233
2818,1137,2792,2650
1377,2911,2878,2819
2329,1891,2330,3415
2383,2507,2508,2382
2229,2217,2218,2221
2612,2454,2644,2301
842,866,2443,669
3148,3143,3134,3271
2754,2752,2803,2917
2182,2172,2194,2190
2818,1221,1220,1304
2346,2355,1909,2356
2330,1891,1892,3415
216,370,215,2188
2870,2713,2714,2867
769,2555,783,889
2602,886,991,889
2875,2818,2878,2691
268,2333,120,119
2384,2193,2181,2188
2138,636,2343,660
112,1891,3415,113
370,2171,2188,2506
3005,1659,2995,1660
1925,1962,2363,2368
3126,3132,3141,3133
879,981,2610,2667
2825,2894,2175,3261
3299,3272,2312,3301
2756,2607,2154,2683
2205,2956,2997,3336
3455,1674,3428,23
2064,557,425,2062
2698,3250,3199,2715
2635,2736,2734,2639
273,272,126,3050
2094,2095,1772,2102
3442,77,3064,2108
370,2171,215,2188
216,2512,370,2188
3435,3448,197,2324
1492,1429,2908,1428
2019,3168,3169,2086
807,911,2430,912
818,2436,922,817
2215,2200,2197,2336
3415,3457,265,113
2292,2293,2472,2289
197,3435,2324,260
3414,2309,396,2307
3397,3255,2065,3396
2520,496,2518,619
3414,1932,1870,2309
2734,2638,2429,2639
2336,2202,2145,3294
2146,53,54,172
2192,217,58,216
2219,2459,2220,2224
1406,1321,2824,1413
2735,2814,3173,3179
2147,2509,2140,2116
2122,3292,2148,3277
2202,2450,2497,3336
2126,2664,2612,3310
2124,3321,3294,2129
3393,2145,2519,2525
2834,2754,2828,1322
2647,948,2648,2503
947,940,867,2667
2713,2665,2778,2670
2478,2334,2138,2372
2183,2589,2442,2642
2709,983,2489,2642
2444,599,2343,2165
2124,2182,2173,2172
619,739,2390,620
2271,2461,2268,590
2544,2882,2695,2590
2525,2527,2529,2337
396,251,3458,3414
86,251,3414,3458
2163,2203,3293,3393
3325,2179,3233,3329
1307,2819,2820,2880
1559,2876,1504,1506
1510,2951,2927,2795
2517,2387,2386,2515
3324,2685,2686,2886
2261,2340,3207,3209
2685,2675,2674,2874
2339,2269,2260,2266
3369,3372,2844,3220
2469,2245,2254,2475
2676,2210,2701,2457
2214,2252,2253,3380
1556,1555,1502,2783
1206,1113,1114,2740
2548,2696,3395,3206
2246,2199,2257,2266
86,1870,3414,87
2540,2258,2266,2255
2314,469,2358,644
1870,1871,3414,87
3449,398,332,193
3415,265,3457,2330
2518,2517,2386,2388
2278,2338,2037,2396
2029,3437,125,3050
255,3449,332,193
284,420,2056,421
3437,3413,125,4
2422,560,2420,685
3413,1711,2029,1664
2215,2217,2337,2525
2225,3361,2337,2525
1688,1664,3413,3
4,1688,3413,3
3402,3188,2846,2895
2633,2773,2814,2632
2939,2897,2846,2895
2852,2771,2770,2768
2497,2224,2495,2216
220,2218,374,219
2218,2215,219,2197
2457,2351,2455,2243
3321,3284,2123,3286
610,729,2444,710
2578,1042,2611,1123
2735,2087,3179,3181
2671,2158,2597,3310
2724,2626,2726,2727
3179,2814,3256,3368
3016,3027,2534,3217
1414,1390,2796,1479
834,721,2461,726
2085,571,439,438
2498,2216,2611,2578
2436,818,923,819
2216,2498,2452,2578
2946,3405,3366,2634
1556,3014,2783,1502
1442,2921,1497,1457
3059,35,3060,1680
2781,2831,2804,2917
2098,2777,2862,2909
907,803,908,2425
2683,2707,2798,2755
2674,2210,2893,2956
2394,2392,2393,2536
2109,2122,3278,3276
2124,2182,2172,2194
1126,1033,1066,2578
2185,2352,2190,2191
3376,2263,3370,2235
3059,35,1680,34
2839,2928,2806,2925
2872,2996,3004,2800
286,285,139,3043
2126,2664,2580,2612
2639,2638,2737,2734
2832,2976,2974,2749
36,1704,3060,35
2316,1880,2319,3412
957,1054,2655,1055
959,2539,856,2543
2881,2694,2913,2794
2045,281,282,135
3190,2263,3376,2235
2316,98,3412,195
2832,2966,2976,2932
1546,2906,1491,1547
1509,2927,1562,1508
2493,2501,2381,2116
2415,894,2563,2617
3423,130,2041,3444
2813,1441,1393,2842
3397,3255,3204,2065
2671,3310,2780,2158
99,1880,98,3412
3423,1713,3051,1667
2395,2341,2266,2258
2943,2984,2941,2833
2228,2542,2541,3183
379,378,2247,2536
3214,3216,3221,3213
1007,905,906,2630
2855,2853,2899,3406
3284,2123,3323,3321
3089,3109,3105,3095
2750,3232,2801,2803
1690,8,7,3036
625,502,2540,2394
2157,3335,3239,3351
2826,2894,2937,2824
504,2395,626,2540
3051,8,1690,3036
2174,3284,2173,3321
2799,2786,1300,2675
1234,1247,2748,1151
1156,1261,1177,2684
2984,1627,1623,2975
626,625,503,2540
1477,1503,1436,2826
2269,2199,2260,2266
2182,2443,2189,2190
2263,3368,3370,3179
1709,3411,1685,2105
2258,504,381,380
2258,225,380,226
1415,1417,1480,2897
2105,1685,3063,3411
2136,2119,2493,3125
3180,2904,2987,2948
2477,2699,2457,2646
727,2468,2268,608
2960,3356,3176,2595
1685,45,44,3411
803,689,2425,802
3195,2025,3197,3382
1747,3046,3058,1701
680,2417,555,681
2771,1102,1195,2733
2565,684,685,2420
2903,1353,1354,1277
419,2045,551,418
2816,1198,1279,1199
2339,2037,2278,2338
2519,2521,2517,2652
334,3458,251,188
3320,3230,3319,2156
3411,1685,3063,44
1546,1490,1491,2906
1596,2988,2906,1547
46,3411,2105,166
1568,1613,2954,1605
2910,1551,1496,2949
2338,2275,2277,2272
2275,2278,2338,2277
2954,3006,3009,2995
2036,2989,2965,3247
2272,2275,2277,2273
1658,1608,1628,2990
1468,1533,1557,2933
2270,228,382,2545
3309,3311,2151,3310
2781,2831,2801,2804
3311,3304,2153,2598
12,1669,13,3052
2987,3021,3349,3353
2548,2037,2546,3206
2750,2803,2802,3232
2946,2987,2905,2985
1583,1629,1567,2958
1669,3040,13,3052
3156,3199,3197,2032
1427,2903,1355,1428
2777,1206,2678,2740
2941,1538,1614,1588
1403,2779,2823,1328
2896,1449,1415,2763
3223,3221,3329,3224
3188,3374,2846,2895
2439,2747,2667,2610
1243,1300,2673,2675
2964,3008,3006,3005
1319,2808,1261,1341
1613,3014,1556,1579
1213,2781,2754,2704
1294,2925,2806,1330
1661,2941,1614,1662
115,2332,3410,203
3410,114,1892,1893
1483,2898,1419,1420
2931,2971,2970,2975
3232,2803,2598,2917
3004,2826,1413,1521
2276,2396,2279,2549
2573,2576,2432,2433
3195,2284,2026,2279
1297,1216,1316,2686
3410,1928,1892,2330
2469,3356,3365,2595
2155,2104,2886,2687
3410,114,1893,115
2262,3182,3178,3174
2971,1587,1523,2973
1499,3014,1556,1502
3198,3158,2265,3166
2680,2682,2677,2588
3183,2242,2021,3206
3409,1878,1877,2315
2465,2027,2277,3383
1432,2863,1360,1433
2847,1417,1344,1415
2275,2278,2277,2279
3022,3029,3024,3026
2914,2881,2882,2915
1567,1629,1619,2958
1878,95,3409,1877
2551,2396,2549,2026
1716,3066,3067,3041
256,3452,194,96
2553,2715,3196,2716
1816,2055,2061,2054
2491,2350,2604,2121
2413,2056,2562,2374
1811,3089,2091,2089
706,2295,655,589
3092,3068,1851,1849
2730,2728,3253,2768
233,2297,2300,388
2287,2290,2281,2274
2376,300,3079,436
2078,2424,2082,3056
270,2300,357,234
2638,3171,2570,3172
443,576,2099,444
1703,3078,1749,3047
2064,560,2071,427
3421,298,2078,3079
3079,2083,3078,3088
2282,2288,2279,2287
2428,2084,2073,2089
557,2418,2419,2062
2071,2422,2421,2077
2305,2554,2302,2306
2072,2424,2077,2065
544,411,2044,605
2305,534,2306,2302
2730,2732,2768,3253
2281,2471,2472,2285
2263,3384,3190,2265
961,857,858,2342
3103,1759,1817,1821
333,2305,2302,534
1795,1728,3090,1752
2750,2803,2801,2780
333,2305,2303,2302
1913,1878,1911,2315
1878,2316,1911,2315
2317,399,2315,2316
2045,3066,3067,3085
1822,1824,3097,2055
131,3444,10,3426
522,2358,2317,2315
1718,1696,3054,1742
2344,2136,3125,3113
2045,281,135,134
3037,3097,3108,3038
2024,2291,2295,2289
3283,2482,2113,3125
3084,2403,3034,2042
2074,2019,3168,3193
2750,2780,2802,2803
1798,3032,1800,3034
3124,1995,3121,3119
1930,3446,2331,1895
2135,3119,3125,3124
3123,2398,3119,3125
2398,3123,2113,3125
1621,3011,1629,2940
1035,933,1068,2645
768,2454,934,761
2117,2141,3113,2119
2125,2581,3312,3398
725,890,2488,869
3315,2301,3152,2664
1999,2001,3117,1983
3448,348,197,2324
2371,2138,2112,2478
1878,95,96,3409
2317,399,522,2315
2582,2662,2474,876
1991,3131,2000,3126
2138,2137,2112,2343
194,2316,3452,2315
3136,3118,3137,3152
2496,2441,2442,2166
2167,2508,2116,2509
3112,3111,3082,3099
3447,3429,262,108
2719,1150,1127,1181
2465,2283,3383,3381
972,1037,2614,892
1111,1018,1112,2738
2049,2627,2566,2422
727,2468,865,2268
3356,2466,3358,2462
918,1020,2574,919
2472,2027,3382,2287
2021,2841,2265,3164
3205,3198,3384,3383
2464,977,838,985
2138,660,2343,2372
2254,2468,2476,2249
2861,2860,2904,2815
3376,2263,3368,3370
2674,2874,2675,2892
2014,2008,2012,3134
2105,3049,1686,46
2274,2273,393,2285
3268,2371,2121,3133
3049,47,1686,46
385,2276,2282,2549
3058,151,30,150
2276,2396,2275,2279
3052,3101,2047,3408
1714,1738,3408,1781
2435,580,2103,2436
3352,3353,2036,3247
3194,2031,3204,2066
3401,3254,3251,3253
2426,2572,2065,3255
3165,3157,3166,2050
2774,1282,1281,2859
2784,1288,1364,1383
2059,2627,2728,3253
2577,1022,1021,2678
1280,2816,1279,1199
2089,1792,2083,3088
3159,3251,2050,3161
2985,2947,2851,3020
2842,1393,2813,2795
1609,3010,1610,1656
2327,2365,2364,2367
2327,2365,2328,2364
3350,3348,2209,3403
2109,3279,2122,3303
2757,2755,2684,2798
3320,2510,2505,3385
2797,2687,2886,2748
3300,3309,3298,3311
3324,2687,2685,2886
2305,656,2499,2306
1964,1978,2347,1955
2836,2583,3262,3304
3407,3103,1714,3408
3407,3103,2041,1714
1291,1317,2751,2823
125,5,3050,3437
2325,2362,2474,2603
2327,2365,537,2328
2094,309,162,308
2242,3395,2916,3208
2327,2365,2367,537
2896,1386,2763,2813
3408,3052,3407,2047
3157,2018,3155,2050
3287,3300,2153,2151
1612,1577,1526,2995
2202,3285,3294,2450
2388,2187,2389,2521
2753,3307,3348,2928
1496,2910,2949,2907
1245,2684,2745,1262
3142,3149,3269,3267
3300,3309,3299,3298
3143,3140,3146,3134
113,114,3457,265
2189,2182,2166,2183
3407,3103,3039,2041
2343,2478,2496,2115
3116,1992,1974,3130
2148,3279,3277,2115
3408,1760,1738,3101
3292,2600,3277,3276
2607,2756,2154,2109
983,873,882,2372
2198,2211,3345,3340
2894,2825,2175,2757
3303,3279,3296,3286
2651,2650,2515,2691
740,621,741,2528
2133,2194,2352,2450
3293,2203,3285,3294
2650,2818,2690,2691
278,3426,3407,2041
1451,1377,1378,2911
2256,458,483,392
2123,3285,3290,3323
1267,1343,2847,1344
3101,3040,3085,1715
2122,3296,3279,3297
3103,3408,1781,1714
3407,415,2043,2047
2717,2661,2805,2662
2624,2721,2625,2726
2115,2164,2441,2166
2999,2984,3355,2975
3369,2234,3367,3372
2166,2165,2115,2140
1574,2978,2973,1618
2999,2971,1627,2975
2111,3281,2482,2110
262,3429,200,108
2542,2544,3183,3206
2707,2683,2798,2643
3286,3279,3297,3284
3243,2701,2883,2892
3300,3309,2151,3299
3408,3052,1714,3407
3009,2872,2955,2891
278,131,2041,277
2935,2974,3328,2749
2221,323,2220,362
2204,3259,2997,2956
1068,2593,2645,891
2245,2475,2252,2198
2340,2261,3207,2260
2445,3285,3294,3321
3216,3214,3221,3351
838,834,977,2461
2181,2508,2173,2129
2807,2838,1331,2806
2821,2694,2794,2793
2967,3235,3018,2980
3408,3052,1738,1714
3205,3209,3207,2340
2796,3002,2910,1479
3248,3372,2234,3352
1653,1629,2958,1619
2942,3374,2844,2939
2236,2460,3341,3365
2533,2522,3213,2391
3461,260,198,2324
2477,2475,3365,2595
2228,2542,2214,2541
3370,2020,3391,2235
2242,3208,2021,3206
376,2229,2526,375
2225,2226,2243,2231
2542,2037,2548,3206
2033,2032,3198,3197
1939,3115,2345,2346
2218,2215,2217,2337
1271,1347,1270,2848
2977,1558,1554,1608
2849,3188,3402,3375
2229,2217,2337,2218
3017,1639,2906,1638
3407,3426,1714,2041
2201,2217,2186,2224
3406,3376,3370,2235
2633,2773,2815,2814
3407,3103,3408,3039
2047,3039,3407,3408
2119,2141,2131,2117
3401,3252,2059,3251
2854,2771,1277,2815
2068,2072,2069,1788
2253,2536,2394,2255
2436,2473,2471,2286
560,428,2071,427
2427,911,2430,806
2285,393,2274,329
3092,3093,3100,3091
2254,2244,2249,2476
2681,2700,1133,1241
3039,3103,3035,2041
60,2197,2200,175
3290,2123,3291,3289
2701,2883,2699,3243
2248,177,361,2231
2150,3298,3311,3300
3408,1760,1781,1738
3302,3300,2149,3299
2316,257,346,399
2474,982,876,2662
2437,2369,2606,2365
639,522,2317,460
2359,1917,2320,2319
2001,1976,3117,1983
2914,3183,3189,3186
1960,1947,1968,2361
2482,2398,2113,3125
2359,2361,1981,3128
2464,2286,2285,2579
2242,3208,2918,2919
1649,1655,2958,1619
955,2528,2653,954
2116,2383,2509,2508
723,611,731,2499
2491,2369,2350,664
2165,2343,2115,2112
2893,3337,2495,3336
72,2276,71,2274
2727,2767,2765,2766
2282,2550,2552,509
859,749,2551,2547
3279,3277,2115,3278
1124,2719,1218,1150
2028,3039,3108,2404
2489,2491,2708,2121
2348,2334,2372,646
3052,3101,1738,1715
735,2384,615,616
2489,2348,2372,646
2334,646,711,2372
646,762,711,2372
244,69,68,2272
3423,130,129,2041
3036,127,128,7
2993,2206,3235,2967
2111,3292,3283,3280
2305,337,529,527
1652,3003,1623,1643
2816,1280,1279,2861
1113,1020,1114,2740
2931,2929,2971,1523
1936,2130,1901,3113
675,788,2563,789
2766,2849,2765,2845
2111,3122,3283,3292
833,2582,876,978
2149,3272,3295,2122
2135,2493,2119,3125
2554,3123,2304,2302
2389,2520,2390,620
2215,2145,2525,2388
2122,3292,3276,2114
3170,3390,2098,3181
2903,1427,1355,1354
2903,1279,1355,2861
3052,3101,3408,1738
741,622,2393,2528
2392,2527,2389,2337
1275,2856,2771,2854
2731,1193,2769,1194
3362,2529,2337,3361
2902,2900,1422,2850
2567,2852,2770,2768
3461,260,104,198
2860,2853,3368,3405
500,376,2526,499
2869,2889,2887,3232
2327,2380,2366,2326
1946,3127,2318,2359
2367,2789,2584,2582
2229,376,222,221
414,3407,278,415
3214,2207,3213,3345
2393,955,852,2528
3112,2023,3196,2403
277,414,2041,278
2702,2682,2677,2926
1245,1336,2745,1302
2608,2605,2683,984
2461,2594,2579,2462
2683,984,1088,1081
3314,2159,3313,2778
2042,2404,3033,3035
396,251,3414,189
2042,2404,2403,3033
3033,3112,2403,3034
2404,3112,2403,3033
3165,2031,3161,3204
1663,1646,2969,1655
3123,1980,1953,1972
1733,1689,1734,3050
2847,1417,1415,2897
2544,2548,3395,3206
2795,2957,2813,2842
2842,1531,1462,1441
2416,3203,2412,3074
1183,1091,2810,1090
799,2628,903,2565
1777,1779,1712,3084
2029,3437,3413,125
127,6,3050,126
273,274,410,2040
2618,3203,2416,2623
2149,2122,3303,3272
2062,287,424,288
1765,1786,1818,2067
3099,3097,3108,2412
690,803,689,2425
3088,300,3047,3079
296,433,432,2076
691,565,2427,2425
3060,37,36,157
690,565,691,2425
2143,212,2501,213
1977,2402,1979,2401
278,3426,132,3407
1907,1867,2302,1866
467,409,316,2131
176,2221,62,61
3101,2047,3408,3039
864,710,2444,823
2047,3052,3407,279
2451,842,2443,669
2135,2493,2139,2119
2349,1929,1964,2347
60,2197,61,219
2527,2187,2389,2337
2219,488,2220,642
690,691,804,2425
2641,2286,2579,3392
690,565,2425,564
2149,2122,3295,3296
2398,2482,3119,3125
231,232,386,2282
2303,3456,2302,1903
1902,1907,2302,1866
617,2518,2386,2512
563,431,564,2076
2310,339,341,471
339,2310,531,471
363,2165,468,2169
1780,3035,3103,2041
2596,2360,2603,2486
3429,351,404,2327
1945,1958,1974,2313
3438,118,3446,267
3116,2356,3130,1974
2126,2581,2485,2446
412,2044,411,275
1946,3127,1969,2318
2612,2664,2669,3310
2701,2699,2457,3243
2041,1714,3103,1737
2063,288,425,289
2052,283,282,2056
3067,2056,2054,2053
1703,1679,3047,33
567,435,2079,434
2065,2072,2421,2077
302,3059,301,155
1737,1714,1668,2041
154,153,33,3047
2497,2186,2495,2224
312,448,2106,449
3439,163,2094,3422
3337,2210,2893,2457
313,2106,449,312
414,3407,2041,278
2892,2701,2210,3243
3407,2043,3039,2047
2463,3176,3358,2462
961,858,962,2342
1884,103,3435,1883
2394,2266,2395,2542
2244,2248,2249,609
3389,2477,2595,2588
2820,1141,2653,1140
742,623,2393,622
721,2461,2268,839
180,2273,245,70
1516,1477,2952,2982
2395,2539,2543,626
727,721,2268,839
2355,192,254,92
280,2045,2047,3040
2355,320,2313,2310
2047,133,3040,3052
2047,133,280,3040
531,2308,532,714
2149,3296,3303,2122
711,660,2372,824
1895,3446,118,1896
967,2659,938,1026
1967,1936,1940,3113
839,2587,2268,865
2350,664,2369,516
3341,2460,2211,3365
3365,3341,3343,3364
708,2459,2456,635
2788,2702,2703,2677
2040,410,273,540
2283,3210,3383,3381
3391,2087,2862,3181
2539,625,2394,624
2467,2469,2466,2267
2923,2036,2922,2965
1128,1208,2677,2681
2923,2680,2236,3244
1119,2781,2672,1071
1027,966,2646,1064
2754,2781,2803,2704
2640,2470,2286,2668
340,532,531,2311
1158,2700,2646,2741
257,2316,346,195
3032,2300,2108,2296
1158,2741,2646,2591
2477,2699,2236,2457
3084,1666,3050,3036
3061,1840,2378,3048
2700,2741,2699,2646
2563,788,893,789
2581,2485,3139,3312
3298,2661,2717,2603
2581,3139,2485,3116
552,677,2374,678
678,792,2374,679
1677,1723,3046,3057
3039,2047,2054,3101
3059,1749,2084,3088
2571,2572,2570,3171
2100,2090,3080,2091
3092,3094,3091,1862
2576,2640,2637,3169
2290,2298,75,2297
2581,3116,2485,2446
3140,3139,3128,2485
2292,2288,2289,3195
2434,2640,2436,2577
1753,2095,1772,2094
2554,2398,2304,3123
2985,2905,2906,2987
2520,496,373,2518
2589,823,2642,2183
2147,2164,2115,2140
2946,2987,2904,2905
2155,3388,2798,3266
3085,3040,2047,2045
2182,2183,2443,2442
2440,3284,2442,3323
2687,2585,2442,3323
2640,2668,2286,2641
2054,3085,2047,2045
3436,1906,2311,1872
3227,3293,3226,2156
1961,1921,2326,1920
3227,3293,2129,2145
453,522,345,2315
3039,2404,2041,3035
259,2320,400,348
2596,2358,2317,2447
1480,1415,2897,1530
977,941,2594,2461
3227,2514,2129,2513
3293,3228,3226,2156
3320,3227,3226,2156
2673,2892,2782,2701
498,621,2389,2526
2520,2518,2388,2517
2518,2387,2517,618
288,424,2062,425
2992,3333,3332,3331
2203,2145,2202,3294
3390,3175,2020,3358
3293,2203,2145,3393
3230,3282,3385,3319
385,508,2549,509
2027,2280,2285,2465
387,2552,232,2297
508,2549,507,384
3356,3175,3177,2212
1167,988,2704,1079
3245,2234,2036,3341
2337,2527,2187,2525
2202,2217,2186,2201
2531,2533,2530,2532
2533,2531,2530,2207
2527,3339,2207,2522
2415,790,676,2563
2529,3362,2337,2530
1817,3039,3103,3035
3160,3252,2059,2049
560,2064,559,427
3211,3190,3184,3360
422,2058,286,423
144,290,143,2063
2924,2923,2965,3244
3417,305,158,2088
2428,2376,2426,2570
2261,2466,3356,3357
1817,3408,3039,1804
2353,2246,2245,3380
3408,1804,3101,3039
2520,496,497,373
2551,2026,2715,2698
2551,2550,2715,2026
2333,407,206,3419
363,2169,487,318
749,630,2547,629
599,638,2165,468
2496,2183,2642,2444
2165,2599,409,583
465,512,358,2333
962,2697,963,1060
2342,858,2547,748
749,748,629,2547
537,604,479,2365
2312,2323,3135,2584
2329,2369,2330,2368
2327,404,537,351
3459,1888,2328,1889
2492,489,611,2381
859,858,2547,962
2146,2143,2132,54
504,2341,381,505
2025,3112,3196,2560
2552,2030,511,603
3035,2042,2041,1780
2148,3280,3297,2147
1780,2041,3103,1737
1760,1715,1738,3101
387,2552,511,510
3101,3040,2047,3085
125,5,126,3050
2029,272,125,357
3101,3040,3052,2047
79,3443,249,80
3126,2490,2347,3133
656,2305,2499,2555
3126,3142,2368,3133
3126,3142,3129,2368
3144,3118,3154,3130
3101,3040,1715,3052
801,2569,800,687
2038,2055,2061,3072
1759,1737,3103,1714
2092,574,2431,2101
3396,2631,2772,3171
437,569,436,2376
2449,2196,536,360
305,441,2101,442
1781,1759,3103,1714
454,2449,536,360
1738,1692,1714,3052
918,2574,917,813
3182,2950,3244,2926
2047,417,2045,280
268,2333,408,358
636,2599,647,465
374,498,2520,375
2036,3343,2234,3247
2171,2170,173,238
2594,1117,2641,1116
2777,2775,2862,2776
2454,874,768,934
881,2591,2611,932
2047,416,280,279
326,359,2249,178
502,378,2536,501
2455,2225,2186,3361
61,2218,62,220
839,2461,2268,2587
2143,2168,2144,2116
2985,2987,2906,3349
2292,3195,3382,2025
2280,634,526,2285
1287,1206,1207,2678
2538,2394,2535,2539
2280,393,526,328
2396,2341,2037,2547
2395,2539,2590,2543
810,914,2429,915
2354,593,457,2280
2542,2395,2590,2543
2395,2542,2590,2394
3407,415,279,278
2985,3349,3366,2987
2438,2608,2604,2606
1169,2707,1260,1210
2349,1929,1928,1964
2491,663,2489,778
1915,1883,1918,2324
2491,885,777,778
2333,268,206,358
2539,2535,2655,958
1055,2656,2655,958
2697,2715,2698,2551
673,2410,672,2043
2158,3311,2809,2597
3419,1934,2333,2400
2558,2411,2408,2409
505,628,2341,2545
2049,2627,3202,2566
2545,628,506,505
2596,2360,2485,2603
280,2045,3040,134
2047,133,279,280
1728,1751,1770,3080
2091,1727,1793,2088
2047,133,3052,279
279,132,3407,278
2573,2073,3169,3172
2487,2360,2603,2485
517,542,336,2344
2124,2184,2172,2173
3312,2485,2126,2581
3259,3324,2453,2177
2362,2488,2603,2486
2362,725,657,781
2125,2120,3274,3301
2800,1341,1394,1404
2486,2672,1028,2704
1915,2322,2320,2324
346,2317,513,2319
2754,1167,2704,1079
1028,1167,2704,2672
2369,2437,2606,2604
3290,2157,2997,3336
2079,2568,2425,2065
2219,2216,2224,2201
2202,2203,3336,3338
2275,2027,2279,2277
2437,2369,2490,2604
2568,2572,3396,2065
2275,2396,2545,2338
2438,2369,2606,2604
3052,132,3407,279
935,2405,2406,883
2744,1252,1178,2807
2903,2854,2901,1426
3426,132,3407,3052
1416,1470,1434,3002
1948,3117,1983,1968
2491,2369,2604,2350
3302,3298,3300,3299
2944,2946,2901,2851
1129,2864,1164,1212
173,2171,55,2168
3185,3158,3249,3164
2616,2617,2563,2615
664,2491,779,777
2605,777,841,779
2045,135,282,3041
278,3426,131,132
2810,1091,997,1090
2415,2616,2617,2563
678,552,553,2374
2617,2046,2720,2414
2614,894,893,995
1623,3003,2977,1643
2614,894,2563,893
3046,3087,2076,3057
278,3426,2041,131
2565,2422,2728,2049
2838,1392,1402,1330
799,2628,904,903
2054,3101,2047,3085
3184,2228,3207,3357
1022,2641,2577,921
2627,2065,2423,2425
429,430,562,2077
922,2436,923,2641
2568,2627,2730,2425
2237,2702,2909,2926
2629,2568,2732,2730
2707,1210,1170,1240
2673,2676,2675,2892
606,2449,2190,2443
2248,2230,2243,2231
2425,2569,2730,2629
2666,2578,1066,936
2611,828,924,2216
3279,3388,3278,3387
2849,2766,2765,2767
2666,1126,2686,1135
2049,3252,2059,2728
823,2589,2642,969
2133,2194,2185,2352
2742,2791,2836,2790
2775,2098,2739,2740
2675,1300,1211,1243
2777,2775,2098,2862
2737,2739,2574,2740
626,2539,2540,2395
2250,66,2255,2251
2654,1052,1053,955
2269,2199,2267,2260
979,870,2593,992
2360,821,2448,645
2992,2162,3331,3332
967,1026,1069,2587
2737,2775,2739,2740
2476,2477,2588,2595
3002,1375,2959,1416
2280,393,2285,526
2352,2452,2451,2497
2218,2221,2217,2197
2680,2646,2700,2699
790,2415,791,895
998,1091,2810,1092
2241,2694,2913,2915
3162,2720,2046,2414
1208,1299,1298,2677
944,2659,836,2588
2620,2046,2761,2623
2659,2468,2588,2595
2838,2583,2925,2806
2733,1102,1103,1009
3234,2179,2980,3235
2719,2561,2615,2658
946,935,832,2407
1002,1001,2726,1095
3250,2561,2658,2615
2070,3087,2072,3077
2561,3250,2658,2697
818,2436,817,704
3018,2968,2980,3234
2749,2968,2980,2932
2719,2916,2785,2658
3250,2698,2658,2697
398,2358,453,2315
2454,2447,934,761
1291,1317,1235,2751
1146,2695,1145,2657
2719,2561,2614,2615
2669,2670,2644,2613
2276,2275,2274,2279
2884,2711,2867,2817
628,747,627,2342
957,2535,854,958
2671,2447,2596,2448
2532,3378,2915,2533
2568,2572,2427,2631
2558,2411,2562,2408
2669,2671,2613,2612
1318,2688,1180,1248
2664,2712,2778,3310
2679,2098,2678,2739
3389,2477,3365,2595
511,2552,388,2300
2436,923,2641,2286
2968,2933,2980,2932
2637,2577,2739,2640
3221,3216,3239,3224
755,820,2286,822
721,727,2268,590
2702,2237,2682,2926
1146,2695,1229,1145
3293,3332,2163,3393
2111,3275,3316,3274
2588,840,2476,836
2417,792,897,793
2468,2476,836,2588
1106,2633,1105,1012
683,2420,2565,2419
3401,2567,3253,2768
1197,1104,1105,2633
2835,2966,1500,2934
2856,1424,1423,2901
2773,1106,2633,1198
2735,3179,3173,3181
3153,2111,3316,3274
2650,2649,2515,2690
2094,2096,2093,2095
3275,2712,3316,3274
755,2464,724,822
2518,2387,2386,2517
2727,2767,1191,2765
2842,2957,2813,2896
2145,2193,2336,3294
2649,2513,2515,2690
378,2536,501,377
2649,2511,2650,2515
2551,963,2697,946
2165,2599,2343,2137
610,599,2169,487
946,963,860,2551
2475,2211,2460,3365
2568,2631,3396,2572
1319,2808,1341,1391
2783,2891,1448,1502
2553,2715,2550,3196
2748,2685,2586,2687
2578,1126,1123,2675
2712,3153,3316,3274
3280,3282,3297,2147
3305,3241,2830,3231
3330,3306,3307,3327
2403,2560,3196,3112
2150,3298,2717,2809
1102,1195,2733,1103
3307,2753,3330,3327
2059,3401,3251,3253
2049,2418,2421,3074
2504,2161,2484,2710
1353,1276,1277,2854
429,430,2077,293
2422,2569,2728,2627
2097,3157,3197,3210
2594,1117,977,2641
2026,2284,3197,2033
2064,2063,2062,425
2799,1297,1371,1387
3290,2157,3289,2997
3306,2176,3330,3307
3280,3316,3281,2111
2381,2500,2502,2382
2195,372,217,371
2884,2706,2817,2688
324,452,2189,459
2503,2500,930,843
3270,2789,2791,2312
2743,2582,2805,2791
1154,1070,1120,2665
2884,2690,2688,2817
2648,2510,2690,2688
1463,2840,2795,2821
84,3424,188,85
3270,3272,2109,3267
2150,2661,2312,2791
2584,2789,2609,3269
2781,2754,2803,2917
3302,3298,2150,3300
2474,982,764,876
2176,2157,3289,3239
948,2647,970,2503
3331,2877,2162,2992
446,2103,447,579
2651,2650,2691,2792
3167,3158,2265,3164
2649,1046,949,2648
2749,2968,3328,3234
2568,2631,2427,2632
2973,1566,1525,1582
3158,3185,2265,3164
3397,2075,3396,2627
1275,2771,1274,1194
1195,2771,1196,1276
2572,2426,2376,2570
3170,2081,2086,3258
2989,3248,3180,3247
2811,2761,2265,3164
3396,2074,3171,3256
2075,2732,2730,3253
2739,2098,2678,2740
2770,3256,2814,3368
2222,361,2231,2230
2868,2711,1389,2817
948,2385,2648,2503
2387,951,2650,2517
2714,1154,1215,2665
1408,2779,1253,1335
2818,1221,1137,1220
2569,2630,2730,2629
768,2454,761,644
1028,988,2486,2704
2075,2568,2730,2732
2203,3293,3289,2163
3237,3305,2160,3241
2613,2670,2801,2750
3242,3275,2151,2712
2664,2612,2644,2301
2667,717,707,867
3228,3322,3289,3237
2727,2767,2729,1191
2163,3325,3289,3239
2732,2631,2568,2632
2439,965,862,2438
2150,3304,3311,2809
2873,3308,2937,2994
2635,1015,2636,2736
2158,2672,2803,2780
2566,2422,2423,2077
563,2076,2425,2077
2942,2900,2899,2846
2637,2577,2574,2739
2640,2668,2641,2577
1288,2741,1209,1313
2874,2799,2675,2892
3240,2151,2153,3305
2103,580,447,579
1387,2996,1371,2799
2666,1126,1066,2578
1126,2666,1066,1135
1075,1089,1214,2744
2662,1089,1075,2744
950,846,2511,949
3290,2997,3289,3291
1089,2718,1129,2744
1218,2719,2785,1181
1089,2718,994,1129
2654,2241,2693,2653
2827,2754,2752,2704
2788,1323,2703,1287
2461,2268,2587,2462
2268,2467,2587,2462
1442,2784,1383,2782
2948,2858,2262,3178
3293,2203,3289,3285
1466,2842,1441,1528
1418,2847,2897,1417
1167,1028,2704,988
2727,2767,2766,2729
3260,2123,3323,3284
2831,2935,2832,2835
1242,2703,2677,2959
2788,1286,1362,1323
3321,2123,3322,3286
2158,3311,2752,2809
3311,3304,2752,2809
3304,3311,2752,2598
2849,3188,2846,3402
2919,3191,3187,3016
2681,2680,2677,2588
3401,2265,3400,3251
2811,3402,2841,2265
3418,1894,116,115
2681,2700,2588,1133
1461,2966,1505,1444
1089,2718,2662,994
3401,2766,3400,2564
2896,2938,2895,2897
3277,3268,2600,2112
1520,2934,1472,1552
2709,2643,2642,2708
3388,2643,2154,3278
2786,1442,2783,1448
3372,3366,2851,3349
2202,3285,2203,3294
2763,2896,2895,2897
3401,3252,2728,2059
2857,2735,2816,2774
1631,3012,1636,1644
3118,3120,3144,3154
3295,2712,2151,3275
2857,2816,2861,2859
1364,1390,1303,2796
2786,1371,1300,1407
2151,2149,3300,3299
3144,3130,3150,3145
2816,1108,2773,1200
2263,3257,3254,3256
1104,1011,2633,1010
2736,2816,2735,2774
1132,1128,2677,2659
2635,2734,2636,2429
2736,2816,2773,2735
2786,1442,1373,2782
2242,2544,3395,3206
2741,2786,1313,2782
2251,2246,2255,2253
1893,3418,2332,115
2242,2919,3189,2021
1655,1663,1649,2958
1531,2951,1581,1528
2111,3275,3295,2122
2796,2921,2910,2965
2796,2921,1414,2910
2900,2942,2939,2846
2796,2924,2784,2965
2924,2923,2784,2965
2924,2796,2784,2680
2923,2924,2784,2680
2111,2122,3295,2114
920,1022,1021,2577
2787,2788,3002,2959
2271,640,2354,2461
2799,2874,2955,2892
1536,2964,2783,1604
1166,2594,1069,2587
2889,2992,3225,2178
1439,2823,1368,1398
2489,983,882,2372
2804,1334,1257,1251
3191,2844,3220,3369
1226,2793,1309,2693
1556,2954,1605,2783
2921,1514,2910,1575
2234,3218,3220,3342
2659,2268,2595,2587
967,2659,865,938
2821,1312,2822,2695
2348,2489,2372,2121
1308,1309,2693,1225
2207,3216,3213,2522
2958,1585,1619,1567
2535,2654,2538,2655
2827,2864,2807,2828
1540,2943,1541,1590
1425,2854,2901,1424
2820,1308,2693,1225
2766,2724,2765,2727
1626,2964,3006,3005
1273,2769,1274,2856
1142,1226,1225,2693
2744,1252,1155,1178
1178,2743,2744,2807
2743,1178,2806,2807
979,1074,992,2706
2806,1159,1172,1264
3151,3273,3144,3118
1378,2911,2880,1452
3418,115,116,266
2820,2912,2391,2880
3350,2176,3330,3329
1554,2934,1552,1513
2762,1265,1266,1185
3022,3024,3023,3026
1272,1271,2850,1348
1098,2729,1005,1099
1052,955,2653,954
3346,3364,3220,3342
1626,2964,3005,1642
2838,2583,2828,2866
1139,2652,1140,2819
2123,3238,3322,3286
3180,2904,3366,2987
3418,266,2332,115
1609,1561,1610,3010
2802,2669,2778,3310
3265,2894,2175,2757
2876,2993,2878,2961
3012,1631,2973,1644
2927,1380,2693,2880
2702,3176,2682,2237
2794,1380,2693,2927
3179,3368,3256,2263
1232,2613,2670,2801
197,260,2324,401
2773,1013,2636,1012
1418,1481,2898,1482
2238,2465,3358,3383
2362,535,657,585
1592,2986,1593,1636
2802,2598,3305,3232
3003,1652,1662,1643
2764,2762,1186,2726
3000,1534,1586,2890
2969,1620,1578,1606
3250,2039,3199,2715
2760,2622,2759,1238
2696,3185,3199,3249
3000,3010,3022,2961
3419,1934,1898,1897
2671,2672,2780,2613
3418,266,116,204
556,555,2419,681
1349,1273,2856,2850
2417,2624,2414,2623
1259,1338,1218,2759
2097,2283,3210,3197
2068,1720,1744,1787
3428,23,22,143
2430,569,570,2376
613,2503,2382,614
2913,2795,2920,2794
3084,1733,3050,1666
2785,3395,2916,2695
2657,2544,2548,3395
3205,3184,3206,3207
2105,3049,46,167
3442,124,2029,3413
1767,2078,2082,1809
2562,2413,3163,2038
2723,2419,2049,2623
3203,3201,2412,3110
2206,2180,2993,3235
3033,2042,3034,2403
2235,3406,3405,3370
1827,3037,1804,1817
3406,2567,3375,2855
3355,2974,3328,2970
3084,2029,2030,3050
131,3444,130,10
134,3040,133,13
2576,2434,2099,2433
1708,3422,43,1684
2022,3169,3168,3192
2750,2887,2801,3232
3109,2080,3048,2432
2771,2856,2852,2854
3448,348,2324,2320
1713,2042,1780,2041
1737,3103,1780,1759
2769,2855,2852,2856
1717,1740,3065,1671
2856,2853,2852,2854
2094,1707,1684,1753
2855,2853,2852,2856
3223,2523,3394,3234
2395,746,2543,2342
2864,2718,1078,1165
3418,342,2332,266
2413,2056,2373,2562
2202,2215,2201,2185
2807,1212,1324,2864
1129,1078,1164,2864
2838,1324,2864,2807
2838,1263,2864,1324
2024,2106,2377,2435
2336,2202,2215,2145
2864,1129,1214,1212
2752,2598,2803,2917
1852,3038,1853,1827
2035,2162,3332,3226
1788,1787,1807,2069
2163,3393,3332,3229
2754,1165,2864,1246
3100,3111,3107,3192
2085,437,2376,570
2104,3308,3291,3261
3083,1838,1820,1835
2873,2204,2874,2937
3265,2104,2937,2886
1728,1795,3090,3080
3223,3216,3221,3224
1728,3090,2090,3080
3095,3091,3100,2066
1775,1776,1800,3032
3335,3239,3224,2163
3193,2022,3168,3194
2296,2030,2023,3032
3428,1743,3044,1697
3033,2042,1803,3034
413,546,2041,414
1799,1803,2042,3034
3084,1777,1798,1733
3198,3205,3185,2033
2023,3112,3082,3034
1838,3069,1815,1836
3069,1801,1815,1836
3448,348,2320,259
2569,688,2425,2423
3221,3219,3351,3214
3324,2204,3259,2104
2320,3448,259,3430
2320,1947,1915,1917
259,196,3430,101
2320,196,3430,259
1948,3117,1961,1983
2395,504,626,627
1310,2793,1381,1309
2821,1382,1463,1409
3118,3273,3137,3151
3230,3320,3226,2156
2202,2185,2201,2133
2308,2592,2480,2557
2346,2355,2311,1909
3449,1912,2315,1877
2554,2398,2481,2304
2992,3333,3235,3332
3369,2240,3360,3220
3134,1999,2001,3117
3287,2149,3296,3303
1386,1332,1265,2813
1685,3081,1754,1731
1920,1961,1948,2322
1412,1332,2813,1320
1386,1265,2763,2813
3312,2596,2126,2485
205,2333,119,3446
3218,3344,3220,3342
3418,342,2331,2332
205,2333,268,119
2916,3208,2918,2242
1919,1949,2326,2327
534,528,2306,2302
3314,3316,2128,3242
164,310,163,3063
3118,1990,1997,3154
2003,1982,2398,1980
347,2360,2319,474
1971,1990,3114,1992
2013,3150,2010,2014
2345,2311,2307,1906
2317,2358,2446,2315
3131,2402,3126,1991
2584,2364,2366,3271
3000,2933,3022,2969
3130,2010,3145,1996
2368,1923,1952,1926
2135,3124,2119,2401
2328,2437,2368,2364
197,259,3448,102
1951,1962,2363,1924
3000,2967,3022,2933
2889,2870,2980,2888
2325,667,2474,668
1917,2361,2359,2320
3000,2933,1534,2890
3116,3130,3138,3145
2364,2363,3271,2368
342,266,355,2332
3273,2120,3274,3151
3000,2933,2969,1534
1975,3124,1967,1989
3404,2974,3328,3355
2119,2118,3113,2117
3144,3130,3154,3150
1037,2561,972,2614
2145,2193,2129,2386
3167,3251,2265,3166
3070,1806,3106,3102
2080,3192,2660,3169
2155,2797,2886,2798
671,771,2407,832
2407,546,672,2043
3190,3211,3209,2235
671,545,2407,771
2271,2354,2272,2257
859,963,962,2547
2338,2257,2270,2272
792,2417,2374,679
3203,3201,2619,2412
2039,3155,3162,3249
1542,2945,1486,1487
1805,2053,3104,1784
2902,2947,2901,1487
2947,1488,1487,1543
1831,3056,1830,3105
2420,2049,2419,2418
2947,1544,1545,1489
1765,1787,2069,1807
2566,3110,3202,2049
3190,3211,3184,3209
2947,2905,2901,1489
1426,2905,1489,2901
1791,1810,1768,2083
1425,1488,2901,1489
2393,2538,2537,2394
557,424,425,2062
142,2063,289,288
1724,3421,2078,3079
2622,2719,2758,2759
1750,2088,3060,2084
3089,1848,3048,3095
2018,3157,3155,3156
40,160,3431,3062
2098,2777,2678,2740
2084,1793,2089,1769
2432,3109,2091,3048
437,569,2376,570
2735,2773,2736,2636
2619,3159,2050,3161
3153,2712,3398,3274
3274,2111,3295,2114
3308,3307,3028,3291
3099,2018,2025,2031
3092,3098,3094,1861
3149,3276,3295,3272
3099,3038,3094,3098
2404,3112,3033,3108
2067,2418,2062,3074
2488,973,2718,2704
2847,2764,2846,2895
2170,2184,2172,2190
2039,3250,2407,2715
2202,2133,3294,2185
2957,2920,3016,2998
2202,2133,2201,2497
3186,3183,3189,2021
236,170,2117,50
1977,3124,1975,1989
2189,2182,2172,2166
2362,2325,2487,2603
2957,2264,2918,2812
315,3443,185,2130
214,2171,55,56
2344,2554,2306,2302
235,54,2168,55
2553,2715,2405,2550
2264,2957,2918,2920
2127,2399,2483,2601
3230,2128,3317,3385
2583,2827,2828,2917
2503,732,843,733
2171,370,369,2506
3331,2879,2516,2691
2807,2827,2828,2583
2993,2876,2871,2890
2966,2823,2932,2829
2535,2654,2393,2538
2244,756,863,2456
2521,2390,2388,2517
3221,3350,3329,3351
2654,2528,955,2393
401,2325,348,476
2912,2692,2180,2878
3326,3304,2917,2598
2823,1328,1368,1398
2974,2930,2936,2935
2976,2968,3328,2749
606,669,598,2443
3327,2866,2583,2928
3327,2866,2930,2583
2086,2660,3169,2640
1962,1925,1952,2368
2202,2450,3294,2133
3019,3371,2844,3372
348,2325,475,476
2845,2764,2846,2765
2204,3259,2104,3291
1317,1232,2751,2801
2914,3183,2242,3189
2163,3325,3237,3289
3332,2162,2035,2992
2310,2580,2301,2314
2145,2215,2525,2202
3216,2207,3214,3339
500,622,499,2526
2388,2187,2215,2389
218,2195,2518,372
205,2333,408,268
2914,2242,3183,2882
2384,2512,616,2511
485,489,611,2492
3186,2914,3183,2882
3362,2530,3345,2537
2239,3222,3377,3379
2216,2224,2201,2497
2217,2225,2337,2525
622,621,499,2526
3358,2238,3390,3392
2277,2465,2223,2280
3356,3357,3365,2212
2296,2030,2288,2023
3067,2056,2053,2052
608,2256,483,641
3191,3374,2844,3369
1298,1299,1375,2677
727,2468,758,865
2776,2863,2859,2862
2902,2945,2983,2851
2796,2921,2784,1414
2356,1909,2346,1944
2703,2463,2702,2909
2251,392,326,243
2457,2351,2495,2455
593,634,2464,724
2965,2924,3244,2926
2236,3337,2460,2457
2403,2553,2044,2030
1454,2927,2794,1510
2950,2863,2858,2907
3175,3356,3176,2960
2657,1146,1147,1058
2244,633,2456,2230
584,641,514,2249
2248,177,325,361
1026,1130,1069,2587
2275,2027,2274,2279
2284,3195,3197,3382
2927,1510,1509,1563
2960,3343,3365,3244
2432,3169,2080,2576
2794,1463,2795,2821
3083,1838,3069,1820
2074,2019,3257,3258
3370,2020,2235,2263
2723,2721,3252,3400
3112,3111,2023,3082
1840,1845,2378,3048
672,2410,2407,2043
3160,3251,3161,2059
3157,3158,3166,2050
1510,2927,1509,1454
2553,2044,2405,2716
3196,2715,3156,2716
2427,805,806,692
334,3458,396,251
1380,2693,1309,1381
3462,2171,238,2170
2557,2308,658,2480
3419,1897,2333,1934
1445,1376,1450,2878
2794,1380,1454,1381
2026,2715,3199,3156
196,2320,3430,2319
2359,1916,1946,1960
2553,2044,2030,603
2977,2974,2934,2976
2977,2974,2975,2934
2866,2885,2970,2930
3410,390,203,2332
2931,2929,2970,2971
2833,3217,2844,3371
2331,541,539,2334
838,834,2461,726
2610,2608,1062,965
2345,2311,2346,2556
2702,2463,3176,2909
229,2545,2275,2276
72,2276,230,71
2050,3158,3155,3157
1171,1059,1060,2658
2260,2340,3358,3383
2559,2410,2615,2561
2345,2311,2556,2307
2231,64,242,177
2201,2497,2186,2202
2452,2666,2453,2586
720,2582,2474,876
3419,1897,1898,120
2127,2479,2483,2399
3286,2174,3284,3297
2310,2356,2346,2556
2360,821,2486,2448
2358,2447,2612,2454
2698,2658,2697,2547
1817,3408,3103,3039
3039,1802,3101,2054
2902,2944,2983,2942
3084,2403,2030,3034
2669,2612,3310,2671
2039,2410,2558,2043
3185,3158,3199,3249
2944,2902,2983,2851
2873,3308,2204,2937
131,3444,2041,130
611,723,659,2499
331,2306,542,528
2400,2131,2137,467
170,3440,207,319
1516,1503,2982,1565
3009,2872,2873,2955
2104,3324,2453,3259
2219,2201,2220,2197
2389,2392,2526,2528
2256,2254,2353,2245
2954,1565,1568,1516
2097,3157,2025,3197
1284,1360,1283,2859
3008,2989,2949,2965
1757,1779,2042,3051
1816,2055,2054,1802
2471,580,2295,2436
3146,3148,3144,2120
1323,2703,1242,2959
2787,2681,1375,2796
797,901,796,2565
2910,2921,2949,2965
2682,2659,2677,2588
3118,3120,3273,3144
2941,1481,1537,1482
2071,292,2068,291
2011,2015,2012,3141
2491,2605,2708,2604
3129,3142,3271,2368
2367,2439,604,2365
2329,1891,1926,2330
3120,2015,3131,3144
2941,1538,1537,1614
390,2330,265,406
3126,1994,3141,2000
2341,628,627,2342
2764,2762,2895,2763
2553,603,2405,2044
2981,2179,3329,3233
2471,2436,819,705
2395,2342,2543,2548
2978,3354,2973,3017
2832,2966,2934,2976
2910,1551,1514,1496
1613,3014,1553,1565
1621,3011,1650,1629
1330,1392,1367,2925
2280,634,593,526
2467,2353,2268,2595
2011,2002,3141,2012
3145,2010,3150,2014
636,2138,2343,2599
2947,2945,2851,3020
2317,2596,2360,2485
2227,2541,2228,2214
50,49,2117,2130
2300,2108,2296,2298
3388,2643,2798,2154
2165,599,2169,2444
2362,2320,475,535
2402,1993,2005,3121
2447,934,2613,2644
1083,1174,1071,2672
2024,2291,2107,2295
2336,2200,2195,2518
669,2451,767,598
375,2229,221,376
2221,2229,62,2218
3286,3279,3296,3297
2168,318,2189,2169
3140,3128,3146,3134
3083,1820,3069,1778
2402,2347,3133,3126
1774,1815,1758,2377
2179,2981,3234,2980
210,52,211,2335
3287,3238,3264,3286
976,2670,2644,2665
2352,2451,2201,2497
1048,950,951,2650
1808,2072,3087,3077
1808,2072,3077,1788
2082,2424,2072,3056
2537,2392,2394,2253
738,2387,618,2517
2427,565,2079,2425
2654,957,1054,2655
617,2518,2387,2386
1561,3010,2961,2962
1090,2760,2810,1183
1223,1306,2819,1307
2656,1055,2655,1144
959,2539,2656,958
3076,3073,2072,3056
2698,2026,3199,2546
3134,1999,2008,2001
3056,2065,2424,2072
2426,2424,3056,2065
1920,1948,1918,2322
623,2535,2393,2536
274,127,2040,273
972,892,2614,2559
3099,3194,2025,3111
2470,3168,3381,2086
2402,2600,3133,2371
3117,3128,1968,2322
2553,603,2030,2552
2618,2413,2416,2038
920,2577,1021,919
2600,2402,3133,3132
632,2553,603,2405
2562,2558,2408,3200
2559,675,788,2563
3139,3140,3312,2485
3400,2726,2724,2723
3139,3127,3116,3138
2094,3081,1772,1730
2216,2459,718,642
3130,3150,3145,2010
2084,2092,303,439
3120,2015,2006,3131
3063,2106,2094,2102
2434,2640,2576,2436
1924,1925,2363,2328
1995,2006,3121,3119
2491,2489,2348,2121
2584,2321,3271,3269
3126,1994,3129,3141
2329,2369,2328,451
2327,2584,2380,2367
2747,2607,2608,2606
2125,3139,3301,3312
3135,3143,3269,3271
2055,2038,2412,3072
2465,2470,2286,2472
2412,2060,2416,3074
2410,787,2559,673
2412,2060,2038,2416
1995,3123,1980,2398
3120,3118,3119,2009
2398,2009,2003,1995
2094,3081,2102,1772
1948,3117,2322,1961
2459,2216,718,828
2409,2047,2045,2408
2789,2747,2667,2609
2745,981,2610,1044
3004,2937,2800,2824
1928,1964,1954,2349
866,842,2586,968
2439,965,975,862
2757,2825,3263,2790
2104,3260,3266,3264
896,998,997,2617
2413,2618,2623,2414
2420,2422,685,2565
682,556,557,2419
2379,3061,3107,2435
2050,3163,3162,2620
2500,732,731,784
2038,2618,2412,2416
2771,1102,1194,1195
1774,2102,2377,2105
1271,2765,1270,1190
2094,3081,3063,2102
2049,3202,2627,2059
2628,1004,903,2626
3081,1708,1754,1730
2427,805,910,806
2024,2106,2107,2377
2027,2280,2273,2285
2105,313,2106,2377
3210,2097,3258,3381
576,2434,2099,577
3417,159,2090,3431
2766,2729,2767,2768
1013,911,912,2636
2991,1365,2875,2817
2507,2385,2384,2382
2294,3192,2293,3107
844,948,970,2503
3458,188,85,251
2512,493,370,2506
3047,3088,3059,301
2339,2260,3207,2214
727,2468,608,758
2477,2457,2460,2243
1749,3059,3047,3088
2091,2084,1793,2089
2294,3192,2292,2293
2659,2682,2595,2588
2314,533,455,343
302,3088,301,3059
3048,3092,2378,3100
752,877,2483,765
332,2314,343,533
2454,768,713,652
2087,2735,3179,2860
2786,1373,1313,2782
1283,1282,2859,1359
3068,3092,2378,1849
3019,2851,3020,3349
2376,300,3088,3079
2085,437,3088,2376
1128,1208,2681,1217
2922,2923,2784,2782
3088,300,301,3047
3293,3228,3319,3321
2647,970,1122,1077
2035,3236,2178,2162
3322,3228,3286,3237
1067,1037,2614,2719
2410,787,972,2559
2410,3250,2615,2561
1284,2863,1285,1361
1037,2719,1150,1127
832,671,871,2407
3195,2288,2289,2287
2406,883,2405,730
3321,2174,3319,2173
1941,1982,2304,2397
597,662,2358,2447
437,2085,3088,301
2294,3107,2378,3111
3427,320,192,343
3107,3048,3100,2080
2602,886,2555,2483
986,946,2407,2697
3107,3111,3100,2378
3068,3069,2378,3111
3048,3095,3100,3109
3190,2240,2021,3184
3191,3374,3016,3217
3175,3177,2212,3174
3192,2097,2022,3111
2050,3163,2018,3162
1262,1245,1336,2745
3266,2155,2104,2886
2139,2132,2165,2142
2666,1076,1151,2586
1321,1341,1261,2824
3109,3095,3089,3048
2825,1336,2824,2826
2314,343,455,320
3262,3264,2153,3238
1089,2718,2744,2662
1570,1559,1586,2890
3354,2971,3355,2970
2999,1627,2984,2975
3427,2314,343,332
3004,2800,1404,2824
1438,1340,2834,2885
3076,2065,2072,2421
2077,2068,2071,292
1449,1343,2763,1400
2064,2420,2418,2421
3070,2067,3074,2421
2722,2843,2726,2762
2054,1783,2053,1816
820,929,923,2286
814,918,813,2574
3073,3076,2072,2421
1431,1432,2907,2859
216,2192,2188,57
2575,698,2431,2429
2473,2471,2472,2295
2788,2863,1285,2776
3070,3074,3110,2421
2046,2720,3162,3164
2656,2793,1228,1227
2968,3022,3001,3394
3027,2958,3026,3029
2214,2199,2266,2260
3124,1995,1989,3121
2855,3401,2567,3375
3121,3120,2006,3131
2758,2720,2621,3164
972,937,786,2410
2054,1782,1802,3101
3121,3120,3119,2006
2833,3029,3217,3025
1050,2651,1139,1138
2241,2391,2693,2653
1260,1327,1240,2707
3287,2149,2151,3296
1065,1039,2589,1173
2104,3266,3261,3264
3238,3306,2153,3262
2151,2149,3295,3296
3122,3137,3119,3273
1310,2793,1311,1382
2166,2169,2165,2140
2760,1363,1238,2759
2398,3137,2482,2481
2339,2340,2260,3383
3137,3118,3119,3273
2837,2827,2805,2807
1070,2670,1179,1086
2038,2055,2054,2061
3233,3326,2153,3327
1291,1249,1328,2823
1468,2933,2823,1464
2670,2751,2801,2750
3229,2163,3224,3332
3129,3134,2366,3271
3142,3149,3148,3269
3148,3142,3141,3133
2913,2998,2920,2795
3402,3401,3376,2265
2903,1278,1279,2815
277,413,2041,414
1804,1782,3101,1802
2999,1627,1634,2984
3448,348,259,197
3039,1802,1804,3101
1804,3037,3039,1817
2836,2825,3261,2839
2312,2789,2584,3269
2989,2987,2948,3180
3302,3298,2312,2150
3018,3235,3234,2980
2801,1125,1232,2613
2797,2707,2798,2643
2954,2952,2995,3009
3262,3306,3327,3307
3337,2186,3336,3338
3246,3372,2209,3349
857,747,858,2342
2896,2813,2842,1462
2654,957,956,1054
1338,1259,1363,2759
2283,3210,3197,3383
2590,2656,2695,2657
2267,2466,2260,2199
894,2415,895,2617
2314,519,2310,320
2658,2657,2548,3395
1037,2561,1029,972
1250,2719,2785,2658
3172,2572,3171,2570
2314,2310,2313,320
2891,2799,2996,2872
2227,3378,3345,3215
2952,2826,2994,2982
1273,2769,2856,2850
1278,1197,2815,1277
2724,2766,2765,2845
1271,2767,2848,2765
2771,2733,2770,2768
2941,1483,2898,1482
2898,1418,2848,2897
2841,2919,3187,2895
2989,3021,2987,3353
2814,2773,2815,2860
2958,1583,1530,1567
2793,2694,2794,2693
3010,2962,3023,2961
2002,3129,3141,3134
1306,2819,1305,1222
3129,1976,2366,3134
1559,1560,2961,1506
723,784,2499,731
2787,2863,2910,3002
2237,3174,2909,3175
3117,3135,2366,3134
2949,2950,2965,2989
2256,2254,2468,2353
2167,2116,2168,2140
1471,1520,2936,1472
3014,3004,1553,2982
2573,2073,3172,2570
2598,3304,2917,2752
2931,1529,1498,1467
2830,2802,3305,3232
2898,2897,2846,2939
2208,3219,3245,2205
1461,2966,1522,1505
2919,2841,3187,2021
2208,2205,3351,3219
2324,1883,1884,3435
2581,3116,3130,3138
3219,3214,2205,3351
2946,2987,3366,2904
3217,3220,2844,3371
2673,1243,1123,1148
2700,1288,2741,1209
1323,2788,2959,1362
1556,2954,1613,1605
1442,2786,1373,1448
2906,3020,3349,3030
2581,3139,3116,3138
1599,1642,1598,2988
3093,3099,3098,3111
1496,2910,2907,1433
2996,2786,1448,1447
1639,1659,3017,1640
2208,2205,3245,3015
1397,1410,2839,1515
3227,2516,3320,3226
1520,2934,1552,2977
2971,1587,1573,1523
784,2500,2499,731
3127,1996,3116,3145
3130,3118,3151,3144
1418,1345,2848,2847
2500,2381,2501,2382
3372,3019,2209,3349
2208,3015,3351,2205
2978,1659,1615,1616
2930,2936,2834,2885
2229,2225,2222,2231
1280,1356,1279,2861
1862,3094,1861,3092
2857,2858,2861,3178
775,712,2343,757
2263,3257,3181,3384
1013,2773,2636,1014
2637,2574,2433,2431
3192,2292,2097,3111
1529,2931,2971,1523
3149,3143,3148,3269
1198,2816,1279,2815
3370,2020,3181,3391
3147,3309,3312,3301
3012,1618,2973,3017
3019,3371,2833,2844
3138,3128,3146,3139
2945,3019,2851,3020
2905,1427,1426,1490
3192,3111,2022,3100
3139,3128,3127,3138
2208,3015,3245,3347
2054,2047,2408,2045
2074,3396,3171,3255
2284,2283,2027,3382
3033,1846,3098,3082
2208,3347,3351,3015
2070,3087,2076,2072
298,3079,152,299
2731,2771,1194,2769
2620,3163,2618,2619
292,2068,2070,2077
1747,3046,2078,3058
3079,298,2078,2079
27,1676,1700,3045
2118,1963,1977,1975
2620,2050,2761,3162
1722,1766,3077,1745
3210,3165,2074,3194
3210,3165,3166,2074
3075,1850,1842,3073
561,429,2077,2071
2100,3090,3080,2090
2470,2473,2286,2472
2094,2096,2103,2093
1771,2100,1813,2095
3090,1795,1752,1771
2068,2064,2421,2071
2067,1787,2068,2069
3257,3384,3166,3210
3384,3254,2265,2263
2074,3257,3166,3210
3254,3257,3166,2074
2022,3169,3193,3168
2073,3109,3169,3172
2576,2080,2660,3169
2097,3194,2022,3111
387,233,388,2297
706,589,754,2471
525,2295,462,2281
2290,2287,2281,2291
2085,302,301,438
3107,3048,2378,3100
1724,1790,1791,2078
2432,3109,3169,2073
2025,2097,3197,3382
3386,3201,3204,3110
3109,3193,3100,3169
2920,2242,2918,3189
439,2092,440,572
2118,1975,1937,1963
2415,677,676,790
3191,3374,3187,3016
2048,3249,2615,3164
2084,1749,1769,3088
1833,1848,1834,3048
3068,3093,3092,3098
3075,1857,3105,3091
1860,3075,1842,3096
2426,2066,3056,3105
2294,3069,2023,3111
3123,1902,2302,2344
3118,3120,3154,2009
493,492,369,2506
1964,1929,1955,2347
2359,1916,1914,1946
2014,2012,3144,3134
3267,3276,3149,3272
1919,1949,2327,1922
264,112,111,2329
352,3432,2328,405
2415,792,2374,791
3384,3254,3166,2265
3292,3122,2135,2114
2365,520,479,2328
2811,2841,3164,2265
2125,3139,3138,3146
1917,2361,1960,2359
3144,3130,3138,3151
3096,1825,1826,3070
3251,3254,2265,3166
2596,2486,2603,2597
2126,2596,2446,2485
3075,3386,3094,3091
1908,1939,2346,1944
995,2614,1067,893
2992,3225,2035,3332
2809,3304,2805,2150
2415,790,2563,894
2400,2118,1937,1963
2413,2056,2058,2373
3384,3254,3257,3166
892,2559,893,2614
898,2417,897,793
3044,141,20,3054
3076,3075,3386,3096
1860,1855,1861,3094
1829,1822,1844,3072
2413,2056,2374,2058
2288,2023,2030,2553
3406,2567,3376,3375
2696,2698,3199,2546
327,2272,2257,2271
2822,1338,2840,2759
2696,2033,2546,3199
2535,2394,2393,2536
3384,3254,2263,3257
2840,2920,2795,2821
2963,1581,1617,2951
3371,3220,2239,3217
1749,1726,2084,1769
2532,3378,2537,2915
2936,2931,2970,2975
2107,314,450,395
2723,2726,2721,3400
3376,2725,3369,3406
2089,3109,2426,3105
3032,2300,2029,2108
2696,3185,2033,3199
2339,2542,2266,2214
962,858,2547,2342
2822,1218,2759,2785
745,2539,2543,856
3108,3163,2038,2408
1181,2719,1150,1218
628,2341,627,505
2490,2437,3133,2368
2034,3024,3023,2524
3190,3205,2021,2265
2562,2373,2413,2038
2196,175,360,2191
1158,1133,1064,2646
3209,3205,3383,2340
2674,2498,2453,3336
2336,2202,2185,2215
3230,3236,3241,3226
2186,2202,3336,3338
2674,3259,2956,3336
3378,2227,3345,2537
302,3088,2085,301
298,151,3058,297
2078,298,3058,297
3046,297,2078,3058
1622,2999,1627,1634
2363,1925,2368,2328
2833,3404,3001,3403
2742,1295,2839,1237
3256,3396,2772,3171
2263,3190,3376,2265
2205,3015,2997,2956
3005,1640,1660,1641
415,2409,2043,2047
2573,2638,2637,2431
907,2569,906,802
914,2635,915,1016
3046,297,296,2078
2569,905,2630,906
2804,2834,2917,2835
3126,1994,2000,1973
3307,2997,3347,3028
3303,3279,2122,3296
3230,3282,2128,3385
762,873,2372,882
2122,2109,3272,3276
1995,3123,1972,1980
2364,2363,2368,2328
3088,300,437,301
3136,3118,2481,3137
2111,3275,2122,3280
3275,3296,3295,2122
2221,323,176,2222
3008,2036,2965,2922
1327,2808,2755,1319
2111,3122,3292,2114
2925,1339,2806,2839
3190,3205,3184,2021
2473,2470,2286,2640
3324,2687,2453,2685
2756,3263,3266,3388
301,3059,3047,154
300,301,3047,154
2120,3274,3301,3295
3020,3349,3030,2209
988,869,2486,973
3128,2361,1968,2322
3371,3403,3025,3373
153,300,3079,3047
2178,3236,2867,2162
3227,3293,3332,3226
3300,3304,3311,2150
2557,766,2357,925
339,2355,341,191
2127,3137,2481,2482
2447,597,670,761
3414,2309,3458,396
974,2613,1036,1125
2176,3291,2997,3307
2751,2750,2887,2801
300,153,154,3047
2930,2753,3327,3328
1176,1256,1131,2711
1180,1074,1045,2706
2889,2178,2869,2870
968,1076,943,2666
2252,3363,2211,3365
2044,274,411,275
2881,2694,2915,2913
2960,3389,3365,2595
2208,3352,3219,3373
2208,3352,3245,3219
1209,2741,1121,1231
3348,3354,2209,3355
2999,2984,3019,3355
1572,1557,1606,2990
2769,1100,2731,2729
3391,2235,2020,3174
545,413,2041,412
1021,2740,2577,2678
2949,2908,1494,2907
3372,3218,3219,3373
2769,2855,2767,2768
3190,2240,3184,3360
3406,3376,3368,3370
3222,3215,3220,2239
2516,3227,3393,3332
2622,2617,2621,2720
2680,2646,2588,2700
2939,2941,2940,2833
3239,3335,3289,2163
2208,3350,3351,3347
2403,2553,2030,2023
3374,2938,2939,2895
2027,2280,2277,2273
1226,1309,1225,2693
2410,3250,2407,2039
3132,3148,3141,3133
2756,3263,3388,2109
3298,3309,3299,3301
2323,3135,2366,2322
2154,2756,3388,2109
3069,3082,3083,2023
2066,3172,3255,3193
2855,3401,2768,2567
545,413,546,2041
2089,1792,1810,2083
2281,2289,2295,2291
2035,3236,3225,2178
2035,3236,3226,3225
415,547,2409,548
677,2411,676,551
3236,3318,2162,3226
552,2056,553,2374
1146,2695,1230,1229
3230,3236,3314,3241
2656,2793,1227,2655
3226,3288,3237,3241
502,625,624,2394
3241,3288,3230,3226
407,2333,206,358
2960,2926,3244,2680
2041,2716,2403,2404
2656,1145,2695,2657
2858,2948,2861,3178
491,368,492,2506
2948,2904,2861,3178
2064,2418,2062,2063
2195,2336,2188,2191
2293,2473,2660,2472
2190,2170,3462,238
399,2315,345,522
259,101,3430,102
174,3462,57,238
908,909,1010,2629
1106,2773,1199,1198
2905,2903,1426,1427
149,3046,29,150
412,2044,544,411
2737,2775,3181,2739
339,2355,2310,341
1799,1803,3034,1823
335,3436,2311,190
1561,3000,1560,2961
66,2247,224,65
1297,2800,2686,1316
2354,2271,2267,2257
2993,2876,2890,2961
1390,2681,1303,2796
1414,1457,1517,2921
2748,2666,2685,2686
2808,2800,2686,2886
3388,2798,3266,2756
2170,2190,3462,2188
2703,1132,2677,2587
916,812,2575,811
2466,3356,2467,2462
2756,2798,2154,3388
2703,1254,1166,2678
2190,2192,3462,2188
1724,3421,3079,1702
1338,1363,1435,2840
1561,1507,2962,2961
3148,3149,3276,2114
3149,3148,2120,2114
2832,2976,2934,2974
3132,3120,3121,3131
2947,1544,1488,1543
461,634,2285,526
2946,2853,2944,2901
2498,2578,2611,2674
2967,2961,3022,2524
2113,3283,3125,2493
842,830,2451,2666
942,1065,2589,969
2922,2458,2955,3009
2494,3125,2136,2493
513,474,397,2319
3421,1678,1702,1724
1317,1232,1235,2751
2139,3292,2147,3283
1649,2963,1617,2958
2139,3292,2112,2115
2912,2993,2524,2961
1415,2896,2897,1530
2945,2986,2947,1543
1622,2971,1627,2999
2147,3280,3283,3292
3292,3280,2148,2147
3010,1646,3000,2969
1362,2788,3002,2863
3324,2204,2874,3259
1962,1951,2363,1985
3282,2509,3319,3297
2067,2062,1764,3102
3045,293,147,146
21,142,3044,3428
3288,3297,3296,3282
2078,1790,1791,1809
2953,1475,1525,2929
3421,151,3058,298
32,3421,152,31
3079,153,152,299
3047,34,33,154
2445,3285,2450,3294
2184,2193,2129,3294
2029,125,124,357
2336,2193,2185,3294
498,374,2520,497
2953,1475,1446,1525
3126,2490,2349,2347
2925,1339,1294,2806
2157,2176,2997,3351
762,2489,646,773
3304,2827,2805,2837
2930,2753,2866,3327
3350,2176,3347,3330
509,2550,2549,2282
181,2273,393,2274
3149,3276,3267,3133
2545,229,383,384
2535,2539,624,744
2504,2161,2689,2484
2827,3304,2805,2809
3456,333,187,248
3399,3240,3241,3305
3399,3240,3242,3241
3314,3316,3317,2128
95,193,256,3449
519,2663,2314,2310
3433,349,2324,198
3153,3315,3313,2110
2350,406,481,516
201,110,263,3432
3315,3153,3313,3398
357,2030,530,2300
2310,2580,2556,2301
129,3051,275,128
3315,2664,3313,2301
2159,2592,2705,3313
2592,2710,2705,3313
2713,2750,2778,2869
1638,1639,2906,1595
1696,1742,1673,3054
2706,2884,2705,2688
137,284,2052,3042
2829,2823,2932,2887
3053,136,137,16
3074,3102,2062,2067
1741,1718,3043,3071
3046,1677,29,1701
2664,2301,3152,2580
1726,3059,3060,1680
3242,3241,3314,2778
3231,2889,2869,3232
1639,1596,1640,2906
1730,2094,3063,1684
2100,2080,2432,3048
2244,2248,609,633
60,218,59,2200
3225,2179,3237,3332
2259,2251,2257,2255
66,225,224,2255
328,2280,2273,2272
2350,2491,2348,2121
3414,252,189,87
3436,190,252,88
88,3436,87,252
3414,389,252,2307
2160,2179,3237,3225
1956,2356,1944,1909
3228,3293,3332,2163
3015,2205,3243,2956
2138,482,2334,2333
2109,3268,3267,3276
3015,3245,3243,2205
2348,342,541,515
3245,2458,3243,2036
1986,1973,2349,3126
2458,3245,3243,3015
2205,3219,3341,3342
2205,3245,3341,3219
3017,1639,1640,2906
2195,2192,2191,2188
3219,2234,3341,3342
2512,495,494,617
361,177,2222,2231
2027,2274,2279,2287
181,2273,245,393
3245,2234,3341,3219
3404,2974,2976,3328
2251,66,243,178
177,64,63,2233
3021,3005,2906,3030
1640,2988,3005,2906
3017,1640,3005,2906
190,335,340,2311
195,98,257,2316
768,2454,644,652
3017,3005,3030,2906
1065,2589,969,1040
454,2449,470,598
3330,3307,2176,3347
2190,238,174,317
3349,3352,3007,3246
3030,3348,2209,3246
1846,3038,3098,1858
3348,3354,3030,2209
3025,3218,3373,2523
3066,2045,3067,3041
3066,2045,135,134
3315,3153,3152,2110
1564,1616,1612,2995
2978,3005,3017,1659
3348,3354,3013,3030
3344,3218,3220,2239
3326,3231,3232,2981
294,3057,148,295
2929,1566,1525,2973
3211,3190,3360,2235
2478,2496,2115,3278
3360,3369,2235,3190
2978,3005,3030,3017
2637,2577,2433,2574
3151,3153,3152,3398
706,2471,819,705
2818,2691,2817,2690
2103,311,2094,310
2093,162,308,2094
2571,2430,2429,2570
1234,1135,2686,1216
2484,2592,2705,2593
3369,3359,3360,2235
2345,3136,2556,3115
2346,2355,2310,2311
2135,3122,3283,3125
2313,1956,2356,1974
2973,2929,2953,1525
337,248,333,2303
2331,2333,1930,2370
3391,3174,2862,3178
3257,3254,3256,2074
534,2305,656,527
3406,2853,3405,3368
2301,2580,2556,3152
641,2256,514,2249
2900,2942,2983,2939
2703,2702,2587,2677
3405,2087,3368,2860
379,2247,224,2255
953,1050,2652,1051
2950,2948,2262,3180
2879,2516,3393,3332
2520,496,619,497
214,2171,56,215
3180,3405,3178,3359
2195,2512,2518,372
118,205,3446,267
3418,1929,1927,1894
3209,3383,2238,3358
506,628,2545,629
2267,2271,2353,2257
2549,508,507,630
2471,525,596,2285
203,2332,266,115
645,639,763,2448
3190,3369,3376,3187
656,2305,654,527
192,255,93,3427
469,597,453,2358
2358,662,453,522
1974,1956,1945,2313
2936,1520,2975,2934
2319,195,258,397
2029,3032,1711,1734
1713,2042,1757,1780
530,511,388,2300
287,2062,3044,288
395,314,2298,2107
2977,2974,3404,2975
2931,1580,2971,2975
303,2092,2084,2088
2426,2078,2083,2375
1794,1833,1812,2100
1896,1930,2333,1933
184,2298,2108,2299
165,3411,3063,44
2284,2283,3383,2027
2286,2465,2579,3392
2465,2223,2579,3392
463,349,2324,523
2751,2829,2887,2823
3432,405,264,2329
3170,2086,3381,3258
3170,2470,3381,2086
3404,2974,3355,2975
2709,2605,2708,2489
2343,884,2642,2372
535,2362,657,475
2496,2372,2478,2343
348,2320,400,475
2709,983,1063,2489
399,2315,194,345
3404,3003,2977,2975
2171,2144,2168,2181
52,210,2134,2335
2627,2568,3396,2065
2316,3412,2319,195
2934,1520,2975,2977
2936,1520,1519,2975
2965,2964,3008,2922
212,2143,54,213
2500,732,2503,613
2392,2232,2526,500
2965,2964,2949,3008
2535,623,624,2536
2946,2904,2903,2905
2551,2396,630,2549
2245,2226,2253,2231
3248,3359,3366,3180
712,636,775,2343
3292,2600,3276,2114
2944,3367,3366,2851
2343,884,864,2642
2478,2334,2371,2138
2479,2592,2483,2480
3318,3230,3317,3385
2944,3367,2634,3366
3372,3366,3367,2851
602,2480,637,752
3367,3405,3369,3406
2709,983,1040,1063
2331,3438,267,204
2437,2490,3133,2604
2589,872,969,823
2444,757,710,864
2348,342,2331,541
2910,1551,2949,1575
1715,1739,3085,1782
2416,3203,3074,2419
2057,3086,3071,3104
1496,2949,1551,1495
2418,2067,2062,2063
3013,3307,3028,2928
2376,300,437,3088
1278,2903,1354,1277
2444,757,599,710
2783,2891,2954,3009
2424,3087,2078,2082
3383,3198,2033,3205
638,599,2343,757
639,662,770,2448
3145,3130,3138,3144
2581,2125,3138,3151
755,2464,634,724
2280,2464,2285,2579
1085,2594,941,1069
2461,2354,2268,2462
3145,3146,3144,3138
2535,743,854,744
3144,3145,2014,3134
1050,2651,2652,1139
797,683,2565,796
2276,2545,384,229
2204,3015,2955,2956
683,2419,2565,796
2324,3433,1885,2326
3144,3145,3150,2014
1129,1078,2864,2718
2359,2316,2319,2485
1057,2656,2657,1145
335,3436,2307,2311
2143,2132,2493,2335
3151,2120,3138,3144
524,602,2308,473
3138,3146,3144,2120
2125,2120,3138,3151
2656,1228,2695,1145
2558,2411,2563,2562
3159,3251,2761,2050
2874,2674,2956,2892
3167,2761,3162,3164
2050,3163,2619,2018
1014,1015,2636,913
2635,2636,913,2429
3159,3251,3252,2761
2628,905,904,1006
67,179,68,2259
68,2257,2259,179
244,2272,68,2257
2064,560,559,2420
2272,2270,68,2257
2635,1015,2736,1016
3159,3160,3161,2619
2432,2576,2096,2099
3201,3160,2619,3161
398,453,345,2315
2079,2568,2427,2425
822,2641,2286,2464
838,985,822,2464
3201,3160,3203,2619
2142,316,338,409
1488,2947,2901,1489
2219,2196,360,536
183,314,2298,395
847,2387,848,951
731,2381,2499,611
2573,2638,3172,3169
2107,2377,314,2298
314,2377,2108,2298
3443,185,2130,3453
2651,951,952,2517
738,2387,737,618
372,2518,373,496
2652,1052,1140,2653
2234,3352,3245,2036
372,495,2518,496
3293,3228,3332,3226
2511,2387,2650,2515
3230,2510,3226,3320
2638,2573,2637,3169
2948,2904,2908,2861
960,857,2342,2543
751,2406,631,632
2552,632,603,510
2087,2857,2860,3178
2343,2444,2496,2642
2670,976,2644,1030
976,825,2644,874
775,660,824,2372
2454,874,713,768
2489,2709,2642,2708
2605,2154,2683,2708
1273,1349,1272,2850
2854,1425,2901,1426
3153,3137,3152,2110
2124,2440,2173,2182
2140,2164,2115,2166
2848,2847,2846,2897
2197,321,240,362
962,2548,2658,2657
2454,874,2644,713
2405,2550,2406,632
3196,2715,2026,3156
3326,3231,3305,3232
2406,751,750,887
2569,687,2423,2422
2406,883,751,887
563,2425,2423,2077
2733,1102,1009,1008
3311,3399,2151,3310
803,2425,804,908
3419,120,2333,1897
1015,1109,2736,1016
3172,2572,2426,3255
2889,3225,2869,2178
2065,3076,3204,3110
2858,2948,2907,2861
2075,2568,2732,3396
2707,2589,1170,2642
2734,2737,3173,2081
2318,3116,2313,2446
1885,1920,2324,2326
2861,3178,2904,2860
2933,2823,2980,2932
2817,2979,2876,2888
2860,3178,2857,2861
2286,929,923,2641
851,2390,2528,954
740,739,2390,850
327,392,2271,2257
741,742,852,2393
1311,2695,2746,1228
3123,2344,2113,3125
3123,1907,1959,2304
623,2535,624,743
2774,1110,1203,2738
2512,617,494,616
2654,955,1053,956
955,2654,2393,956
586,729,709,2183
2401,1963,1977,2118
635,2459,2220,642
2889,2992,2980,3225
2589,872,823,2183
2895,3016,3187,3374
3374,3016,2938,2895
2652,2820,1140,2819
3272,3302,3299,2312
3006,2783,2922,2964
2221,323,362,176
892,788,893,2559
2562,2373,2038,2408
2945,1635,1634,2999
749,859,748,2547
2559,2563,2615,2558
2018,2025,3156,2560
2054,1783,3067,2053
2628,2569,2728,2422
2626,901,1003,902
2292,3382,2472,2097
3374,2725,3369,3187
2628,1004,1005,903
3374,3188,2725,3187
1100,2630,2731,2729
813,814,2574,2433
3156,3157,2025,2018
2305,337,2303,529
3111,2023,2294,2292
637,480,650,2399
2384,2385,2506,2382
2690,2510,2516,2162
2647,1122,1032,991
2230,323,2220,2222
2699,2236,2457,3243
179,244,2257,327
1098,1191,2729,1099
3359,2234,3343,3247
1288,2741,1313,1383
800,2569,905,2628
2422,686,800,687
686,799,2422,800
379,502,2540,503
1997,1990,3115,1970
2484,991,987,2689
3123,1907,1902,1959
987,2689,1082,1045
2144,2171,2506,2181
2628,1004,2727,1005
732,2500,2503,843
736,2511,735,616
648,2491,777,778
2607,2109,2604,3267
1990,3114,3115,1970
1076,1039,2586,968
2762,1267,1266,2763
2292,2023,2025,3111
2957,2840,2918,2920
2659,1061,1128,2588
2659,1061,1043,1128
3012,1637,1618,1638
2617,894,996,895
2771,1102,2731,1194
2062,2057,286,3054
1057,2543,2657,2656
2592,2710,3313,2110
2594,2463,2462,2587
1130,1166,1069,2587
2577,1020,1021,919
1132,1026,2659,2587
1022,2641,2678,2577
2463,2777,2909,2703
967,2659,2587,865
2557,531,2308,2310
2817,2979,2875,2876
2656,1055,1144,1056
2647,1175,1161,2648
2647,1175,1082,1161
713,825,874,2644
1120,1025,2665,980
877,886,2483,765
2648,2511,2649,2513
3130,3114,3152,3115
2647,1175,1122,1082
2527,2521,2187,2525
2723,2726,2724,2626
849,2517,952,848
1442,2784,1457,1383
2468,716,758,836
2764,2762,2726,2843
865,836,938,2659
1289,1365,2875,1374
2762,1265,2763,1266
2286,2465,2472,2285
2399,2480,2308,2479
1248,1289,1318,2817
2722,2843,2721,2726
934,1036,2613,2644
3196,3195,2023,2025
2367,587,707,717
2880,1308,1307,1379
2880,2819,1378,1307
3112,3196,2023,2025
2437,2364,2606,2321
2860,2853,2815,3368
1248,2690,2688,1134
1239,1294,1264,2806
2690,2648,2649,2513
1378,2911,2819,2880
3076,3386,3204,3110
691,565,566,2427
2771,2856,2769,2852
1494,1431,1495,2907
2733,2771,2770,2815
2769,1193,1274,1194
1431,1432,2859,1359
2639,2574,917,1019
2381,2113,2502,2601
1283,1202,1203,2774
3109,2073,2426,3172
2863,2858,2909,2926
3014,2996,2872,2891
2459,2351,2495,2456
2578,2666,2686,2685
2950,2863,2926,2858
2649,1048,1047,1136
1432,2863,2907,2859
1450,2911,2961,2878
2658,1147,1171,1059
2535,2654,956,2393
3153,2712,3313,3398
1147,2785,1230,2657
2880,1308,2820,1307
1139,2792,2651,2819
1314,1176,1160,2711
2383,3280,2147,3282
534,2305,2306,656
3118,1990,3115,1997
1278,2903,1279,1355
399,2315,2316,194
2124,2440,2182,2445
1275,2771,1276,2854
2729,2769,2768,2731
1666,1690,7,3036
1191,2767,1192,1272
2731,1193,1194,1101
3115,3130,3114,1990
2788,2703,2959,2677
2863,1434,1433,3002
127,6,7,3036
2711,1068,1160,2706
1176,1068,1160,2711
2707,2586,2589,2797
918,1020,1019,2574
914,2635,2429,915
1313,2741,2782,1383
2700,2681,2784,1303
1173,1151,1039,2586
1128,2681,1133,1217
2707,2586,1173,2589
1039,2589,1173,2586
2700,1158,1133,1241
1345,1418,2848,1346
2900,2943,1485,1484
972,937,2561,1029
3206,3205,2033,3185
855,2539,745,856
2822,1312,1296,2695
2227,3378,3215,2915
2891,1499,1502,3014
1158,1027,1121,2591
2646,861,966,863
2824,1336,1406,2826
1784,1819,3104,1805
2751,2670,1179,2665
2817,2979,2877,2875
2065,2066,3255,3204
1377,2819,1306,1378
3231,3241,2160,3305
1293,2834,1329,1370
2105,1709,46,1686
1271,1191,2765,1190
2105,166,167,46
2723,2565,2625,2626
794,2419,795,899
684,558,2420,683
2731,2771,2768,2733
1565,2954,1613,3014
2774,2816,2859,1281
2873,2874,2955,2872
2195,2192,59,2191
1557,2969,1606,2990
2954,3006,2783,3009
2192,217,59,58
2444,2343,2496,2115
1037,2561,2719,1029
2191,175,2200,2197
2842,1466,2795,1528
2951,2913,3026,2927
2127,2710,2483,2592
175,2197,240,60
1250,2719,1127,1181
2683,1177,1088,1260
2162,2877,2888,2992
2834,1399,1329,1370
1336,1395,1406,2826
1169,1210,1073,2709
181,2274,72,71
181,246,72,2274
927,989,826,2448
2835,1334,1405,1459
3076,2066,2065,3204
2781,2804,1315,1257
2905,2946,2985,2901
3360,2234,3359,3369
1418,2898,1419,1482
2630,2730,2768,2728
2957,2812,2918,2813
2765,1271,1270,2848
2542,2544,2548,2543
2636,1108,2773,2736
1880,2316,1879,98
2863,1434,1361,1433
64,2250,2231,242
2741,2786,1290,1313
2455,2460,3340,3337
2673,1121,2741,1231
2578,1123,2611,2675
2865,3264,3261,3263
1243,2673,1290,1231
2673,2741,1290,1231
3183,3184,3206,2021
2329,202,264,112
2940,1621,1602,1576
2673,2786,1290,2741
1386,1440,2763,1400
2769,1273,1192,2767
2913,2534,2998,3026
2934,1513,1472,1552
2784,1288,1303,1364
3442,124,77,270
2781,1293,2804,1251
1119,2781,1213,2672
1444,2835,1500,1459
1776,3083,1778,1820
792,2415,2374,2417
2285,596,2286,634
2559,972,2561,2614
3442,270,2029,124
3220,3372,2234,3369
2417,554,680,555
283,136,137,2052
2898,2940,2939,2941
2946,2985,2901,2851
2947,2986,1594,1544
2522,3216,3213,3334
1330,2838,2806,1331
3019,3020,2209,3349
2947,2986,2906,1594
2771,2856,1274,2769
1196,2771,2815,1277
2681,2796,2784,1303
1469,2838,1437,1396
2929,2973,2971,1523
1529,2971,1580,1573
2807,1212,1252,1324
1438,1399,1471,2834
1379,1378,1307,2880
2796,1364,2784,1303
3186,2541,2882,3183
2962,3023,2961,2880
1389,1365,2817,1318
3046,297,150,296
1685,3081,1731,2105
3439,163,162,2094
3411,45,44,165
3439,163,42,162
2876,1501,1445,2991
1468,1533,2933,1464
3265,2824,2886,2937
3339,3393,2525,2203
2127,2710,2592,2110
2779,1403,2823,2890
1401,1477,1436,2839
2800,1325,1316,1394
323,361,241,2222
1516,2952,1526,2995
3307,2997,3028,3291
2221,2218,62,61
2891,1499,1448,1502
2457,2477,2456,2243
361,177,241,2222
1544,2947,1545,1594
2903,1353,1426,1354
2856,2853,2854,2901
3414,389,189,252
2800,1404,1394,1387
2307,389,252,335
3414,252,3436,2307
1182,1295,2742,1237
1776,3083,1820,1800
1926,1928,2330,1892
3247,2989,3248,3353
2783,1442,1497,1502
2808,1325,2800,1394
3350,2176,3351,3347
1325,2808,1391,1394
3006,2783,3009,2922
2674,2210,2676,2893
2945,1590,1591,1541
2608,888,1062,965
431,295,432,2076
2139,2115,2165,2140
3335,2157,3289,2203
862,2438,666,2439
3290,3259,2997,3291
2181,2382,2506,2144
2900,1421,1420,1484
2877,2979,2992,2180
2850,2767,2846,2848
3371,3403,2833,3025
1633,2984,1589,1590
3033,1823,3082,3034
3245,3352,3007,2036
1624,2964,1604,1642
2787,2863,2926,2910
2787,2788,2959,2677
3302,2312,3272,3270
2501,491,2382,2506
3324,2687,2104,2453
1405,2834,1399,1329
2192,216,58,57
2191,175,239,59
3017,1659,3005,1640
1516,1568,2954,1577
3116,2356,2313,2580
56,2171,57,215
3004,2826,1521,2982
1395,1295,1342,2826
2962,1507,1508,1452
3372,3366,2234,3367
1490,2905,2906,1489
1663,1649,2958,2963
1784,2053,1762,1805
2903,2853,2901,2854
1353,1425,2854,1426
1155,1075,2744,978
2325,2320,475,2362
2767,2849,2846,2765
781,831,668,2474
2826,1436,2839,1342
2878,1305,2819,2792
2275,2270,228,70
3360,2234,3364,3359
2900,1421,1484,1485
2355,192,320,254
1291,1328,1368,2823
651,2310,594,471
2821,2793,2794,1382
2896,2958,2842,2998
2962,1507,1452,2961
1317,1291,1368,2823
320,2355,341,2310
2898,2940,2897,2939
2331,204,267,356
2333,465,408,358
1142,2654,2655,2693
1124,2759,2719,2622
2847,2764,2895,2763
2523,3025,3403,3373
2984,2943,2983,2833
2331,541,342,356
2891,2786,2955,2782
2333,482,408,465
2051,2812,2918,2919
3187,3369,2240,3190
1860,1842,1854,3096
3360,2234,3220,3364
2047,417,280,416
283,136,2052,282
2804,2834,2754,2917
2099,2103,308,445
448,580,447,2106
3360,2234,3369,3220
1683,1707,3062,1729
43,164,3450,44
2930,2583,2828,2917
2832,2749,3232,2932
3386,3075,3094,3096
2832,2829,3232,2831
525,2295,589,462
2749,3232,3326,2935
3413,1734,1688,1665
2829,2832,2835,2831
2664,2669,2778,2644
2829,2932,3232,2887
294,147,3045,293
2745,1302,1153,1168
3073,3076,3105,3056
1809,2078,1790,1767
296,3046,149,150
2070,294,3045,293
3035,1828,3038,1841
2638,2571,2429,2570
3075,1850,1857,1860
2577,2433,2574,814
1726,1793,2084,1769
2061,2060,3072,3106
1726,3059,2084,3060
3096,3097,1854,3094
1741,1717,1784,3086
3000,2967,2961,3022
3044,287,141,3054
3070,2060,3072,3074
2026,2546,2284,2033
3055,292,146,145
292,2070,146,293
781,2362,2488,2474
1709,3411,45,1685
287,140,141,3054
1371,2786,1447,1407
140,19,3054,3043
3104,1819,1785,3102
3044,21,20,141
3083,1835,1800,1823
1838,3083,3082,1835
2829,2832,3232,2932
1859,3092,1851,1849
305,2092,2101,441
3095,1857,1856,3091
1808,2082,1809,1767
3326,2935,3232,2917
2078,2375,3056,1809
3417,305,159,158
3047,34,1703,33
2090,1728,1682,1706
781,2362,2474,668
303,157,304,2088
2090,2088,1751,3080
2091,1727,1794,1793
3061,1814,1837,1840
1814,3061,1813,1840
565,2076,2079,2425
1850,3075,3105,3073
1833,3089,1811,1832
3440,1937,1899,1931
2083,1724,2078,3079
567,435,2376,2079
467,2131,319,2400
3097,1827,1853,3038
3061,1797,2102,1801
2362,2325,2474,668
3073,3070,3096,3110
1853,3038,1858,1855
1829,2061,3072,3106
1867,1907,2302,1903
248,3456,3424,83
248,337,188,2303
2141,2117,50,2131
1980,1982,3123,1959
2831,2935,3232,2832
2662,781,831,971
2935,3232,2832,2749
2821,2694,2881,2794
3430,1917,2320,1915
3210,2238,3383,3381
1917,2361,1947,1960
2599,467,595,512
2768,2728,3253,3401
2331,1895,1927,1930
1893,1928,2332,1929
2307,1871,1932,1906
2880,1380,1379,1453
2310,2580,2356,2556
2310,2580,2314,2313
3401,2728,2766,2768
2927,1380,1453,1454
2320,3448,1915,2324
1885,1921,1920,2326
665,780,2438,666
264,201,3432,111
2582,2662,876,978
110,201,111,3432
2325,463,2324,523
2890,1476,2779,1403
2333,512,358,407
3414,1932,1871,1870
2307,524,389,335
3425,190,3436,89
3136,3315,2556,3152
2454,2314,644,652
2301,2314,2580,2612
1327,1247,1240,2707
2195,2512,372,371
2512,216,370,371
2017,3150,3144,3154
3399,2802,2778,3310
256,3452,2315,194
2802,2158,2780,3310
216,2195,217,371
3128,2361,1981,1968
1910,1912,1945,2313
3139,3127,3128,2485
2356,3114,2346,2556
2127,2482,3281,2110
2349,1973,2368,3126
2447,837,2613,868
2512,2195,216,371
2318,1913,1911,2315
1403,1476,1524,2890
2397,1904,2303,2304
3139,3140,3128,3146
2662,781,971,2488
2486,2672,2448,1028
1476,1570,1524,2890
1570,1586,1524,2890
1906,1908,2311,1872
3130,1990,3154,2007
2361,2320,2322,2487
1633,2984,1590,1634
2405,605,2044,603
1974,3114,1971,2356
1341,2808,2800,1394
3112,3111,2025,2023
274,411,410,2044
2594,2462,3392,2579
2941,1661,1602,2940
2662,781,2488,2474
2158,2809,2752,2704
2997,2176,3289,3291
3228,3288,3237,3226
2516,3331,2162,3332
3339,3393,2522,2525
3346,3215,2227,3345
2980,3235,2206,2967
1783,3065,1740,3067
2743,2582,939,978
677,2411,2415,676
2808,1341,1391,1394
2055,2412,2038,3108
3035,3039,3037,1817
2018,3112,2560,3108
1480,1583,2940,1576
962,2697,2547,963
986,1041,1038,2697
2126,2581,3398,3312
2940,2941,1537,1602
1773,1801,2102,1797
2031,2018,2619,2412
540,603,2030,2044
422,2058,423,555
2465,2238,3381,3383
2567,2732,3256,3253
2486,2488,2603,2597
2079,296,297,2078
427,428,2071,291
2426,2078,2079,2083
3079,1724,1702,1748
2070,3087,3045,2076
3397,2075,3256,3396
430,294,431,2076
3073,3070,3110,2421
2572,2426,2065,2079
2620,2618,2623,2619
3298,2661,2150,2717
2094,2435,2106,2103
311,448,447,2106
1752,3090,1729,3062
2741,2701,2782,2699
3063,2106,311,2094
164,43,3422,163
2090,160,3431,159
41,40,3062,161
1414,1457,2921,2784
2989,2950,2948,2949
2435,580,2106,2103
2100,2080,2096,2432
2576,2436,2660,2435
1973,1962,2368,1985
2496,2183,2442,2642
2605,779,2608,2438
2014,2010,2004,3145
580,581,2295,2106
3461,3433,2324,198
2786,2673,2782,2741
2311,2310,2346,2556
2436,2473,2660,2435
3122,3137,2482,3119
2883,2923,2922,2782
2507,2129,2508,2384
2786,2673,2892,2782
2588,840,944,964
1414,1364,2784,2796
2501,366,490,367
3061,1801,2378,1837
1128,1132,1043,2659
2449,2352,2196,2190
2814,2732,2770,2632
3208,2051,2918,2919
3013,3031,3009,3028
2999,2945,2984,1634
3337,2205,3243,3341
2203,2157,3289,3285
2802,2158,2803,2780
2954,3006,1626,2783
2822,1218,1338,2759
2189,2183,2166,2169
3280,3275,2122,3297
3286,3279,3260,3303
3314,3317,3313,2705
3241,2830,2869,2778
2839,2825,2742,2836
1365,1460,1389,2817
2118,1938,3113,2117
1228,1229,2695,1145
2060,3104,3106,2061
2787,2863,2788,2926
2192,2190,2191,2188
2193,2184,2185,3294
56,2171,238,57
2862,2735,2775,3181
2908,1430,2907,2861
1428,1356,2861,1355
1393,2840,2813,2795
2282,2550,2279,2288
2957,2840,2813,2918
950,2387,2511,847
2223,2466,2267,2462
495,2518,496,618
360,175,239,2191
2529,3361,3345,3340
2882,2746,2590,2915
955,2393,852,956
2921,1514,1575,1517
3168,2097,3381,3258
3344,3214,3213,3345
881,708,2456,756
1510,2951,1563,2927
378,502,2536,379
3218,2523,3025,3212
2762,2764,1267,2763
3157,3155,3156,2032
2218,2526,2389,2337
2257,2258,2255,2266
849,738,739,2517
3346,3186,3215,3220
2913,2927,2693,2880
1267,2764,2847,2763
449,2107,313,450
2520,374,373,497
2289,3382,3195,2287
3350,3246,2209,3348
2289,3382,2287,2472
2216,2498,2495,2497
2841,2812,2895,2843
2395,2539,2394,2590
3352,3248,3353,3247
840,716,728,2476
2145,2193,3294,2129
3211,3356,3177,2212
881,2459,2456,708
179,2257,244,68
2942,3374,2725,2844
3390,2463,3176,3358
2341,381,505,382
589,2471,525,596
924,828,2611,932
1598,1548,1549,2988
2239,3218,3220,3371
2818,1304,1376,2792
2542,2266,2214,2394
2897,2847,2846,2895
525,2295,2471,589
65,223,2247,224
2253,3362,2252,2537
1510,2951,1528,1563
1158,1027,2591,2646
181,2273,71,245
2896,2957,2813,2812
329,393,461,2285
628,747,2342,748
2272,2275,2270,2338
2223,2260,3358,3383
2362,725,585,657
812,2575,811,698
2941,1614,1537,1602
2547,2658,2548,2698
2468,2271,2268,608
3096,1825,1842,1826
391,2280,457,328
3205,3185,2021,2265
2275,229,2276,71
231,2276,230,72
582,581,2106,2295
2281,2289,2287,2472
2214,2199,2246,2266
3211,2261,3207,3209
2546,2026,3199,2033
2839,2928,2994,3261
2312,3135,3269,2584
2280,634,2464,593
2281,246,394,329
509,2552,386,510
2290,233,232,2297
233,387,232,2297
2355,92,1874,1875
3145,3146,3134,3144
2997,2204,3015,3028
3318,2884,2705,2867
1661,2941,1602,1614
2013,3150,3154,2007
339,2311,531,2310
1651,1621,1602,2940
2449,454,536,592
2454,2314,661,2663
3075,3076,3073,3096
588,2451,2216,2219
1661,1651,1602,2940
988,869,928,2486
2597,2596,3310,3312
2668,2470,2286,3392
3148,3142,3269,3271
2026,2698,3199,2715
2746,2590,2915,2655
2950,3182,2262,3174
2258,2338,2270,2341
856,857,960,2543
3158,3185,3199,2033
2919,2812,3016,2895
3277,2478,2115,3278
321,2219,360,536
927,2448,837,2613
2793,2821,2746,1311
3121,3132,3131,2402
3296,3275,3295,2151
3142,3149,3133,3148
2604,3268,3278,2121
2405,730,605,603
1648,1606,2990,1628
821,645,763,2448
1228,2793,2746,1311
1558,1608,2990,1628
544,2716,2407,2405
2491,664,648,777
660,482,539,2334
355,203,390,2332
3213,2533,3377,3378
2370,1955,1942,1930
2333,2331,2334,2370
3143,3148,3269,3271
2775,2736,2738,2639
3378,2533,2207,3213
3378,3215,2915,3377
1445,2991,1443,2875
554,2058,421,422
2927,2962,1562,1508
3029,3024,3027,3025
2967,2993,2871,2890
2889,2992,2888,2980
2639,2736,2734,2775
3027,2958,2998,3026
3124,1967,1989,1972
2135,3121,2114,3119
3132,3148,3276,2114
2058,2417,553,2374
2612,2314,2454,2301
554,2417,553,2058
3115,1965,2345,2397
3131,2011,3141,2015
3172,2570,2073,2426
3068,1838,3082,1851
2373,2060,2416,2038
3091,1857,1856,1862
3359,3182,3174,3178
3092,3068,3098,1851
2025,3196,3156,2560
3079,435,2079,2376
2680,2682,2926,2677
915,2639,2635,2429
2816,2773,1199,1200
149,3057,148,28
3061,2100,1813,3048
2811,3402,2843,2841
2471,580,706,2295
699,574,2433,2431
2056,2058,553,2374
2427,567,566,692
2088,1705,1751,1727
2471,2286,2472,2285
2765,2764,1188,2726
2235,3211,2212,3360
2318,1913,1943,1911
2845,2764,2765,2726
2301,2557,2556,2310
2761,3252,2721,3400
3116,1992,1984,1974
691,805,2427,692
2673,1121,2591,2741
2644,980,2665,2357
1299,2681,1217,1303
2700,2741,2782,2699
2594,1116,1236,1085
822,2641,929,2286
693,567,2427,692
2529,2207,3340,3345
1495,2949,1551,1550
2908,1549,1494,1493
578,446,579,2103
3176,3356,3358,2462
3073,3076,3110,3096
2436,578,579,2103
2591,966,863,2646
2244,756,753,863
2248,177,242,325
2253,2392,2536,2232
2223,2267,2269,2354
580,2436,579,2103
476,2325,475,668
2372,2478,2121,3278
2103,311,2106,2094
2360,474,585,643
3110,3072,3070,3096
2451,2196,2219,592
588,2451,719,2216
2876,2991,1445,2875
588,2451,592,719
2343,884,775,864
2170,2189,2168,173
2344,2136,2494,3125
1318,2688,2706,1180
2680,2926,2682,2960
3339,3393,3229,2522
730,632,603,2405
2123,3291,3289,3238
2931,1580,1529,2971
1995,2006,1989,3121
2144,214,368,2506
2876,1445,2878,2875
735,2384,2385,615
3333,2180,2879,3331
2384,2512,2511,2386
1559,3000,2890,2961
2236,2477,2457,2460
771,2405,774,544
2306,543,659,2499
65,64,2250,2247
2394,2541,2537,2214
3223,2524,3212,3213
2242,2919,2918,3189
2699,2923,2782,2784
3186,3346,2227,2228
129,8,3423,3051
3210,2238,3381,3258
2551,2406,631,750
2551,2550,2406,2715
2465,2283,2027,3383
2466,2223,3358,2462
3238,3291,3264,2123
2354,2267,2268,2462
2039,3250,3199,3249
2256,2254,2249,2468
868,837,670,2447
428,292,429,2071
1000,2624,2625,2726
2723,2726,2626,2625
2066,3172,2426,3255
3356,2467,2595,2469
2878,1305,1377,2819
3048,3092,1845,2378
3384,3198,3210,3383
2293,2379,3107,2435
3059,34,1680,1703
1858,3094,3038,3098
2447,2358,644,2454
2473,2470,2660,2472
2034,2239,3377,3379
3317,2710,3316,3313
2447,597,644,2358
2644,2663,2454,713
2447,2454,934,2644
870,877,979,2593
2477,2699,2680,2236
2325,2362,475,668
3143,3140,3301,3146
2447,670,770,837
2531,2533,2532,2653
826,2448,770,837
2541,2538,2915,2590
2659,2468,836,2588
2651,2819,2652,1139
2992,2179,3235,2980
1522,2829,1461,1439
1210,1063,1073,2709
662,2447,670,770
885,2491,2605,2489
1416,1375,1470,3002
2469,2254,2595,2475
2622,2051,2759,2758
1693,3085,3040,1715
2716,2028,2043,2039
2065,3076,3110,2421
2028,3039,2408,3108
2236,2680,3389,3244
2723,2724,3400,2728
3155,3200,2039,3162
2627,2059,2728,2049
3164,2758,2051,2621
3198,3185,2265,3158
2777,2776,2862,2909
2624,2046,2414,2623
1693,3085,3066,3040
989,875,826,2448
2637,2737,2086,2739
576,2433,2099,2434
572,2429,2431,698
2577,817,816,921
578,446,2103,445
3092,1845,2378,1849
973,988,2704,2486
1115,1114,1021,2678
2821,1312,1311,1372
1311,2695,2821,2746
2459,2351,2220,2224
1067,892,893,2614
2241,2694,2915,2655
1021,2740,1020,2577
2809,2827,2752,2704
822,2641,2464,985
3140,2312,3301,3312
576,2433,575,2099
1001,1002,2625,900
2436,2473,2286,2640
3192,2293,2660,2472
2056,2411,551,2045
820,2471,923,819
3110,3072,3074,3070
899,1001,2625,900
2312,3298,3301,3312
1048,1137,1136,2650
2901,1488,1424,1487
2884,2690,2510,2688
2979,2993,2180,2878
3216,3339,3229,2522
2080,3192,3107,2660
2258,2338,2257,2270
2785,1230,2657,2695
3156,3197,2025,3157
2544,2242,3183,3206
3346,3186,3184,2228
2261,2466,3358,3356
2122,3277,3278,3276
3193,2019,3168,3169
695,2430,2429,809
2607,2756,2608,2683
1325,2800,1316,2686
1247,2707,1173,1240
2840,2760,2759,1363
2312,3135,3301,3269
2962,3010,3026,2963
695,808,2430,809
2312,3140,3301,3135
2080,3192,3100,3107
2621,3164,2811,2841
2417,2058,555,2419
2473,2436,2660,2640
2569,2630,2629,906
519,2663,661,2314
2633,2733,2632,2770
2516,2691,2515,2690
1178,2743,2806,1159
2826,1473,1413,1521
2971,1622,1580,1573
2836,3262,2928,3261
2711,2706,1389,2817
2690,2510,2513,2516
2598,2158,2802,3311
1089,2662,1075,982
3304,2827,2752,2809
2689,1180,1161,1045
1369,2829,1385,1315
994,2488,2662,971
2837,2743,2805,2836
2065,2572,3396,3255
796,2625,901,900
2068,2067,2063,1720
2721,2624,2625,2623
799,686,2422,685
1256,2711,2714,2665
1289,1365,2817,2875
2821,2822,2918,2242
815,2433,2577,814
2647,1161,2688,2648
2429,697,811,698
700,699,2433,813
1286,2777,1285,1205
1752,1683,1706,3062
3090,1706,3062,1752
2783,1442,1502,1448
1288,2700,1241,1209
1126,1211,2675,1216
1742,3044,1719,1673
2507,2385,2513,2384
2929,2866,2970,2972
2807,1212,1214,1252
1294,1339,1264,2806
1258,2742,1237,1157
2534,2920,3016,3189
3307,3262,3291,3261
2925,1339,1397,1294
2511,2649,2513,2515
2647,2505,2503,2648
2602,889,991,1032
2834,2828,2917,2930
3049,1756,2377,1732
3311,3399,3305,2151
1558,2934,1554,1500
2781,1213,2672,2704
2596,2317,2448,2447
2459,2230,2220,2351
3158,3155,3162,2050
3195,2292,2023,2025
814,918,2574,919
2762,1265,2813,2763
1393,1363,1320,2813
3398,3147,3310,3312
3350,3330,3328,3329
2433,814,700,813
1395,1436,2826,1342
3246,3372,3373,2209
2876,1506,2961,1450
2577,2740,2739,2678
1204,1284,1203,2776
1204,2738,1112,1205
2575,2638,2574,2639
2816,1280,2861,1281
1518,1496,2910,1514
2946,2944,3366,2851
2863,2858,2859,2862
2475,2211,2198,2460
2235,3370,3405,3178
2557,2357,2645,925
1384,2868,1458,1335
2206,2180,2979,2993
2930,2753,2970,2866
2275,2270,2338,2545
1020,2577,2574,919
2352,2196,2190,2191
2868,1408,1335,2779
1317,2829,1292,2801
2454,2447,761,644
2714,1179,2665,2751
1137,2651,1138,2792
2644,980,2357,825
2524,2034,3212,3213
883,2405,774,935
730,2405,605,774
3217,3027,2534,3379
2794,1380,2927,1454
730,883,2405,774
1025,925,2357,878
2575,699,813,2431
3110,3072,2412,3074
2877,2979,2888,2992
1592,2986,1543,1593
3321,3286,3322,3228
1676,2070,1699,1745
2853,2856,2899,2944
1009,907,908,2629
2559,674,2409,673
2628,800,904,905
1098,2729,2727,1005
1098,1191,2727,2729
2689,1180,2688,1161
2637,2737,2638,2086
2178,2162,2888,2992
983,2489,2642,2372
3385,2504,2502,2710
2113,2502,3283,2493
673,674,787,2559
633,456,2230,484
1722,1676,1745,3045
2849,2767,2846,2899
2976,3404,3328,3001
2242,3208,2919,2021
3158,3167,2265,3166
3369,3187,2240,3191
1469,2885,2929,2838
1195,1275,2771,1276
3442,270,77,2299
905,801,2569,800
2839,2952,2928,2925
3263,2865,2836,3261
2628,2729,1006,1005
2984,2941,2833,3003
2628,905,1006,2630
2847,1345,1268,1344
2628,2729,2630,1006
2994,2894,2937,2826
1111,1204,2738,1112
2891,2799,2786,2996
3189,3191,3016,3222
1486,2945,2902,1487
1449,1343,1415,2763
2914,2913,3377,2534
3191,2240,3220,3186
2969,1663,1655,2958
2051,3208,2918,2916
3240,3287,3286,3237
1020,2574,2740,1019
812,2575,813,917
2391,2522,3334,2692
2969,2968,3022,3001
1739,3066,3085,1716
3367,2725,2844,2942
1532,1617,2842,2958
2951,2913,2998,3026
3216,2522,3229,3334
916,2575,917,2639
3223,2524,3394,3212
2936,1438,1471,2834
2639,2575,917,2574
1481,2941,2898,1482
1541,2902,1486,2945
1716,3066,3085,3067
2962,1452,2880,2961
3348,3350,3328,3403
2533,3378,2915,3377
2248,633,2230,484
2896,1449,1530,1415
3025,3024,3394,3001
2919,2264,3189,3016
2574,918,917,1019
2565,684,798,685
2849,2855,2899,3375
1761,1739,3085,1716
1676,2070,1745,3045
1453,2927,1508,2962
3309,2597,3310,3312
3228,3286,3319,3321
2613,2672,2780,2801
2629,2630,1008,906
3353,2989,2036,3247
3374,2725,2844,3369
2964,2988,3008,3005
3306,3330,2176,3329
1596,2988,1640,2906
3373,3350,2209,3403
2947,2905,2985,2901
2841,2021,2265,3187
2946,2904,3366,3405
2891,2799,2955,2786
2936,2931,2975,1519
3264,3238,3262,3291
3217,3222,2239,3379
3216,3335,3229,3339
2952,2928,3013,3028
2883,2923,2782,2699
3324,2800,2874,2937
2954,3006,2995,1626
3019,3371,3403,2833
2956,2204,3259,2874
1844,3096,1842,1826
2534,2914,3189,3222
2417,2413,2414,2374
3044,2062,3054,1742
140,19,3043,139
3049,1755,2377,2105
680,2417,793,679
2914,3186,2915,2882
2468,758,865,836
2271,608,458,590
2469,2254,2353,2595
2654,2241,2655,2693
2428,2084,2085,2073
2654,957,2535,956
3046,3087,2078,2076
294,2070,3045,2076
2058,285,421,422
2242,2544,3183,2882
678,2374,553,679
2535,853,2393,956
3328,2753,3330,3348
2054,3108,2055,2038
13,3040,133,3052
2753,3330,3327,3328
1784,1717,1762,3086
2974,2930,2970,2936
466,327,458,2271
2271,2354,2267,2268
1682,3431,2090,1706
284,285,421,2057
1795,2100,3080,1812
2935,3326,3328,2930
3061,1814,1796,1772
1731,2102,1773,1774
1731,2102,3081,1773
2415,2417,2414,2374
2439,2609,2606,2365
1703,3078,1725,1749
1748,1679,3078,1725
2994,2894,2839,3261
1025,2645,1035,2665
2439,2365,2606,2438
2439,2747,2609,2667
1853,3097,1855,1843
1810,2375,1791,1831
661,713,2663,722
2610,2438,2606,2608
3201,3202,3161,3204
1859,3092,1856,1862
2610,2747,2608,2606
3093,3194,3193,2066
3092,1851,3098,1861
3109,2073,2091,2089
2290,2298,247,75
2746,2656,2695,2590
2610,2438,2439,2606
2607,2605,2154,2683
2600,2135,3121,2114
3456,333,2302,187
2397,1904,1905,2303
2312,3135,2323,2487
258,99,2319,100
347,2360,2320,2319
347,2360,535,2320
2593,776,891,870
3135,2323,2366,2584
2318,3127,2485,2359
3260,2104,2123,3264
2003,1995,1980,2398
2383,3280,2502,2147
2580,2358,2313,2446
2312,3272,3269,3301
3132,3120,2114,3121
2380,2582,2474,601
2007,3130,1992,2010
2325,2380,2322,2323
3320,2129,3227,3319
3131,1991,2000,2005
2127,3137,3136,2481
2806,1258,2839,1339
2743,2667,2791,2742
2781,2831,2803,2801
3123,1907,2302,1902
543,517,2492,2494
2822,2785,2695,1296
2097,2283,3197,3382
2895,2845,2843,2764
2158,2672,2704,2803
2744,1129,2864,2718
2772,3173,3256,3171
3168,3194,2097,3258
3183,2541,2228,3186
3208,3185,3164,2021
3257,3173,2081,3171
2799,2786,2675,2892
2019,2638,2081,2086
2019,2638,2086,3169
3390,3391,2020,3174
2050,2619,3161,2031
915,2639,1017,2635
3255,2019,2074,3193
2240,3346,3220,3186
3346,3186,2227,3215
2466,2469,3380,2199
2260,2466,3357,3380
2563,2614,2615,2617
3402,2841,2265,3187
3356,2960,2212,3365
3248,2234,3247,3352
3182,2950,2262,3180
2696,3185,3206,2033
2277,2269,2338,2272
1148,1031,2611,2591
1031,1148,2611,1042
2451,2196,2201,2219
3208,2841,2051,2919
2615,3249,3162,3164
3364,3343,3365,2212
3195,2025,3156,3197
2814,2772,3173,3256
2673,2676,2701,2611
3406,3369,2235,3405
2367,2380,600,2582
1002,901,2625,900
3355,3348,2970,3328
1102,2731,1101,1008
2767,1273,1272,2850
2627,2075,2730,3253
3191,2240,2021,3187
2157,3335,3338,2203
600,2367,2582,717
2227,3186,2915,3215
1761,1716,3085,3067
2392,2532,2530,2537
851,741,852,2528
2806,1258,1339,1264
2554,2305,2481,2601
3281,2710,2502,2601
2516,2510,3320,3226
2033,2032,3197,3199
2504,2500,2502,2601
1005,2729,1006,1099
3242,3399,3241,2778
2505,2647,2503,2504
2163,3325,2179,3237
3231,2830,2869,3241
3318,3314,2867,2705
3317,2710,3313,2705
3225,3236,2869,2178
3335,3216,3239,3351
2208,3350,3373,3351
2352,2452,2443,2451
2451,2352,2201,2196
2157,3285,3290,3289
3322,3228,3289,3321
2567,2732,2768,2770
3391,3390,3181,2862
2456,2351,2243,2230
2066,3172,3109,2426
1327,1260,2755,2707
1040,2589,969,2642
238,324,317,2189
2928,2952,2953,2925
2928,3262,3327,3307
3009,2994,2982,2952
864,2444,2642,823
1039,942,2589,2586
1640,1659,3005,1660
2729,1100,1006,1099
3273,2111,3274,2114
2478,2371,3268,2112
3276,3268,3267,3133
2072,2068,2069,2421
2574,2575,917,813
249,2344,336,186
2077,292,293,2070
174,3462,2190,2192
2500,2503,2602,2504
2996,3014,1511,1499
3273,2120,3151,3144
638,599,2165,2343
563,688,2425,689
563,430,431,2076
2048,3250,3249,2696
2161,2484,2710,2705
3143,3140,3135,3301
2008,2001,2012,3134
3292,2111,2122,3280
2109,3263,3303,3270
3143,3140,3134,3135
2609,2747,2606,3267
2662,2744,2805,2718
2583,2838,2807,2806
2403,2560,2716,3196
2755,1261,2824,2684
2037,2342,2395,2548
2697,2410,3250,2407
3275,3282,3280,2128
2303,2305,2309,2481
2592,2127,2110,3136
933,1068,2645,891
3153,3313,2712,3316
2205,3337,3336,3338
2893,2210,2676,2457
606,2449,470,2190
2666,2451,2452,2578
942,1039,968,2586
2224,2186,2495,2351
2692,2691,2651,2879
3228,3288,3286,3237
3311,3399,2802,3305
3318,2510,2162,3226
738,619,739,2517
2722,998,2810,1092
3226,3225,3237,3332
2248,2244,2243,2230
1126,1211,1123,2675
2123,3260,3264,3286
2297,2288,2287,2289
2244,2456,2243,2230
3403,3019,2209,3372
3221,3223,3212,3213
3022,3029,3001,3024
2753,3348,2970,2972
2952,2839,1478,1515
2995,2978,3013,2953
2952,1564,1515,1478
2950,3182,3244,3247
3173,2775,2735,3181
456,361,2230,484
2235,3391,3370,3178
242,2250,2231,2249
2222,2229,2231,2233
3177,3211,2212,2235
3186,3191,3189,3222
1543,2945,1542,1487
2947,2905,2906,2985
2805,2150,2836,2791
3367,2725,3369,2844
2946,2944,2634,3366
2722,1184,1092,2810
2983,3367,2844,2942
2833,2938,3217,3029
3218,3221,3212,3213
3405,2087,3370,3368
2777,2788,1285,2776
2261,2466,2260,3358
2467,2469,3356,2466
3337,2205,2956,3243
1375,1298,2677,2959
2858,2950,3174,2926
3015,2458,2955,3243
2861,2860,2816,2857
630,2396,507,2549
2236,2477,2460,3365
3348,3355,3403,3328
2412,3386,3096,3110
1848,3089,1832,3095
3096,3097,3072,1854
3045,3451,2070,146
3201,3202,3204,3110
2248,609,633,484
505,2341,382,2545
769,886,2555,889
3200,2018,2560,3108
2546,2278,2396,2279
991,2689,1082,987
3008,2458,3006,3007
3012,2971,1631,2999
2551,2698,2697,2547
2995,2978,2953,1569
1529,2971,1573,1523
1664,1,1687,3064
357,2030,272,530
3032,2300,2030,2029
184,2298,314,2108
2105,1709,1686,1755
2450,3285,2453,3336
1829,2061,3106,1805
2500,784,2499,772
1829,1822,2061,1805
2498,2450,2453,3336
2037,2342,2341,2395
630,2396,629,507
2498,2450,2452,2453
1806,3102,1818,1764
2341,2037,2338,2396
1764,1818,1786,2067
2498,2450,2497,2452
225,2258,2259,226
2498,2450,3336,2497
504,626,503,2540
2743,1072,1155,978
1825,3070,1818,1826
1124,2614,2622,2719
3070,1806,1826,3106
2548,2698,2546,2547
3363,3342,3364,3346
1910,1912,2313,1876
1124,2622,1149,1259
2544,2541,3183,2882
3363,3342,2211,3364
190,88,3436,89
3363,3342,3345,2211
1223,2820,1224,1307
3363,2252,2211,3345
3225,3231,2179,2980
2410,787,786,972
2410,3250,2039,2615
2212,3364,3360,3357
315,3443,249,185
3462,2171,57,238
2700,1158,1241,1209
2786,2799,1300,1371
1110,2738,1017,1111
1448,2891,2786,2996
2649,1046,1047,949
1137,2651,2792,2650
950,2649,1047,949
3363,3364,2211,3365
1466,2840,2795,1463
2544,2542,2590,2543
2914,3186,3215,2915
3250,2039,2615,3249
552,2056,551,419
2810,2760,1184,1183
2252,2475,3380,3365
3363,3364,3365,3357
3361,2198,3345,3340
1223,2819,1306,1222
2654,957,2655,2535
1060,2697,1041,2658
1041,1171,1060,2658
2542,2395,2548,2037
885,2605,993,1073
3097,3072,1854,1843
1463,2794,2795,1510
2683,2605,1073,993
894,2563,893,789
2709,2605,2683,2708
2882,2746,2695,2590
1875,3427,93,1876
2670,1070,1179,2665
92,192,93,3427
3223,3229,3334,3216
976,2670,1086,1030
2532,3378,2530,2537
2519,2521,2388,2517
735,2384,2511,2385
2529,3338,3340,3339
1100,2630,1007,2731
2313,1910,1876,1875
1143,2793,1226,1142
1100,2630,1006,1007
2651,951,2650,1049
3333,3334,2180,3235
1100,2630,2729,1006
1423,1486,2902,1487
1541,2902,1485,1486
2336,2518,2195,2512
1483,2943,2941,2898
905,1007,1006,2630
1635,1622,1634,2999
1589,1590,2984,2943
2327,1887,1922,1888
2215,2218,219,2520
1711,2029,1664,1735
2738,1018,1112,1019
2218,2215,2389,2520
6,5,3050,126
2270,381,2341,382
1018,2639,917,1019
3407,2043,2041,3039
3429,351,200,404
1763,1718,3071,1785
1887,3429,1888,2327
3122,2482,3283,3125
1694,1670,3041,15
151,3058,30,31
1747,3046,1723,2078
3057,1723,1746,1677
2767,2765,2846,2848
2344,2494,2113,3125
2960,3343,2212,3365
619,2520,497,620
166,313,312,2105
1247,2748,1151,1173
1247,2707,2748,1173
2217,2221,2220,2197
3123,1902,1953,1959
2359,2316,1914,2319
1943,2318,1914,1946
2512,2518,495,617
2191,2192,59,239
2318,1943,1914,1911
495,2512,371,372
1946,2318,1914,2359
2359,2316,2318,1914
2447,2448,2613,837
69,2272,70,2270
2242,3395,2695,2916
1930,2331,1955,1927
3223,3229,3216,3224
2335,364,2141,2492
86,251,3458,85
2983,3367,2851,2844
1955,2331,2347,1929
2774,1110,1202,1203
2736,1016,1110,1017
1929,2331,1927,1955
2053,2038,2373,2054
478,2327,351,403
3460,261,199,350
105,261,106,3433
362,323,2220,486
3123,1980,1959,1953
2141,209,315,364
374,2218,2520,219
1967,3124,3113,1972
2983,3367,2944,2851
2983,3367,2942,2944
3327,3326,3328,3233
2178,2035,2162,2992
2754,1167,1213,2704
1901,3123,3113,2344
2094,162,3439,3062
2101,2099,575,2433
1901,3123,1953,3113
3385,2504,2505,2502
2816,1108,2736,2773
2851,3367,3372,2844
2383,2507,2382,2505
3284,2155,2442,3323
374,219,2520,373
2385,2503,2382,2505
2087,3391,2862,3178
2905,2903,2861,2904
1429,2908,2861,1430
2837,2583,2807,2806
2196,175,2197,2219
2459,2216,2495,2224
1934,2400,1963,1966
3458,188,3424,85
2304,2303,2397,2481
2356,2580,3152,2556
3459,110,263,109
2806,1258,2742,2839
3320,2510,2513,2505
1934,2333,2400,1966
664,2369,665,2438
2151,2149,3299,3295
3337,2186,2495,3336
2401,1963,1966,1977
2400,2333,2401,1966
2440,3321,2173,3284
2512,493,494,370
2465,2223,3358,3383
2641,2679,3392,2594
3170,2098,3392,2739
2668,2739,3170,3392
2216,2451,2201,2219
2211,3342,3345,3340
2714,1154,1253,1215
2202,3285,3336,2203
2497,2202,3336,2186
3130,1990,1992,3114
3425,190,2311,3436
2308,335,2311,532
3130,1990,2007,1992
389,2307,396,473
2451,842,2666,2443
2779,1403,1476,1333
3290,3259,2453,3336
2724,2845,2726,3400
2847,2763,2895,2897
2334,2371,2347,2121
390,2350,2332,2330
2478,2334,2121,2371
1358,1431,1430,2859
354,3446,267,2331
2843,2721,2726,3400
2845,2843,2726,3400
2045,3066,3040,134
14,134,3434,135
415,2047,279,416
1312,2822,1296,1372
2334,2331,2347,2370
2331,2370,1955,2347
142,3044,3428,2063
2822,1301,1296,1372
294,2077,430,293
2829,2804,2835,1385
2666,842,2586,2443
1444,2829,2835,1385
1683,40,1706,3062
2368,1923,1925,1952
439,2092,303,440
160,40,161,3062
318,324,173,2189
318,2169,487,459
586,610,2189,459
2083,1748,3079,3078
1403,1464,1398,2823
3443,185,79,249
2083,1724,1791,2078
2845,2843,2764,2726
2895,2845,3402,2843
2183,2444,2166,2169
2936,1471,1498,1519
2451,2666,2452,2443
2344,2136,2141,2494
2602,772,931,2500
2494,543,2306,2492
2344,331,336,186
2344,331,542,336
1467,2885,1411,1498
2030,2552,2300,2288
2936,1438,1498,1471
3131,2011,2000,3141
2344,2136,3113,2141
2382,2385,2506,614
3131,2011,2005,2000
2622,2051,2760,2759
2193,2512,2336,2188
2171,2170,2188,2181
2936,1438,2885,1498
69,180,70,2272
2936,1438,2834,2885
1061,944,964,2588
2198,2475,2460,2243
2270,69,228,70
2341,2396,2338,2545
2232,64,2231,2233
2885,2931,2936,1498
3414,389,396,189
2234,3352,2036,3247
1425,1352,2854,1424
467,2599,595,409
2701,2892,2676,2673
1352,1351,2854,1424
2683,2755,2798,2684
3364,3341,2211,3365
1469,2885,1467,2929
3162,3200,3163,2018
1366,2838,1326,1396
3042,285,284,2057
3046,3057,295,149
151,3421,3058,31
2918,2760,2051,2759
2018,3155,3162,3200
2625,795,900,796
2018,3155,2050,3162
540,2040,2044,2030
435,298,299,3079
2234,3364,3341,3342
1515,1397,1474,2925
1510,2794,1455,1463
166,2105,312,165
580,448,581,2106
40,160,39,3431
1512,2890,1476,2779
1028,989,2448,875
2933,1464,1534,2890
1096,2765,2727,1189
1403,1464,2823,2890
927,2448,826,837
3117,1999,1983,1968
2325,463,523,601
2325,476,667,668
2589,1170,1065,1173
322,363,2165,468
2139,2131,2119,2493
1936,1863,1864,2130
1555,1497,2783,1536
2921,1536,1575,2964
2388,2336,2215,2145
2403,2553,2716,2044
742,853,852,2393
2403,2553,3196,2716
2403,2040,2030,2044
3084,2403,2040,2030
2928,3013,2972,2953
2541,2538,2537,2915
2213,3362,2337,2226
500,623,2536,501
225,379,224,2255
868,2447,934,2613
645,639,2317,460
475,2362,657,668
401,2325,2324,348
2662,2488,2603,2474
582,581,2295,655
2452,2666,2586,2443
2929,2973,2970,2971
3084,2403,2042,2040
866,842,2443,2586
2333,2370,2401,1966
973,2488,2486,2704
3034,3032,3083,2023
2023,3032,2030,3034
866,2589,2586,2443
660,539,711,2334
3039,2404,2043,2041
2042,2404,2041,2403
3418,342,204,2331
2317,2596,2448,2360
1269,1345,1268,2847
418,550,2045,551
417,281,418,2045
2053,1816,2061,2054
1715,3040,1693,1669
1858,3094,1855,3038
2733,1009,1010,2629
2945,1635,1591,1634
2427,805,804,909
2845,2843,3400,3402
2360,821,643,2486
2360,645,513,643
989,927,2672,2448
2103,311,447,2106
1236,1115,1116,2678
2403,2040,2041,2042
1112,1113,2740,1019
833,2582,785,715
199,262,3447,403
477,350,2326,538
2447,662,2448,770
2642,884,983,2372
2439,649,862,782
879,2667,759,835
315,3443,2344,249
2648,2511,949,2649
1294,2925,1330,1367
2943,1540,1541,1485
2507,2383,3319,3385
2387,736,847,737
2517,2519,2386,2388
2336,2200,2191,2195
2215,2200,219,2197
1541,2902,2943,1485
385,2276,384,230
2338,2396,2278,2275
2048,3206,2696,3185
747,858,2342,748
1162,2561,1041,1029
2275,2027,2273,2274
2545,229,228,383
3205,3184,3207,3209
859,963,2551,860
275,2040,2041,2044
2575,699,698,812
1405,2834,1472,1399
2422,686,687,561
474,2360,585,535
491,2382,2506,614
2934,1554,1500,1513
2305,656,654,2555
2966,1444,1500,1505
2484,877,2483,2593
543,611,659,2499
731,2381,2500,2499
866,872,2183,709
586,606,2183,709
2966,1444,2835,1500
729,872,709,2183
586,452,2189,606
729,2444,823,2183
606,2183,709,2443
729,610,2444,2183
872,729,823,2183
283,282,2056,419
3228,3293,3289,3321
555,2417,2419,681
2121,2490,2604,3133
558,2064,559,2420
1000,898,2624,999
3202,3397,2059,3161
1236,1254,2678,1166
2439,2747,2606,2609
914,810,2429,809
2578,2666,830,936
2373,2056,2054,2408
2056,2373,2054,2053
2459,881,828,708
708,2459,718,828
1527,2958,1530,1567
3182,3343,3359,2212
3176,2702,2909,2237
391,2271,327,466
2738,2775,2639,2740
2281,2027,2285,2472
2271,2256,2257,392
2268,608,2271,590
1527,1585,2958,1567
2371,2600,3133,3268
2056,2045,2054,2408
1622,2971,1580,1627
1627,1571,2975,1580
493,615,2384,616
2971,1627,2975,1580
1147,2785,1250,1230
3067,2056,2045,2054
2038,2373,2054,2408
3270,2747,2609,3267
228,383,382,2545
961,857,2342,960
1620,2969,1578,1625
2317,399,460,522
1572,2966,2990,1558
2754,2834,2828,2917
1315,1233,1292,2801
725,2486,2488,2362
2486,643,585,760
2362,2486,585,725
2348,2489,663,646
2969,3011,2990,3001
355,2348,518,515
2491,663,2348,2489
2053,2038,2060,2373
1606,1572,2990,1628
2934,1558,2977,2990
415,547,2043,2409
2405,2715,2406,2550
3404,3003,3011,2990
511,530,540,2030
2763,2762,2895,2812
2845,2849,2846,3402
2083,1748,1768,1791
2951,2913,2795,2998
687,2569,800,2422
2079,2568,2572,2427
1808,3073,1839,1830
3179,3257,3256,3173
38,158,37,3417
2921,1514,1414,2910
2426,2424,2078,3056
3210,2283,2097,3381
2085,571,2429,572
571,2085,439,572
2079,298,435,3079
2319,2316,2317,2485
3257,3173,3181,2081
469,2314,533,644
2969,1663,2958,3010
3000,1584,1632,1534
2876,2779,2868,2888
3000,1584,1646,1632
2068,2071,2421,2077
2424,3087,2076,2078
838,2461,2464,726
1021,2740,1114,1020
1085,1236,2594,1166
2461,593,2464,726
726,593,2464,724
2461,2354,2462,2579
3000,1584,2969,1646
3193,3255,2066,3204
1534,3000,1586,1632
3000,1607,1586,1632
2392,623,2393,2536
3184,3205,3206,2021
1598,2988,1642,1641
51,210,2134,52
2988,1640,1641,1597
729,586,610,2183
2988,1640,3005,1641
864,775,2343,757
2599,2138,2343,2137
3109,3193,2066,3100
1661,1651,3011,1658
2308,335,2307,2311
2966,2976,2990,2934
2127,3137,2110,3136
987,2484,2689,979
2078,2424,2079,2076
2977,3003,1658,1647
3003,1661,3011,1658
2070,294,2077,2076
1661,3003,1647,1658
720,764,876,2474
2712,2664,3398,3310
994,890,2488,971
2422,561,2423,2077
3335,2203,3289,2163
2577,2740,2574,2739
1672,18,1695,3043
2637,2434,2640,2576
3405,2087,3178,3370
1015,2635,914,1016
3095,3109,2066,3100
3042,1717,1671,1695
162,3439,41,42
3165,3194,2031,3204
2641,2594,2464,977
3386,3201,2031,3204
2244,753,728,861
712,638,2343,757
2092,304,440,441
830,829,2216,2578
3386,3076,3204,2066
2922,2891,3009,2955
2562,2415,2414,2374
682,556,2419,681
2062,3044,1719,1742
2392,2527,2528,2389
2392,2394,2393,2537
2415,2616,2414,2617
3378,2227,2537,2915
2155,2104,3323,3260
924,1033,2578,936
2562,2415,2411,2563
1087,1080,2742,940
1295,1182,2745,1302
3252,2723,3400,2728
2618,3203,2412,2416
669,2451,598,2443
781,890,971,2488
3012,1618,3017,1638
2931,2885,1467,1498
2062,1742,1719,1764
1089,994,2662,971
2424,2072,2077,2076
1334,2804,1257,1385
1178,2743,1072,1155
1598,2988,1641,1597
47,168,3049,48
2040,274,410,2044
1401,1337,2839,1342
2426,2424,2079,2078
920,2577,919,815
3049,1755,1732,2377
410,540,2044,603
2594,1236,2678,1166
1686,3049,1732,1710
1755,1774,1732,2377
3049,1755,1686,1732
2507,2508,2129,3319
1678,1724,3058,1747
2216,924,2578,829
2072,2070,2077,2076
3108,2028,2560,3200
2078,1747,1790,1723
2078,1747,1724,1790
3033,2042,3035,1803
2065,2425,2077,2423
2385,844,845,734
1161,2648,1175,1134
736,846,2511,847
2658,1147,1250,1171
1690,3051,1736,1667
2065,2424,2077,2425
2041,129,276,130
961,2657,962,1059
1145,1057,1146,2657
412,2044,2041,544
1469,2885,1396,1467
2839,1410,1478,1515
2826,3004,1413,2824
1324,1252,2807,1331
833,2582,939,785
2860,2853,2904,2815
2652,2521,2517,2390
2673,1121,1148,2591
2238,3381,3258,3170
2703,2463,2587,2702
2652,2521,2653,2692
3160,3202,2059,3161
2628,800,799,904
799,685,2565,798
899,2419,2625,2417
1581,1611,2963,1654
2654,1052,1141,1053
2083,1748,3078,1768
2761,3167,3162,2050
2091,2084,2088,1793
2641,2436,2577,921
2430,567,693,568
1124,2614,995,2622
1819,1829,3106,1805
3104,1819,3106,1805
1124,2759,1218,2719
3104,2053,1805,2061
1462,2813,1386,2896
2084,2073,2091,2092
1037,1067,1150,2719
1822,1816,2061,1805
1050,2651,1138,1049
2379,3061,2378,3107
2241,2533,2391,2653
2507,2385,2505,2513
2154,2643,2683,2708
2084,2073,2089,2091
2426,2083,2089,2375
1753,2095,1796,1772
1796,3061,1772,2095
788,2559,2563,893
2801,2672,1174,1083
974,868,1036,2613
2781,1293,2754,2804
2781,2831,2917,2803
1399,1438,1370,2834
639,2448,770,763
2522,2521,2525,2519
2379,3061,2102,1801
602,2480,752,776
1068,992,2593,891
1806,1819,3102,1785
334,3458,2309,396
2440,2182,2442,2166
2626,1003,1004,902
1003,2727,1004,1097
2727,1189,1190,1097
2182,2440,2173,2166
3317,2710,2161,3385
1098,1191,1190,2727
1345,1269,2848,2847
808,807,694,2430
3096,3097,2412,3072
2924,2796,2926,2965
1851,1858,3098,1861
1850,1831,1830,3105
2436,2640,2641,2577
2463,2777,2098,2909
916,1018,2639,917
2573,2638,2431,2570
2888,2714,2868,2867
1791,2375,1809,1831
3353,3352,3007,3349
2375,3056,1809,1831
3061,1797,1772,2102
3075,3076,3105,3073
1847,1832,1831,3105
1460,2991,1458,2868
1074,1180,1244,2706
3089,1832,3105,2089
3081,1773,2102,1797
1378,1306,1307,2819
3073,1808,3056,1830
2656,2543,2657,2590
1788,2069,1807,1839
2069,1808,1839,1788
2784,1288,2700,1303
2174,3297,3319,2173
1839,1825,3073,2069
3042,285,2057,3043
2857,2087,2735,2862
3042,284,138,137
3042,138,17,137
838,726,2464,724
2703,2777,1287,2678
3048,1840,1845,1834
3053,3042,137,2052
1130,1254,2703,1242
3053,1694,16,1671
3061,1797,1814,1772
3175,2960,3176,2237
1259,2622,1238,2759
573,2092,574,2431
2563,2614,2559,2615
2148,3279,2122,3277
1000,1093,2722,1094
3139,3140,3301,3312
2441,2164,2115,3297
907,2425,908,2629
3257,2074,3256,3171
2129,2507,2513,2384
97,2316,3452,194
2776,1284,2774,2859
194,2316,257,97
3127,1969,1998,1981
2781,2672,2803,2704
2083,1792,1810,1768
2977,1603,1554,1552
2113,2494,2381,2493
2330,265,202,3415
113,3415,202,265
855,2539,958,854
1124,2759,1259,1218
2654,1054,956,1053
2605,777,885,841
1568,1613,1565,2954
927,2672,2448,2613
2343,2444,2165,2115
2996,1447,1511,1456
1404,3004,1465,1456
2122,3279,3278,3277
396,480,473,2309
996,2622,2617,2810
3134,3271,3143,3135
2307,396,473,2309
2661,2582,2662,2474
3280,3385,3281,3316
3280,3316,3275,2128
1947,2361,2322,1968
348,2325,2320,475
3316,3385,2128,3280
3280,3316,2111,3275
2722,2624,2721,2621
2908,1429,1493,1430
1429,1356,2861,1428
1934,2400,1931,1963
1323,1416,2959,1298
2904,2903,2861,2815
2989,2987,3180,3248
2948,2989,2949,2988
2786,1373,1448,1407
3419,1931,1898,1934
435,567,2376,568
3014,3004,1511,1553
2866,2583,2828,2930
3282,3296,3288,2128
2172,2170,2168,2181
851,2390,740,2528
2779,1408,1253,1333
2361,1960,1981,1968
1512,2991,2868,1458
2465,2238,3358,3392
3268,2600,3133,3276
3233,3237,2153,3305
3324,2687,2886,2104
2745,2757,2825,2824
2743,1178,2744,1155
1263,2838,2828,1326
1237,1295,2839,1342
567,2430,2376,568
3115,2345,2346,2556
1564,1616,2995,1569
2345,3136,2479,2556
2079,296,433,297
2235,3359,2212,3174
2633,1197,1196,2815
2644,2663,2301,2454
2943,1540,1485,1484
2856,2902,2944,2901
2691,2650,2515,2690
3017,2986,3020,3012
2245,2246,2253,3380
2356,1971,1944,3114
2902,2944,2901,2851
2903,1353,2854,1426
3237,3240,2153,3305
3389,2236,3244,3365
2165,2169,2132,2140
3324,2204,2937,2874
3009,2994,2873,2982
1037,2561,2614,2719
3251,3397,3253,3254
2534,3027,2998,3026
2896,2958,1532,2842
2762,2810,2621,2760
2395,2342,2341,627
2127,2479,2399,2481
858,859,2547,748
1644,1618,1582,2973
2985,2947,2901,2851
2986,1637,1636,3012
1263,2838,2864,2828
1543,2945,1592,1542
1059,2657,962,2658
2037,2342,2547,2341
77,3442,1,3
1637,3012,1618,1644
766,594,2663,722
1971,3114,1970,1944
2607,2756,2109,2152
1249,2779,1253,1333
231,2276,385,230
2747,2756,2608,2607
2921,1536,1517,1575
2326,2380,2322,2324
1921,1949,2326,1919
1417,1481,1480,2897
1332,2760,1320,1183
3129,1976,3134,2002
2958,1617,1585,1532
3027,2534,3379,3026
353,2329,406,202
1588,2941,1539,1589
1540,2943,1589,1539
3018,2967,3394,3235
1969,1984,3116,1996
3199,2026,3197,2033
3127,3128,3145,3138
1371,2996,1456,1447
231,2276,2282,385
2745,2742,2825,2790
2610,2747,2667,2790
3221,3350,2523,3329
2952,1477,1478,2839
2583,2837,2836,2806
1635,3012,1636,1631
2582,947,939,785
2006,1995,2009,3119
261,105,198,3433
2756,2610,2745,2790
1536,1497,2783,2921
1613,3014,1579,1553
2837,2743,2807,2805
3120,2006,2017,2009
2786,2996,1371,1447
2790,981,2610,2745
2756,2610,2608,2745
2097,3192,2022,3168
1590,2945,1591,1634
3111,3093,2022,3100
2743,2805,2836,2791
1373,1313,2782,1383
1577,1516,1526,2995
2022,3169,3100,3193
3194,3093,2022,3111
2921,1497,1517,1536
3193,2022,3093,3100
3194,2097,2022,3168
1555,1497,1502,2783
3223,3216,3334,3213
3019,3371,3372,3403
1535,2978,1615,1569
2662,1075,982,876
476,463,2325,667
2367,478,587,538
2325,2320,2322,2324
1104,2733,2633,1196
664,2369,516,665
3282,2383,3319,2509
2239,3213,2034,3377
1587,1566,1523,2973
1568,1626,2954,1577
1204,1285,2776,1205
2873,2204,3028,2955
3027,3024,3379,3025
2350,355,390,2332
2034,2524,2391,3213
2916,2719,2759,2758
2741,2700,2782,1383
1341,2808,1261,2824
3216,2207,3213,3214
390,2350,481,518
1585,2958,1649,1617
662,2358,2317,522
1581,2963,1617,1654
2962,3010,2963,1562
2339,2340,3383,2033
662,522,2317,639
3042,285,138,284
2214,2199,3380,2246
3040,134,3434,13
1693,3085,1739,3066
2761,3167,2265,3164
2806,2743,2836,2742
160,39,3431,159
1751,3417,2090,1682
160,2090,3431,3062
2562,2616,3162,2414
346,2317,460,513
1673,3044,1719,1697
513,645,2317,460
2742,2743,2836,2791
2069,1825,3073,3070
286,140,3043,139
699,573,574,2431
2616,2562,3162,2558
1340,2834,1322,1370
2573,2432,2073,2431
3277,2478,2112,2115
1773,1754,1797,3081
3163,2562,2038,2408
2053,2060,2061,3104
3057,1700,1677,1746
2053,2038,2061,2060
1800,3083,3034,3032
2053,2060,2057,2373
125,2029,124,3413
2373,2060,2057,2416
2373,2058,2416,2057
153,32,33,3441
2135,2493,3283,2139
1704,1726,3060,1680
2038,2060,3072,2061
3059,155,3060,35
1046,948,2648,1077
553,2058,2056,421
3053,3042,3065,1671
2127,3137,2482,2110
675,2409,674,549
2053,2060,3104,2057
284,283,137,2052
136,3053,15,16
2094,2435,2102,2106
2099,308,2093,307
1840,3061,1813,3048
2432,2096,2093,2099
1795,2100,3090,3080
1795,2100,1771,3090
3238,3287,3264,2153
1850,3075,1842,1860
2069,1825,1807,1839
3074,3102,2060,2062
3086,1695,1717,3042
2417,2058,2419,2416
3072,3070,3096,1826
1822,2055,3072,2061
3070,1825,1818,2069
2053,2038,2054,2061
1694,3053,3041,1740
3252,3160,2623,2049
2780,2672,2803,2801
2083,1724,1748,1791
2065,3397,3202,3204
2555,2399,2483,650
3315,2664,3152,3398
2418,2064,2421,2063
2083,1724,3079,1748
429,561,2077,562
2426,2066,2065,3056
3151,2581,3152,3130
2082,1808,1809,3056
2068,2064,2063,2421
1845,3092,1856,1859
3044,2067,1743,2063
3086,1763,1741,3071
2618,2038,2412,3163
2110,3137,3152,3136
208,2141,50,209
2638,2737,2734,2081
2618,3163,2412,2619
2068,2072,2070,2077
3042,3053,3065,2052
3157,2018,2031,2025
1838,1835,3082,1851
3068,3093,2378,3092
1311,2695,1228,1312
3124,3119,3121,2135
1228,2656,2695,2746
2019,2074,3257,3171
407,3440,269,3419
2304,2303,2302,1903
2303,3456,1903,3424
1846,3033,3098,3038
2081,2019,3257,3171
2318,1913,1958,1943
2318,1913,2315,1958
1986,2349,2347,3126
3069,3068,3082,3111
73,231,2282,232
1891,1926,2330,1892
3410,1928,1893,1892
2368,1923,2329,1925
3424,1904,1869,1868
731,2381,612,2500
1941,1982,1950,2304
2397,1904,1941,1905
3458,1905,1870,1869
529,2399,2309,2305
2487,2360,2362,2603
3147,3274,3295,3301
474,2360,2319,513
2359,1917,1916,1960
2359,1917,2319,1916
2290,73,2282,232
2120,3273,3274,2114
1986,1964,1978,2347
2331,3438,204,3418
2571,2631,2636,2430
3091,3093,3100,2066
2318,2317,2316,2485
3127,1996,1969,3116
1998,3127,1981,3128
1901,3123,1902,1953
2238,3170,3258,3181
1956,2356,1909,1935
2735,2734,3173,2636
2012,2015,3144,3141
2380,2323,2474,2582
3127,1996,3145,1998
2483,769,765,886
1864,1936,2130,1901
3425,190,253,2311
2274,2290,73,2282
3130,2581,3152,2580
2554,2303,2302,2304
1972,1940,1953,3113
2151,3147,3295,3299
3061,2100,2095,1813
2371,2121,3133,2347
2090,2432,2091,2100
1995,3123,3119,3124
72,2282,2274,73
3309,3298,3312,3301
2090,160,306,2093
1974,3114,1992,1971
2002,3141,2012,3134
2813,1441,1412,1393
2546,2698,2548,2696
3208,2841,3164,2051
2722,998,2624,2810
2149,3272,3299,3295
2118,2400,1937,2117
2812,2264,2918,2919
2260,2339,3383,2277
3158,3155,3199,3249
2279,3195,2288,2550
160,307,306,2093
10,131,3426,11
306,2099,2101,2093
306,2099,443,2101
306,2099,307,443
2435,2080,2660,2576
2274,2290,246,73
2435,580,2295,2106
2435,580,2436,2295
2058,554,421,553
3061,1797,1801,1814
142,143,289,2063
2473,2293,2435,2295
2060,3071,2062,3102
3386,2031,2066,3204
3277,2112,3292,2115
2628,903,1005,904
3063,2106,2105,311
3061,1837,2378,1840
3193,2074,3255,3204
2640,2576,2660,3169
2571,2631,3171,2636
2436,2576,2103,2435
1933,2370,1966,1942
582,472,655,2295
2143,2116,2493,2140
2147,2139,2493,2140
572,697,2429,698
2290,2297,232,2282
1774,2102,1801,2377
2135,2493,3125,3283
915,2575,2639,2429
2428,2073,2570,2426
391,2280,2354,457
1838,3083,3069,3082
2101,443,575,2099
1774,2102,1773,1801
448,581,2106,449
2096,3061,2095,2102
2493,2501,2143,2335
331,2306,2344,542
2165,322,2142,2132
208,2141,2130,50
528,534,344,2302
2643,2709,2683,2708
2142,316,171,338
2139,2132,2140,2165
2401,1963,2400,1966
745,626,746,2543
2131,2400,2117,319
2132,322,2142,237
2135,3124,2401,3121
3277,3268,3276,2600
2131,2400,2119,2117
2132,2146,2142,2335
528,534,2306,653
2602,783,772,2555
2143,2146,2132,2335
240,2221,362,176
2383,3280,3385,2502
489,612,611,2381
1977,3121,1989,1993
2280,2273,2272,2277
2168,2172,2166,2189
829,924,2578,936
1063,2489,1073,2709
2155,3388,3387,2798
3266,2155,3260,2104
170,236,2117,319
823,2444,2642,2183
2354,2280,2272,2277
2199,2269,2267,2257
2257,392,179,327
2168,318,173,2189
1263,1326,2828,1246
2266,2255,2246,2394
2261,3211,3207,3357
492,368,369,2506
3287,2149,3300,2151
2141,2136,2119,2493
2922,2891,2783,3009
3123,1972,1953,3113
2139,2132,2493,2140
2135,2139,2112,2119
2420,2422,2049,2421
2184,2193,2188,2181
2335,364,210,2141
54,2144,55,213
2492,2493,2335,2501
365,366,2335,211
366,365,2335,2492
3288,3297,3286,3296
2451,2216,2201,2497
2512,2195,2188,216
215,216,2188,57
635,633,2230,2456
456,361,323,2230
456,635,633,2230
2351,2230,2222,2231
2458,2922,2955,3243
2467,2267,2462,2268
2212,3211,3357,3360
3362,2198,2253,2252
2950,2965,3244,2926
2338,2257,2269,2266
362,2219,488,2220
2245,2243,2254,2475
2340,2261,3358,3209
2469,2245,2353,2254
2545,229,2275,228
2048,3250,2615,3249
2371,2138,2334,2370
2336,2200,2197,2191
1611,1562,1563,2963
2538,2590,2655,2915
2450,2194,2445,3294
2208,3350,3347,3246
2541,2542,2214,2394
756,708,2456,635
3297,2509,3319,2173
881,863,2456,2591
3184,3211,3360,3357
2741,1158,1209,1121
2252,2227,3357,2214
2673,1121,1231,1148
2173,2509,2164,3297
2467,2353,2267,2268
964,966,1064,2646
3046,30,1701,29
3228,3288,3319,3286
2244,753,609,728
2422,2420,2071,2421
2612,2671,2613,2447
391,2280,2272,2354
3399,3242,2151,2712
584,2476,641,2249
3321,2129,2124,2173
2328,2437,2369,2368
561,2423,2077,562
2341,2037,2266,2338
2284,3197,2033,3383
584,2249,514,464
2468,2476,2249,641
2395,2542,2266,2037
2406,2550,631,632
2256,2468,2249,641
2270,2341,2338,2545
3441,152,3421,3079
2288,3196,2550,3195
3397,2074,3161,3204
3286,2174,3297,3319
2466,2223,2267,2260
357,234,2300,388
2169,2444,2166,2165
2475,2211,2252,2198
2251,2249,2256,2245
1733,3084,1734,1798
2292,2288,2296,2289
2205,3337,2956,3336
346,2317,2316,399
3163,2562,2408,3200
989,1028,2448,2672
2484,2161,2689,2705
2685,3324,2874,2177
2125,3139,3312,2581
2254,2468,2595,2476
2325,2380,601,523
1915,2322,1947,2320
2360,2319,2317,2485
1976,3117,2366,3134
3324,3259,2874,2177
2325,667,601,2474
3298,2661,2312,2150
2320,400,475,535
2450,2585,2452,2453
2469,2245,3380,2353
2240,3346,3184,3360
1312,1230,1296,2695
2682,3389,2680,2960
2468,2476,2588,2595
3108,3163,2408,3200
2825,2894,2824,2757
2701,2741,2591,2646
2863,2858,2862,2909
3259,2674,2874,2177
2450,2585,2443,2452
606,2449,598,470
2445,2440,2442,3323
866,669,709,2443
2015,3131,2005,2006
2589,866,2183,2443
2785,1230,2695,1296
2585,2445,2443,2442
2643,2683,2709,2707
2192,58,59,239
112,3415,202,113
2747,3270,2790,2152
2364,2437,2606,2365
2056,2562,2408,2373
324,452,317,2189
271,360,239,2191
3192,2292,2472,2097
1837,1801,2378,1836
1844,3096,1854,1842
449,2107,2106,313
2145,2519,2388,2386
2652,1052,1051,1140
617,736,2511,2387
2950,3182,3174,2926
2169,2189,2168,2166
2137,2333,467,2599
2489,762,2372,882
467,2599,409,2137
888,2438,780,965
1132,1208,2677,1128
1162,2561,2658,1041
792,678,2374,791
2410,2559,2615,2558
2215,2200,2518,219
2796,2787,2926,2910
2950,2863,2910,2926
2618,2620,2623,2414
3390,2098,2862,2909
2629,2733,2632,1010
2059,3397,2627,3253
2567,3254,3401,3253
2628,2422,2728,2565
2237,2960,2682,2926
1015,2635,913,914
2446,3116,2313,2580
60,218,2200,219
2104,2687,3323,2453
1039,1065,2589,942
59,2195,2200,218
866,872,942,2589
354,3446,205,267
2184,2124,2172,2194
218,2195,217,59
75,183,76,2299
3293,2145,3294,2129
2477,2244,2456,2243
3216,3335,3338,2205
2216,2451,2452,2497
2237,3174,2926,2909
2461,941,834,977
2594,1117,1085,977
2353,2468,2268,2595
2281,2027,2274,2285
2594,2703,2463,2587
2226,2225,2337,2231
2244,2476,728,609
3285,3290,2453,3336
2248,242,2249,325
2145,2519,2525,2388
2249,584,609,464
2476,840,861,728
2299,77,184,76
2232,2213,2337,2231
2207,3214,3340,3345
2303,337,334,529
784,723,2499,772
2484,991,886,987
3337,2893,2956,3336
2389,2215,2337,2187
3015,2204,2997,2956
240,60,2197,61
2186,2455,2495,2351
3259,2674,2956,2874
2455,3337,2495,2457
2215,2187,2525,2337
2690,1289,2818,1219
2117,1938,3113,2130
2751,2829,2801,2887
3283,3281,2502,2482
2649,1047,1134,1136
2497,2201,2186,2224
2385,948,2648,949
1936,1938,1863,2130
2186,3361,2525,3338
2056,2411,2374,551
2181,2116,2508,2382
3288,3297,3319,3286
2455,2460,2243,3361
2741,1313,1290,1231
614,2385,2503,2382
3363,3342,3346,3345
2531,2521,2527,2522
739,740,2390,620
2527,2531,2522,2207
2352,2133,2497,2201
2133,2352,2497,2450
3442,2299,2029,270
2213,2392,2337,2530
171,2131,2142,2134
2352,2452,2450,2443
2229,220,221,62
2840,2760,2918,2759
960,1057,2657,1058
3357,3211,2212,3356
2558,2411,2409,2563
2020,2238,3209,3384
2881,2821,2695,2746
3442,2299,77,2108
2354,2280,2277,2223
2282,2550,2288,2552
3185,3205,2021,3206
2696,2548,2546,3206
2245,2226,2231,2243
2213,3362,2537,2530
3182,2960,2212,3174
2415,677,791,2374
2563,2614,893,2559
2720,2615,3162,3164
2254,2248,2249,2244
2415,677,790,791
1184,1091,1092,2810
3201,3386,2031,2412
3202,3397,3161,3204
3308,2928,3028,3307
3386,3201,3110,2412
292,3055,291,145
3202,3203,2049,3110
3122,3137,2111,2482
3388,3263,3266,3303
3154,2009,2016,1997
222,64,2233,63
2155,2687,2442,3323
1247,1327,1325,2748
2459,2216,2611,2495
2994,2928,2839,2952
2578,1033,1066,936
2450,2585,2445,2443
2010,2004,3145,1996
2661,2717,2603,2662
3287,3240,3296,2151
1885,1884,2324,1920
3127,2359,3128,2485
2328,2437,2365,2369
3293,3285,3289,3321
875,2486,821,2448
1165,1079,1255,2754
3362,2198,3345,3361
2834,1293,2754,1322
675,2411,2563,2409
2620,2761,2046,3162
1124,2614,1067,995
2417,2416,2623,2413
2724,2626,2728,2723
794,2419,899,2417
1124,2614,2719,1067
1096,2765,2726,2727
3203,3074,3110,2412
2205,3342,3341,3340
898,794,899,2417
3341,3342,2211,3340
569,2430,695,694
2745,1262,2684,2824
3378,2207,2530,3345
2637,2434,2577,2640
2173,2508,3319,2129
2440,2182,2445,2442
1209,2741,1231,1313
2312,3140,2603,3312
2167,2172,2181,2173
3442,2108,2029,2299
3260,2104,3323,2123
500,2232,376,377
2880,1380,1308,1379
3293,3228,3289,2163
617,2518,618,2387
3214,3216,3338,2205
2498,2893,2495,3336
1210,1260,1240,2707
1247,1327,2748,2707
2757,2755,2824,2684
2512,2384,2506,2188
2147,2164,2509,3297
3358,2238,2020,3390
2777,2775,2740,2098
2571,2430,2636,2429
3384,3205,3383,3209
3406,2567,3368,3376
2189,610,2169,459
2189,610,2183,2169
2268,2467,2595,2587
2680,2787,2677,2926
2818,1289,2817,2875
2876,2979,2871,2888
2509,2167,2173,2164
2665,2159,2778,2644
2246,2251,2353,2245
2037,2342,2548,2547
3240,3296,3288,3286
2607,2605,2604,2154
2756,2684,2608,2683
610,2444,2183,2169
2756,2745,2757,2790
1301,1181,1218,2785
2496,3387,3278,2642
1327,2808,2748,2755
2299,183,76,184
2487,2360,2320,2362
2362,2488,2474,2603
2717,2488,2603,2662
2661,2323,2474,2603
2629,2732,2768,2730
3441,152,153,32
2625,795,899,900
1267,2764,1268,2847
2883,2922,2955,2782
2681,1217,1303,1241
2796,2681,2784,2680
2681,2700,2784,2680
2921,2783,2922,2782
2699,2923,2784,2680
2922,2921,2784,2965
2796,2921,2965,2784
3339,2203,2525,3338
2163,2179,3224,3332
2101,2432,2093,2099
75,2299,76,234
3403,3019,3355,2209
2869,3314,2867,3236
2889,2178,2870,2888
2460,3337,3341,3340
2214,2260,3207,3357
2689,2593,2706,979
2762,2810,2722,2621
895,996,2617,997
2252,2245,2253,3380
2762,2810,1184,2722
318,2189,2169,459
3288,3240,3237,3241
1102,2731,1194,1101
1275,1195,2771,1194
3182,3359,3180,3178
1347,2850,1271,1348
2855,2769,2899,2856
2253,2392,2213,2537
3061,2100,2096,2095
639,645,2317,2448
1083,927,2672,1071
2394,2392,2536,2253
1369,2829,1315,1292
3233,3238,2153,3237
2836,3304,2805,2837
3288,3240,3286,3237
974,927,837,2613
3004,3014,2872,2982
1258,1237,2839,1337
2598,3326,2153,3305
1796,1771,1813,2095
1087,1182,2742,1157
2930,3326,2583,2917
2256,2251,2353,2257
3240,3287,2153,2151
2271,2256,2353,2257
2251,2246,2353,2257
2987,3248,3366,3180
3390,2020,3181,2238
3021,3005,2988,2906
2853,2903,2901,2946
2816,1280,1281,1200
2092,2432,2073,2091
2246,2199,2353,2257
2123,3285,3289,3290
2354,2269,2272,2257
1494,1549,2949,1550
2989,3008,2949,2988
2788,1323,2959,2703
3008,2989,2036,3353
3298,2150,3311,2809
2744,2807,2718,2864
2147,3280,2502,3283
2158,2672,2671,2704
540,511,2030,603
2827,2809,2718,2704
2269,2354,2267,2257
2744,1252,1214,1155
2250,66,178,65
1252,1178,2807,1331
2838,2929,1469,1475
1366,2838,1324,1263
1440,1386,2763,2896
3399,3240,3305,2151
3251,3397,2059,3253
2258,2338,2266,2257
2787,2863,3002,2788
2523,2968,3001,3394
3364,3359,3343,2212
3254,3397,3256,2074
3311,2598,3305,2802
1132,2659,2677,2587
880,776,891,2593
2876,2991,2868,1512
2496,2372,3278,2478
2326,1920,2324,2322
2670,1235,1232,2751
3281,2710,3385,2502
2659,2682,2587,2595
2179,2163,3237,3332
2206,2888,2992,2980
2865,3304,3262,2153
2823,2870,2980,2887
2236,3389,2477,3365
2343,2478,2115,2112
2682,3389,2588,2680
2670,1235,1152,1232
2254,2468,2353,2595
3397,2075,3253,3256
2849,3188,2899,2846
1000,2722,2624,2726
2290,2287,2297,2282
1483,2943,1539,2941
2984,3355,2833,3019
2027,2284,2277,3383
3210,3198,3197,3383
3182,3359,3247,3180
530,357,2300,388
2986,1594,1638,2906
3406,2567,2855,3368
1518,1479,1514,2910
2952,1515,2953,2925
1366,2838,1396,1437
1326,1340,2828,1246
270,2300,2029,357
2887,2932,3232,2980
2108,3032,1735,2029
2945,2999,2984,3019
2532,3378,2533,2530
1776,1735,1778,3032
3326,2598,2917,3232
1512,2890,1570,1476
2298,2024,2377,2296
2292,2288,2023,2296
3326,3304,2153,3327
3003,2977,1658,2990
545,2407,544,2041
1655,1653,2958,1619
2764,2847,2846,2848
2621,2617,2810,2624
2493,3125,2113,2494
2945,2943,2983,2984
1245,2684,1118,2745
1436,1477,2826,2839
2952,2995,3013,2953
1564,2952,1515,1569
3032,3069,1778,3083
2925,1475,1392,1446
2978,2973,2953,1525
3348,2753,2928,2972
2651,2879,2515,2519
1451,1378,1452,2911
2300,2108,2299,2029
2377,1756,2108,1778
2509,2167,2164,2140
1601,1623,2975,2977
2296,2030,2300,2288
2931,1580,1519,1529
2971,1587,1631,1573
1405,2834,2835,1472
2966,1444,2829,2835
3337,2205,3341,3340
2179,3325,3239,3329
3017,2986,2906,3020
3069,2377,1778,1815
1414,1479,2796,2910
3225,2179,2992,2980
2665,2713,2867,2714
247,183,2298,395
1139,2792,1138,2651
2355,1935,2313,1875
1506,2876,1504,1450
2444,2166,2165,2115
2358,3449,2313,2315
2870,2871,2980,2888
2358,332,2314,2313
3116,1958,2313,1974
3006,2783,2964,1626
2777,2788,2776,2909
3292,2600,2135,2112
3348,3355,2209,3403
1298,1323,1242,2959
2774,2775,2735,2736
3124,2118,2119,2401
1375,2787,2959,2677
3264,3266,3261,3263
3003,3404,2977,2990
3229,2163,3335,3224
3122,2111,3273,2114
3461,260,3435,104
2344,2554,2113,2306
3335,3393,3339,2203
2118,2400,2119,2401
3216,3335,3239,3224
3307,2753,3348,3330
2941,1481,2940,1537
2680,2787,2796,2681
1583,1629,2958,2940
1601,1623,2977,1643
1958,2318,2313,2315
1652,2984,3003,2941
3027,2958,2938,2998
1530,1480,2940,2897
1761,1816,2054,1802
3086,1763,1784,1741
617,2518,495,618
2327,3460,2326,1919
2060,3071,2057,2062
1921,1886,1919,2326
1784,3086,1762,2053
3053,1694,1671,1740
1132,2703,2677,1242
3065,2057,3042,2052
2131,236,2117,50
3460,261,106,199
2373,2058,2057,2056
284,2052,2057,2056
309,162,163,2094
2379,3061,2435,2102
2124,2184,2173,2129
2093,162,161,308
2339,2269,2277,2260
2090,3090,3062,2093
2413,2417,2416,2058
2546,2278,2284,2033
3044,2067,1719,1743
682,795,681,2419
1819,3104,3106,3102
1806,3102,1764,1785
2383,3280,3282,3385
1794,2100,3080,2091
2284,2278,2277,3383
565,2076,564,432
2082,2072,1808,3056
3095,1857,1847,1856
1850,3075,1857,3105
3419,121,206,120
1693,3085,1715,1739
1784,3086,2053,3104
2470,2668,2086,3170
2339,2278,2277,2338
2618,3203,2619,2412
2413,2373,2416,2038
3386,3097,3096,3094
3086,1763,3104,1784
2509,2508,3319,2173
3155,3158,3162,3249
3200,2039,3162,2558
2052,2053,3067,3065
1806,1819,3106,3102
1816,1822,2061,2055
2172,2167,2168,2166
3163,2018,2412,2619
2668,2640,2086,2739
2086,2660,3168,3169
2514,3393,3227,2145
3171,3396,2631,2572
2074,3165,3161,3204
183,2298,2299,75
2015,2014,2012,3144
3145,3146,3128,3134
3116,2318,2485,2446
2329,2369,2368,2328
1910,1945,1956,2313
1984,2318,3116,1958
1984,2318,1969,3116
1984,2318,1943,1969
1984,2318,1958,1943
1925,2329,2368,2328
3141,3148,3134,3271
2349,1952,2368,1973
2596,2317,2446,2485
1912,2315,1913,1958
2126,2664,3398,2580
2369,2437,2490,2368
2596,2360,2486,2448
3137,2111,2110,3153
3131,2015,3141,3144
1269,2765,1270,2848
2380,2323,2582,2584
2446,2126,2580,2612
2505,2383,2502,2382
2381,2116,2382,2502
3242,3275,2712,3316
2307,2399,2308,2479
3127,1996,1998,1969
2159,2592,3313,2301
3114,1970,2346,3115
2580,2358,2314,2313
1232,1317,1292,2801
1036,934,1030,2644
2868,2779,1335,2714
2668,2739,2086,3170
2074,3161,3165,3166
2902,2900,2899,2942
2470,2640,2086,2668
2640,2637,2086,2739
2732,2772,2632,2814
2031,3201,3161,3204
3093,3193,3100,2066
2223,2466,3358,2260
2430,2572,2376,2570
1013,1106,2773,1107
2085,2428,2073,2570
2252,2214,3357,3380
3397,3255,2074,3204
2626,1002,901,2625
2285,525,329,2281
3177,2020,3358,3209
2679,2463,3392,2594
2641,2668,2286,3392
3173,2775,2734,2735
1358,1430,2861,2859
2026,3156,3199,3197
2404,2028,2560,3108
3167,3251,2761,2265
2841,3164,2051,2621
2046,2811,2761,2721
2620,3163,2414,2618
3402,3401,3375,3376
2066,2426,2065,3255
1844,1822,1843,3072
2080,3192,3169,3100
2080,3109,3100,3169
2637,2640,2086,3169
2358,2315,2313,2446
3157,2018,2050,2031
3089,1833,2091,3048
2263,3190,3209,2235
3356,3175,3358,3177
2465,2280,2285,2579
1270,1347,1346,2848
2024,2106,2295,2107
2223,2267,2260,2269
3389,2960,3244,2680
2631,911,2427,2632
2513,2516,2515,2690
2160,2179,3233,3237
2539,2590,2655,2538
2524,3024,3394,3212
2999,3354,3012,2971
3022,3024,3394,2524
2529,2530,2527,2207
500,2232,2526,376
2227,3346,3345,3363
2520,2215,2388,2518
2912,2911,2878,2961
3335,3393,3229,3339
2888,2714,2779,2868
2879,3333,3229,3334
1559,3000,1607,1586
2178,2162,2867,2888
3027,2958,3029,2938
2817,2979,2888,2877
260,2324,349,198
2509,2383,3319,2508
2830,2750,2869,2778
2592,3315,3313,2301
2870,2779,2871,2888
2035,3236,2162,3226
3013,3031,3007,3009
1211,1243,1123,2675
2786,2892,2955,2782
3397,2627,3396,2065
1234,1216,2686,1316
3021,2906,3349,3030
2223,2465,3358,3392
2873,2955,3028,3009
2467,2353,2469,2267
2905,2908,2988,2987
2284,2278,2279,2277
2814,2773,3173,2772
2852,2567,2770,3368
407,3419,269,206
2411,2409,2045,2408
2514,2516,2513,3227
2873,3308,3028,2204
2892,2874,2955,2956
2175,3266,3263,3261
2930,2828,2885,2834
2667,759,2367,2439
2019,2638,3171,2081
2150,2661,2805,2717
2371,2138,2370,2401
3267,2152,2607,2109
571,2085,570,438
2059,3401,3253,2728
2492,489,2381,2501
2492,2306,2381,2499
2501,2381,2116,2382
2164,2147,2115,3297
168,3049,48,3064
2770,3256,2567,2732
2123,3285,3321,3289
2205,2157,2997,3351
3322,3238,2123,3289
2994,2873,2982,2937
3335,3216,3338,3339
2203,2157,3336,3338
3300,3304,2153,3311
3242,3275,2128,3296
2124,2194,3294,2445
3287,3238,3286,3237
3242,3275,3296,2151
591,600,2582,715
2943,2945,2983,2902
3131,2011,2015,2005
2112,2138,2401,2137
2900,2943,2983,2902
2109,3263,3270,2152
3267,3272,3269,3270
3009,2994,3028,2873
2667,717,2367,707
2756,3263,2109,2152
3147,2125,3301,3312
169,168,48,3064
3146,3148,3134,3144
3272,3299,3295,3301
1961,1949,2366,2326
3149,3143,2120,3148
2127,2710,2110,3281
2137,2112,2119,2401
3320,2129,2513,3227
2689,2593,2705,2706
3318,3230,3314,3317
2664,2159,3313,2301
2690,2648,1134,2649
2600,2402,2401,2371
3238,3325,3289,3237
3214,2205,3340,3342
2076,431,564,432
689,688,2425,802
2732,2631,2632,2772
3286,3279,3284,3260
3256,2075,2732,3396
3212,3024,2034,2524
2910,2863,2907,1433
2966,2968,2976,2932
2993,2206,2967,2871
1942,2370,1966,1979
3025,3403,2833,3001
2337,2526,2229,2218
3306,2176,3307,3291
2207,2529,3340,3339
2588,840,861,2476
3227,3293,2145,3393
2518,2200,218,219
175,2196,2197,2191
2942,3188,3374,2846
561,428,429,2071
2227,2252,3363,3345
1311,2695,1312,2821
545,544,412,2041
169,1,3064,48
2455,2225,2351,2186
2533,2207,2530,3378
2255,2536,2247,2253
3201,3160,3202,3203
3391,2235,3174,3178
2333,1933,2370,1966
1822,1829,2061,3072
2081,2737,3173,3181
2771,2733,1196,2815
910,911,1012,2632
2444,2496,2166,2115
2905,2903,2901,1426
2858,2950,2262,3174
2948,2904,2987,2908
3306,3233,3328,3329
3217,3191,3220,3222
2208,3352,3246,3245
2234,3352,3372,3219
3097,2055,2412,3072
3372,2234,3219,3218
2786,2673,1290,1300
2914,2534,3377,3222
3367,2844,3369,3372
3221,3350,3373,2523
2719,2916,2759,2785
2821,2794,2920,2795
2020,2263,3209,2235
2252,2198,2211,3345
2541,3186,2227,2228
3384,2020,2238,3181
3455,143,2063,144
2370,2402,2371,2401
2405,2715,2407,2406
560,2422,2420,2071
1041,2561,2658,2697
3250,2696,3199,3249
383,506,2545,507
2077,292,429,293
1533,2933,2969,1557
2969,2968,2933,3022
2951,2958,3026,2998
1366,2838,1437,1402
3235,3234,3224,3223
2333,2138,2137,2401
170,3440,123,207
2297,2291,2296,2289
467,2131,316,319
2945,3019,2983,2851
2377,3032,3069,1778
2377,2108,2298,2296
2786,2891,2783,2782
2108,3032,1778,1735
521,322,2165,468
729,710,823,2444
2297,2288,2296,2300
2288,2297,2296,2289
2441,2440,2173,3284
2820,2692,2653,2391
2532,2531,2528,2530
61,2221,240,176
2218,2229,62,220
3297,3284,3279,2441
2392,2532,2528,2530
3346,3184,3360,3357
621,2389,2528,2390
2521,2527,2389,2528
1993,2402,1991,1979
2441,3284,2173,3297
1298,1208,2677,1242
2557,531,714,2308
253,339,2311,340
766,2557,651,827
335,532,340,2311
2529,3362,3345,3361
236,2131,2134,50
539,541,711,2334
2370,2402,2347,2371
2402,1978,2370,2347
3455,144,2063,3055
430,563,562,2077
2246,2257,2251,2255
3203,3201,3110,3202
2053,2373,2057,2056
2054,1782,1761,1802
552,420,553,2056
2449,470,2190,271
3067,1761,2054,3085
2413,2618,3163,2038
951,2651,2650,2517
677,552,2374,551
2381,612,2501,489
2181,2384,2506,2382
2424,2076,2077,2425
2224,2217,2186,2351
248,84,83,3424
2412,3163,2038,3108
186,331,250,2302
561,2422,2071,2077
290,144,291,2063
846,736,2511,735
2289,3382,2292,3195
2096,3061,2435,2080
3107,2660,3192,2293
2293,2660,2435,3107
790,676,2563,789
675,2563,2411,676
2271,640,466,2354
1299,1390,2681,1303
2551,2550,2549,631
2879,2514,2519,3393
2576,2080,2096,2435
3367,3405,3406,2634
2881,2694,2746,2915
1222,2819,1305,2792
2576,2096,2103,2435
2551,2550,2026,2549
1657,1611,2963,1610
2155,2104,2687,3323
2531,2532,2528,2653
2155,3260,3323,3284
2793,1382,1310,1381
3318,3317,2705,2161
3157,3198,3158,2032
2104,3323,2123,3290
2289,3382,2472,2292
2460,2198,2243,3361
2520,498,497,620
1223,2819,1222,1139
2457,2477,2646,2456
2477,2244,2646,2456
2459,2351,2224,2495
2611,881,932,828
3195,2550,2026,3196
2851,2985,3020,3349
2229,2232,2337,2231
48,1687,3064,1710
31,3421,152,151
2468,2271,2353,2268
3049,48,3064,1710
1700,3057,1677,28
2103,310,446,447
2100,3090,2090,2093
3063,164,3422,163
309,2094,163,310
2468,2271,2256,2353
52,2134,2142,2335
2353,2267,2268,2271
2512,493,2506,2384
2443,2445,2194,2182
173,238,2170,2189
56,2171,173,238
2232,2536,2253,2247
180,2273,70,2272
227,69,228,2270
168,184,3049,3064
3006,2458,2922,3009
2273,2275,71,70
2396,507,2545,629
244,391,180,2272
3348,3350,3347,3330
3272,3270,2312,3269
2141,2344,517,315
3456,333,2303,2302
2469,3356,3357,3365
3363,2252,3357,3365
3356,2960,3365,2595
2475,2211,3365,2252
3389,2960,3365,3244
1951,3129,2363,1985
2599,595,647,512
2487,2359,2485,3128
2487,2359,2320,2485
2487,2359,2361,2320
2487,2359,3128,2361
2045,2052,3067,3041
2052,2053,2057,2056
2591,881,2611,2456
924,1042,932,2611
1042,1031,932,2611
2456,2457,2495,2611
734,844,733,2503
2144,368,2501,2506
368,491,2501,2506
3131,2402,2005,3121
184,168,169,3064
2745,2757,2790,2825
688,687,562,2423
2903,2905,1428,1427
2569,688,802,2425
2989,2987,2988,2948
41,162,161,3062
3417,159,38,158
2527,3339,2529,2207
1728,2090,1682,1751
2068,2067,2421,2063
576,2433,701,575
2067,1720,1787,1765
2189,238,324,173
452,586,2189,459
3128,3140,3117,3134
2779,2876,2871,2888
2168,318,235,173
3420,249,3443,80
3118,3120,3119,3273
1865,2344,1902,1901
2518,2215,219,2520
2529,3338,3361,3340
3198,3157,3197,2032
3460,403,3447,2327
1452,2911,2880,2961
2516,2879,2515,2691
3460,199,107,3447
478,2327,537,351
2531,2527,2528,2530
2392,2527,2530,2528
2392,2532,2393,2528
2521,2389,2390,2528
503,379,380,2540
502,379,2540,2536
3103,1759,1781,1817
67,2259,68,226
2811,2843,3400,2721
1987,2003,2398,3118
2879,2514,2515,2519
529,2309,2303,2305
2345,2309,2481,2397
2531,2521,2528,2527
2395,504,2341,2258
2539,625,2540,2394
3414,389,2307,396
2479,2307,2556,2308
625,2539,2540,626
2331,342,204,356
1863,1938,2117,2130
2008,2004,1998,3145
649,2439,604,782
1288,2700,1303,1241
975,2439,782,879
225,66,2259,2255
129,2041,3051,3423
2258,225,2259,2255
2406,2697,946,2551
2395,2539,2540,2394
498,2389,2520,2526
2403,2044,2716,2041
2048,3206,3395,2696
547,415,2043,414
2916,2822,2785,2695
3055,144,145,24
2068,2064,291,2063
2340,3205,3206,3207
3454,3066,3041,135
2923,2236,2036,3244
3205,2033,2340,3206
2049,3074,2421,3110
15,3454,3041,135
2064,290,427,291
2614,2622,2615,2617
2046,2811,3164,2761
2046,2721,2624,2621
3060,37,1681,36
3177,2235,2212,3174
1162,2719,1250,2658
2636,2430,913,2429
2033,2032,3199,3158
3158,3167,3162,3164
3001,2523,3403,3328
557,556,2062,2419
2142,316,2131,171
2812,2841,2051,2621
407,3440,319,269
2218,375,2520,2526
467,2400,319,407
799,685,2422,2565
2275,2278,2279,2396
181,246,2274,329
2275,71,2276,2274
2275,2273,71,2274
2281,329,2285,2274
246,2281,2274,329
3182,2950,3180,3247
3008,2458,3007,2036
2331,2332,2347,1929
1062,2610,965,1034
113,1892,1891,3415
3155,3158,3199,2032
515,2348,518,663
2500,613,2503,2382
3320,2507,3319,3385
1670,3066,1716,3041
2033,2032,3158,3198
2170,2184,2181,2172
2385,615,2384,2506
2197,321,175,240
2218,2229,375,2526
1189,1096,1097,2727
2272,2275,70,2270
3216,3335,2205,3351
2548,2037,2547,2546
962,2697,2658,2547
3130,3116,1996,3145
450,582,2107,472
2638,2637,2086,3169
911,807,2430,806
2294,3069,2296,2023
2291,2297,2287,2289
2427,693,806,2430
3049,1755,2105,1686
693,807,806,2430
467,2333,2400,407
2101,2432,2433,2431
2572,3172,2426,2570
2344,2141,3113,2130
3129,1951,2366,1976
698,2575,811,2429
2575,699,812,813
1694,1670,1716,3041
2804,2829,2831,2801
197,348,401,2324
621,2389,2526,2528
136,15,3041,135
2635,2639,2734,2429
2557,2663,2301,2357
2596,2358,2446,2317
3316,3313,2110,3153
1832,3095,3105,1847
2206,2180,2992,2979
2484,2592,2710,2705
3304,3262,2153,3327
1724,3421,3058,2078
1722,3045,1745,3077
2083,1791,2375,2078
2103,310,309,446
310,2094,163,3063
2471,580,705,706
2080,3061,2435,3107
2094,2435,2096,2102
581,582,2106,449
452,606,470,2189
2352,2185,2190,2194
2471,580,2436,705
2732,2629,2768,2770
2086,2660,2470,3168
3107,3048,3061,2378
2465,2283,2472,2027
3168,2470,3381,2472
2487,3140,3128,2485
3424,1904,2303,1869
322,2165,2142,338
2046,2811,2621,3164
1938,1900,2117,1937
3116,2356,2580,3130
2879,2651,2515,2691
2229,220,375,221
2804,2829,2835,2831
3155,3157,3158,2032
2652,1052,954,1051
1910,1956,1935,2313
955,851,2528,954
2218,374,2520,375
2514,2516,2515,2513
545,771,544,2407
3298,2717,2809,2597
2407,2039,2715,2716
3427,2314,320,343
860,2551,750,887
2602,2647,1032,991
2486,2671,2597,2596
2480,870,776,2593
3311,3298,2809,2597
3298,3311,3309,2597
602,658,2480,776
3141,2012,3134,3144
2347,2402,3133,2371
405,2329,2328,451
2350,2490,2604,2121
1923,2329,1890,1891
664,2350,481,516
779,888,2438,780
677,2411,2374,2415
2581,3116,2580,3130
3433,349,2326,2324
675,2411,2409,549
2334,2348,2372,2121
2046,2811,2721,2621
419,2045,2056,551
2356,2355,1909,1935
1009,908,1010,2629
352,3432,263,2328
1162,2719,1127,1250
1635,2986,1592,1636
2076,565,564,2425
1787,2068,2069,1788
560,428,561,2071
2617,2622,2621,2810
2477,2699,2646,2680
578,2103,577,445
700,574,575,2433
2758,2622,2720,2615
2434,701,702,576
2719,2622,2758,2615
2295,472,655,462
755,634,2286,596
3157,3194,2025,2031
650,637,2399,2483
658,532,524,2308
524,658,2308,602
2557,2357,2301,2645
2724,2626,2727,2728
2185,2336,2197,2191
844,2385,845,948
2215,2336,2197,2185
1289,1365,1318,2817
2387,2511,2386,2515
2482,2113,2502,3283
2503,2647,2602,2504
2635,1015,913,2636
2513,2384,2386,2129
2144,2382,2116,2181
507,383,384,2545
2275,2027,2277,2273
229,2276,230,384
1716,1694,3041,1740
912,1014,2636,913
2191,2201,2352,2196
2550,3195,2026,2279
2276,2549,2279,2282
2430,912,2636,913
2592,2557,2301,2645
3067,1716,3041,1740
716,2468,641,2476
584,716,641,2476
2159,2592,2301,2645
2593,2557,2592,2645
2602,931,889,1032
654,2305,650,529
2592,2705,2593,2645
3013,2952,3028,3009
2593,2557,2480,2592
3459,1888,3429,2328
591,2582,601,720
1057,2543,960,2657
402,477,2326,523
764,720,601,2474
1057,2543,959,960
1057,2543,2656,959
2656,2543,2539,959
960,2342,2657,2543
3009,2952,2995,3013
557,2418,2064,2420
2342,2543,2548,2657
622,621,2526,2528
2628,2569,2630,2728
1172,1159,2806,2743
2933,2967,2871,2890
3194,3165,2074,3204
2894,2994,2937,3261
2426,2424,2065,2079
2582,2789,2312,2791
2582,2789,2791,2667
2191,2201,2185,2352
818,2436,705,819
2550,2026,2549,2279
2463,2777,2678,2098
2738,1112,2740,1019
1873,2355,1874,1909
2775,2776,2740,2738
2639,2737,2574,2740
2777,1287,2678,1206
1206,1287,1286,2777
615,493,2506,492
3354,2973,2970,2972
2116,2147,2493,2140
3331,2516,2690,2691
2516,3331,2690,2162
1161,1180,2688,1248
2711,1068,2706,2645
2042,2404,3035,2041
2648,2510,2513,2690
2468,608,758,641
727,839,2268,865
2785,3395,2658,2916
3230,2128,3314,3317
2048,3250,2658,2615
2558,2408,3200,2028
3314,3316,3242,3313
547,2043,546,414
935,2406,2407,946
2708,2372,3278,2642
3388,2109,3278,2154
3388,2643,3387,2798
2496,2372,2642,3278
545,671,2407,546
2302,344,250,187
2500,931,784,772
2049,3160,3203,3202
2624,899,2625,2417
2823,2933,2871,2890
1096,2626,1003,2727
2420,684,685,559
2779,2823,2871,2890
2058,556,2062,423
2571,2572,2430,2570
2110,2710,3313,3316
697,810,2429,811
574,441,442,2101
2933,1464,2890,2823
2430,2085,2376,570
3060,303,302,2084
2429,571,570,696
2604,2121,3278,2708
2109,3268,3278,2604
2827,2809,2805,2718
2489,2708,2642,2372
2837,2743,2806,2807
2104,3265,2937,3261
836,840,944,2588
716,840,836,2476
2468,716,836,2476
2652,953,1051,954
771,2405,935,774
498,2389,620,2520
849,953,2390,850
1174,2781,2672,2801
3304,2836,2805,2150
2150,3302,2791,2312
3397,3254,3256,3253
2329,2369,451,516
1278,1198,1279,2815
2439,965,2610,975
862,2438,780,666
2729,2769,2767,2768
1444,2829,1385,1369
1258,2742,2839,1237
2630,2629,2768,2730
2631,911,2430,2427
399,2317,460,346
981,1087,2742,940
194,257,2316,399
981,879,2610,1044
3435,103,260,197
2745,2684,1062,2608
2610,2438,965,2439
888,779,2608,841
2745,981,1153,2742
981,1087,1153,2742
2743,2667,2582,2791
2608,888,841,984
2565,684,797,798
2626,1002,1003,901
1096,2626,1002,1003
2766,2724,2727,2728
2762,2722,1186,2726
1295,2825,2745,2742
2743,2667,947,2582
2092,2432,2431,2073
912,911,2430,2636
807,2430,693,694
2735,2814,2773,3173
2863,1284,1285,2776
1013,2773,1014,1107
940,947,2742,2667
940,1080,2742,947
197,103,3448,3435
927,989,2672,1071
1167,1119,1213,2672
639,662,2448,2317
1570,2876,1504,1559
2995,3006,3005,1626
2582,2667,785,717
2743,2806,1172,2742
1050,1139,2652,1051
3263,3270,2791,3302
851,2390,850,740
738,2387,848,737
2519,2521,2652,2692
1050,2651,1049,952
2756,2610,2747,2608
2967,2993,2890,2961
3275,3282,2128,3296
2554,2306,2601,2113
327,2272,244,2257
2116,2383,2382,2502
2894,3265,2937,2824
2246,2394,2214,2266
2591,863,926,881
3283,3281,3280,2502
2483,2504,2484,2710
970,2503,930,843
2305,2306,2499,2601
1046,1077,2648,1175
857,856,746,2543
1256,1215,2714,1335
792,2415,2417,2617
2417,2624,897,2617
2415,2417,2617,2414
3118,3137,3152,3151
3320,2129,2507,2513
2116,2381,2493,2502
2557,933,880,827
2995,3005,3007,3030
1343,2847,1344,1415
2624,998,897,2617
3011,1653,2958,2969
2624,998,2617,2810
2398,1982,1987,2397
3458,1905,2309,1870
2417,2624,2617,2414
2624,2046,2617,2414
3011,1629,2940,2958
701,700,575,2433
1838,3068,1849,1851
2101,2432,2099,2433
2572,3172,3171,3255
3051,2041,275,2040
2748,2808,2886,2755
635,756,633,2456
862,2439,782,975
2610,2745,1062,2608
1838,3068,1836,1849
1319,1260,1177,2755
2350,406,390,481
1845,3092,1859,1849
961,2657,1059,1058
2543,2544,2548,2657
1059,2657,1147,1058
2340,2339,3207,3206
2631,911,2636,2430
2732,2631,2772,3396
2593,2557,880,2480
2751,1291,1179,1235
2633,1011,2632,1010
909,2427,2632,2425
2834,1293,1329,2804
2427,911,910,2632
2733,2633,2632,1010
1011,910,1012,2632
1293,2781,2754,1213
3177,3175,2020,3174
1442,2784,2921,1457
1442,2921,2783,1497
2722,2762,1186,1185
1288,2700,2741,1383
2700,2784,2782,1383
2816,1108,1201,2736
2816,1200,1281,1201
2191,2201,2197,2185
1364,1457,2784,1383
3334,2692,2522,2879
2647,948,970,1077
2992,3333,2180,3235
1621,3011,1651,1650
2255,2257,2266,2246
3013,3307,3348,3347
2954,2952,1516,2995
3331,2877,2992,2180
2912,2993,2180,2524
3061,1801,1837,1814
2954,2952,2982,1516
1325,2808,2686,2748
2210,2676,2701,2892
1299,2681,1375,2677
2786,2673,2675,2892
3011,1629,1653,1650
2662,2718,2805,2717
2717,2718,2488,2662
3015,3031,3347,3028
1033,1042,2578,1123
75,233,2300,234
2162,2877,2817,2888
1249,2779,2714,1253
987,2689,1045,979
2648,2510,2505,2513
2147,2383,2116,2502
2830,2750,3232,2869
2877,2162,2817,2690
2647,2689,2161,2688
2505,2647,2161,2688
2691,2877,2817,2690
1267,2847,1268,1344
2875,2877,2817,2691
2754,1246,2828,1322
2636,1108,1014,2773
1340,1246,1322,2828
2834,1340,1322,2828
1430,1358,2861,1357
2754,1246,2864,2828
1246,1263,2864,2828
2894,2994,2839,2826
2801,1125,2613,1083
2981,3326,2749,3232
3038,3037,1827,1828
3011,1629,2958,1653
1406,1413,2824,2826
1054,2654,1142,1053
1827,3037,1817,1828
1143,1054,1055,2655
1057,2656,1056,959
2662,1089,971,982
2806,1178,1331,2807
2477,2680,2646,2588
2825,3263,2836,3261
1159,2743,1072,1178
2836,2583,3304,2837
2583,2838,2828,2807
2925,2929,2972,2866
2969,3029,2958,3011
2925,1339,2839,1397
1469,2885,2838,1396
2583,2928,2866,2925
2191,2201,2196,2197
2722,1184,1185,1092
1295,2839,1342,2826
1267,2762,1266,1186
2760,1332,2813,1265
1332,1184,1265,2760
1184,2762,1265,2760
1432,2863,1433,2907
2855,3406,2899,3375
3173,2775,2737,2734
2944,2902,2899,2942
2853,2854,2815,2852
1427,2903,1426,1354
2829,1388,2823,1317
3406,2725,2899,3375
1314,1256,1176,2711
2714,1179,1154,2665
1347,2850,2848,1271
2714,1154,1249,1253
2714,1179,1249,1154
2876,2779,2871,2890
2670,1235,1086,1152
2767,1271,2848,2850
3038,1852,1828,1827
2836,2583,2928,3262
2818,1376,1304,1374
3038,1852,1846,1841
2650,2818,2691,2792
2757,2756,3266,2798
2868,1408,1458,1335
1388,2823,1368,1439
3011,3029,2958,2940
2876,2993,2871,2979
976,2670,1070,1086
2853,2855,2899,2856
2991,1501,1460,1458
2779,2876,2868,1512
1569,1515,1474,2953
2933,2968,2990,2966
2103,2099,308,2093
2929,2866,2885,2970
2929,2866,2838,2885
1282,1283,2859,2774
1294,2925,1367,1397
3180,3405,2904,3178
1440,1449,1527,2896
3218,3372,3220,3371
1440,1449,2763,1400
2762,1185,1266,1186
2206,2888,2979,2992
2870,2751,2887,2823
2932,2749,3232,2980
530,272,540,2030
1386,1440,1462,2896
2794,1463,1382,1455
1423,2902,2901,1487
2713,2870,2887,2869
2905,1427,1490,1491
2863,1360,1433,1361
2100,1812,1813,3048
1309,2793,1381,2693
2793,1226,1142,2693
2820,2912,2692,2391
2820,2912,2819,2692
2652,2820,2819,2692
3061,1814,1813,1796
2823,1403,1328,1398
2829,1388,1461,1439
1444,1369,1461,2829
1147,2785,2658,1250
3376,3254,3401,2567
1338,1301,2822,1409
2206,2992,3235,2980
1510,1466,2795,1463
2869,2867,2713,2870
2969,2968,2990,2933
2968,2966,2976,2990
2290,2298,2291,247
3004,3014,1511,2996
1776,3083,1800,3032
2884,2711,2705,2867
2780,2613,2801,2750
2818,1376,2878,2792
2773,2816,2815,2860
2945,1635,1592,1591
1421,1349,1422,2850
2159,3314,2867,2778
1273,1274,1350,2856
2858,2857,2862,3178
2902,2856,2899,2850
2856,2902,2899,2944
2944,3367,2942,2899
2863,1434,1362,1361
1470,1479,1518,3002
2858,3174,2862,2909
2788,2702,2909,2703
3406,3367,2944,2899
2996,1447,1448,1499
1553,3004,1511,1465
2996,3004,2800,1456
2824,1336,1262,1406
2206,2180,3235,2992
935,883,2406,887
3367,2725,2942,2899
3076,2066,3105,3056
2711,2868,2714,2867
1503,1473,2826,1521
2874,2204,2955,2956
1436,1395,2826,1473
3367,3406,2725,2899
1830,3073,1850,3105
2903,1278,2815,1277
2900,1421,1485,1422
1542,2945,1541,1486
2853,2856,2944,2901
3350,3246,3373,2209
1488,2947,1487,2901
2986,1637,1593,1636
486,635,2220,642
1637,2986,1593,1594
2891,1499,2996,1448
2528,622,2393,2392
1600,2964,1599,2949
1847,1850,3105,1831
1430,1431,2907,2859
3014,2891,2783,1502
2964,1626,2783,1604
1284,1283,2774,2859
2863,1284,2776,2859
1358,1282,1359,2859
2876,2868,2817,2888
2968,2976,3001,2990
2665,2159,2867,2778
1512,2890,2876,1570
2427,2568,2632,2425
1282,1358,1281,2859
2900,2902,2899,2850
2953,1535,1446,1474
2808,1261,2824,2755
2969,2968,3001,2990
2881,2746,2882,2915
2943,2984,1589,2941
2943,1540,1484,1539
2920,2534,3016,2998
2853,3406,2944,2899
2957,2896,2842,2998
832,946,2407,986
1432,1496,1495,2907
2773,2633,2815,1198
2288,2297,2287,2282
234,233,2300,388
1432,1360,2859,1359
3191,3186,3189,2021
2999,3019,2209,3355
1477,1516,2952,1526
2920,2242,2821,2918
2920,2242,2881,2821
3374,2938,3016,3217
1535,2978,2953,1525
2365,649,520,666
2933,2966,2990,1557
1063,1210,1170,2709
1423,2856,2902,1422
1397,1367,1474,2925
2902,2900,1485,1422
2945,1542,1541,1591
2299,75,2300,234
1720,2067,1787,2068
2756,2745,2684,2757
2941,1652,1589,1588
2067,1720,1743,2063
2943,1590,1540,1589
1541,2902,2945,2943
2945,2943,2984,1590
2941,1661,3003,1662
3330,3306,3328,3329
2934,2835,1472,1513
1520,1471,2936,1519
3022,3029,2969,3001
2966,1505,1500,1558
3266,2757,2175,3263
2894,3265,2175,3261
315,3443,2130,2344
806,693,2427,692
3348,3354,2972,3013
3265,2757,2175,3266
3265,3261,2104,3266
2973,2929,2972,2953
2849,2845,2846,2765
2933,1557,2990,2969
2523,3025,3394,3001
1418,1481,2897,2898
1480,1481,2940,2897
2920,2914,2534,2913
3272,3149,3269,3301
2833,3404,3003,3011
3011,3003,2833,2940
2018,3155,2560,3156
3021,3008,3007,3353
2999,3354,2209,3012
1273,1193,1274,2769
2806,1239,1159,1264
2999,3012,2209,3020
1572,2966,1557,2990
1525,1535,1446,2953
2957,2896,3016,2812
2969,1620,1653,1625
2953,2929,2972,2925
259,3430,3448,102
2069,1765,1807,1818
2927,2913,3026,3023
132,12,133,3052
2952,2826,2839,2994
1655,2969,2958,1653
2952,2826,1477,2839
2951,2913,2927,2795
1730,1772,2094,1753
2913,3023,3379,3026
1812,1794,3080,1770
439,303,2084,302
2957,2840,2795,2813
546,2043,2041,414
1730,1772,1797,3081
1479,1470,1375,3002
1753,2095,1729,1796
1740,3053,3041,3065
3042,1717,3086,3065
3086,1695,1741,1717
1915,2322,1918,1947
2796,3002,2787,2910
2090,2101,2093,306
2796,3002,1375,2787
313,2107,2106,2377
282,136,3041,135
3065,2057,3086,3042
2796,3002,1479,1375
2066,3095,3091,3105
3455,143,23,3428
1674,1743,1720,2063
2064,290,426,427
1479,1390,2796,1375
1503,1477,1516,2982
1254,1287,1207,2678
127,273,3050,2040
1477,1503,2826,2982
1700,3057,1722,1746
2072,2082,1808,3087
3003,1661,2940,3011
2941,1661,2940,3003
2938,2939,2940,2833
2054,1782,3085,1761
2943,2833,2941,2939
3067,1716,1740,1783
131,132,3426,11
3011,3029,2940,2833
2826,1503,1521,2982
1750,1681,3060,2088
1703,3078,1679,1725
2912,2993,2878,2180
2088,1681,1727,1750
1063,2709,1170,1040
1803,3035,1821,1780
3239,2179,3224,2163
2040,128,3036,127
3333,3229,3334,3235
2969,3029,3011,3001
3038,3035,1841,3033
2042,3051,3084,2040
3044,21,1697,1673
3066,2045,3040,3085
2061,3104,3106,1805
1672,1696,3043,1718
1742,3044,1673,3054
1763,1784,1819,3104
2123,3285,3323,3321
2057,3043,3054,3071
2058,285,422,286
3010,3029,2958,2969
2053,1816,1805,2061
3035,3103,1817,1821
2167,2508,2181,2116
2410,986,2561,937
3035,3103,1821,1780
3070,1806,1818,1826
3126,1994,1973,3129
2067,2418,2421,2063
1810,2083,2375,2089
1829,1844,1826,3072
2412,2060,3072,2038
1973,3129,1994,1985
3029,3024,3025,3001
2118,1938,2117,1937
3029,2833,3011,3001
2492,611,2499,2381
2833,3029,3025,3001
2493,2501,2116,2143
193,95,94,3449
2358,3449,332,2313
3009,2994,2952,3028
1274,1351,1350,2856
1912,1913,2315,1877
3449,1912,2313,2315
649,2439,2365,604
1973,1952,1954,2349
3013,3307,3347,3028
3429,351,262,200
3221,3219,3373,3351
3460,403,199,3447
405,520,451,2328
3031,3246,3245,3347
2135,3122,3292,3283
1975,1938,1967,2118
2304,1904,1950,1941
2344,3123,3113,3125
1521,1503,1565,2982
2141,2136,3113,2119
2157,2176,3289,2997
1553,3004,1521,2982
1553,1521,1565,2982
1423,1351,2856,1350
2487,2361,3128,2322
103,3435,260,104
3029,2938,2940,2833
537,404,2328,479
2952,2839,1515,2925
2348,342,2332,2331
1973,1962,1952,2368
1973,1986,2349,1954
2554,2398,2113,2481
2398,3137,3119,2482
3320,2129,3319,2507
2344,2554,3123,2113
3372,3373,2209,3403
3118,1990,3130,3115
888,779,2438,2608
2406,2697,2407,946
3131,2006,3121,2005
2138,2333,2334,2370
3354,2978,3013,3030
2978,3354,3017,3030
2978,2995,3013,3030
2978,3005,2995,3030
2135,3122,3125,3119
2458,3245,3007,2036
3124,1995,1972,1989
3118,2398,3119,2009
1939,3115,1970,1957
2306,528,659,542
2370,2401,1966,1979
3352,3353,3007,2036
3042,17,1695,1671
2013,2016,2007,3154
3120,2015,2017,2006
3120,2015,3144,2017
1997,2003,3118,2009
3223,3212,3394,2523
1742,1718,1785,3071
3118,2003,2398,2009
2230,486,323,456
3370,2020,2263,3181
2015,2017,2014,3144
3121,3132,2402,2600
3234,2523,3328,3329
3170,2081,3258,3181
2074,3194,3258,3210
3179,2087,3370,3181
3194,3210,2097,3258
3193,3109,3172,3169
3070,1806,3102,1818
132,279,3052,133
2761,3159,2623,3252
3421,1678,31,1702
2523,3350,3328,3329
3104,3102,1785,3071
2039,3155,3199,3156
2697,2410,2561,3250
2719,1037,1029,1127
298,3421,2078,3058
1060,2697,1038,1041
2424,3087,2072,2076
2409,2410,2558,2559
3112,2025,2018,2560
1060,2697,963,1038
2933,2967,2980,2871
1747,3046,1701,1723
2408,2047,3039,2043
3408,1760,1804,1781
2064,427,2071,291
1763,3104,1785,3071
1718,1742,3054,3071
558,2064,2420,557
2002,2011,3141,1994
2430,567,2427,693
433,297,434,2079
3087,2078,1767,1723
1726,1750,3060,2084
2101,443,306,442
2687,2585,3323,2453
1840,1837,2378,1845
2096,2576,2432,2080
2094,2103,308,2093
2434,578,703,2436
2637,2434,2433,2577
2093,162,3062,161
1796,1771,2095,1729
2100,3090,2095,1771
2505,2383,3385,2502
2062,287,3044,3054
2371,2600,3268,2112
3046,3087,1723,2078
2169,363,2165,2132
2344,2554,2302,3123
2144,2116,2382,2501
3230,2510,3318,3226
3046,30,29,150
829,2216,718,719
2124,2440,3321,2173
3032,1798,1775,1734
141,140,20,3054
2349,2369,2490,2368
78,79,3453,185
3032,3084,2030,3034
51,171,52,2134
2303,337,188,334
2143,212,211,366
2584,3135,3269,3271
2873,3308,2994,3028
3147,3309,3299,2151
981,940,2742,2667
1080,1087,2742,1157
2789,2747,3270,2790
3273,3153,3137,3151
2349,2369,2368,2330
3260,3388,3266,3303
2582,2743,2805,2744
3139,2125,3301,3146
2132,2143,2493,2140
3238,3325,3291,3289
3262,2836,2865,3261
2148,3280,2122,3297
2129,2193,2181,2384
3277,2112,2600,3292
3242,2128,3288,3296
2124,2194,2184,3294
2751,2713,2665,2714
2011,2000,3141,1994
2870,2867,2178,2869
2124,2440,2445,3321
2945,2984,2983,3019
3413,1711,1734,2029
2455,2225,2243,2351
3393,2522,2525,2519
2529,3338,2525,3361
2527,2529,2337,2530
2241,2654,2532,2653
2248,177,2231,242
3346,2227,3357,3363
2395,2394,2540,2266
2226,2213,2253,2231
2260,2339,2266,2214
2260,2466,3380,2199
2228,2214,3207,3357
3182,3343,3247,3359
2197,362,2221,2220
2839,1397,1515,2925
2341,2395,2266,2037
3023,2912,2961,2880
2112,2138,2371,2401
3215,3344,3213,3345
2566,3110,2065,3202
2788,2702,2926,2909
488,2219,588,642
1673,1696,3054,20
63,2229,2222,2233
2459,2216,2224,2219
592,2219,588,536
2247,377,2232,2536
2221,2229,2222,62
2701,2591,2611,2457
2222,62,241,176
2213,2226,2337,2231
1783,3065,1762,1740
2520,619,2390,620
2053,3086,1762,3065
2215,2218,2389,2337
3008,2989,2965,2036
2254,2248,2231,2249
2198,3362,2253,2226
178,242,359,2249
966,1027,2646,2591
2475,2243,2198,2245
2254,2248,2243,2231
2226,2198,2243,2245
2594,2461,2587,2462
1787,2068,1788,1721
3132,3120,3144,2114
2223,2269,2260,2277
2960,3343,3182,2212
2258,2395,2540,2266
3065,2057,2053,3086
3065,2057,2052,2053
2879,3393,3229,3332
3155,2039,3199,3249
3032,1798,1800,1775
2278,2546,2284,2279
822,2641,985,929
1717,1740,1762,3065
3086,1717,1762,3065
1024,985,2641,929
2066,3172,3193,3109
2577,2740,1020,2574
2286,923,2471,2436
2638,2737,2574,2639
2641,1022,2678,1116
2290,182,247,2291
2024,2377,2294,2379
75,233,2290,2297
3376,2725,3187,3369
1687,1756,1735,3064
2550,2715,2026,3196
3192,2292,2293,2472
245,2273,328,393
986,2561,937,1041
2355,1873,2311,1909
2141,2117,3113,2130
1971,1956,2356,1944
2880,2912,2391,3023
2358,332,469,2314
332,2314,533,469
2057,2062,3071,3054
2941,1652,1588,1662
1764,3071,3102,2062
1883,1884,1918,2324
2649,950,1048,2650
2648,2511,2385,949
3142,3148,3141,3271
2060,3071,3104,2057
2304,1904,1903,1950
2612,2664,2644,2669
1025,2357,980,878
2484,2592,2483,2710
3116,1992,1996,1984
2941,1588,1614,1662
2062,1742,3071,3054
1997,1990,2016,3154
3264,2104,3291,3261
1764,3071,1785,3102
3425,190,89,253
1812,2100,3080,1794
1974,1958,1984,3116
3270,2789,2312,3269
262,2327,3447,403
587,2367,707,607
2439,2367,604,759
2667,867,707,835
3126,3132,2402,3131
3145,3146,3138,3128
2600,3132,3133,3276
3126,2490,2368,2349
2088,1727,1751,3080
3022,3010,3023,2961
3068,3069,1836,2378
1727,1794,1751,3080
3068,1838,1836,3069
3069,1801,1836,2378
3068,3093,3111,2378
3093,3092,3100,2378
2294,3107,2379,2378
621,740,620,2390
3126,3142,3133,3141
500,2392,622,2526
950,2387,2650,2511
2124,2184,2129,3294
1926,2349,1928,1954
2091,1727,3080,1794
3118,2003,1997,1987
2602,2555,2601,2483
529,2309,334,2303
2003,1982,1987,2398
2345,3136,2481,2479
946,963,2697,1038
2406,632,730,2405
1949,1951,2366,2327
2420,2422,2565,2049
686,560,2422,685
3397,2065,3202,2627
2536,2394,2255,2540
2628,2626,903,2565
2417,2419,2625,2623
1531,2951,1617,1581
2092,2432,2101,2431
2392,622,2526,2528
443,2101,575,442
2088,303,3060,2084
2434,578,2436,2103
3109,3089,2091,3048
1789,1722,3087,1746
1848,1832,1847,3095
2912,2911,2961,2880
1169,2707,2683,1260
660,2138,2334,2372
1543,2986,1592,2945
1319,2808,2755,1261
990,983,1040,2642
1722,3057,3087,1746
2644,980,976,2665
1767,1746,3087,1723
2314,652,533,644
3153,3315,3152,3398
3012,2986,3020,2999
1746,3057,3087,1723
3075,1842,3096,3073
2580,2358,2612,2314
2314,2358,2612,2454
2447,2317,662,2358
2788,2863,2776,2909
3099,3097,3038,3108
3362,2213,2253,2226
2245,2252,2475,3380
3142,2437,3133,3267
2470,2473,2660,2640
2473,2436,2295,2435
3061,2096,2435,2102
2141,2117,2130,50
1897,2333,1933,1896
2019,3193,3172,3169
2382,2504,2505,2503
2483,2504,2602,2484
3124,3123,1972,1995
1938,1936,3113,2130
366,2143,2335,211
2607,2154,2604,2109
2305,2554,2306,2601
517,543,2492,485
2492,2494,2381,2306
2494,2493,2136,2141
844,2385,948,2503
615,492,2506,614
2912,2524,3023,2961
214,2144,2171,2506
491,613,2501,2382
2116,2383,2508,2382
2195,2192,2188,216
2144,2501,2382,2506
2383,2507,3319,2508
2133,2194,3294,2185
2440,3321,3323,2445
3112,2404,2560,3108
2600,2135,2401,3121
2382,613,2501,2500
2957,2264,2812,3016
845,2385,2511,949
3099,3097,3094,3038
3361,2529,2337,2525
2517,2518,619,2520
2388,2336,2518,2215
2349,1929,2332,1928
2207,3216,2522,3339
1652,2941,3003,1662
2270,2341,2545,382
925,766,827,2557
2795,2842,2951,2998
714,2308,658,2557
3091,1860,1862,3094
713,2357,825,2644
766,2557,2663,651
2557,531,651,714
714,651,2557,827
2376,2427,2572,2430
2065,2566,3202,2627
2416,2060,2062,3074
3016,3027,2998,2534
2628,800,2422,799
1561,3010,1562,1610
1822,3097,3072,2055
2067,2418,3074,2421
2637,2737,2574,2638
810,696,2429,809
2709,2707,1170,2642
2575,699,2431,698
3126,3142,3141,3129
2895,2841,2843,3402
2963,2927,1563,2951
3163,2018,3200,3108
2018,3163,2412,3108
2358,2314,644,2454
2109,3268,2604,3267
1906,2346,2345,2311
1558,2977,2990,1608
3399,3242,2712,2778
2292,2097,3111,2025
3341,3343,3244,3365
2796,2924,2926,2680
2261,2340,3358,2260
2602,2484,886,2483
714,2308,532,658
3011,3003,1658,2990
2480,637,752,2483
3010,3029,3026,2958
2602,2500,2504,2601
2496,2183,2166,2442
2647,2602,1032,930
2557,2592,2301,2556
2402,1978,1979,2370
2360,2320,2319,2485
2596,2358,2612,2446
3129,2363,3271,2366
2327,2584,2366,2380
1948,1947,1918,2322
2232,2392,2213,2253
791,2415,2617,895
2050,3163,2620,2619
1609,1607,3000,1632
3370,3406,3405,3368
2458,3006,3007,3009
2325,2323,2322,2487
1646,2969,1625,1584
3135,3117,2366,2322
2948,2262,3180,3178
2364,2327,2363,2328
2853,2903,2815,2854
2773,2816,1199,1198
1920,1918,2324,2322
873,983,884,2372
3260,3286,2123,3284
2138,2343,2112,2478
2984,1652,3003,1623
3260,2155,3387,3284
3279,2441,2115,3297
2155,3284,2442,3387
853,2535,957,956
2320,1947,2361,2322
2938,3374,2844,3217
2136,2119,3125,3113
952,2652,2651,2517
2527,3339,2525,2529
2229,2217,2221,2222
1926,2349,2330,1928
2477,2680,2588,3389
3295,2712,3147,2151
3295,2712,3274,3147
2392,2532,2537,2393
1907,2304,2302,1903
3275,2111,3295,3274
3151,3398,2581,2125
2382,2504,2502,2505
2674,3259,2453,2177
3124,3123,3125,3113
2954,2952,3009,2982
2971,3355,2970,2975
2995,3006,3007,3005
1001,1094,2726,1095
2699,2701,2457,2646
2757,3265,2824,2886
3279,3260,3387,3284
606,2449,2443,598
2586,2589,2442,2443
2687,2797,2586,2748
3324,2685,2453,2177
3324,2204,2104,2937
2544,2543,2590,2657
1338,1363,2840,2759
1652,1633,1623,2984
1519,1571,1580,2975
2719,2916,2658,2048
2477,2680,3389,2236
3218,3212,2239,3213
2521,2531,2528,2653
2656,2539,2655,958
2796,2910,2926,2965
2712,2664,3313,3398
2682,3389,2960,2595
2688,2689,2705,2706
2480,870,752,776
2669,2612,2613,2644
2382,2504,2500,2502
3099,3194,2031,2025
2934,1558,1554,2977
2550,2549,631,509
2835,2934,1500,1513
1603,2977,1554,1608
605,410,2044,603
3194,2097,2025,3111
2716,2407,2043,2041
2482,2127,3281,2601
2767,1273,1192,1272
2810,2760,2622,2621
1001,1002,2726,2625
1349,1272,2850,1348
1347,1419,2848,1420
2729,2628,2727,1005
2628,1004,2626,2727
1207,1115,2678,1114
2679,2641,2678,2594
3180,3405,3366,2904
529,2399,480,2309
2774,2775,2862,2735
1932,1870,2309,1905
2829,1388,1317,1292
1174,1083,1233,2801
2802,2669,2750,2778
2672,2781,2803,2801
2801,1125,1233,1232
901,2626,2625,2565
2760,2762,2813,2812
2620,3159,2623,2761
676,2563,789,675
2966,1572,1505,1558
1594,1638,2906,1595
2123,3264,2104,3291
752,637,765,2483
3115,1965,1957,2345
1351,1275,1352,2854
1275,1276,1352,2854
2853,2904,2946,3405
2906,2947,1545,1489
3236,3318,3314,2867
2555,2399,2601,2483
2825,1336,2826,1295
1461,2966,2829,1522
1965,1987,2397,3115
2304,2398,1982,3123
2922,2891,2782,2783
1395,1473,1406,2826
3146,3148,3143,3134
3134,2008,3128,3145
2865,3287,3264,3303
2708,2643,3278,2154
3151,3398,2125,3274
2884,2711,2706,2705
3231,2889,3232,2980
2869,3314,2778,2867
2870,2751,2713,2887
2154,2643,2798,2683
2430,2085,2570,2376
2858,2857,2861,2859
2853,2904,2903,2946
2748,2808,2686,2886
2946,3405,2634,2853
2369,2350,2490,2604
2237,3174,2960,2926
3369,3359,2235,3405
2756,2745,2608,2684
1341,1321,1404,2824
3326,3233,2153,3305
2167,2508,2173,2181
2124,2182,2194,2445
2367,2380,2582,2584
2474,982,831,764
2584,2323,2582,2312
2014,2008,3134,3145
2687,2585,2453,2586
669,606,709,2443
2898,2940,1481,2897
2813,1441,1462,1412
2389,2218,2520,2526
1269,2764,1188,2765
1596,1639,1595,2906
2031,3201,2619,3161
2633,2733,2770,2815
2816,2773,2815,1198
430,563,2077,2076
2304,1950,1907,1959
1501,2991,1512,1458
976,2670,2665,1070
220,2218,219,61
2004,2008,2014,3145
1596,1546,2906,1595
3128,1998,3145,2008
1594,1545,1595,2906
2008,1998,1999,3128
2842,1462,1532,2896
1256,2868,2714,2711
2598,2802,2803,3232
2876,2993,2979,2878
3208,2916,2048,3395
2017,2013,3150,3154
2876,1501,1504,1445
2876,1501,1512,1504
942,866,2589,2586
2896,1527,1532,2958
2400,1937,1931,1963
2885,1438,1411,1498
2148,3292,2147,2115
3286,3238,3264,2123
866,942,968,2586
3157,3198,3166,3158
2016,2013,2017,3154
2764,1267,1268,1187
1527,1449,1530,2896
3130,3150,2007,3154
3010,2962,3026,3023
3359,3364,3360,2212
2754,2827,2752,2917
2827,2864,2718,2807
3208,2758,2051,3164
3208,2758,2916,2051
3208,2758,2048,2916
3167,3158,3162,2050
2999,3354,3355,2209
2781,2804,2754,2917
2835,2966,2832,2829
2827,2754,2828,2917
2016,2017,2009,3154
2834,2935,2930,2917
2835,2966,2934,2832
3191,2844,3217,3220
2931,1580,2975,1519
1531,2951,2842,1617
2940,2938,2897,2939
3003,2984,1623,2975
2896,2938,3016,2895
2264,2957,2920,3016
1442,2786,2783,2782
2210,2701,2457,3243
2910,1551,1575,1514
3002,2863,2910,1433
2892,2883,2955,2782
1479,1518,3002,2910
2987,3021,2988,2906
3158,3167,3166,2050
2017,3120,2009,3154
2620,2050,3159,2761
1390,1299,2681,1375
2776,2863,2862,2909
1978,2347,1955,2370
1572,1558,2990,1628
2967,2524,3022,3394
1622,1635,1631,2999
2986,2945,2999,1635
1631,1622,2999,2971
2984,3404,3355,2975
3440,319,2117,2400
1451,2911,2961,1450
2976,3404,2990,2977
2598,2158,2803,2802
3010,1561,2961,3000
3167,3251,3166,2050
2536,379,2255,2247
2620,2046,2623,2414
1624,1600,2964,1599
2816,2857,2774,2859
3248,3359,3180,3247
1285,2777,2776,1205
2964,2921,2949,1575
1377,1451,1450,2911
2908,1549,2949,1494
3354,2953,2978,2973
3012,2971,2973,1631
3354,2971,2973,3012
3248,3372,3366,2234
2851,3019,3372,3349
2995,3005,1660,1645
2964,2988,3005,1642
2562,3163,3162,3200
3248,2987,3349,3353
2825,1336,1295,2745
1919,2327,1887,1922
2770,3256,2732,2814
2856,1423,2902,2901
2902,2947,2851,2901
1275,2856,1274,2771
1889,1924,1888,2328
2986,1637,1638,1594
1637,2986,1638,3012
2991,1365,1460,1443
2638,2573,3172,2570
1659,2978,1630,3017
3019,2984,2983,2833
2240,3191,3220,3369
3218,3371,3025,3373
2647,2505,2648,2688
3174,3390,3391,2862
3066,134,3434,3040
3040,13,1693,1669
1739,1761,3085,1782
134,14,3434,13
3408,1760,3101,1804
2773,2636,3173,2772
12,13,133,3052
2773,2735,3173,2636
3390,2098,3181,2862
2862,3390,2909,3174
2030,272,540,2040
3170,3390,3392,2098
3432,405,201,264
3099,3194,3093,2031
46,3411,166,45
3238,3325,3306,3291
1756,1778,2377,1758
1709,1685,1731,2105
44,1685,3063,1708
1731,2102,2105,3081
2254,2244,2477,2243
3306,3233,2153,3327
3183,2242,3189,2021
3049,2108,2377,1756
2106,2105,2377,2102
184,2298,183,314
2292,3382,2097,2025
2299,77,2108,184
2958,1583,2940,1530
1788,1766,1745,3077
2254,2477,2595,2475
2079,2568,2065,2572
26,27,147,3045
2078,1790,1767,1723
294,3057,3045,148
2264,2920,3189,3016
2021,3190,2265,3187
2097,3157,3194,2025
220,2218,375,374
1538,2941,1537,1482
2128,3230,3241,3288
3072,1844,1854,1843
1810,1832,1811,2089
2375,2078,1791,1809
2090,2088,3080,2091
1793,1811,2089,1769
547,673,672,2043
2553,2715,2716,2405
2938,2958,2940,2897
1853,3097,3038,1855
3197,3198,2033,3383
3037,3035,3038,3108
398,2358,469,453
1873,1908,1872,2311
3175,3390,3174,2909
2278,2339,2033,2037
1971,1990,1970,3114
3149,3148,3276,3133
97,257,98,2316
3230,2510,3385,3318
2098,3390,2463,2909
3292,2111,2114,2122
2006,1993,1989,3121
2137,2165,2112,2343
3242,2128,3241,3288
2339,2340,3207,2260
1438,1340,2885,1411
3298,3299,2312,3301
2821,2694,2746,2881
1382,1455,1381,2794
2463,3390,3176,2909
3120,3273,2114,3119
2516,2162,3226,3332
2712,3147,3398,3274
3151,2125,2120,3274
3273,3153,2111,3137
2689,2593,2484,2705
3121,3120,2114,3119
3160,3159,2623,2619
2729,2731,2768,2630
3093,3386,2066,3091
3167,3251,2050,2761
2927,1453,2880,2962
3198,3384,3210,3166
2026,3195,3156,3197
1338,2822,2840,1409
2229,2218,375,220
1878,2316,1879,1911
2098,3390,3392,2463
2465,2283,3381,2472
2668,2679,2739,3392
1275,2856,1351,1274
2735,2814,2860,2773
2860,2735,2857,2087
2735,2814,3179,2860
2912,2911,2819,2878
2860,2735,2816,2857
2860,2735,2773,2816
3402,3401,2564,3375
3405,2087,2860,3178
2762,2810,2760,1184
2983,2942,2844,2939
2075,3256,2732,3253
3190,3205,2265,3384
3376,3254,2265,3401
3210,3165,3157,3166
1412,1386,1462,2813
2943,2900,2983,2939
2767,1271,2850,1272
2948,2987,2988,2908
2027,2465,2285,2472
1490,2905,1491,2906
3035,2404,3033,3108
2546,2278,2033,2037
2238,3384,3383,3209
1492,2908,1491,1428
2715,2039,3199,3156
2905,1427,1491,1428
2018,3099,2412,2031
2958,2896,1530,2897
3198,3157,3210,3197
2027,2284,2279,2277
2098,2679,2463,3392
3190,3205,3209,3184
2958,1530,2940,2897
2785,3395,2657,2658
3198,3205,2265,3185
2963,1617,2958,2951
3214,3218,3344,3213
3399,3240,2151,3242
3259,2674,2453,3336
3221,3219,3218,3373
1415,2847,2897,2763
2157,2203,3336,3285
3290,3323,2453,2104
3214,2207,3340,3339
3276,2122,3295,3272
2254,2477,2475,2243
3239,3221,3329,3351
3404,3355,3328,3403
3371,3403,3373,3372
2876,1559,2890,2961
3240,3242,3241,3288
3262,3306,2153,3327
2988,1596,1597,1547
2995,3006,3009,3007
2891,2799,2872,2955
2874,2799,2955,2872
2978,3005,1659,2995
3376,3254,2263,2265
2617,2046,2621,2720
3165,2031,2050,3161
2074,3397,3256,3396
3376,3254,2567,2263
3160,3251,3159,3161
3397,2075,2627,3253
3202,2065,3204,3110
3302,3300,3303,2149
3260,3266,3264,3303
222,2229,221,63
2757,2825,2175,3263
2750,2869,2887,3232
2163,3228,3289,3237
1276,1353,1352,2854
2542,2339,3207,2214
2439,759,879,2667
1072,2743,1159,1084
2749,2981,3232,2980
2109,3279,3278,2122
3225,2035,3332,3226
3231,2830,3305,3232
2478,3268,2121,3278
2838,1392,1437,1402
3303,3279,3260,3388
3275,3296,2122,3297
2838,1324,2807,1331
3275,3282,3296,3297
3322,2123,3321,3289
2868,1384,1389,2711
63,2229,2233,222
2797,2155,2886,2687
2991,1365,1443,2875
1314,1384,2711,1389
2865,3262,3261,3264
2312,2789,2582,2584
2706,1314,2711,1389
2789,3270,2609,3269
1598,1548,2988,1597
1460,1384,1389,2868
3300,3309,3311,2151
2748,2685,2886,2686
2713,2665,2867,2778
3265,2894,2937,3261
2744,2807,2805,2718
2323,2661,2474,2582
2981,3231,3232,2980
2885,1326,1411,1340
1028,988,928,2486
2829,2831,2801,3232
2446,2126,2581,2580
2612,2671,2447,2596
934,868,2613,1036
3326,2935,2917,2930
3208,2242,3395,3206
3263,2756,2757,2790
2831,2803,2801,3232
1046,948,949,2648
2912,2524,2180,3334
105,3461,1885,104
3334,2524,2180,3235
2500,2499,2381,2601
2583,3304,3326,3327
3355,2974,2970,2975
3304,2583,3262,3327
105,3461,104,198
3311,2598,2153,3305
2981,3326,3328,2749
3333,2879,2180,3334
2036,2236,3341,3244
2202,2450,2133,2497
2922,2883,2955,3243
2459,2456,2495,2611
3337,2893,2495,2457
2879,2692,2180,3334
2883,2892,2955,3243
3224,2179,3329,3234
3222,2534,3377,3379
2913,2241,3377,2391
2858,2861,2907,2859
2036,3343,3341,2234
2036,3343,3244,3341
3356,3175,3176,3358
2659,2268,2468,2595
222,2229,2233,2232
3364,2234,3343,3359
362,488,486,2220
2264,2920,2918,3189
2906,2985,3349,3020
3364,3346,3220,3360
3029,2938,3217,3027
2349,2369,2350,2490
2998,2938,2896,2958
177,63,241,2222
2539,2656,2655,2590
3234,2981,3329,3328
3372,3019,2851,2844
3223,2523,3221,3212
3191,3186,3220,3222
2918,2760,2812,2051
2523,3218,3221,3212
2263,3179,3370,3181
2659,2268,865,2468
2627,2730,2728,3253
2845,3402,3400,2564
2842,2958,1617,2951
3190,2263,3209,3384
3177,2020,3209,2235
2238,2020,3209,3358
619,2520,2390,2517
3227,2516,3226,3332
2388,2187,2525,2215
2389,2215,2388,2520
2769,2771,2852,2768
2889,3225,3231,2869
2624,2617,2046,2621
2842,1466,1393,2795
2522,3334,3213,2391
2914,3186,3222,3215
2914,3186,3189,3222
2951,2963,3026,2958
2334,541,711,646
2920,2914,3189,2534
2222,63,2233,177
3231,2981,2179,2980
2651,2519,2515,2517
3223,3229,3235,3334
365,489,2492,366
3223,3229,3224,3235
521,2165,338,409
3229,3332,3224,3235
3229,3333,3332,3235
2229,62,221,63
2881,2913,2920,2794
3225,3236,3241,2869
2538,2532,2537,2915
3022,3001,3394,3024
2968,3022,2967,2933
3332,2179,3224,3235
2179,3332,2992,3235
331,2306,2302,2344
3225,3231,2869,3241
2995,3013,3007,3009
2400,2118,2119,2117
3021,3008,3005,3007
3013,2995,3007,3030
207,3440,123,122
2889,3225,2980,3231
2670,2665,2778,2644
1900,3440,2117,1937
3419,121,269,206
2171,2144,55,2168
3246,3013,3007,3030
3008,2458,2922,3006
3031,3245,3007,2458
354,3446,2333,205
3031,3246,3007,3245
576,2433,2434,701
2900,2943,2902,1485
3179,3257,2263,3256
1349,2856,1350,1422
808,912,2430,913
3399,2830,3241,2778
721,834,2461,839
3179,3257,3181,2263
3179,3257,3173,3181
2087,3179,3370,3368
3129,3141,3134,3271
2860,2814,3179,3368
2109,3270,3303,3272
1442,1373,2782,1383
261,402,3433,198
2865,3287,2153,3264
588,2451,2219,592
2365,537,2328,479
3300,2865,2150,3302
2369,2365,666,2438
2109,2122,3272,3303
3302,3272,2149,3303
2499,723,653,772
3287,3286,3264,3303
3149,3143,3301,2120
3270,2609,3269,3267
1279,2816,2861,2815
1436,1401,2839,1342
663,2350,2348,518
481,2350,648,518
2812,2264,2919,3016
3267,3149,3269,3272
2605,777,2491,885
488,486,2220,642
984,2683,1088,993
3318,3317,2161,3385
1418,1345,2847,1417
2938,2896,2958,2897
2383,2507,2505,3385
2896,1415,2897,2763
2505,2510,2161,3385
3286,2174,3319,3321
2507,3320,2505,3385
3010,1663,2958,2963
1481,1418,2897,1417
2756,2610,2790,2747
2903,1279,2861,2815
176,323,241,2222
2585,3323,2453,2450
2591,966,926,863
2903,2905,2861,1428
2244,2476,861,728
1055,1143,2655,1144
1133,2700,2588,2646
3259,3290,2104,3291
2244,2476,2477,2588
3320,3230,3385,3319
1221,2818,2792,1304
1379,1453,1452,2880
2876,2979,2875,2878
3293,3227,2129,3319
3228,3293,3319,2156
2905,2908,2861,1428
3372,2844,3220,3371
2865,3304,2150,2836
3300,3304,2865,2153
2648,2510,2688,2505
1559,3000,2961,1560
3300,3304,2150,2865
2865,3287,3300,2153
1443,1365,1374,2875
1546,1596,2906,1547
2989,3021,2988,2987
3263,3388,2109,3303
1178,2806,1331,1239
1612,2995,1660,1645
2664,3315,3313,3398
2978,1618,1630,3017
2893,2674,2956,3336
2952,1564,2995,1569
2585,2452,2453,2586
3322,3238,3289,3237
2157,3335,3289,3239
2908,2904,2905,2861
3384,3257,3258,3210
2988,1596,1640,1597
2176,3239,3329,3351
3404,3355,3403,2833
3019,2999,2209,3020
3350,2523,3403,3373
2081,2019,2086,3258
2203,3335,3338,3339
2202,2186,2525,3338
563,2076,564,2425
3339,3214,3338,3340
3057,3046,295,2076
2460,2198,3340,2211
2198,2460,3340,3361
2838,1330,1402,1331
3439,163,3422,42
1324,2838,1402,1331
2806,1172,2742,1258
3216,3214,3338,3339
62,2229,2222,63
3353,3008,3007,2036
3031,3246,3013,3007
214,2144,368,213
2019,2081,3257,3258
2146,2143,54,212
3021,3353,3007,3349
2744,1129,1214,2864
2146,53,212,54
322,338,2142,237
2146,2132,2142,237
2594,2461,2579,2464
3177,2261,3209,3358
2269,2199,2266,2257
2251,66,2259,243
66,225,2259,67
3177,2261,3211,3209
3177,2261,3356,3211
379,2536,2255,2540
67,225,2259,226
2270,2258,68,2257
2258,227,2270,68
333,344,2302,187
49,3416,78,2
3177,2261,3358,3356
1197,1196,2815,1277
3427,320,2355,192
1278,1197,1198,2815
2630,2731,2768,2629
3251,3397,3161,2059
2631,911,2632,2636
2766,2729,2768,2728
199,262,107,3447
1858,3094,1861,1855
3068,1838,3069,3082
3350,3348,3328,3330
2981,3233,3329,3328
1938,1863,2117,1900
236,2131,2117,319
3194,2074,3258,3168
3083,1835,1823,3082
3221,3350,3351,3373
3218,3221,3373,2523
414,3407,2043,2041
3221,3219,3214,3218
2227,2228,3357,2214
3380,2469,3357,3365
2227,2252,3357,3363
3055,1698,1675,1744
2227,2252,2537,2214
961,2657,1058,960
1846,1835,1851,3082
62,63,2222,241
3055,144,291,145
1852,3038,1846,1858
2095,3062,1729,3090
3090,1706,2090,3062
303,157,3060,156
2088,2092,2091,2101
2908,2904,2987,2905
3417,305,2090,159
157,36,3060,156
3038,1852,1853,1858
2382,2504,2503,2500
316,2131,236,319
2118,3124,3113,1967
3283,2147,2493,2502
2710,3316,3281,3385
2710,3317,3316,3385
2048,3206,3208,3395
1735,1687,3064,1664
2903,1428,2861,1355
1312,2821,2822,1372
2696,2033,3206,2546
3198,3185,3158,2033
2542,2339,2037,3206
103,197,3448,102
1822,3097,1843,3072
1948,1947,2322,1968
3135,3271,2366,3134
3184,3183,3206,3207
3326,3327,3328,2930
1382,2821,1372,1409
3035,3037,1828,1817
493,615,2506,2384
2981,3326,3233,3328
366,2492,2335,2501
2931,2929,2885,2970
1938,1936,1967,3113
2523,2968,3328,3001
2179,2981,3329,3234
2198,2226,2253,2245
855,2539,744,745
2392,2389,2526,2337
3354,3348,2970,3355
2536,623,624,501
3030,3012,3017,3020
2392,623,2536,500
3030,3012,3354,3017
3030,3012,2209,3354
615,2385,614,2506
2894,2825,2839,3261
208,2130,315,185
3420,2344,186,2302
3030,3012,3020,2209
208,49,50,2130
2201,2217,2220,2197
170,49,2117,50
2344,2141,517,2494
109,200,263,3429
54,2146,172,2132
478,2327,403,538
2217,2201,2220,2224
1358,1281,2861,1357
2327,1951,1924,1922
352,3432,201,263
2221,2217,2220,2222
129,2041,275,3051
2030,3084,3050,2040
129,8,3051,128
3051,275,128,2040
3423,130,9,129
2351,2230,2220,2222
3036,8,7,128
2217,2224,2220,2351
3044,142,141,288
2305,2399,2481,2601
2628,2729,2727,2728
3055,1720,2068,2063
2067,1720,1765,1743
3455,1720,1674,1698
3055,1720,1744,2068
2143,2146,211,212
2222,2351,2225,2217
2376,300,436,437
1703,3078,3047,1679
1768,1792,1725,3078
2217,2351,2220,2222
3251,3254,3166,3161
1749,3047,3078,3088
2351,2225,2243,2231
2105,313,3049,167
311,312,448,2106
2225,2351,2222,2231
2249,2250,2231,2245
2394,2246,2253,2255
2468,2271,608,2256
2256,458,608,483
3254,3397,2074,3161
531,2308,2311,532
2246,2214,2253,3380
2254,2245,2231,2243
2900,2943,2898,2939
3135,2584,2366,3271
862,2438,965,780
2329,264,353,405
2329,353,451,405
3165,2050,3166,3161
2254,2248,2244,2243
210,365,2335,211
846,950,2511,847
2254,2249,2231,2245
3035,1817,1828,1821
2882,2695,2746,2881
2857,2774,2859,2862
3386,3097,2412,3096
2147,2383,2509,2116
2881,2695,2242,2882
1841,1828,1821,3035
1298,1242,2677,2959
140,286,3043,3054
66,2251,2259,2255
64,65,223,2247
2251,2256,2353,2245
2690,1289,1248,2817
3364,3342,2211,3341
2649,1219,2690,2818
223,378,2247,224
2250,65,178,242
2250,2245,2253,2231
2269,2354,2272,2277
287,2062,286,3054
2232,2250,2231,64
665,2369,451,666
2232,2250,2253,2231
352,404,2328,263
1924,2327,2328,2363
2213,2232,2253,2231
2250,2251,2255,2253
964,1064,2588,2646
552,2056,2374,551
14,3454,15,135
284,283,2052,2056
2251,2250,2245,2253
2052,3053,3065,3041
1390,2681,2796,1375
1418,2847,2848,2897
2788,1362,1285,2863
2767,2850,2846,2899
3421,151,298,152
2629,2568,2632,2732
2636,2631,2772,2632
2736,2816,2774,1201
2572,2426,2079,2376
2422,2566,2423,2627
2788,1286,1285,1362
2434,578,577,703
2103,2099,577,445
2845,3400,2724,2766
1754,1730,1797,3081
307,443,2099,444
573,572,2431,698
2354,2271,2461,2268
2271,640,590,466
2285,525,461,329
391,2354,2271,466
2877,3331,2690,2691
2461,721,2268,590
3402,3401,3400,2564
2182,2189,2172,2190
175,2196,360,2219
1286,2788,1285,2777
470,2189,2190,317
2449,454,271,360
2191,2192,239,174
2725,3188,2899,3375
454,2449,271,470
3188,3375,2725,3187
3035,1803,1841,3033
2811,2761,2721,3400
2551,2546,2026,2698
229,2275,228,70
359,326,2249,514
326,2256,2249,514
3335,2157,3338,2205
2256,641,514,483
2256,326,483,514
953,849,2390,2517
738,2387,2517,848
2273,71,245,70
617,736,2387,737
2292,2288,3195,2023
2908,2905,1491,1428
2552,2550,632,509
860,749,750,2551
630,2549,631,2551
631,2550,2406,2551
935,2406,946,887
632,2550,631,509
3194,2074,3193,3204
2275,229,71,70
2105,1731,1755,1774
2256,458,2271,608
597,662,453,2358
194,97,96,3452
258,2319,397,347
2316,2318,1911,2315
2589,1040,1170,2642
2027,2280,2465,2277
725,2486,585,760
2486,2360,585,643
2318,2317,2315,2316
3146,3148,2120,3143
2362,2360,535,585
2362,2360,585,2486
2223,2579,2354,2280
2679,2098,2739,3392
417,2047,2045,549
2354,2461,2464,2579
3032,3069,2023,2296
673,548,674,2409
3111,3093,3100,2378
2411,2409,549,2045
2898,2848,2846,2897
2812,2762,2895,2843
2512,493,2384,616
25,26,146,3451
2086,2660,2640,2470
688,563,2423,562
686,560,561,2422
3386,3097,3099,2412
2101,574,2431,2433
441,573,2092,574
3061,1796,1813,2095
2092,441,574,2101
2392,2213,2537,2530
617,2512,2511,616
813,2431,2574,2575
2743,2667,2742,947
2367,587,717,600
3460,403,350,199
1421,2900,1420,2850
1801,1815,1774,2377
349,2326,2324,523
667,764,601,2474
2326,2380,2324,523
2500,612,732,613
2167,2168,2166,2140
2764,1269,1268,2847
235,173,55,2168
489,366,490,2501
1987,3118,2397,3115
491,613,490,2501
2214,2252,2537,2253
3259,3290,2997,3336
2916,2658,2048,3395
1748,1768,1725,3078
3109,2080,2432,3169
3115,1987,1988,1965
625,2539,626,745
2544,2590,2695,2657
3184,3211,3207,3209
2895,2919,3187,3016
2359,2316,2485,2318
2661,2312,2323,2603
3242,3314,3313,2778
2360,821,645,643
2318,2317,2446,2315
2355,2310,2313,2356
651,531,2310,471
3115,1965,1988,1957
519,2663,594,661
3186,3183,2021,3184
2454,652,713,661
2345,3136,3115,2481
1905,2303,1904,1869
2548,2696,2658,3395
2439,2609,2365,2367
2397,1904,2304,1941
2417,2413,2374,2058
550,2411,551,676
794,898,793,2417
2374,2417,553,679
2487,2325,2362,2320
2320,2325,2322,2487
1090,2622,1238,1149
2762,2764,2895,2843
2622,1259,1238,1149
3359,2235,2212,3360
3046,149,29,28
3135,3140,3117,2322
3140,3135,2487,2322
145,3055,25,146
3140,3128,3117,2322
3140,2487,3128,2322
820,2471,819,754
2471,706,819,754
2139,2147,2493,3283
2760,1183,1238,1320
2494,2492,2381,2493
816,920,2577,921
817,2434,2577,816
922,2436,2641,921
2139,2132,2142,2493
2439,604,782,759
1310,2793,1227,1311
604,2367,607,759
2132,2142,2493,2335
715,717,2582,785
1075,2662,2744,978
2439,2747,2610,2606
2439,879,2610,2667
2866,2929,2838,2925
2492,2141,2335,2493
751,2406,632,730
883,2406,751,730
544,2716,2041,2407
2252,3380,3357,3365
2558,2408,2028,2043
2957,2840,2920,2795
2493,2502,2381,2113
1939,3115,2346,1970
1908,1909,2346,2311
2539,2535,854,744
2535,853,854,743
1562,2927,1563,2963
1909,1908,2346,1944
1363,1393,2840,2813
853,2535,854,957
2591,2673,2611,1148
2591,2457,2646,2456
1581,2963,1563,2951
176,2221,2222,62
2583,2838,2925,2866
2356,3114,1944,2346
1997,1988,3115,1987
1939,1944,1970,2346
1510,2951,2795,1528
3385,2504,2161,2505
1035,1068,2711,2645
1944,3114,1970,2346
3281,3280,2502,3385
1509,2927,1563,1562
879,2439,782,759
2916,2822,2759,2785
3182,3343,3244,3247
2354,2223,2267,2462
2552,387,388,2297
3074,3102,3070,2060
556,424,2062,423
2301,3315,2556,2592
2592,2479,3136,2556
3086,1695,3043,1741
3042,138,3043,18
1107,2773,1014,1108
3179,2814,3173,3256
2683,2755,2684,1177
1246,1165,2864,1164
2430,2085,2429,2570
1078,1165,1164,2864
801,688,802,2569
1672,1741,3043,1695
347,2360,474,535
138,139,3043,18
2350,355,2348,518
869,760,928,2486
2308,2592,2479,2480
875,2486,928,821
2659,944,836,938
1130,1132,2703,2587
2594,2703,2678,2463
713,2357,722,825
2557,2663,2310,2301
2834,2935,2917,2835
2644,2663,2357,2301
651,594,2310,2663
2649,950,2511,949
2387,736,2511,847
2094,311,3063,310
1263,1246,2864,1164
1232,2613,1125,1152
1730,3063,1708,1684
3136,3115,3152,2556
3450,3422,164,43
3462,2171,2188,57
2801,1125,1083,1233
2512,2193,2384,2188
1245,2684,1156,1118
1262,1261,2684,2824
2479,2307,2345,2556
660,775,2343,2372
82,3456,187,83
82,3445,81,250
898,1000,2624,899
896,791,2617,895
3308,2204,2937,2104
2380,2323,2366,2322
2323,2380,2366,2584
2773,2633,1012,2632
3386,3075,2066,3091
2363,2364,3271,2366
2327,2584,2364,2366
2364,2327,2366,2363
979,992,2593,2706
2161,2710,3317,2705
1801,2379,2377,2102
2204,3308,3028,3291
1035,933,2645,925
2435,2106,2377,2102
2659,1026,1043,938
2024,2106,2435,2295
2659,1061,944,1043
2377,3032,2296,3069
108,109,3429,200
2638,2737,2081,2086
944,2659,1043,938
2024,2377,2296,2294
3429,351,2327,262
951,2651,952,1049
2652,953,2390,2517
2379,2435,2377,2102
1139,2792,1222,1138
849,953,952,2517
2692,2691,2792,2651
2648,2511,2513,2385
2649,950,2650,2511
1533,2933,1534,2969
2681,1217,1241,1133
2591,2646,863,2456
3069,2294,2296,2377
3069,2379,2294,2377
2081,2737,3170,2086
2298,2024,2107,2377
3069,2379,2378,2294
2594,1117,1116,1085
985,1117,2641,977
136,3053,2052,3041
308,307,161,2093
2093,160,307,161
2637,2737,2739,2574
3230,3282,3288,2128
2648,1161,2688,1134
2513,2514,2386,2515
174,3462,238,2190
2690,2648,2688,1134
2903,2854,1277,2815
452,470,317,2189
2184,2193,2181,2129
1189,2727,1190,2765
271,2190,2191,174
915,2639,916,1017
2190,2192,2191,174
3445,186,250,2302
3445,187,2302,250
3445,187,3456,2302
2635,1016,2736,1017
1204,2738,2776,1203
2776,1284,1203,2774
2500,2602,2499,2601
2542,3183,3207,3206
1059,962,1060,2658
2762,2760,2621,2812
1041,937,1029,2561
2562,2616,2563,2558
935,2406,2405,2407
2039,2410,2615,2558
771,935,2407,832
3445,186,81,250
2127,2710,3281,2601
2327,1924,1888,1922
2659,2268,2587,865
3429,404,2328,2327
2144,2143,2501,213
2656,959,958,1056
2541,3186,2915,2227
2903,1353,1277,2854
1141,1142,1225,2693
2793,1143,2655,1142
2876,2991,2875,2817
2483,2504,2601,2602
3191,3374,3369,3187
1070,1120,2665,980
2304,2398,2397,1982
933,880,891,2645
602,658,2308,2480
2894,3265,2824,2757
56,2171,55,173
2158,2752,2803,2704
879,1044,975,2610
1044,2745,1153,1168
1169,2707,2709,2683
2605,2491,2708,2489
1182,2745,1153,2742
2491,779,2605,2438
2304,2398,2481,2397
2764,1267,1187,1186
2764,2762,1267,1186
2463,2679,2098,2678
2861,2860,2815,2816
2259,2258,68,226
1093,2722,1186,1185
69,227,68,2270
2272,69,68,2270
2722,1094,1186,2726
2722,2843,2621,2721
3198,3205,3384,2265
2575,2638,2639,2429
2127,2710,2601,2483
2661,2582,2312,2791
2258,227,68,226
147,27,148,3045
915,2575,916,2639
801,905,2569,906
2620,3163,3162,2414
907,2569,2629,906
1795,1728,1770,3080
2614,2559,2615,2561
1276,2771,1196,1277
2785,3395,2695,2657
1314,1256,2711,1384
2036,3343,3247,3244
2716,2028,2404,2043
1027,1158,1064,2646
2330,202,265,406
1312,1228,1229,2695
2537,3362,2213,2253
2369,406,2330,2350
1057,2656,1145,1056
2655,2590,2656,2746
3175,3390,2020,3174
2329,2330,406,202
2806,1178,1159,1239
2147,2116,2493,2502
1410,1397,2839,1339
3407,415,2047,279
2028,2039,2558,2043
940,867,2667,835
3074,2418,2062,2419
2049,2418,3074,2419
2822,1301,2785,1296
3238,3287,2153,3237
2420,2565,2419,2049
2785,1230,1296,1250
1000,2722,999,2624
1000,1093,999,2722
2049,2623,3203,3160
1363,2760,1238,1320
1386,1265,1400,2763
3252,2761,3251,3400
2107,450,472,395
3032,3069,3083,2023
2300,2108,2298,2299
296,3046,295,149
1197,2633,1105,1198
2773,1106,1199,1107
2291,472,330,395
2771,1102,2733,2731
2771,2769,1274,1194
2291,472,462,330
2291,472,2295,462
3427,320,2313,2355
2091,1727,2088,3080
2049,2623,2419,3203
2236,2036,3341,3243
924,2216,2578,2611
1243,2673,1123,2675
2674,2676,2675,2611
354,2333,408,205
2786,2673,1300,2675
2820,2391,2693,2880
2820,1308,1224,1307
354,2333,482,408
1139,2652,1051,1140
2819,1223,1140,1139
387,2552,388,511
2913,2391,3023,2880
2820,1223,2819,1307
370,493,369,2506
2742,1258,1172,1157
1337,1237,2839,1342
1258,1172,1264,2806
1579,3014,1556,1499
368,214,369,2506
214,2171,369,2506
2171,214,369,215
2270,227,382,228
2270,381,382,227
2600,2114,3132,3276
1078,1165,2718,1079
2276,2396,2545,2275
2752,2754,2803,2704
1976,2001,3117,3134
994,2488,2718,2662
1490,2906,1545,1489
2769,2855,2899,2767
2854,2771,2815,2852
2291,247,2298,395
3391,2087,3370,3178
2425,909,804,908
2107,2291,395,472
1219,2649,1134,1136
2869,3314,3241,2778
2692,2912,2819,2878
3380,2353,2246,2199
2818,2875,2817,2691
2092,573,572,2431
1245,2745,1168,1302
2790,981,2667,2610
2331,267,354,356
1044,2745,1168,1034
2745,1245,1168,1118
2334,354,482,539
2582,2661,2805,2791
974,2613,1125,1083
284,2057,421,2056
2804,2781,1315,2801
1163,2781,1174,1257
166,313,2105,167
2781,2804,1257,1251
1174,2781,1315,1257
2057,2058,421,2056
2835,1500,1459,1513
2823,1468,1398,1439
1466,2840,1393,2795
1408,2779,1476,1333
2916,2051,2759,2918
2800,2996,2799,2872
1135,1126,2686,1216
3262,3264,3291,3261
3270,3263,2791,2790
1625,2969,1578,1584
1404,2800,1456,1387
2799,1297,2686,2675
2707,1170,1173,1240
3405,2860,2904,3178
565,433,2079,2076
2852,2853,3368,2815
2902,2947,2945,2851
2856,1424,1351,1423
2103,311,310,447
3063,2106,2102,2105
2733,1195,2771,1196
1181,1250,2785,1296
2953,1475,2925,1446
1512,2890,2779,2876
2978,1535,2953,1569
2928,3348,2972,3013
2928,2952,3013,2953
1535,1569,1474,2953
2219,321,488,536
2221,323,2222,2220
2150,2661,2791,2805
2763,1265,1400,1266
3270,2312,2791,3302
2794,1463,2821,1382
1509,1453,1454,2927
2571,2638,3171,2570
2085,572,2429,2431
2085,2092,572,2431
3284,3387,3279,2441
2842,1466,1441,1393
2821,2822,1372,1409
634,2286,2285,2464
2690,1248,2688,2817
896,792,897,2617
2354,2223,2462,2579
1978,3126,1991,1986
1094,1000,1001,2726
2790,981,2742,2667
329,2281,525,394
3005,1642,1641,1645
2441,3387,2442,3284
2942,3188,2725,3374
2943,2941,2898,2939
2898,1483,1419,1482
3268,3267,3133,2604
1483,2941,1538,1482
2774,2776,2859,2862
2267,2353,2469,2199
2908,1429,2861,1428
1281,2816,2859,2861
2787,2681,2677,1375
2754,1167,1255,1213
1213,1167,2672,2704
1518,1470,3002,1434
2000,3131,3141,3126
296,2076,432,295
2712,3242,3313,2778
2690,1289,2817,2818
2991,1460,2817,2868
1256,2868,1335,2714
2870,2751,2714,2713
2868,1408,1512,1458
2868,1408,2779,1512
2434,2103,2099,577
2434,2103,2576,2099
2838,1475,1469,1437
2930,2936,2935,2834
2835,1334,2804,1329
1633,1627,1623,2984
1486,2902,1485,1422
2434,578,2103,577
1348,1421,1420,2850
2900,2898,1420,2848
2687,2797,2442,2586
1483,2943,1484,1539
1418,2898,2848,1419
2855,2849,2899,2767
2610,975,965,1034
1801,2377,3069,1815
480,396,334,2309
2578,2674,2453,2685
640,2354,2461,593
2354,457,640,466
2578,2498,2453,2674
1646,1663,3010,1656
2743,1155,2744,978
2666,2578,2453,2685
3308,2104,2937,3261
3129,1973,2368,1985
632,2553,2552,603
2666,2452,2453,2578
2838,1366,1326,1263
1079,1078,973,2718
2971,1587,2973,1631
2931,2936,1498,1519
630,749,2547,2551
1622,1631,1573,2971
2342,628,748,2547
383,506,382,2545
1605,1555,2783,1604
506,505,382,2545
719,2216,718,588
1600,1624,2964,1575
2223,3358,2462,3392
1494,2908,1493,1430
1600,1551,1575,2949
2814,2773,2772,2632
2469,2353,3380,2199
2964,1626,1604,1642
2280,2354,2464,2579
2286,2465,2285,2579
2223,2462,2579,3392
2283,2027,3382,2472
3010,1657,2963,1610
581,706,2295,655
525,2295,2281,2471
1561,3010,2962,1562
2394,2538,2535,2393
2921,1514,1517,1414
1536,2964,1624,1575
1089,1129,1214,2744
2941,1483,1538,1539
2283,2097,3381,2472
2984,1652,1589,2941
1652,2984,1589,1633
2941,1538,1588,1539
2900,1483,1484,1420
2943,2941,1589,1539
3410,390,2330,265
1964,1986,1954,2349
2097,2283,3382,2472
2465,2470,3392,2286
2977,1603,1647,1608
2474,982,2662,831
2936,1520,2934,1472
2900,2850,2899,2846
1649,1585,1619,2958
1239,1330,1294,2806
3011,1653,1620,1650
1601,1520,2975,1571
2235,3177,2020,3174
2241,2913,2693,2391
2984,3404,2833,3355
3404,2833,3001,3011
3115,3118,2397,2481
3367,3359,3369,3405
2986,2945,3020,2999
2820,1141,2693,2653
3136,3118,3115,2481
3011,1653,2969,1620
2131,2142,2335,2493
275,274,128,2040
2398,2482,2113,2481
3441,153,3047,33
607,2367,707,759
2667,759,835,707
2139,2131,2137,2119
2555,2305,2499,2601
463,2325,667,601
2141,2131,2335,2493
2083,3079,2376,3088
2131,2141,2119,2493
3124,3123,3119,3125
1833,1794,1811,2091
2428,2073,2426,2089
833,2582,720,876
19,1672,1696,3043
1719,2067,1786,1743
2067,3070,1818,2069
164,165,3063,44
2113,2482,2502,2601
591,2380,477,523
2105,3411,3063,165
164,44,3063,3450
1698,3055,1675,24
2065,2566,2423,2077
3055,145,25,24
3455,144,3055,24
294,430,2077,2076
720,2582,601,2474
1803,3035,1841,1821
2127,2482,2481,2601
734,2503,733,614
3035,1803,2042,1780
2793,2794,1381,2693
2082,2078,3056,1809
1832,2375,1810,1831
2127,2399,2601,2481
1808,3056,1830,1809
2303,2309,2397,2481
2500,2381,2502,2601
734,2385,614,615
2385,734,614,2503
2503,613,733,614
3230,3282,3319,3288
2395,746,626,2543
2555,2399,650,2305
1771,3090,2095,1729
1707,2094,3062,1729
1827,1824,1802,2055
3067,2056,2052,2045
2408,2054,3039,2047
1827,3037,1802,1804
3037,1827,1802,2055
3037,3035,1828,3038
2181,2173,2172,2184
1804,1782,1760,3101
504,2341,505,627
2395,746,627,626
2055,3097,2412,3108
2566,3110,2421,2065
2184,2173,2129,2181
911,1012,2632,2636
2082,1808,3087,1767
2100,2432,2091,3048
3089,1833,1811,2091
2096,2100,2093,2095
2241,2694,2655,2693
981,879,835,2667
3097,1827,2055,1824
1824,1827,1853,3097
1838,1820,1815,3069
940,981,835,2667
2855,2766,2767,2768
1906,2346,1939,2345
3099,3033,3098,3082
2529,3338,3339,2525
199,3460,107,106
534,656,2306,653
262,108,107,3447
49,123,3416,2
1820,3069,1778,1815
2884,2690,2162,2510
2754,2827,2718,2704
2306,2499,659,653
398,2358,332,469
1943,2318,1946,1969
2202,3338,2525,2203
3410,1928,2332,1893
656,2555,2499,772
1951,2327,2363,2366
2602,772,2499,2555
2709,983,2642,1040
3251,3397,3254,3161
1988,1997,3115,1970
1932,1965,2345,1957
190,253,2311,340
769,654,783,2555
2602,783,931,772
2690,1289,1219,1248
2416,2058,2419,2062
3414,1932,2307,1871
1932,1906,1957,2345
3039,1802,3037,1804
2398,3118,2397,1987
3398,2664,3152,2580
2533,2241,2915,2532
2437,3267,2606,2604
947,867,785,2667
1978,3126,2402,1991
2121,2490,3133,2347
2370,1978,1942,1955
2370,1978,1979,1942
2402,1978,1991,1979
1993,2402,2005,1991
2855,2766,2849,2767
2006,1993,3121,2005
2582,947,785,2667
2479,2127,3136,2481
2308,2592,2556,2479
2654,2538,2532,2393
3099,2018,3108,3112
2016,1990,2007,3154
2396,628,2341,2547
3127,3116,3138,3145
2580,2358,2446,2612
3150,2013,2010,2007
1024,922,2641,1023
2876,1445,1504,1450
1206,1114,2678,2740
2276,2396,2549,2545
1798,1799,3034,1800
1689,6,3050,1666
1799,1803,1757,2042
1779,1799,1757,2042
2641,922,921,1023
272,273,540,2040
2855,2769,2852,2768
2042,1799,3034,3084
3083,1823,1800,3034
2396,628,2545,2341
1779,2042,3051,3084
3051,2040,3036,3084
1009,2733,1010,1103
2284,2027,2287,3382
3033,1846,3082,1823
2855,3401,2766,2768
3037,2054,3039,3108
1715,1782,3085,3101
2626,903,2565,902
2396,628,629,2545
136,3053,3041,15
2773,2636,2772,2632
1098,2727,1190,1097
3093,3386,2031,2066
3086,1763,3071,3104
3160,3251,3252,3159
2762,2760,2813,1265
1393,1412,2813,1320
1096,2727,1003,1097
2734,2571,2636,2429
3057,1700,1722,3045
1700,1676,1722,3045
2077,292,2071,429
1763,1819,1785,3104
2722,2624,2621,2810
1090,2760,2622,2810
2396,628,2547,629
628,2547,2342,2341
294,3057,2076,3045
1905,2345,1965,2397
1679,3079,1702,1748
996,2622,1149,995
695,2430,570,2429
2573,2432,3169,2073
2573,2637,2433,2431
3136,3315,2592,2556
1832,3089,1811,2089
1793,1750,2088,1727
762,711,2372,824
1719,2067,1764,1786
305,2092,2088,2101
1833,2100,2091,3048
1794,1793,1811,2091
873,762,2372,824
2637,2434,2576,2433
2571,2572,2631,2430
2821,2881,2920,2794
2622,1124,1149,995
3273,3120,2114,3144
3267,2152,2747,2607
1808,1789,3087,1767
1764,3071,1742,1785
2511,2513,2386,2515
2916,2918,2759,2822
2367,587,600,538
1905,2397,1965,1941
2554,2398,3123,2113
2307,1906,1932,2345
2479,2399,2481,2309
3114,3115,2346,2556
602,2399,637,2480
1946,1960,1981,2359
2480,877,2483,752
1906,1939,1957,2345
2482,3122,3119,3125
2145,2514,2386,2129
2116,2168,2140,2143
2155,2797,2442,2687
2333,467,2400,2137
1936,1901,1940,3113
2130,2344,1901,3113
3104,2060,3106,3102
2789,3270,2791,2790
2585,2687,2442,2586
2682,3389,2595,2588
3240,3242,3296,2151
3272,3276,2109,3267
2644,2663,713,2357
3386,3097,3094,3099
1258,1339,1337,2839
2466,2267,2469,2199
3097,1855,1854,3094
2593,2645,2705,2706
2161,2884,2705,3318
1506,1451,2961,1450
2689,2647,2504,2602
2710,2504,2502,2601
2113,2554,2481,2601
2111,3153,3316,2110
2170,2171,173,2168
2585,2445,2442,3323
2022,3169,3192,3100
2172,2182,2173,2166
2164,2167,2173,2166
2183,866,709,2443
2820,1141,1140,1224
454,2449,598,592
2232,2250,2247,2253
2879,2514,2516,2515
2514,3393,2145,2519
2449,2451,2196,2352
64,222,2233,2232
2219,2459,642,2220
1256,2868,1384,1335
964,1061,2588,1064
362,2219,321,488
2652,2528,2521,2390
3008,2458,2036,2922
2208,3245,3246,3347
3021,3008,2988,3005
3352,2234,3245,3219
2159,2711,2705,2645
2133,2352,2185,2201
2645,2711,2705,2706
708,2459,635,642
2196,2449,536,592
2219,2196,536,592
2460,2477,2243,2475
1846,1851,3098,3082
2698,3250,2658,2696
3136,3315,2110,2592
2652,953,954,2390
2457,2455,2460,2243
2390,953,954,850
2652,2820,2653,1140
464,2248,2249,325
1027,966,926,2591
2336,2193,2188,2185
2927,1380,2880,1453
2820,1141,1225,2693
2551,2396,2547,630
2913,2998,2534,2920
2551,2546,2396,2026
1455,1510,1454,2794
2927,2913,3023,2880
955,851,852,2528
871,832,2407,986
2535,957,2655,958
1846,1858,3098,1851
1851,3068,3098,3082
2205,3214,3219,3342
2538,2241,2655,2654
2336,2185,2188,2191
2544,2541,2542,3183
2840,2822,2759,2918
948,2647,2648,1077
3374,2939,2846,2895
1035,1176,2711,1068
2534,3189,3016,3222
1560,1507,2961,1506
3000,2967,2890,2961
1611,1581,2963,1563
992,1068,2593,2706
2763,2896,2813,2812
3136,3315,3152,2110
2299,75,2298,2300
2281,2027,2287,2274
2294,3192,3111,2292
2766,3401,3375,2564
2557,933,827,925
1025,2645,925,1035
184,2298,2299,183
2588,840,964,861
2027,2284,2287,2279
2097,3168,3381,2472
2193,2184,2188,2185
3195,2284,2287,3382
142,21,22,3428
2689,2593,979,2484
2476,2244,861,2588
2377,3032,2108,2296
2029,1711,3032,1735
2281,2290,2291,182
979,2689,1045,2706
2284,3195,2287,2279
2295,2281,2291,462
2639,2738,2740,1019
1982,1941,1987,2397
2761,3251,3400,2265
2105,1755,2377,1774
602,2399,473,637
966,964,861,2646
2766,3400,2564,2845
2574,2639,2740,1019
2776,2738,1205,2740
3299,3147,3295,3301
1998,2004,1996,3145
591,715,2582,720
2777,2776,1205,2740
1205,2738,1112,2740
1962,2363,2368,1985
2334,354,2333,482
856,959,2543,960
1935,1910,2313,1875
1873,1908,2311,1909
1874,2355,1935,1909
1113,1205,1112,2740
1906,2346,1908,1939
856,745,746,2543
3262,2928,3261,3307
2308,2310,2311,2556
2307,2399,473,2308
2355,1874,1935,1875
2743,1172,1084,2742
947,2743,939,1084
2126,2581,2580,3398
594,661,2663,722
1172,1080,1084,2742
3037,3097,1827,2055
667,831,2474,668
2327,2584,2367,2364
2328,2437,2364,2365
352,3432,405,201
2363,3129,2368,1985
1889,1925,1924,2328
3075,2066,3091,3105
569,2430,570,695
2323,2312,2487,2603
2849,3375,3402,2564
436,3079,299,300
300,153,3079,299
2879,2514,3393,2516
2229,2225,2217,2222
3227,3320,3319,2156
2602,783,889,931
619,738,618,2517
2388,2336,2386,2518
2375,3056,1831,3105
2389,2520,2388,2390
2390,2520,2388,2517
2546,2026,2284,2279
2281,2289,2291,2287
749,859,2551,860
2406,946,887,2551
892,972,787,2559
673,2409,547,548
673,2409,2043,547
2039,2410,2043,2407
986,946,2697,1038
2339,2542,3207,3206
2404,2716,2043,2041
2376,2427,2079,2572
1832,2375,2089,1810
2064,560,2420,2071
286,2058,2062,423
2422,560,561,2071
1806,1829,3106,1819
571,697,2429,572
2743,1159,1084,1172
3255,2019,3171,2074
2428,2085,2376,2570
2343,884,2372,775
2797,2643,2798,3387
2145,2514,2519,2386
2139,2165,2115,2112
606,586,2183,2189
2192,58,239,174
2642,884,990,983
3388,3260,3387,3279
2591,1031,932,926
2216,2498,2611,2495
1076,968,2586,2666
2182,2183,2442,2166
2674,2210,2892,2676
2800,3324,2886,2937
727,608,2268,590
2587,941,839,2461
2667,2789,2791,2790
2227,3346,3357,2228
2281,394,2291,462
929,1024,923,2641
2849,2766,3375,2564
3053,3042,17,137
1761,1716,3067,1783
2103,310,2094,309
2555,656,783,772
654,656,783,2555
2845,2849,3402,2564
2766,2849,2845,2564
2626,901,902,2565
528,2306,659,653
901,797,902,2565
1018,2738,1017,2639
2431,2073,2570,2085
2085,2073,2092,2431
2139,3292,2135,2112
3136,3118,3152,3115
1202,1109,1110,2736
2554,2303,2305,2302
2165,409,2142,338
613,612,490,2501
2131,2134,2335,2142
366,489,2492,2501
2384,2129,2508,2181
2126,3398,3310,3312
846,845,2511,949
1507,1561,1560,2961
1583,1629,2940,1621
2977,1608,1658,2990
2876,1445,1450,2878
3000,2967,2933,2890
2723,2726,2625,2721
2932,2823,2980,2887
2247,377,223,2232
2258,2259,2257,2255
875,2486,1028,928
2461,834,941,839
2247,377,378,223
2089,1792,1769,1810
3346,3344,3345,3342
2656,2543,2590,2539
2258,2338,2341,2266
1726,1750,2084,1793
2247,2250,2255,2253
2822,2821,2695,2242
2305,2399,2309,2481
3170,2470,3392,3381
2592,2479,2483,2127
637,650,765,2483
877,2480,2483,2593
602,2399,2308,473
1905,2345,1932,1965
529,2309,480,334
995,2614,2617,2622
3208,2841,2021,3164
2567,3254,3256,2263
2416,2618,2623,2413
2413,2562,2414,2374
2620,2050,2619,3159
2415,2616,2562,2414
2761,2046,2721,2623
2562,2415,2374,2411
2420,558,557,683
2811,2761,3400,2265
2306,2499,2601,2381
1946,3127,2359,1981
2830,2750,2802,3232
907,2569,2425,2629
2591,2457,2456,2611
2357,2159,2665,2644
2586,2666,2453,2685
3285,3290,3323,2453
2457,2351,2456,2495
1042,924,2578,2611
1234,1135,1151,2686
2450,3285,3323,2453
2441,2440,2442,2166
2800,3324,2686,2886
2685,2674,2453,2177
2707,2586,2748,1173
2594,2703,1166,2678
2874,2799,2686,2675
2484,2592,2593,2483
3314,3316,3313,3317
2307,2399,2309,473
2647,2689,2504,2161
2855,3401,3375,2766
3115,2345,2481,2397
3070,2060,3102,3106
2480,2592,2483,2593
877,2484,2483,886
2370,2402,2401,1979
1986,1964,2347,2349
2599,2165,409,2137
2141,210,2335,2134
1977,2402,1993,1979
2600,2112,2401,2135
2365,520,451,666
990,1040,969,2642
2047,2408,2409,2043
2641,2594,3392,2579
3129,1951,2363,2366
2641,1117,1023,1116
2605,2154,2708,2604
2415,2616,2563,2562
2428,2084,3088,2085
3208,2841,2919,2021
1117,1024,2641,1023
1749,1792,3078,1725
2733,1195,1196,1103
2563,2616,2615,2558
2548,2698,2658,2696
2636,2772,3171,3173
909,2425,2632,2629
3171,2734,2081,2638
2733,2629,2632,2770
2636,1108,1015,1014
1013,911,2636,1012
2733,1104,1010,1103
2735,2775,2734,2736
2775,2737,2734,2639
2855,2853,3406,3368
2770,3256,3368,2567
2285,525,596,461
2617,996,2810,997
792,2417,897,2617
1752,3090,1771,1729
2293,2473,2472,2295
2436,2640,2286,2641
2961,1452,2911,1451
1074,979,1045,2706
2531,2522,2653,2521
1141,2654,1142,2693
2651,2879,2519,2692
2652,2820,2692,2653
1130,2703,1166,2587
2159,2664,3313,2778
2682,2659,2587,2677
2702,2682,2587,2677
2367,2789,2609,2584
2661,2312,2582,2323
2818,1289,2875,1374
865,2587,967,839
2928,3308,2994,3261
2594,2703,2587,1166
1131,1120,1025,2665
2104,3324,2937,2886
2808,2755,2824,2886
2687,2586,2453,2685
2452,2498,2453,2578
2450,3323,2445,2585
1436,1503,1473,2826
1297,1211,1216,2675
1297,1211,2675,1300
2676,2673,2675,2611
2676,2674,2675,2892
1123,2673,2611,2675
2489,773,882,945
2514,2519,2386,2515
1297,2800,2799,2686
1063,2489,882,945
2534,2913,3377,3379
3216,3223,3221,3213
3364,2234,3220,3342
2533,2241,2532,2653
2715,2039,3156,2716
3156,2039,2560,2716
2403,2560,2404,2716
2524,2034,2391,3023
1362,2788,2959,3002
2261,2466,3357,2260
3193,2022,3194,3093
2948,2950,2907,2949
2463,2777,2703,2678
3092,3095,3091,3100
2237,3174,3175,2960
1256,1215,1131,2665
1249,1291,2751,2823
2884,2711,2817,2706
2713,2750,2887,2751
1233,1232,1292,2801
1215,1256,2714,2665
2403,2560,3112,2404
1349,1421,1348,2850
3374,3191,2844,3217
2994,3308,2937,3261
2942,3188,2899,2725
2159,2711,2645,2665
2357,2159,2645,2665
2860,2853,3405,2904
2964,1600,1575,2949
1110,2738,2736,1017
2736,1109,1108,1201
3217,2833,3025,3371
1432,2863,2859,1360
2928,2583,3327,3262
546,547,672,2043
3290,2123,2104,3291
3307,2753,3327,2928
3333,2879,3229,3332
3304,3326,2153,2598
3231,2981,3233,2179
3194,2074,3168,3193
2757,2756,2798,2684
2683,2707,2755,1260
1078,994,2718,1129
2825,1336,2745,2824
2839,2742,2806,2836
1261,2755,1177,2684
1005,2628,904,1006
2856,1424,2854,1351
2856,2769,2899,2850
2605,2683,984,993
1193,1273,1192,2769
2729,1191,2767,1192
2968,2749,2980,3234
1064,1133,2588,2646
1154,1215,2665,1120
2661,2662,2603,2474
1070,1154,1179,2665
2644,980,825,976
2870,2178,2867,2888
2683,1169,1088,993
1961,2326,2366,2322
2584,2364,2609,2367
1295,2825,2839,2826
2100,2080,3061,2096
2594,2463,3392,2462
2527,2521,2525,2522
3014,3004,2872,2996
1295,2825,2742,2839
2928,2839,2836,3261
2100,2080,3048,3061
2813,1441,2842,1462
2051,2841,2812,2919
1343,2847,1415,2763
1739,3066,1716,1670
1449,1440,2763,2896
2463,3390,3392,3358
2919,3191,2021,3187
2161,2884,3318,2510
2161,2689,2705,2688
2657,961,2342,960
2870,2889,2887,2869
2870,2823,2980,2871
2993,2979,2206,2871
1385,1334,2804,2835
2052,136,3041,282
2832,2935,2934,2835
2832,2966,2932,2829
3170,3390,2238,3392
2689,1161,1082,1045
2834,1471,2936,1472
2727,1191,1190,2765
1269,2764,2765,2848
1269,1345,2848,1346
2900,1483,2943,1484
2769,1273,2767,2850
2689,2647,1082,1161
1269,1270,1346,2848
1061,1133,2588,1064
2276,2549,384,2545
2463,2702,3176,2587
3051,3036,1712,3084
3302,2865,2150,2836
3051,1690,1712,3036
2950,2858,2262,2948
2484,991,2602,886
970,2647,1032,930
1215,1120,1131,2665
2159,3314,3313,2705
2647,970,1032,1122
2161,2884,2688,2705
1068,2593,2706,2645
1221,1222,1305,2792
2818,2875,2878,1376
2751,2829,1317,2801
3335,3216,3229,3224
2523,3223,3329,3234
3230,2510,3320,3385
2651,2519,2517,2652
1161,1248,2688,1134
2838,1392,1475,1437
3059,1749,3047,1703
1566,2929,1469,1523
2885,1326,1396,1411
1340,2834,2885,2828
2711,2159,2705,2867
3014,1553,1565,2982
2952,2826,2982,1477
1401,1410,2839,1337
2702,3176,2587,2682
2954,2891,2982,3009
2891,3014,2982,2872
1546,2906,1595,1545
3079,153,3047,3441
2906,2947,2985,3020
3017,2986,1638,2906
3212,3218,2239,3025
2395,746,2342,627
2913,3023,3377,3379
2273,180,328,2272
2241,2533,3377,2391
2742,2667,2791,2790
2463,3176,2462,2587
1410,1339,2839,1337
2894,2825,2824,2826
2888,2714,2870,2779
2928,2583,2806,2925
2971,2999,3355,2975
2753,2866,2972,2970
3348,2753,2970,3328
3354,2953,3013,2978
886,2602,2555,889
1146,1057,1058,2657
1360,1283,2859,1359
2095,3061,1772,2102
1174,2781,1071,2672
1414,1479,2910,1514
1119,2781,1163,1213
1531,2842,1532,1617
2842,2795,2951,1528
1163,2781,1071,1174
2743,947,2742,1084
947,1080,2742,1084
2582,2743,2744,978
1657,1611,1654,2963
784,2500,843,930
1072,2743,939,978
2682,2595,2960,3176
2727,1098,1004,1097
2967,2206,2980,2871
1128,1061,1133,2588
2830,3399,3305,2802
931,2500,930,2602
3176,2595,2587,2682
2933,2968,2980,2967
3047,3079,3078,3088
1304,1221,1305,2792
2906,2905,2988,2987
1490,2905,1489,1426
2741,1158,1121,2591
1429,1430,2861,1357
3367,3405,2634,3366
2900,2902,2983,2942
391,2354,2272,2271
2567,2263,3256,3368
2626,2727,1004,1003
2635,2736,2639,1017
1018,916,2639,1017
1040,2709,1170,2642
2681,1128,1133,2588
915,2575,811,916
1018,1111,1017,2738
3307,3348,3347,3330
3349,3030,2209,3246
3013,3031,3028,3347
2176,2997,3351,3347
1562,3010,2963,1610
1527,1585,1532,2958
2818,1137,2650,1136
2963,1649,1617,1654
2818,1219,1220,1136
1462,1440,1532,2896
1440,1527,1532,2896
2169,2168,2132,2140
2533,2241,3377,2915
2818,2649,1136,2650
1219,2649,1136,2818
2709,2707,2642,2643
2216,2451,830,2578
3374,2938,2844,2939
2578,829,936,830
1779,3051,1736,1712
2927,2962,2963,1562
3075,1860,3094,3096
1846,1835,3082,1823
3037,3097,2055,3108
2028,3039,2043,2408
2436,703,817,704
1756,1687,1710,3064
2622,1090,2810,996
2377,313,314,3049
2105,313,2377,3049
2298,2024,2291,2107
2294,2292,2296,2024
2292,2294,2296,2023
805,2427,804,691
1752,1683,3062,1729
307,308,444,2099
691,2427,804,2425
2377,3032,1778,2108
996,1090,1149,2622
511,530,2030,2300
2028,2408,3200,3108
1837,1849,2378,1845
2695,2882,2544,2242
3112,3111,3099,2025
2914,2881,2242,2882
3423,1713,2041,3051
1648,1620,3011,2990
3387,2496,2442,2642
3046,3087,3057,1723
3441,152,3079,153
1713,2042,3051,1757
554,2417,680,679
2716,2039,2043,2407
1690,1666,1712,3036
127,128,274,2040
2758,2719,2048,2916
2962,2927,3023,2880
2031,3194,3093,2066
3397,3255,3396,2074
790,2415,895,894
2868,2817,2888,2867
1816,2053,1805,1762
2053,3086,2057,3104
292,3055,2068,291
2060,3070,3072,3106
3042,285,3043,138
2060,3071,3102,3104
2168,2143,54,2132
1733,3084,1712,1666
3099,3033,3082,3112
3035,3033,3038,3108
3099,2018,3112,2025
379,225,380,2540
885,2489,1073,945
3121,3132,2600,2114
3123,1982,2304,1959
331,528,344,2302
2398,3137,3118,3119
2402,2600,2401,3121
3273,3122,2114,3119
2125,3139,2581,3138
3148,3141,3134,3144
2865,3287,3303,3300
3118,2398,2397,2481
2350,2332,2347,2348
2788,2863,2909,2926
3126,3132,3131,3141
2700,2699,2782,2784
3309,3147,3299,3301
2674,2210,2956,2892
1520,1601,2975,2977
3118,1997,3115,1987
1965,1941,2397,1987
2659,1128,2677,2588
1976,1961,2366,3117
2315,2318,2313,2446
3259,2204,2997,3291
2446,3116,2580,2581
2422,2627,2728,2049
2046,2624,2721,2623
2058,556,2419,2062
2483,769,650,765
1905,2345,2309,1932
2624,2417,2625,2623
3401,2265,3251,3254
682,2419,796,795
2496,2441,2115,3278
1128,2681,2677,2588
3069,2379,2377,1801
2284,2283,3197,3383
1777,3084,1712,1733
2080,3109,3048,3100
2020,3390,3181,3391
2737,2739,3181,3170
2960,3182,3244,2926
2775,2098,3181,2739
2098,2775,3181,2862
3181,2735,2087,2862
3174,2858,2862,3178
3051,2040,128,3036
3404,3011,3001,2990
2228,2542,3207,2214
3374,3188,3187,2895
3164,3185,2265,2021
2256,2254,2245,2249
2480,870,877,752
1171,1041,1162,2658
394,2281,2291,182
2480,870,2593,877
3083,2023,3082,3034
2295,2293,2024,2289
2654,1052,2653,1141
851,2390,954,850
741,621,622,2528
1651,1648,3011,1658
2519,2517,2386,2515
621,2389,620,498
2271,640,2461,590
3215,3344,3220,2239
2154,2109,3278,2604
2078,1747,3058,1724
1035,1131,1025,2665
2912,2391,3334,2692
1648,3011,1658,2990
2524,2961,2993,2967
721,2461,726,640
2229,376,2232,222
2204,3308,3291,2104
593,2354,457,640
3333,3331,2879,3332
3238,3322,3286,3237
144,3055,291,2063
2830,3231,2869,3232
3003,1623,2977,2975
2486,2672,2671,2448
2887,2829,2801,3232
3182,2262,3178,3180
3337,2210,2956,2893
2989,3021,3008,2988
2984,3404,3003,2833
2461,593,726,640
1094,1187,2726,1095
2058,556,555,2419
1094,1187,1186,2726
2727,2724,2765,2726
755,2464,2286,634
2723,2721,2623,3252
2797,2707,2886,2798
2826,2994,2982,2937
3308,3307,3291,3261
2745,2757,2824,2684
3265,2104,2886,3266
1026,1132,1130,2587
151,297,150,3058
1620,1648,1606,2990
1131,1035,2711,2665
1917,2361,2320,1947
2204,3015,3028,2955
2643,2708,3278,2642
766,925,878,2357
2746,2694,2655,2915
2514,3227,2129,2145
2153,3262,2865,3264
3240,3287,3296,3286
2585,2452,2586,2443
2148,3279,3297,2122
825,2357,722,878
2203,3293,2145,3294
1031,1148,1121,2591
2352,2452,2497,2450
3288,3230,3226,2156
2510,2516,2162,3226
2384,2181,2508,2382
2557,2663,651,2310
2928,2583,2836,2806
3302,3298,3299,2312
1810,1811,1769,2089
2930,3326,3327,2583
1974,3114,3130,1992
2802,2669,2780,2750
3298,2312,2603,3312
2673,1243,1290,1300
3298,2661,2603,2312
519,2663,2310,594
3298,3309,3312,2597
811,810,2429,915
2596,2485,3312,2603
3149,3272,3295,3301
2873,2872,2982,2937
2673,1243,1148,1231
2873,2874,2872,2937
2161,2884,2510,2688
1206,1113,2740,1205
2358,3449,398,332
3031,3245,3015,3347
3046,297,3058,150
2541,2882,2590,2915
2866,2885,2828,2838
3018,2968,3234,3394
3008,2964,2949,2988
3216,3221,3239,3351
2523,2968,3234,3328
2176,2157,3239,3351
2294,3107,2293,2379
2121,2708,2372,3278
3214,3216,2205,3351
2299,77,76,270
3442,124,3,77
2101,574,575,442
2260,2261,3207,3357
2821,2694,2793,2746
2460,2477,2475,3365
3218,2234,3219,3342
2227,2252,3345,2537
3337,2205,3340,3338
3354,2971,2970,2973
1162,2719,1029,1127
1627,1571,1623,2975
2789,2747,2790,2667
3354,2953,2972,3013
3354,2953,2973,2972
2723,2419,2565,2049
2252,3362,3345,2537
2037,2339,2266,2338
3362,2198,2252,3345
2034,3023,3377,2391
2984,3404,2975,3003
1648,1650,3011,1620
3367,3359,2234,3369
3352,3248,3349,3353
3367,3359,3366,2234
576,443,2099,575
2919,2264,2918,3189
2139,2115,2140,2147
1104,2733,1196,1103
2853,2904,2815,2903
2087,2860,3179,3368
2541,2538,2394,2537
2567,3376,2263,3368
3406,3369,3376,2235
3367,3359,3405,3366
1621,3011,2940,1651
3155,2039,2560,3156
2616,2617,2720,2414
2046,2761,3164,3162
3175,3356,2960,2212
2081,3257,3258,3181
2680,2787,2681,2677
1600,1599,1550,2949
1537,2940,1602,1576
2858,3174,2909,2926
1078,994,973,2718
2422,561,687,2423
687,561,562,2423
3147,3309,2151,3310
2889,2887,3232,2980
1171,1250,2658,1162
2253,2214,2246,2394
1219,2649,2690,1134
1046,2649,1047,1134
2649,1046,2648,1134
2648,1046,1175,1134
2441,2496,3387,3278
2342,747,627,746
2381,2113,2601,2306
2306,2113,2494,2381
2722,1000,1094,2726
1096,2765,1188,2726
2816,1108,1200,1201
75,2298,247,183
796,2625,2565,901
73,246,182,2290
2248,242,2231,2249
2838,1330,2806,2925
2482,2113,2481,2601
619,2518,618,496
2230,2351,2243,2231
2392,2232,2337,2526
1324,1263,2864,1212
3003,2941,2833,2940
2952,2995,2953,1569
2029,272,3050,125
2807,1212,2864,1214
2864,1263,1164,1212
2067,1787,2069,1765
168,314,167,3049
2793,1143,1226,1227
1227,2655,1144,2656
2656,1228,1144,1227
2656,2793,2746,1228
2866,2928,2972,2925
2566,2065,2421,2077
3409,3449,1877,95
2656,2793,2655,2746
788,2559,787,674
2559,675,674,788
2676,2893,2611,2674
788,892,787,2559
196,101,100,3430
2533,2391,3213,3377
2638,2571,2734,2429
2863,1362,1285,1361
1207,1206,1114,2678
2591,2673,2701,2611
2888,2714,2867,2870
2714,1179,2751,1249
2591,2673,2741,2701
2893,2457,2611,2495
175,2219,360,321
2893,2676,2611,2457
2498,2893,2611,2495
2216,642,718,588
2244,756,633,753
924,2216,828,829
1279,1356,1355,2861
3326,3231,3233,3305
517,2141,364,2492
214,2144,213,55
2410,787,673,786
2498,2893,2674,2611
2878,1305,1376,1377
1377,2819,1305,1306
365,485,364,2492
2141,209,364,210
2335,364,365,210
2335,364,2492,365
1389,2706,1244,1318
2706,1180,1244,1318
2559,675,2409,674
2760,2051,2621,2812
2622,2051,2621,2760
2722,2843,2762,2621
2762,2812,2621,2843
2811,2843,2721,2621
2552,387,386,510
387,2552,386,232
2812,2841,2621,2843
1334,2804,1329,1251
2633,1011,1012,2632
2884,2690,2817,2162
2835,1334,1329,1405
2804,1293,1329,1251
2629,909,1010,2632
1286,1206,2777,1205
909,1011,1010,2632
909,1011,2632,910
2427,909,2632,910
1109,1016,1110,2736
2707,2797,2642,2643
2777,2775,2776,2740
2307,524,473,389
2821,2840,2822,1409
2804,2834,2835,1329
1232,2670,2751,2801
1165,2754,1255,1322
2885,2838,1326,2828
1363,1393,1435,2840
2589,2797,2642,2707
2598,2158,2752,2803
1466,2840,1435,1393
2834,1340,1438,1370
2441,3279,2115,3278
2314,519,455,661
2856,2902,1422,2850
1349,2856,1422,2850
1463,2840,1409,1435
1463,2840,2821,1409
1534,1586,2890,1524
1466,2840,1463,1435
1569,2952,1515,2953
2786,1300,1290,1407
2797,2643,3387,2642
2314,652,661,455
2442,3387,2642,2797
1454,1455,2794,1381
1373,2786,1290,1407
1466,2795,1528,1510
2918,2760,2813,2812
2797,3387,2155,2442
2644,934,1030,874
2829,1388,1369,1461
191,2355,341,254
134,3040,280,133
2002,3129,1994,3141
3040,1715,3052,1669
147,26,3045,146
2622,2051,2758,2621
2206,2888,2871,2979
286,2057,3043,3054
2835,1334,1459,1385
2521,2522,2653,2692
2749,2832,2976,2932
1405,2835,1459,1513
2489,1063,1073,945
2095,3062,2094,1729
39,38,3431,159
2936,2835,1472,2934
2967,2524,3235,2993
1601,1603,2977,1552
2131,2141,2134,50
172,2168,235,54
2146,53,211,212
363,2169,2168,2132
1601,1520,1552,2977
2546,2396,2037,2547
1490,1546,1545,2906
1426,1425,2901,1489
2947,2986,2945,3020
2531,2522,2533,2653
2835,1444,1385,1459
2834,1399,1471,1472
2968,2749,2976,2932
2936,2835,2834,1472
2840,2760,2813,2918
2454,2447,2612,2644
3372,3352,3373,3219
2355,320,341,254
2314,2301,2310,2663
92,2355,91,254
2454,2301,2314,2663
766,722,2663,2357
402,350,2326,477
2357,722,878,766
2835,1405,1472,1513
2978,1574,1630,1618
766,651,2663,594
3418,342,266,204
1533,2969,1584,1578
354,3446,2331,2333
1533,1557,2969,1578
766,2557,2357,2663
131,2041,277,130
1135,2666,1151,2686
129,2041,276,275
2748,2666,2586,2685
2748,2685,2687,2886
3455,143,144,23
2244,2248,633,2230
3044,2067,2062,1719
2569,2627,2423,2425
1793,1750,2084,2088
1726,1704,3060,1750
1848,3095,1847,1856
1704,36,3060,1681
1750,1704,3060,1681
2612,2447,2613,2644
2800,2799,2686,2874
1234,1325,1316,2686
1297,2800,1387,2799
1665,3413,4,1688
125,4,3413,124
1404,1321,1413,2824
2281,246,182,394
246,2281,182,2290
1735,1711,3032,1776
1663,1649,2963,1654
2938,3029,2940,2958
1880,2319,1881,1916
1911,2316,1879,1914
1999,3128,1981,1968
171,2131,2134,236
52,2146,211,2335
2685,2675,2578,2674
2748,1234,1151,2686
2685,2675,2686,2578
1659,2978,1615,1630
1535,1574,1615,2978
51,171,2134,236
1126,2578,2686,2675
1603,2977,1647,1643
2977,3003,1647,1643
2197,362,240,2221
1603,1601,2977,1643
411,410,2044,605
3049,47,1710,1686
1126,2666,2686,2578
3004,1404,1413,2824
1406,1473,1413,2826
247,2291,330,395
2290,2287,2291,2297
3195,2288,2287,2279
394,182,2291,330
1711,1775,3032,1776
349,463,2324,401
402,349,523,2326
1609,3000,1656,1632
1951,1949,2366,1976
1609,3010,1656,3000
2552,2297,388,2300
2042,2041,3051,2040
2459,2230,635,2220
3000,1646,1656,1632
3344,3214,3345,3342
3084,1733,1734,3050
3010,1646,1656,3000
2521,2527,2187,2389
1715,1738,3052,1669
554,2417,2058,555
2416,3074,2062,2419
2748,2666,1151,2586
2748,2666,2686,1151
2229,2232,2526,2337
2376,569,436,568
3277,2478,3268,2112
1100,2731,1007,1101
1533,2969,1534,1584
1739,3066,1670,1693
435,2376,436,568
134,3066,3434,135
1431,1358,1359,2859
2473,2293,2660,2435
1670,3434,14,1693
166,3411,2105,165
2694,2913,2794,2693
584,2476,2249,609
2694,2241,2913,2693
545,546,2407,2041
2476,2244,2249,609
51,236,2134,50
3124,3123,3113,1972
2670,2613,1036,2644
2229,376,2526,2232
2168,2143,2132,2140
172,2168,363,235
2137,2139,2165,2142
464,2248,609,2249
160,2090,306,159
1557,2969,1578,1606
2913,2880,2693,2391
2026,2396,2279,2546
2717,2809,2704,2718
2344,315,249,336
2809,2717,2704,2597
2488,2717,2704,2718
2392,2232,2213,2337
2247,377,2536,378
222,2232,223,377
376,222,377,2232
359,2249,325,464
117,116,204,3418
1926,2368,2349,1952
3410,390,265,203
665,779,2438,780
2367,2380,538,600
349,260,401,2324
3081,1708,1685,1754
477,2380,2326,523
2327,478,2367,538
2717,2488,2704,2597
2486,2671,2704,2597
2047,417,416,549
2409,2047,549,2045
2923,2236,2699,3243
2411,675,550,549
3069,2379,1801,2378
12,132,3426,3052
12,1692,1669,3052
3070,3073,2069,2421
2422,2566,2421,2077
291,292,428,2071
2569,2422,2423,2627
563,688,2423,2425
2566,3110,2049,2421
2069,1825,1818,1807
2095,3062,2093,2094
574,699,2433,700
2671,2672,2613,2448
574,2101,575,2433
2576,2573,2637,2433
2486,2672,2704,2671
3055,1675,1699,1721
464,2248,484,609
2314,519,320,455
3055,1744,1675,1721
3277,3268,3278,3276
3069,2294,2378,3111
638,521,2165,468
2169,599,468,487
2165,599,468,2169
2329,3415,2330,202
664,2491,648,2350
2350,355,518,390
127,273,126,3050
3107,3048,2080,3061
663,2350,2491,2348
2491,663,778,648
515,2348,663,646
734,2385,615,735
3413,1711,1688,1734
2215,2218,2217,2197
218,2195,372,217
2192,217,2195,59
409,2165,2142,2137
3413,1711,1664,1688
820,929,2286,822
521,638,2165,583
3236,3318,2867,2162
2779,2751,2823,1249
604,649,479,2365
1701,1678,3058,1747
353,2329,451,516
2779,2751,2870,2823
1197,1104,2633,1196
2945,3019,3020,2999
1817,3408,1781,3103
520,2365,451,2328
3048,3092,3095,1845
2165,638,2343,583
1425,1353,2854,1352
2830,2750,2778,2802
1817,3408,1804,1781
3318,2884,2867,2162
2969,1620,1606,2990
544,2716,2044,2041
2403,2040,2044,2041
156,303,302,3060
671,546,672,2407
786,2410,871,672
2406,2697,2715,2407
302,3088,2084,2085
19,140,3054,20
3055,2068,291,2063
2064,426,559,427
3055,2070,3451,146
23,144,3455,24
2779,2751,2714,2870
2931,2885,2936,2970
158,157,2088,304
305,158,2088,304
441,573,440,2092
1795,1812,3080,1770
2779,2751,1249,2714
1187,1188,2726,1095
1783,3065,2053,1762
842,968,943,2666
2054,1783,1761,3067
598,2451,767,592
2602,783,2555,889
1187,2764,2726,1188
2555,2399,2305,2601
612,2500,732,731
731,2381,611,612
1002,1096,1095,2726
2535,2394,2536,624
2232,64,223,2247
2053,1816,1783,1762
2054,1783,1816,1761
2399,2480,2483,637
1096,2626,2726,1002
1862,1860,1861,3094
637,480,2399,473
3099,3093,3098,3094
2345,2479,2481,2309
529,2399,650,480
1988,1957,1970,3115
2483,769,2555,650
654,769,650,2555
2305,654,650,2555
1188,1096,2726,1095
663,2350,648,2491
1096,2765,1189,1188
3073,1842,1825,1839
2489,773,663,646
663,2350,518,648
2489,2121,2708,2372
2069,1808,3073,1839
515,541,2348,646
885,2491,2489,778
773,2489,663,778
2350,664,481,648
2411,675,676,550
3018,2968,3394,2967
1850,1842,3073,1839
677,678,791,2374
1662,3003,1643,1647
2853,3406,2634,2944
697,571,2429,696
2814,2633,2770,2815
2771,2852,2770,2815
697,810,696,2429
2069,1808,2072,3073
1002,2626,2726,2625
814,701,2433,700
2434,576,702,577
703,2434,702,577
444,576,2099,577
3073,1850,1839,1830
2935,2832,2934,2974
2058,2057,286,2062
1401,1410,1478,2839
2131,409,2142,2137
1096,2626,2727,2726
464,2248,325,484
2594,1116,2678,1236
2646,964,861,2588
2244,753,861,863
881,756,2456,863
742,2535,623,743
742,2535,2393,623
1022,1115,2678,1116
742,741,622,2393
623,2392,2393,622
2281,394,462,525
634,596,461,2285
2471,755,820,2286
2471,755,754,820
2471,755,596,754
2471,589,754,596
2471,755,2286,596
1076,2666,1066,943
2221,240,2197,61
2449,2451,592,2196
2216,829,718,828
2459,708,718,642
2491,2369,2438,2604
3038,1852,1841,1828
3038,3033,1841,1846
3033,1803,1841,1823
1846,3033,1841,1823
557,2418,2062,2064
3097,1824,1843,1853
1822,1824,1843,3097
2415,792,791,2617
2058,2057,2062,2416
2624,898,897,999
2417,554,553,679
420,283,284,2056
1273,1349,2856,1350
2064,558,425,557
2814,2633,2632,2770
1116,1022,1023,2641
911,2427,910,806
2286,820,2471,923
2935,2974,2934,2936
580,2436,705,579
2058,556,423,555
2436,578,704,579
2936,2835,2934,2935
1901,3123,2344,1902
2410,986,871,2407
2936,2835,2935,2834
3113,1901,1940,1953
736,617,2511,616
3331,2877,2690,2162
2385,2503,2505,2648
1248,1219,2690,1134
1900,3440,1937,1899
2118,1938,1967,3113
2821,2881,2695,2242
2395,2542,2548,2543
748,628,629,2547
962,2548,2547,2658
937,786,2410,871
1518,3002,2910,1433
2039,3155,2560,3200
2409,2410,2043,2558
2409,2410,673,2043
2028,2039,3200,2558
557,682,2419,683
3088,2084,2089,1769
2787,3002,1375,2959
3409,3449,2315,1877
884,873,2372,824
3406,2853,2634,3405
998,2722,2624,999
2722,998,1092,999
1104,1011,1105,2633
1878,1913,1877,2315
1923,1925,1890,2329
1106,1013,2773,1012
1024,922,923,2641
2596,2671,2597,3310
2669,2664,2778,3310
2596,2126,3310,3312
2669,2670,2778,2644
1132,1026,1043,2659
719,2451,767,830
2451,2666,830,2578
2666,830,943,842
2946,2853,2634,2944
3147,3309,3310,3312
2359,1916,2319,1914
2216,2451,719,830
829,2216,719,830
948,2385,845,949
2507,3320,2513,2505
962,2548,2342,2547
2236,3337,3341,2460
2048,3250,2696,2658
1147,2785,2657,2658
1245,2684,1262,1156
2608,1081,1062,984
2608,888,984,1062
2712,3147,3310,3398
2985,2946,3366,2851
2824,1336,2745,1262
2613,927,2672,1083
890,994,2488,973
725,2486,760,869
2488,725,869,2486
2744,2743,2805,2807
1156,1081,2684,1177
3406,3367,2634,2944
2831,2935,2917,3232
2723,2721,2625,2623
890,2488,869,973
796,2625,2419,2565
277,2041,276,130
799,903,798,2565
2410,986,937,871
3129,2002,1994,1985
1280,2816,1199,1200
914,2429,913,809
2430,808,913,809
2429,2430,913,809
1202,1282,1201,2774
2774,2816,1281,1201
2636,1108,2736,1015
1282,2774,1281,1201
2349,2332,2330,1928
2349,2369,2330,2350
2683,2798,2154,2756
3418,1929,2331,1927
2923,2236,2680,2699
771,2405,2407,935
1364,1457,1414,2784
2466,3356,3357,2469
2244,2646,861,2588
1332,2760,2813,1320
2756,2798,2684,2683
1977,2402,3121,1993
2642,884,864,990
2723,3252,2623,2049
2334,2348,2121,2347
2401,1977,1966,1979
2551,2546,2547,2396
2393,853,852,956
2666,1076,1066,1135
2333,1934,1933,1966
2793,2694,2655,2746
1119,2781,1071,1163
2840,1338,1409,1435
1986,1991,2000,3126
3399,2830,3305,3241
994,2488,973,2718
2630,2728,2768,2729
2754,1293,1255,1322
1091,1184,1183,2810
2729,2728,2628,2630
998,2624,897,999
2822,1218,1301,1338
689,690,2425,564
2629,2568,2425,2632
1280,1356,2861,1357
2380,2325,2322,2324
1960,2361,1981,2359
2684,2745,1062,1118
2745,1118,1168,1034
1281,1280,2861,1357
1946,3127,1981,1969
1035,1176,1131,2711
880,2593,891,2645
3127,2359,1981,3128
1025,2357,2665,980
2779,1335,2714,1253
2793,1310,1227,1226
1054,2654,2655,1142
2793,1228,1227,1311
