version 2
JvmtiExport can_access_local_variables 0
JvmtiExport can_hotswap_or_post_breakpoint 0
JvmtiExport can_post_on_exceptions 0
# 623 ciObject found
instanceKlass ghidra/program/database/code/CodeManager
ciInstanceKlass java/lang/invoke/BoundMethodHandle$Species_L 1 1 126 10 7 12 1 1 1 9 7 12 1 1 1 9 12 1 1 10 12 1 9 7 12 1 1 1 10 7 12 1 1 1 10 12 1 1 10 7 12 1 1 1 100 1 10 100 12 1 1 1 9 12 1 10 12 1 9 12 1 10 12 1 9 12 1 10 12 1 9 12 1 10 12 1 10 12 1 1 10 12 1 1 1 1 1 1 1 1 1 1 1 1 1 1 1 1 1 1 1 1 1 1 1 1 1 1 1 1 1 1 1 1 1 1 1 1 1 1 1 1 1 1 1 100 1 1
ciInstanceKlass java/lang/invoke/Invokers$Holder 1 1 128 1 100 1 100 1 1 1 1 1 1 1 7 1 7 1 7 1 1 12 10 1 1 12 10 1 1 12 10 1 1 100 1 1 12 9 1 1 1 12 10 1 1 1 12 10 1 1 12 10 1 1 12 10 1 12 10 1 1 1 12 10 1 1 100 1 1 12 10 1 12 10 1 1 12 10 1 12 10 1 1 12 10 1 1 12 10 1 12 10 1 1 12 10 1 1 12 10 1 1 12 10 1 12 10 12 10 12 10 12 10 12 10 1 1 12 10 1 1 12 10 1 1 12 10 1 1 1
ciInstanceKlass java/util/ArrayList$Itr 1 1 104 9 7 12 1 1 1 10 7 12 1 1 1 9 12 1 1 9 7 12 1 1 9 12 1 9 12 1 9 12 1 10 12 1 100 1 10 9 12 1 1 100 1 10 100 1 10 10 12 1 1 100 1 10 100 12 1 1 1 10 12 1 1 11 100 12 1 1 1 100 1 1 1 1 1 1 1 1 1 1 1 1 1 1 1 1 100 1 1 1 1 1 1 1 1 1 1 1 1 1 1 1 1 1
instanceKlass ghidra/app/util/bin/format/dwarf/DWARFException
instanceKlass ghidra/app/util/bin/format/golang/BootstrapInfoException
instanceKlass db/Field$UnsupportedFieldException
instanceKlass java/io/SyncFailedException
instanceKlass ghidra/app/util/bin/InvalidDataException
instanceKlass ghidra/formats/gfilesystem/factory/FileSystemFactoryDependencyException
instanceKlass ghidra/util/exception/CryptoException
instanceKlass net/sf/sevenzipjbinding/SevenZipException
instanceKlass ghidra/framework/data/ConvertFileSystem$ConvertFileSystemException
instanceKlass ghidra/framework/store/local/IndexedLocalFileSystem$BadStorageNameException
instanceKlass ghidra/framework/store/FolderNotEmptyException
instanceKlass ghidra/framework/store/local/IndexedLocalFileSystem$IndexReadException
instanceKlass ghidra/program/model/lang/CompilerSpecNotFoundException
instanceKlass ghidra/program/model/lang/LanguageNotFoundException
instanceKlass ghidra/util/exception/IOCancelledException
instanceKlass ghidra/util/ReadOnlyException
instanceKlass com/google/gson/stream/MalformedJsonException
instanceKlass ghidra/framework/client/NotConnectedException
instanceKlass ghidra/util/exception/FileInUseException
instanceKlass ghidra/util/exception/DuplicateFileException
instanceKlass java/io/InterruptedIOException
instanceKlass ghidra/util/exception/ClosedException
instanceKlass java/nio/charset/CharacterCodingException
instanceKlass java/io/ObjectStreamException
instanceKlass java/io/CharConversionException
instanceKlass java/io/EOFException
instanceKlass java/net/ProtocolException
instanceKlass java/nio/file/FileSystemException
instanceKlass java/net/SocketException
instanceKlass java/net/UnknownHostException
instanceKlass ghidra/util/exception/UserAccessException
instanceKlass ghidra/app/util/opinion/LoadException
instanceKlass java/io/UnsupportedEncodingException
instanceKlass java/io/FileNotFoundException
instanceKlass java/net/MalformedURLException
ciInstanceKlass java/io/IOException 1 1 34 10 7 12 1 1 1 10 12 1 10 12 1 10 12 1 100 1 1 1 1 5 0 1 1 1 1 1 1 1 1 1 1 1
instanceKlass ghidra/program/model/lang/OperandType
instanceKlass  @bci ghidra/program/database/util/AddressRangeMapDB getAddressSet (Ldb/Field;)Lghidra/program/model/address/AddressSet; 82 <appendix> member <vmtarget> ; # ghidra/program/database/util/AddressRangeMapDB$$Lambda+0x000000010068ae30
instanceKlass ghidra/program/model/listing/DataIterator$IteratorWrapper
instanceKlass ghidra/program/database/code/DataRecordIterator
instanceKlass ghidra/program/model/listing/CodeUnitIterator$1
instanceKlass ghidra/program/database/code/CodeUnitRecordIterator
instanceKlass ghidra/program/model/block/FollowFlow
instanceKlass ghidra/program/model/address/AddressSet$MyAddressIterator
instanceKlass ghidra/program/model/listing/InstructionPcodeOverride
instanceKlass ghidra/program/model/pcode/SequenceNumber
instanceKlass ghidra/program/model/lang/InstructionSet$FlowQueue
instanceKlass ghidra/program/model/lang/InstructionSet$BlockIterator
instanceKlass ghidra/program/disassemble/DisassemblerQueue$1
instanceKlass ghidra/program/disassemble/DisassemblerQueue
instanceKlass ghidra/app/cmd/disassemble/DisassembleCommand$MyListener
instanceKlass ghidra/app/cmd/data/EHDataTypeUtilities
instanceKlass  @bci ghidra/program/database/data/TypedefDB doGetDefaultSettings ()Lghidra/docking/settings/Settings; 31 <appendix> member <vmtarget> ; # ghidra/program/database/data/TypedefDB$$Lambda+0x00000001006869b8
instanceKlass ghidra/program/database/data/ParameterDefinitionDB
instanceKlass ghidra/program/model/data/StandAloneDataTypeManager$1
instanceKlass  @bci ghidra/program/model/data/StandAloneDataTypeManager initializeOtherAdapters (Lghidra/framework/data/OpenMode;Lghidra/util/task/TaskMonitor;)V 445 <appendix> argL0 ; # ghidra/program/model/data/StandAloneDataTypeManager$$Lambda+0x0000000100682de8
instanceKlass db/Database$DBBufferFileManager
instanceKlass ghidra/framework/store/db/PackedDatabaseCache$CachedDB
instanceKlass ghidra/framework/store/local/LockFile$HoldLockRunnable
instanceKlass  @bci ghidra/framework/store/local/LockFile createLock (IZ)Z 103 <appendix> form vmentry <vmtarget> ; # java/lang/invoke/LambdaForm$MH+0x0000000100685400
# instanceKlass java/lang/invoke/LambdaForm$MH+0x0000000100685000
instanceKlass  @bci ghidra/framework/store/local/LockFile createLock (IZ)Z 103 <appendix> argL3 form vmentry <vmtarget> ; # java/lang/invoke/LambdaForm$MH+0x0000000100684c00
# instanceKlass java/lang/invoke/LambdaForm$MH+0x0000000100684800
# instanceKlass java/lang/invoke/LambdaForm$MH+0x0000000100684400
# instanceKlass java/lang/invoke/LambdaForm$MH+0x0000000100684000
instanceKlass ghidra/framework/store/local/LockFile
instanceKlass ghidra/framework/store/db/PackedDatabaseCache
instanceKlass  @bci ghidra/util/filechooser/ExtensionFileFilter <init> ([Ljava/lang/String;Ljava/lang/String;)V 14 <appendix> argL0 ; # ghidra/util/filechooser/ExtensionFileFilter$$Lambda+0x0000000100681950
instanceKlass ghidra/util/filechooser/ExtensionFileFilter
instanceKlass ghidra/util/filechooser/GhidraFileFilter
instanceKlass ghidra/program/model/data/FileArchiveBasedDataTypeManager
instanceKlass ghidra/app/plugin/core/datamgr/util/DataTypeArchiveUtility
instanceKlass  @bci ghidra/program/model/data/BuiltInDataTypeManager getDataTypeManager ()Lghidra/program/model/data/BuiltInDataTypeManager; 16 <appendix> argL0 ; # ghidra/program/model/data/BuiltInDataTypeManager$$Lambda+0x0000000100680000
instanceKlass  @bci ghidra/program/model/data/BuiltInDataTypeManager <init> ()V 8 <appendix> member <vmtarget> ; # ghidra/program/model/data/BuiltInDataTypeManager$$Lambda+0x0000000100679bf0
instanceKlass ghidra/program/database/data/DataTypeManagerDB$DbErrorHandler
instanceKlass ghidra/program/util/LanguageTranslator
instanceKlass ghidra/app/plugin/core/datamgr/archive/DefaultDataTypeArchiveService
instanceKlass java/util/regex/Matcher$ImmutableMatchResult
instanceKlass ghidra/program/model/data/DataTypeNameComparator
instanceKlass ghidra/app/util/datatype/microsoft/MSDataTypeUtils
instanceKlass ghidra/app/cmd/data/AbstractCreateDataTypeModel
instanceKlass ghidra/features/base/memsearch/matcher/RegExByteMatcher$ByteCharSequence
instanceKlass ghidra/features/base/memsearch/matcher/RegExByteMatcher$PatternMatchIterator
instanceKlass ghidra/util/datastruct/ListAccumulator
instanceKlass  @bci ghidra/features/base/memsearch/searcher/MemorySearcher <init> (Lghidra/features/base/memsearch/bytesource/AddressableByteSource;Lghidra/features/base/memsearch/matcher/ByteMatcher;Lghidra/program/model/address/AddressSetView;II)V 5 <appendix> argL0 ; # ghidra/features/base/memsearch/searcher/MemorySearcher$$Lambda+0x000000010067de98
instanceKlass ghidra/features/base/memsearch/searcher/MemoryMatch
instanceKlass ghidra/features/base/memsearch/searcher/MemorySearcher
instanceKlass ghidra/features/base/memsearch/matcher/SearchData
instanceKlass ghidra/features/base/memsearch/matcher/UserInputByteMatcher
instanceKlass ghidra/features/base/memsearch/format/SearchFormat
instanceKlass ghidra/features/base/memsearch/gui/SearchSettings
instanceKlass ghidra/program/util/ProgramMemoryUtil
instanceKlass  @bci ghidra/app/util/bin/format/pdb2/pdbreader/PdbIdentifiers toString ()Ljava/lang/String; 51 <adapter> ; # java/lang/invoke/LambdaForm$MH+0x0000000100679400
# instanceKlass java/lang/invoke/LambdaForm$DMH+0x0000000100679000
instanceKlass  @bci ghidra/app/util/bin/format/pdb2/pdbreader/PdbIdentifiers toString ()Ljava/lang/String; 51 <appendix> form vmentry <vmtarget> ; # java/lang/invoke/LambdaForm$MH+0x0000000100678c00
# instanceKlass java/lang/invoke/LambdaForm$MH+0x0000000100678800
instanceKlass  @bci ghidra/app/util/bin/format/pdb2/pdbreader/PdbIdentifiers toString ()Ljava/lang/String; 51 <appendix> form names 9 function resolvedHandle form vmentry <vmtarget> ; # java/lang/invoke/LambdaForm$DMH+0x0000000100678400
instanceKlass  @bci ghidra/app/util/bin/format/pdb2/pdbreader/PdbIdentifiers toString ()Ljava/lang/String; 51 <appendix> argL3 form vmentry <vmtarget> ; # java/lang/invoke/LambdaForm$MH+0x0000000100678000
# instanceKlass java/lang/invoke/LambdaForm$MH+0x0000000100677c00
instanceKlass  @bci ghidra/app/util/bin/format/pdb2/pdbreader/PdbIdentifiers toString ()Ljava/lang/String; 51 <appendix> argL3 form names 7 function resolvedHandle form vmentry <vmtarget> ; # java/lang/invoke/LambdaForm$DMH+0x0000000100677800
instanceKlass  @bci ghidra/app/util/bin/format/pdb2/pdbreader/PdbIdentifiers toString ()Ljava/lang/String; 51 <appendix> argL3 argL2 form vmentry <vmtarget> ; # java/lang/invoke/LambdaForm$MH+0x0000000100677400
# instanceKlass java/lang/invoke/LambdaForm$MH+0x0000000100677000
# instanceKlass java/lang/invoke/LambdaForm$MH+0x0000000100676c00
# instanceKlass java/lang/invoke/LambdaForm$MH+0x0000000100676800
# instanceKlass java/lang/invoke/LambdaForm$MH+0x0000000100676400
instanceKlass  @bci ghidra/app/util/bin/format/pdb2/pdbreader/PdbIdentifiers toString ()Ljava/lang/String; 51 <appendix> form names 13 function resolvedHandle form vmentry <vmtarget> ; # java/lang/invoke/LambdaForm$DMH+0x0000000100676000
instanceKlass  @bci ghidra/app/util/bin/format/pdb2/pdbreader/PdbIdentifiers toString ()Ljava/lang/String; 51 <appendix> argL1 form vmentry <vmtarget> ; # java/lang/invoke/LambdaForm$MH+0x0000000100675c00
instanceKlass  @bci ghidra/framework/store/local/LockFile createLock (IZ)Z 103 <appendix> argL1 form vmentry <vmtarget> ; # java/lang/invoke/LambdaForm$MH+0x0000000100675800
# instanceKlass java/lang/invoke/LambdaForm$MH+0x0000000100675400
# instanceKlass java/lang/invoke/LambdaForm$MH+0x0000000100675000
# instanceKlass java/lang/invoke/LambdaForm$MH+0x0000000100674c00
# instanceKlass java/lang/invoke/LambdaForm$MH+0x0000000100674800
# instanceKlass java/lang/invoke/LambdaForm$MH+0x0000000100674400
instanceKlass pdb/symbolserver/SymbolServerService
instanceKlass  @bci pdb/symbolserver/SymbolServerInstanceCreatorRegistry registerDefaultSymbolServerInstanceCreators ()V 57 <appendix> argL0 ; # pdb/symbolserver/SymbolServerInstanceCreatorRegistry$$Lambda+0x00000001006730c8
instanceKlass  @bci pdb/symbolserver/SymbolServerInstanceCreatorRegistry registerDefaultSymbolServerInstanceCreators ()V 52 <appendix> argL0 ; # pdb/symbolserver/SymbolServerInstanceCreatorRegistry$$Lambda+0x0000000100672e78
instanceKlass  @bci pdb/symbolserver/SymbolServerInstanceCreatorRegistry registerDefaultSymbolServerInstanceCreators ()V 40 <appendix> argL0 ; # pdb/symbolserver/SymbolServerInstanceCreatorRegistry$$Lambda+0x0000000100672900
instanceKlass  @bci pdb/symbolserver/SymbolServerInstanceCreatorRegistry registerDefaultSymbolServerInstanceCreators ()V 35 <appendix> argL0 ; # pdb/symbolserver/SymbolServerInstanceCreatorRegistry$$Lambda+0x00000001006726b0
instanceKlass pdb/symbolserver/SameDirSymbolStore
instanceKlass pdb/symbolserver/SymbolServer$StatusRequiresContext
instanceKlass  @bci pdb/symbolserver/SymbolServerInstanceCreatorRegistry registerDefaultSymbolServerInstanceCreators ()V 23 <appendix> argL0 ; # pdb/symbolserver/SymbolServerInstanceCreatorRegistry$$Lambda+0x0000000100671f70
instanceKlass  @bci pdb/symbolserver/SymbolServerInstanceCreatorRegistry registerDefaultSymbolServerInstanceCreators ()V 18 <appendix> argL0 ; # pdb/symbolserver/SymbolServerInstanceCreatorRegistry$$Lambda+0x0000000100671d20
instanceKlass pdb/symbolserver/AbstractSymbolServer
instanceKlass pdb/symbolserver/SymbolServer$MutableTrust
instanceKlass pdb/symbolserver/SymbolServerInstanceCreatorRegistry$SymbolServerInstanceCreatorInfo
instanceKlass  @bci pdb/symbolserver/SymbolServerInstanceCreatorRegistry registerDefaultSymbolServerInstanceCreators ()V 7 <appendix> argL0 ; # pdb/symbolserver/SymbolServerInstanceCreatorRegistry$$Lambda+0x0000000100671138
instanceKlass  @cpi pdb/symbolserver/SymbolServerInstanceCreatorRegistry 231 form vmentry <vmtarget> ; # java/lang/invoke/LambdaForm$DMH+0x0000000100674000
instanceKlass pdb/symbolserver/SymbolServerInstanceCreatorContext
instanceKlass pdb/symbolserver/SymbolServerInstanceCreatorRegistry$SymbolServerInstanceCreator
instanceKlass  @bci pdb/symbolserver/SymbolServerInstanceCreatorRegistry registerDefaultSymbolServerInstanceCreators ()V 2 <appendix> argL0 ; # pdb/symbolserver/SymbolServerInstanceCreatorRegistry$$Lambda+0x0000000100670ac0
instanceKlass pdb/symbolserver/DisabledSymbolServer
instanceKlass pdb/symbolserver/SymbolServerInstanceCreatorRegistry
instanceKlass pdb/symbolserver/SymbolStore
instanceKlass pdb/symbolserver/SymbolServer
instanceKlass ghidra/framework/plugintool/Plugin
instanceKlass ghidra/framework/plugintool/util/ServiceListener
instanceKlass ghidra/framework/plugintool/util/PluginEventListener
instanceKlass ghidra/app/util/bin/format/pdb2/pdbreader/PdbIdentifiers
instanceKlass  @bci ghidra/util/NumericUtilities parseHexLong (Ljava/lang/String;)J 2 <appendix> argL0 ; # ghidra/util/NumericUtilities$$Lambda+0x000000010066e3b0
instanceKlass pdb/symbolserver/SymbolFileInfo
instanceKlass ghidra/app/util/pdb/PdbProgramAttributes
instanceKlass ghidra/app/plugin/core/analysis/AutoAnalysisManager$AnalysisTaskWrapper
instanceKlass ghidra/app/util/headless/HeadlessTimedTaskMonitor
instanceKlass ghidra/program/database/symbol/AddressSetFilteredSymbolIterator
instanceKlass ghidra/program/database/function/FunctionManagerDB$FunctionIteratorDB
instanceKlass ghidra/app/util/headless/HeadlessAnalyzer$3
instanceKlass org/apache/logging/log4j/core/pattern/ThrowableStackTraceRenderer$Context
instanceKlass org/apache/logging/log4j/core/pattern/ThrowableStackTraceRenderer$Context$Metadata
instanceKlass ghidra/framework/plugintool/PluginEvent
instanceKlass ghidra/app/script/GhidraState
instanceKlass  @bci ghidra/app/plugin/core/analysis/MicrosoftDemanglerAnalyzer registerOptions (Lghidra/framework/options/Options;Lghidra/program/model/listing/Program;)V 112 <appendix> argL0 ; # ghidra/app/plugin/core/analysis/MicrosoftDemanglerAnalyzer$$Lambda+0x000000010066b210
instanceKlass ghidra/app/util/demangler/microsoft/options/MsdOutputOption
instanceKlass  @bci ghidra/app/plugin/core/analysis/MicrosoftDemanglerAnalyzer registerOptions (Lghidra/framework/options/Options;Lghidra/program/model/listing/Program;)V 56 <appendix> argL0 ; # ghidra/app/plugin/core/analysis/MicrosoftDemanglerAnalyzer$$Lambda+0x000000010066ad90
instanceKlass  @bci ghidra/app/plugin/core/analysis/ApplyDataArchiveAnalyzer registerOptions (Lghidra/framework/options/Options;Lghidra/program/model/listing/Program;)V 121 <appendix> argL0 ; # ghidra/app/plugin/core/analysis/ApplyDataArchiveAnalyzer$$Lambda+0x000000010066a8d8
instanceKlass  @bci ghidra/app/plugin/core/analysis/ApplyDataArchiveAnalyzer registerOptions (Lghidra/framework/options/Options;Lghidra/program/model/listing/Program;)V 101 <appendix> argL0 ; # ghidra/app/plugin/core/analysis/ApplyDataArchiveAnalyzer$$Lambda+0x000000010066a6b8
instanceKlass  @bci ghidra/app/plugin/core/analysis/ApplyDataArchiveAnalyzer registerOptions (Lghidra/framework/options/Options;Lghidra/program/model/listing/Program;)V 81 <appendix> member <vmtarget> ; # ghidra/app/plugin/core/analysis/ApplyDataArchiveAnalyzer$$Lambda+0x000000010066a490
instanceKlass ghidra/javaclass/format/JavaClassConstants
instanceKlass ghidra/javaclass/format/JavaClassUtil
instanceKlass ghidra/file/formats/yaffs2/YAFFS2Utils
instanceKlass ghidra/file/formats/lzss/LzssConstants
instanceKlass ghidra/file/formats/lzss/LzssUtil
instanceKlass ghidra/file/formats/ios/img3/Img3Util
instanceKlass ghidra/file/formats/ios/img2/Img2Util
instanceKlass ghidra/file/formats/ios/ibootim/iBootImConstants
instanceKlass ghidra/file/formats/ios/ibootim/iBootImUtil
instanceKlass ghidra/file/formats/ios/dmg/DmgConstants
instanceKlass ghidra/file/formats/ios/dmg/DmgUtil
instanceKlass ghidra/file/formats/ios/apple8900/Apple8900Constants
instanceKlass ghidra/file/formats/ios/apple8900/Apple8900Util
instanceKlass ghidra/file/formats/dtb/DtbUtil
instanceKlass ghidra/file/formats/bplist/BinaryPropertyListUtil
instanceKlass ghidra/file/formats/android/vdex/VdexConstants
instanceKlass ghidra/file/formats/android/odex/OdexConstants
instanceKlass ghidra/file/formats/android/fbpk/FBPK_Constants
instanceKlass ghidra/file/formats/android/cdex/CDexConstants
instanceKlass ghidra/file/formats/android/dex/format/DexConstants
instanceKlass ghidra/file/formats/android/bootldr/AndroidBootLoaderConstants
instanceKlass ghidra/file/formats/android/bootimg/BootImageUtil
instanceKlass ghidra/file/formats/android/oat/OatUtilities
instanceKlass ghidra/file/formats/android/art/ArtConstants
instanceKlass ghidra/app/plugin/prototype/MicrosoftCodeAnalyzerPlugin/PEUtil
instanceKlass  @bci ghidra/app/util/bin/format/swift/SwiftUtils isSwift (Lghidra/program/model/listing/Program;)Z 48 <appendix> member <vmtarget> ; # ghidra/app/util/bin/format/swift/SwiftUtils$$Lambda+0x0000000100666e50
instanceKlass ghidra/app/plugin/core/analysis/PicProcessor
instanceKlass ghidra/app/plugin/core/analysis/PdbAnalyzerCommon
instanceKlass ghidra/app/util/bin/format/objc/objc1/Objc1Constants
instanceKlass ghidra/app/util/bin/format/objc/objc2/Objc2Constants
instanceKlass ghidra/app/plugin/core/analysis/NonReturningFunctionNames
instanceKlass ghidra/app/plugin/core/analysis/MinGWPseudoRelocationHandler
instanceKlass ghidra/app/plugin/core/disassembler/AddressTable
instanceKlass  @bci ghidra/app/util/bin/format/elf/info/ElfNote readFromProgramHelper (Lghidra/program/model/listing/Program;Ljava/lang/String;Lghidra/app/util/bin/format/elf/info/ElfNote$NoteReaderFunc;)Lghidra/app/util/bin/format/elf/info/ElfNote; 2 <appendix> argL0 ; # ghidra/app/util/bin/format/elf/info/ElfNote$$Lambda+0x0000000100665d08
instanceKlass  @bci ghidra/app/util/bin/format/elf/info/NoteGnuBuildId fromProgram (Lghidra/program/model/listing/Program;)Lghidra/app/util/bin/format/elf/info/NoteGnuBuildId; 3 <appendix> argL0 ; # ghidra/app/util/bin/format/elf/info/NoteGnuBuildId$$Lambda+0x0000000100665ae8
instanceKlass ghidra/app/util/bin/format/elf/info/ElfNote$NoteReaderFunc
instanceKlass ghidra/app/util/bin/format/elf/info/ElfNote
instanceKlass  @bci ghidra/app/util/bin/format/elf/info/GnuDebugLink fromProgram (Lghidra/program/model/listing/Program;)Lghidra/app/util/bin/format/elf/info/GnuDebugLink; 3 <appendix> argL0 ; # ghidra/app/util/bin/format/elf/info/GnuDebugLink$$Lambda+0x0000000100665198
instanceKlass ghidra/app/util/bin/format/elf/info/ElfInfoItem$ReaderFunc
instanceKlass ghidra/app/util/bin/format/elf/info/GnuDebugLink
instanceKlass ghidra/app/util/bin/format/elf/info/ElfInfoItem
instanceKlass ghidra/app/util/bin/format/dwarf/external/ExternalDebugInfo
instanceKlass ghidra/app/util/bin/format/dwarf/sectionprovider/BaseSectionProvider
instanceKlass ghidra/app/util/bin/format/dwarf/sectionprovider/CompressedSectionProvider
instanceKlass ghidra/app/util/bin/format/dwarf/sectionprovider/DWARFSectionProvider
instanceKlass ghidra/app/util/bin/format/dwarf/DWARFProgram
instanceKlass ghidra/app/util/bin/MemoryByteProvider
instanceKlass ghidra/util/bytesearch/AlignRule
instanceKlass ghidra/app/analyzers/FunctionStartAnalyzer$FunctionStartAction
instanceKlass ghidra/util/bytesearch/Pattern$1
instanceKlass generic/constraint/Decision
instanceKlass generic/constraint/DecisionSet
instanceKlass generic/constraint/DecisionNode$PropertyValue
instanceKlass generic/constraint/ConstraintData
instanceKlass generic/constraint/DecisionTree$XMLErrorHandler
instanceKlass ghidra/app/util/bin/format/pe/cli/tables/CliAbstractTable
instanceKlass docking/widgets/table/constraint/StringIsEmptyColumnConstraint
instanceKlass ghidra/app/analyzers/PatternConstraint
instanceKlass docking/widgets/table/constraint/EnumColumnConstraint
instanceKlass docking/widgets/table/constraint/ColumnData
instanceKlass docking/widgets/table/constraint/MappedColumnConstraint
instanceKlass docking/widgets/table/constraint/SingleValueColumnConstraint
instanceKlass docking/widgets/table/constraint/BooleanMatchColumnConstraint
instanceKlass ghidra/app/plugin/core/strings/StringDataInstanceColumnConstraint
instanceKlass docking/widgets/table/constraint/StringIsNotEmptyColumnConstraint
instanceKlass docking/widgets/table/constrainteditor/ColumnConstraintEditor
instanceKlass docking/widgets/table/constraint/StringColumnConstraint
instanceKlass docking/widgets/table/constraint/RangeColumnConstraint
instanceKlass docking/widgets/table/constraint/ColumnConstraint
instanceKlass generic/constraint/Constraint
instanceKlass generic/constraint/DecisionNode
instanceKlass generic/constraint/DecisionTree
instanceKlass ghidra/app/analyzers/Patterns
instanceKlass ghidra/app/plugin/core/analysis/AnalysisScheduler
instanceKlass ghidra/feature/fid/hash/X86InstructionSkipper
instanceKlass ghidra/util/search/InstructionSkipper
instanceKlass generic/hash/MessageDigest
instanceKlass generic/hash/FNV1a64MessageDigestFactory
instanceKlass ghidra/feature/fid/hash/FunctionBodyFunctionExtentGenerator
instanceKlass ghidra/feature/fid/db/FidFileManager
instanceKlass ghidra/feature/fid/hash/FidHasher
instanceKlass generic/hash/MessageDigestFactory
instanceKlass ghidra/feature/fid/hash/FunctionExtentGenerator
instanceKlass ghidra/feature/fid/service/FidService
instanceKlass ghidra/app/util/datatype/microsoft/DataApplyOptions
instanceKlass ghidra/app/util/datatype/microsoft/DataValidationOptions
instanceKlass  @bci ghidra/app/plugin/exceptionhandlers/gcc/GccExceptionAnalyzer <init> ()V 29 <appendix> member <vmtarget> ; # ghidra/app/plugin/exceptionhandlers/gcc/GccExceptionAnalyzer$$Lambda+0x0000000100656f40
instanceKlass ghidra/app/plugin/core/analysis/AutoAnalysisManagerListener
instanceKlass ghidra/app/plugin/core/analysis/rust/demangler/RustDemangler
instanceKlass ghidra/app/util/demangler/swift/SwiftDemangler
instanceKlass ghidra/app/util/pdb/pdbapplicator/PdbApplicatorOptions
instanceKlass  @bci ghidra/util/charset/CharsetInfoManager getCharsetNamesWithCharSize (I)Ljava/util/List; 25 <appendix> argL0 ; # ghidra/util/charset/CharsetInfoManager$$Lambda+0x0000000100655038
instanceKlass  @bci ghidra/util/charset/CharsetInfoManager getCharsetNamesWithCharSize (I)Ljava/util/List; 15 <appendix> member <vmtarget> ; # ghidra/util/charset/CharsetInfoManager$$Lambda+0x0000000100654de8
instanceKlass ghidra/app/util/demangler/MangledContext
instanceKlass ghidra/app/util/demangler/microsoft/MicrosoftDemangler
instanceKlass ghidra/app/util/viewer/field/HexagonParallelInstructionHelper
instanceKlass ghidra/program/model/lang/ParallelInstructionLanguageHelper
instanceKlass ghidra/app/plugin/core/analysis/GolangSymbolAnalyzer$GolangAnalyzerOptions
instanceKlass ghidra/app/plugin/core/analysis/GolangStringAnalyzer$GolangStringAnalyzerOptions
instanceKlass ghidra/app/util/demangler/gnu/GnuDemangler
instanceKlass ghidra/app/plugin/core/analysis/AnalysisOptionsUpdater$ReplaceableOption
instanceKlass  @bci ghidra/app/plugin/core/analysis/AnalysisOptionsUpdater <clinit> ()V 0 <appendix> argL0 ; # ghidra/app/plugin/core/analysis/AnalysisOptionsUpdater$$Lambda+0x0000000100651a28
instanceKlass ghidra/app/plugin/core/analysis/AnalysisOptionsUpdater
instanceKlass ghidra/app/util/bin/format/dwarf/DWARFImportOptions
instanceKlass  @bci ghidra/app/plugin/core/analysis/ApplyDataArchiveAnalyzer getBuiltInGdts ()Ljava/util/Map; 16 <appendix> argL0 ; # ghidra/app/plugin/core/analysis/ApplyDataArchiveAnalyzer$$Lambda+0x0000000100650de8
instanceKlass  @bci ghidra/app/plugin/core/analysis/ApplyDataArchiveAnalyzer getBuiltInGdts ()Ljava/util/Map; 11 <appendix> argL0 ; # ghidra/app/plugin/core/analysis/ApplyDataArchiveAnalyzer$$Lambda+0x0000000100650ba8
instanceKlass generic/concurrent/QRunnable
instanceKlass generic/cache/BasicFactory
instanceKlass ghidra/app/util/bin/format/objc/AbstractObjcTypeMetadata
instanceKlass ghidra/file/formats/ios/dmg/DmgHeader
instanceKlass ghidra/app/plugin/core/analysis/HexagonPrologEpilogAnalyzer$InstructionMaskValue
instanceKlass ghidra/framework/model/DomainFileFilter
instanceKlass ghidra/pcode/exec/PcodeExecutor
instanceKlass ghidra/pcode/exec/PcodeProgram
instanceKlass ghidra/pcode/exec/PcodeUseropLibrary
instanceKlass ghidra/pcode/exec/PcodeExecutorState
instanceKlass ghidra/pcode/exec/PcodeExecutorStatePiece
instanceKlass ghidra/pcode/emu/jit/var/JitVal
instanceKlass ghidra/pcode/emu/jit/analysis/JitDataFlowBlockAnalyzer
instanceKlass ghidra/app/services/AnalysisPriority
instanceKlass ghidra/features/base/memsearch/matcher/ByteMatcher
instanceKlass ghidra/util/state/analysis/MySwitchAnalyzer
instanceKlass ghidra/util/state/FunctionAnalyzer
instanceKlass ghidra/framework/cmd/BinaryAnalysisCommand
instanceKlass ghidra/program/util/ContextEvaluatorAdapter
instanceKlass ghidra/program/util/ContextEvaluator
instanceKlass ghidra/javaclass/analyzers/AbstractJavaAnalyzer
instanceKlass ghidra/app/decompiler/parallel/DecompilerCallback
instanceKlass ghidra/app/decompiler/parallel/DecompileConfigurer
instanceKlass ghidra/app/util/demangler/DemanglerOptions
instanceKlass ghidra/app/util/demangler/DemangledObject
instanceKlass ghidra/app/util/demangler/Demangler
instanceKlass ghidra/app/plugin/core/string/NGramUtils
instanceKlass ghidra/util/bytesearch/PatternFactory
instanceKlass ghidra/file/analyzers/FileFormatAnalyzer
instanceKlass generic/concurrent/QCallback
instanceKlass ghidra/app/services/AbstractAnalyzer
instanceKlass ghidra/app/services/Analyzer
instanceKlass ghidra/app/plugin/core/analysis/AnalysisTaskList$1
instanceKlass ghidra/app/plugin/core/analysis/AnalysisTaskList
instanceKlass  @bci ghidra/app/plugin/core/analysis/AutoAnalysisManager <init> (Lghidra/program/model/listing/Program;)V 143 <appendix> member <vmtarget> ; # ghidra/app/plugin/core/analysis/AutoAnalysisManager$$Lambda+0x0000000100626600
instanceKlass  @bci ghidra/framework/data/DomainObjectChangeSupport addListener (Lghidra/framework/model/DomainObjectListener;)V 11 <appendix> member <vmtarget> ; # ghidra/framework/data/DomainObjectChangeSupport$$Lambda+0x00000001006263d8
instanceKlass ghidra/framework/model/EventQueueID
instanceKlass  @bci utility/function/Dummy consumer ()Ljava/util/function/Consumer; 0 <appendix> argL0 ; # utility/function/Dummy$$Lambda+0x00000001004473f8
instanceKlass  @bci ghidra/framework/model/AbstractDomainObjectListenerBuilder$BuilderDomainObjectListener <init> (Ljava/lang/String;)V 5 <appendix> argL0 ; # ghidra/framework/model/AbstractDomainObjectListenerBuilder$BuilderDomainObjectListener$$Lambda+0x0000000100625fb0
instanceKlass ghidra/framework/model/AbstractDomainObjectListenerBuilder$BuilderDomainObjectListener
instanceKlass  @bci ghidra/app/plugin/core/analysis/AutoAnalysisManager createDomainObjectListener ()Lghidra/framework/model/DomainObjectListener; 208 <appendix> member <vmtarget> ; # ghidra/app/plugin/core/analysis/AutoAnalysisManager$$Lambda+0x0000000100625b18
instanceKlass  @bci ghidra/app/plugin/core/analysis/AutoAnalysisManager createDomainObjectListener ()Lghidra/framework/model/DomainObjectListener; 186 <appendix> member <vmtarget> ; # ghidra/app/plugin/core/analysis/AutoAnalysisManager$$Lambda+0x00000001006258e0
instanceKlass  @bci ghidra/app/plugin/core/analysis/AutoAnalysisManager createDomainObjectListener ()Lghidra/framework/model/DomainObjectListener; 152 <appendix> member <vmtarget> ; # ghidra/app/plugin/core/analysis/AutoAnalysisManager$$Lambda+0x00000001006256a8
instanceKlass  @bci ghidra/app/plugin/core/analysis/AutoAnalysisManager createDomainObjectListener ()Lghidra/framework/model/DomainObjectListener; 130 <appendix> member <vmtarget> ; # ghidra/app/plugin/core/analysis/AutoAnalysisManager$$Lambda+0x0000000100625470
instanceKlass  @bci ghidra/framework/model/AbstractDomainObjectListenerBuilder$TypedRecordConsumer <init> (Ljava/util/function/Consumer;Ljava/lang/Class;)V 2 <appendix> member <vmtarget> ; # ghidra/framework/model/AbstractDomainObjectListenerBuilder$TypedRecordConsumer$$Lambda+0x0000000100625238
instanceKlass ghidra/framework/model/AbstractDomainObjectListenerBuilder$TypedRecordConsumer
instanceKlass  @bci ghidra/app/plugin/core/analysis/AutoAnalysisManager createDomainObjectListener ()Lghidra/framework/model/DomainObjectListener; 96 <appendix> member <vmtarget> ; # ghidra/app/plugin/core/analysis/AutoAnalysisManager$$Lambda+0x0000000100624db8
instanceKlass ghidra/framework/model/AbstractDomainObjectListenerBuilder$EachBuilder
instanceKlass  @bci ghidra/app/plugin/core/analysis/AutoAnalysisManager createDomainObjectListener ()Lghidra/framework/model/DomainObjectListener; 65 <appendix> member <vmtarget> ; # ghidra/app/plugin/core/analysis/AutoAnalysisManager$$Lambda+0x0000000100624970
instanceKlass  @bci ghidra/framework/model/AbstractDomainObjectListenerBuilder$EventTrigger <init> (Lutility/function/Callback;[Lghidra/framework/model/EventType;)V 2 <appendix> member <vmtarget> ; # ghidra/framework/model/AbstractDomainObjectListenerBuilder$EventTrigger$$Lambda+0x0000000100624738
instanceKlass ghidra/framework/model/AbstractDomainObjectListenerBuilder$EventTrigger
instanceKlass  @bci ghidra/app/plugin/core/analysis/AutoAnalysisManager createDomainObjectListener ()Lghidra/framework/model/DomainObjectListener; 34 <appendix> member <vmtarget> ; # ghidra/app/plugin/core/analysis/AutoAnalysisManager$$Lambda+0x00000001006242c0
instanceKlass utility/function/Callback
instanceKlass ghidra/framework/model/AbstractDomainObjectListenerBuilder$AnyBuilder
instanceKlass  @bci ghidra/app/plugin/core/analysis/AutoAnalysisManager createDomainObjectListener ()Lghidra/framework/model/DomainObjectListener; 9 <appendix> member <vmtarget> ; # ghidra/app/plugin/core/analysis/AutoAnalysisManager$$Lambda+0x0000000100623e68
instanceKlass ghidra/framework/model/DomainObjectListener
instanceKlass ghidra/framework/model/AbstractDomainObjectListenerBuilder
instanceKlass ghidra/util/datastruct/PriorityQueue
instanceKlass org/apache/commons/collections4/functors/FactoryTransformer
instanceKlass org/apache/commons/collections4/map/AbstractIterableMap
instanceKlass  @bci ghidra/app/plugin/core/analysis/AutoAnalysisManager <clinit> ()V 16 <appendix> argL0 ; # ghidra/app/plugin/core/analysis/AutoAnalysisManager$$Lambda+0x00000001006222d8
instanceKlass org/apache/commons/collections4/Factory
instanceKlass ghidra/app/services/DataTypeManagerService
instanceKlass ghidra/app/services/DataTypeArchiveService
instanceKlass ghidra/app/services/DataTypeQueryService
instanceKlass ghidra/util/task/CancelledListener
instanceKlass ghidra/framework/cmd/BackgroundCommand
instanceKlass ghidra/app/plugin/core/analysis/AutoAnalysisManager
instanceKlass  @bci ghidra/app/util/headless/HeadlessAnalyzer processFileWithImport (Lghidra/formats/gfilesystem/FSRL;Ljava/lang/String;)Z 174 <appendix> argL0 ; # ghidra/app/util/headless/HeadlessAnalyzer$$Lambda+0x0000000100620000
instanceKlass ghidra/app/util/opinion/LoadResults
instanceKlass  @bci ghidra/framework/data/DomainObjectChangeSupport dispose ()V 10 <appendix> member <vmtarget> ; # ghidra/framework/data/DomainObjectChangeSupport$$Lambda+0x0000000100619948
instanceKlass  @bci ghidra/app/util/opinion/AbstractProgramLoader load (Lghidra/app/util/opinion/Loader$ImporterSettings;)Lghidra/app/util/opinion/LoadResults; 161 <appendix> argL0 ; # ghidra/app/util/opinion/AbstractProgramLoader$$Lambda+0x00000001006196f8
instanceKlass  @bci ghidra/app/util/opinion/AbstractLibrarySupportLoader findLibraryInLoadedList (Ljava/util/List;Ljava/lang/String;)Lghidra/app/util/opinion/Loaded; 8 <appendix> member <vmtarget> ; # ghidra/app/util/opinion/AbstractLibrarySupportLoader$$Lambda+0x00000001006194a0
instanceKlass  @bci ghidra/app/util/opinion/AbstractLibrarySupportLoader lambda$postLoadProgramFixups$0 (Lghidra/app/util/opinion/Loaded;)Z 1 <appendix> argL0 ; # ghidra/app/util/opinion/AbstractLibrarySupportLoader$$Lambda+0x0000000100619250
instanceKlass  @bci ghidra/app/util/opinion/AbstractLibrarySupportLoader postLoadProgramFixups (Ljava/util/List;Lghidra/app/util/opinion/Loader$ImporterSettings;)V 96 <appendix> argL0 ; # ghidra/app/util/opinion/AbstractLibrarySupportLoader$$Lambda+0x0000000100619000
instanceKlass  @bci ghidra/app/util/opinion/AbstractLibrarySupportLoader getLibrarySearchFolders (Ljava/util/List;Lghidra/app/util/opinion/Loader$ImporterSettings;)Ljava/util/List; 82 <appendix> member <vmtarget> ; # ghidra/app/util/opinion/AbstractLibrarySupportLoader$$Lambda+0x000000010061bd68
instanceKlass  @bci ghidra/app/util/opinion/AbstractLibrarySupportLoader getLibrarySearchFolders (Ljava/util/List;Lghidra/app/util/opinion/Loader$ImporterSettings;)Ljava/util/List; 62 <appendix> member <vmtarget> ; # ghidra/app/util/opinion/AbstractLibrarySupportLoader$$Lambda+0x000000010061bb30
instanceKlass ghidra/program/database/external/ExternalManagerDB$ExternalLocationDBIterator
instanceKlass  @bci ghidra/app/util/opinion/AbstractOrdinalSupportLoader lambda$postLoadProgramFixups$0 (Lghidra/app/util/opinion/Loaded;)Z 1 <appendix> argL0 ; # ghidra/app/util/opinion/AbstractOrdinalSupportLoader$$Lambda+0x000000010061b650
instanceKlass  @cpi ghidra/app/util/opinion/AbstractLibrarySupportLoader 1161 form vmentry <vmtarget> ; # java/lang/invoke/LambdaForm$DMH+0x0000000100618c00
instanceKlass java/util/stream/AbstractSpinedBuffer
instanceKlass  @bci ghidra/app/util/opinion/AbstractOrdinalSupportLoader postLoadProgramFixups (Ljava/util/List;Lghidra/app/util/opinion/Loader$ImporterSettings;)V 14 <appendix> argL0 ; # ghidra/app/util/opinion/AbstractOrdinalSupportLoader$$Lambda+0x000000010061b400
instanceKlass ghidra/program/util/GhidraProgramUtilities
instanceKlass  @bci ghidra/app/util/opinion/AbstractLibrarySupportLoader loadLibraries (Lghidra/program/model/listing/Program;Ljava/util/List;Lghidra/app/util/opinion/Loader$ImporterSettings;)Ljava/util/List; 474 <appendix> argL0 ; # ghidra/app/util/opinion/AbstractLibrarySupportLoader$$Lambda+0x000000010061afc8
instanceKlass  @bci ghidra/app/util/opinion/AbstractLibrarySupportLoader loadLibraries (Lghidra/program/model/listing/Program;Ljava/util/List;Lghidra/app/util/opinion/Loader$ImporterSettings;)Ljava/util/List; 464 <appendix> argL0 ; # ghidra/app/util/opinion/AbstractLibrarySupportLoader$$Lambda+0x000000010061ad88
instanceKlass  @bci sun/util/locale/provider/LocaleResources getZoneStrings ()[[Ljava/lang/String; 136 <appendix> member <vmtarget> ; # sun/util/locale/provider/LocaleResources$$Lambda+0x00000001003fbab8
instanceKlass  @bci sun/util/locale/provider/LocaleResources getZoneStrings ()[[Ljava/lang/String; 123 <appendix> argL0 ; # sun/util/locale/provider/LocaleResources$$Lambda+0x00000001003fb868
instanceKlass ghidra/program/database/references/EmptyMemReferenceIterator
instanceKlass  @bci ghidra/app/util/bin/format/pe/dvrt/DvrtType toDataType ()Lghidra/program/model/data/DataType; 21 <appendix> member <vmtarget> ; # ghidra/app/util/bin/format/pe/dvrt/DvrtType$$Lambda+0x000000010061a000
instanceKlass ghidra/program/database/map/AddressRecordDeleter
instanceKlass ghidra/program/database/map/AddressIndexKeyIterator
instanceKlass db/Table$ShortDurationLongKeyIterator
instanceKlass db/Table$LongKeyIterator
instanceKlass ghidra/program/database/map/AddressKeyIterator
instanceKlass ghidra/program/model/address/AddressIterator$1
instanceKlass ghidra/program/database/map/AddressKeyAddressIterator
instanceKlass ghidra/program/database/code/InstructionRecordIterator
instanceKlass ghidra/app/cmd/data/CreateArrayCmd
instanceKlass ghidra/framework/cmd/Command
instanceKlass ghidra/app/util/bin/format/pe/dvrt/ImageBddDynamicRelocation
instanceKlass ghidra/app/util/bin/format/pe/dvrt/ImageBddInfo
instanceKlass ghidra/app/util/bin/format/pe/dvrt/ImageFunctionOverrideDynamicRelocation
instanceKlass ghidra/app/util/bin/format/pe/dvrt/ImageDynamicRelocation$1
instanceKlass  @bci ghidra/app/util/bin/format/pe/dvrt/DvrtType type8 (Lghidra/app/util/bin/BinaryReader;)Lghidra/app/util/bin/format/pe/dvrt/DvrtType; 12 <appendix> form vmentry <vmtarget> ; # java/lang/invoke/LambdaForm$DMH+0x0000000100618800
instanceKlass  @bci ghidra/app/util/bin/format/pe/dvrt/DvrtType type8 (Lghidra/app/util/bin/BinaryReader;)Lghidra/app/util/bin/format/pe/dvrt/DvrtType; 12 <appendix> member <vmtarget> ; # ghidra/app/util/bin/format/pe/dvrt/DvrtType$$Lambda+0x000000010061db80
instanceKlass  @cpi ghidra/app/util/bin/format/pe/dvrt/DvrtType 211 form vmentry <vmtarget> ; # java/lang/invoke/LambdaForm$DMH+0x0000000100618400
instanceKlass  @bci ghidra/app/util/bin/format/pe/dvrt/ImageDynamicRelocation <init> (Lghidra/app/util/bin/BinaryReader;JZ)V 39 <appendix> argL0 ; # ghidra/app/util/bin/format/pe/dvrt/ImageDynamicRelocation$$Lambda+0x000000010061d768
instanceKlass ghidra/app/util/bin/BinaryReader$ReaderFunction
instanceKlass ghidra/app/util/bin/format/pe/dvrt/AbstractImageDynamicRelocationHeader
instanceKlass ghidra/app/util/bin/format/pe/dvrt/ImageDynamicRelocation
instanceKlass ghidra/app/util/bin/format/pe/dvrt/ImageDynamicRelocationTable
instanceKlass ghidra/app/util/bin/format/pe/LoadConfigDirectory$CodeIntegrity
instanceKlass ghidra/app/util/bin/format/pe/LoadConfigDirectory$GuardFlags
instanceKlass ghidra/app/util/bin/format/pe/resource/ResourceDirectoryStringU
instanceKlass ghidra/app/util/bin/format/pe/TLSDirectory
instanceKlass java/lang/foreign/MemorySegment
instanceKlass sun/awt/AppContext$PostShutdownEventRunnable
instanceKlass ghidra/program/model/lang/InstructionSet
instanceKlass  @bci ghidra/app/util/opinion/AbstractLibrarySupportLoader loadLibraries (Lghidra/program/model/listing/Program;Ljava/util/List;Lghidra/app/util/opinion/Loader$ImporterSettings;)Ljava/util/List; 369 <appendix> member <vmtarget> ; # ghidra/app/util/opinion/AbstractLibrarySupportLoader$$Lambda+0x00000001006170e0
instanceKlass  @cpi ghidra/app/util/opinion/AbstractLibrarySupportLoader 1105 form vmentry <vmtarget> ; # java/lang/invoke/LambdaForm$DMH+0x0000000100618000
instanceKlass java/io/RandomAccessFile$1
instanceKlass org/jdom2/AttributeList$ALIterator
instanceKlass org/jdom2/output/support/AbstractXMLOutputProcessor$1
instanceKlass org/jdom2/output/support/AbstractFormattedWalker$2
instanceKlass org/jdom2/ContentList$CLIterator
instanceKlass org/jdom2/output/support/AbstractFormattedWalker$MultiText
instanceKlass org/jdom2/output/support/AbstractFormattedWalker$1
instanceKlass org/jdom2/output/support/AbstractFormattedWalker
instanceKlass org/jdom2/output/support/AbstractOutputProcessor$1
instanceKlass org/jdom2/util/NamespaceStack$1
instanceKlass org/jdom2/util/NamespaceStack$EmptyIterable
instanceKlass org/jdom2/util/NamespaceStack
instanceKlass org/jdom2/output/support/FormatStack
instanceKlass org/jdom2/output/support/Walker
instanceKlass org/jdom2/output/support/AbstractOutputProcessor
instanceKlass org/jdom2/output/support/XMLOutputProcessor
instanceKlass org/jdom2/output/XMLOutputter
instanceKlass org/jdom2/internal/SystemProperty
instanceKlass org/jdom2/output/Format$1
instanceKlass org/jdom2/output/Format$EscapeStrategy7Bits
instanceKlass org/jdom2/output/Format$EscapeStrategy8Bits
instanceKlass org/jdom2/output/Format$EscapeStrategyUTF
instanceKlass org/jdom2/output/EscapeStrategy
instanceKlass org/jdom2/output/Format
instanceKlass ghidra/util/xml/GenericXMLOutputter
instanceKlass ghidra/app/util/opinion/LibraryExportedSymbol
instanceKlass ghidra/program/model/lang/InstructionBlockFlow
instanceKlass ghidra/app/plugin/processors/sleigh/SleighInstructionPrototype$FlowRecord
instanceKlass ghidra/program/model/pcode/PcodeOverride
instanceKlass ghidra/app/util/PseudoCodeUnit
instanceKlass ghidra/program/disassemble/Disassembler$InstructionContext
instanceKlass ghidra/app/plugin/processors/sleigh/FixedHandle
instanceKlass ghidra/program/model/lang/MaskImpl
instanceKlass ghidra/app/plugin/processors/sleigh/SleighDebugLogger$DebugInstructionContext
instanceKlass ghidra/app/plugin/processors/sleigh/SleighDebugLogger$InstructionBitPattern
instanceKlass ghidra/app/plugin/processors/sleigh/SleighDebugLogger$MyProcessorContextView
instanceKlass ghidra/app/plugin/processors/sleigh/SleighDebugLogger
instanceKlass ghidra/app/plugin/processors/sleigh/SleighInstructionPrototype$FlowSummary
instanceKlass ghidra/app/plugin/processors/sleigh/OpTplWalker
instanceKlass  @bci ghidra/app/plugin/processors/sleigh/SleighLanguage parse (Lghidra/program/model/mem/MemBuffer;Lghidra/program/model/lang/ProcessorContext;Z)Lghidra/program/model/lang/InstructionPrototype; 88 <appendix> member <vmtarget> ; # ghidra/app/plugin/processors/sleigh/SleighLanguage$$Lambda+0x000000010060d560
instanceKlass generic/hash/SimpleCRC32
instanceKlass ghidra/app/plugin/processors/sleigh/ParserWalker
instanceKlass ghidra/app/plugin/processors/sleigh/SleighParserContext
instanceKlass ghidra/app/plugin/processors/sleigh/ConstructState
instanceKlass ghidra/program/model/pcode/PcodeOp
instanceKlass ghidra/program/model/lang/ParserContext
instanceKlass ghidra/program/model/lang/Mask
instanceKlass ghidra/app/plugin/processors/sleigh/SleighInstructionPrototype
instanceKlass ghidra/program/model/mem/WrappedMemBuffer
instanceKlass ghidra/program/model/lang/InstructionBlock
instanceKlass ghidra/app/util/RepeatInstructionByteTracker
instanceKlass ghidra/program/disassemble/Disassembler
instanceKlass ghidra/program/disassemble/DisassemblerConflictHandler
instanceKlass  @bci ghidra/app/util/PseudoDisassembler pseudoDisassemble (Lghidra/program/model/address/Address;Lghidra/program/model/lang/RegisterValue;IZ)Lghidra/program/model/listing/Instruction; 94 <appendix> argL0 ; # ghidra/app/util/PseudoDisassembler$$Lambda+0x000000010060a900
instanceKlass ghidra/program/disassemble/DisassemblerContextImpl
instanceKlass ghidra/app/util/PseudoDisassemblerContext
instanceKlass ghidra/app/util/opinion/LibrarySymbolTable$1
instanceKlass ghidra/program/model/lang/DisassemblerContext
instanceKlass ghidra/app/util/PseudoDisassembler
instanceKlass ghidra/util/UserSearchUtils
instanceKlass ghidra/program/database/symbol/SymbolManager$SymbolQueryIterator
instanceKlass ghidra/app/util/opinion/LibraryHints
instanceKlass ghidra/app/util/opinion/LibrarySymbolTable$2
instanceKlass ghidra/app/util/PseudoFlowProcessor
instanceKlass ghidra/app/util/opinion/LibrarySymbolTable
instanceKlass ghidra/app/util/opinion/LibraryLookupTable
instanceKlass  @bci ghidra/app/util/opinion/AbstractLibrarySupportLoader findLibraryOnDisk (Ljava/lang/String;Ljava/util/List;Lghidra/app/util/importer/MessageLog;Lghidra/util/task/TaskMonitor;)Ljava/util/List; 99 <appendix> member <vmtarget> ; # ghidra/app/util/opinion/AbstractLibrarySupportLoader$$Lambda+0x0000000100608b68
instanceKlass  @bci ghidra/app/util/opinion/AbstractLibrarySupportLoader lookupLibraryInFolder (Ljava/lang/String;Lghidra/framework/model/DomainFolder;)Lghidra/framework/model/DomainFile; 11 <appendix> member <vmtarget> ; # ghidra/app/util/opinion/AbstractLibrarySupportLoader$$Lambda+0x0000000100608910
instanceKlass ghidra/framework/data/GhidraFile
instanceKlass ghidra/framework/model/LinkFileInfo
instanceKlass ghidra/framework/data/VersionIcon
instanceKlass ghidra/framework/data/GhidraFileData
instanceKlass ghidra/framework/model/ProjectDataUtils
instanceKlass ghidra/framework/model/DomainFolderFilter$3
instanceKlass ghidra/framework/model/DomainFolderFilter$2
instanceKlass ghidra/framework/model/DomainFolderFilter$1
instanceKlass  @bci java/util/stream/Collectors toCollection (Ljava/util/function/Supplier;)Ljava/util/stream/Collector; 10 <appendix> argL0 ; # java/util/stream/Collectors$$Lambda+0x00000001003fab58
instanceKlass  @bci java/util/stream/Collectors toCollection (Ljava/util/function/Supplier;)Ljava/util/stream/Collector; 5 <appendix> argL0 ; # java/util/stream/Collectors$$Lambda+0x00000001003fa928
instanceKlass  @bci ghidra/app/util/opinion/AbstractLibrarySupportLoader createUnprocessedQueue (Ljava/util/List;Lghidra/app/util/opinion/Loader$ImporterSettings;)Ljava/util/Queue; 23 <appendix> argL0 ; # ghidra/app/util/opinion/AbstractLibrarySupportLoader$$Lambda+0x0000000100605338
instanceKlass  @bci ghidra/app/util/opinion/AbstractLibrarySupportLoader createUnprocessedQueue (Ljava/util/List;Lghidra/app/util/opinion/Loader$ImporterSettings;)Ljava/util/Queue; 13 <appendix> member <vmtarget> ; # ghidra/app/util/opinion/AbstractLibrarySupportLoader$$Lambda+0x00000001006050f8
instanceKlass ghidra/app/util/opinion/Loaded
instanceKlass  @bci ghidra/app/util/opinion/PeLoader getLibraryNameComparator ()Ljava/util/Comparator; 0 <appendix> argL0 ; # ghidra/app/util/opinion/PeLoader$$Lambda+0x00000001006049c0
instanceKlass ghidra/util/bytesearch/ExtendedByteSequence$EmptyByteSequence
instanceKlass ghidra/util/bytesearch/ExtendedByteSequence
instanceKlass ghidra/program/model/address/AddressRangeSplitter
instanceKlass  @bci ghidra/util/bytesearch/MemoryBytePatternSearcher search (Lghidra/program/model/listing/Program;Lghidra/program/model/address/AddressSetView;Lghidra/util/task/TaskMonitor;)V 91 <appendix> member <vmtarget> ; # ghidra/util/bytesearch/MemoryBytePatternSearcher$$Lambda+0x0000000100603ff0
instanceKlass ghidra/util/bytesearch/AddressableByteSequence
instanceKlass ghidra/features/base/memsearch/bytesource/ProgramByteSource
instanceKlass ghidra/features/base/memsearch/bytesource/AddressableByteSource
instanceKlass ghidra/util/bytesearch/ProgramMemorySearcher
instanceKlass ghidra/util/bytesearch/BulkPatternSearcher$SearchState
instanceKlass ghidra/util/bytesearch/ByteSequence
instanceKlass ghidra/util/bytesearch/BulkPatternSearcher
instanceKlass ghidra/util/bytesearch/PostRule
instanceKlass ghidra/app/plugin/core/analysis/rust/RustConstants
instanceKlass ghidra/util/bytesearch/Match
instanceKlass ghidra/util/bytesearch/MemoryBytePatternSearcher
instanceKlass ghidra/util/bytesearch/DittedBitSequence
instanceKlass ghidra/util/bytesearch/BytePattern
instanceKlass ghidra/util/bytesearch/DummyMatchAction
instanceKlass ghidra/util/bytesearch/MatchAction
instanceKlass ghidra/app/plugin/core/analysis/rust/RustUtilities
instanceKlass ghidra/program/database/util/AddressSetPropertyMapDB
instanceKlass ghidra/app/util/bin/format/golang/rtti/GoPcHeader
instanceKlass ghidra/app/util/bin/format/golang/rtti/GoString
instanceKlass ghidra/app/util/bin/format/golang/rtti/GoItab
instanceKlass ghidra/app/util/bin/format/golang/rtti/GoFuncData
instanceKlass ghidra/app/util/bin/format/golang/rtti/GoFunctabEntry
instanceKlass ghidra/app/util/bin/format/golang/rtti/types/GoIMethod
instanceKlass ghidra/app/util/bin/format/golang/rtti/types/GoStructField
instanceKlass ghidra/app/util/bin/format/golang/rtti/types/GoMethod
instanceKlass ghidra/app/util/bin/format/golang/rtti/GoIface
instanceKlass ghidra/app/util/bin/format/golang/rtti/types/GoUncommonType
instanceKlass ghidra/app/util/bin/format/golang/rtti/types/GoType
instanceKlass ghidra/app/util/bin/format/golang/rtti/types/GoTypeDetector
instanceKlass ghidra/app/util/bin/format/golang/rtti/types/GoBaseType
instanceKlass ghidra/app/util/bin/format/golang/structmapping/StructureVerifier
instanceKlass ghidra/app/util/bin/format/golang/rtti/GoSlice
instanceKlass ghidra/app/util/bin/format/golang/rtti/GoVarlenString
instanceKlass ghidra/app/util/bin/format/golang/rtti/GoName
instanceKlass ghidra/app/util/bin/format/golang/structmapping/StructureReader
instanceKlass ghidra/app/util/bin/format/golang/rtti/GoModuledata
instanceKlass ghidra/app/util/bin/format/golang/structmapping/StructureMarkup
instanceKlass ghidra/app/util/bin/format/golang/GoConstants
instanceKlass ghidra/app/util/bin/format/golang/structmapping/DataTypeMapper
instanceKlass ghidra/app/util/bin/format/golang/structmapping/DataTypeMapperContext
instanceKlass ghidra/util/Conv
instanceKlass ghidra/program/model/reloc/Relocation
instanceKlass ghidra/program/database/external/ExternalLocationDB
instanceKlass db/FieldIndexTable$IndexFieldIterator
instanceKlass  @bci ghidra/program/database/symbol/SymbolManager getExternalSymbolByOriginalImportName (Lghidra/program/model/listing/Library;Ljava/lang/String;)Lghidra/program/model/symbol/SymbolIterator; 52 <adapter> ; # java/lang/invoke/LambdaForm$MH+0x00000001005f8800
instanceKlass  @bci ghidra/program/database/symbol/SymbolManager getExternalSymbolByOriginalImportName (Lghidra/program/model/listing/Library;Ljava/lang/String;)Lghidra/program/model/symbol/SymbolIterator; 52 <appendix> form vmentry <vmtarget> ; # java/lang/invoke/LambdaForm$DMH+0x00000001005f8400
instanceKlass  @bci ghidra/program/database/symbol/SymbolManager getExternalSymbolByOriginalImportName (Lghidra/program/model/listing/Library;Ljava/lang/String;)Lghidra/program/model/symbol/SymbolIterator; 52 <appendix> member <vmtarget> ; # ghidra/program/database/symbol/SymbolManager$$Lambda+0x00000001005f7c48
instanceKlass  @cpi ghidra/program/database/symbol/SymbolManager 1979 form vmentry <vmtarget> ; # java/lang/invoke/LambdaForm$DMH+0x00000001005f8000
instanceKlass ghidra/program/database/symbol/SymbolManager$SymbolRecordConstraintIterator
instanceKlass ghidra/program/database/symbol/LibraryDB
instanceKlass  @bci ghidra/program/database/symbol/SymbolManager checkDuplicateSymbolName (Lghidra/program/model/address/Address;Ljava/lang/String;Lghidra/program/model/symbol/Namespace;Lghidra/program/model/symbol/SymbolType;)V 53 <appendix> argL0 ; # ghidra/program/database/symbol/SymbolManager$$Lambda+0x00000001005f73d8
instanceKlass ghidra/program/database/symbol/SymbolManager$SingleSymbolIterator
instanceKlass ghidra/program/database/symbol/SymbolManager$AbstractSymbolNameRecordIterator
instanceKlass ghidra/program/model/symbol/StackReference
instanceKlass ghidra/program/model/symbol/ExternalReference
instanceKlass ghidra/program/model/symbol/OffsetReference
instanceKlass ghidra/program/model/symbol/ShiftedReference
instanceKlass  @bci ghidra/app/util/opinion/PeLoader processExports (Lghidra/app/util/bin/format/pe/OptionalHeader;Lghidra/program/model/listing/Program;Lghidra/util/task/TaskMonitor;Lghidra/app/util/importer/MessageLog;)V 115 <appendix> argL0 ; # ghidra/app/util/opinion/PeLoader$$Lambda+0x00000001005f4da0
instanceKlass  @bci ghidra/app/util/bin/format/pe/ControlFlowGuard markup (Lghidra/app/util/bin/format/pe/LoadConfigDirectory;Lghidra/program/model/listing/Program;Lghidra/app/util/importer/MessageLog;Lghidra/app/util/bin/format/pe/NTHeader;)V 106 <appendix> member <vmtarget> ; # ghidra/app/util/bin/format/pe/ControlFlowGuard$$Lambda+0x00000001005f4b78
instanceKlass  @bci ghidra/app/util/bin/format/pe/ControlFlowGuard markup (Lghidra/app/util/bin/format/pe/LoadConfigDirectory;Lghidra/program/model/listing/Program;Lghidra/app/util/importer/MessageLog;Lghidra/app/util/bin/format/pe/NTHeader;)V 85 <appendix> member <vmtarget> ; # ghidra/app/util/bin/format/pe/ControlFlowGuard$$Lambda+0x00000001005f4950
instanceKlass  @bci ghidra/app/util/bin/format/pe/ControlFlowGuard markup (Lghidra/app/util/bin/format/pe/LoadConfigDirectory;Lghidra/program/model/listing/Program;Lghidra/app/util/importer/MessageLog;Lghidra/app/util/bin/format/pe/NTHeader;)V 64 <appendix> member <vmtarget> ; # ghidra/app/util/bin/format/pe/ControlFlowGuard$$Lambda+0x00000001005f4728
instanceKlass  @bci ghidra/app/util/bin/format/pe/ControlFlowGuard markup (Lghidra/app/util/bin/format/pe/LoadConfigDirectory;Lghidra/program/model/listing/Program;Lghidra/app/util/importer/MessageLog;Lghidra/app/util/bin/format/pe/NTHeader;)V 31 <appendix> member <vmtarget> ; # ghidra/app/util/bin/format/pe/ControlFlowGuard$$Lambda+0x00000001005f4500
instanceKlass  @bci ghidra/app/util/bin/format/pe/ControlFlowGuard markup (Lghidra/app/util/bin/format/pe/LoadConfigDirectory;Lghidra/program/model/listing/Program;Lghidra/app/util/importer/MessageLog;Lghidra/app/util/bin/format/pe/NTHeader;)V 10 <appendix> member <vmtarget> ; # ghidra/app/util/bin/format/pe/ControlFlowGuard$$Lambda+0x00000001005f42d8
instanceKlass ghidra/app/util/bin/format/pe/ControlFlowGuard
instanceKlass ghidra/program/database/module/ModuleDB$ParentChildRecordComparator
instanceKlass ghidra/program/database/util/AddressRangeMapIterator
instanceKlass ghidra/program/database/function/FunctionStackFrame
instanceKlass ghidra/program/model/listing/StackFrame
instanceKlass ghidra/program/model/listing/LocalVariable
instanceKlass ghidra/program/database/function/VariableDB
instanceKlass ghidra/program/model/listing/VariableFilter
instanceKlass ghidra/program/model/listing/Parameter
instanceKlass ghidra/program/model/data/DataTypeDisplayOptions$1
instanceKlass ghidra/program/model/data/DataTypeDisplayOptions
instanceKlass ghidra/program/model/address/EmptyAddressRangeIterator
instanceKlass ghidra/program/model/data/AlignedStructureInspector$ReadOnlyComponentWrapper
instanceKlass ghidra/program/model/data/CompositeAlignmentHelper
instanceKlass ghidra/program/model/data/AlignedStructurePacker$StructurePackResult
instanceKlass ghidra/program/model/data/AlignedComponentPacker
instanceKlass ghidra/program/model/data/AlignedStructurePacker
instanceKlass  @bci ghidra/app/util/bin/format/pe/PeUtils createData (Lghidra/program/model/listing/Program;Lghidra/program/model/address/Address;Lghidra/program/model/data/DataType;Lghidra/app/util/importer/MessageLog;)Lghidra/program/model/listing/Data; 129 <appendix> form vmentry <vmtarget> ; # java/lang/invoke/LambdaForm$MH+0x00000001005ee400
# instanceKlass java/lang/invoke/LambdaForm$MH+0x00000001005ee000
instanceKlass  @bci ghidra/app/util/bin/format/pe/PeUtils createData (Lghidra/program/model/listing/Program;Lghidra/program/model/address/Address;Lghidra/program/model/data/DataType;Lghidra/app/util/importer/MessageLog;)Lghidra/program/model/listing/Data; 129 <appendix> argL3 form vmentry <vmtarget> ; # java/lang/invoke/LambdaForm$MH+0x00000001005edc00
# instanceKlass java/lang/invoke/LambdaForm$MH+0x00000001005ed800
# instanceKlass java/lang/invoke/LambdaForm$MH+0x00000001005ed400
# instanceKlass java/lang/invoke/LambdaForm$MH+0x00000001005ed000
# instanceKlass java/lang/invoke/LambdaForm$MH+0x00000001005ecc00
instanceKlass  @bci ghidra/app/util/bin/format/pe/PeUtils createData (Lghidra/program/model/listing/Program;Lghidra/program/model/address/Address;Lghidra/program/model/data/DataType;Lghidra/app/util/importer/MessageLog;)Lghidra/program/model/listing/Data; 129 <appendix> argL1 form vmentry <vmtarget> ; # java/lang/invoke/LambdaForm$MH+0x00000001005ec800
# instanceKlass java/lang/invoke/LambdaForm$MH+0x00000001005ec400
# instanceKlass java/lang/invoke/LambdaForm$MH+0x00000001005ec000
# instanceKlass java/lang/invoke/LambdaForm$MH+0x00000001005ebc00
instanceKlass ghidra/program/model/data/CompositeInternal$OffsetComparator
instanceKlass ghidra/app/util/bin/format/pe/resource/VS_VERSION_CHILD
instanceKlass  @bci ghidra/app/util/bin/format/pe/resource/VS_VERSION_INFO shortArrayToString (Lghidra/app/util/bin/BinaryReader;I)Ljava/lang/String; 46 <adapter> ; # java/lang/invoke/LambdaForm$MH+0x00000001005eb800
# instanceKlass java/lang/invoke/LambdaForm$DMH+0x00000001005eb400
instanceKlass  @bci ghidra/app/util/bin/format/pe/resource/VS_VERSION_INFO shortArrayToString (Lghidra/app/util/bin/BinaryReader;I)Ljava/lang/String; 46 <appendix> form vmentry <vmtarget> ; # java/lang/invoke/LambdaForm$MH+0x00000001005eb000
instanceKlass  @bci ghidra/app/util/bin/format/pe/resource/VS_VERSION_INFO shortArrayToString (Lghidra/app/util/bin/BinaryReader;I)Ljava/lang/String; 46 <appendix> form names 6 function resolvedHandle form vmentry <vmtarget> ; # java/lang/invoke/LambdaForm$DMH+0x00000001005eac00
instanceKlass  @bci ghidra/app/util/bin/format/pe/resource/VS_VERSION_INFO shortArrayToString (Lghidra/app/util/bin/BinaryReader;I)Ljava/lang/String; 46 <appendix> argL3 form vmentry <vmtarget> ; # java/lang/invoke/LambdaForm$MH+0x00000001005ea800
# instanceKlass java/lang/invoke/LambdaForm$MH+0x00000001005ea400
instanceKlass  @bci ghidra/app/util/bin/format/pe/resource/VS_VERSION_INFO shortArrayToString (Lghidra/app/util/bin/BinaryReader;I)Ljava/lang/String; 46 <appendix> argL3 form names 7 function resolvedHandle form vmentry <vmtarget> ; # java/lang/invoke/LambdaForm$DMH+0x00000001005ea000
# instanceKlass java/lang/invoke/LambdaForm$MH+0x00000001005e9c00
# instanceKlass java/lang/invoke/LambdaForm$MH+0x00000001005e9800
# instanceKlass java/lang/invoke/LambdaForm$MH+0x00000001005e9400
instanceKlass  @bci ghidra/app/util/bin/format/pe/resource/VS_VERSION_INFO shortArrayToString (Lghidra/app/util/bin/BinaryReader;I)Ljava/lang/String; 46 <appendix> form names 10 function resolvedHandle form vmentry <vmtarget> ; # java/lang/invoke/LambdaForm$DMH+0x00000001005e9000
instanceKlass  @bci ghidra/app/util/bin/format/pe/resource/VS_VERSION_INFO shortArrayToString (Lghidra/app/util/bin/BinaryReader;I)Ljava/lang/String; 46 <appendix> argL1 form vmentry <vmtarget> ; # java/lang/invoke/LambdaForm$MH+0x00000001005e8c00
# instanceKlass java/lang/invoke/LambdaForm$MH+0x00000001005e8800
# instanceKlass java/lang/invoke/LambdaForm$MH+0x00000001005e8400
# instanceKlass java/lang/invoke/LambdaForm$MH+0x00000001005e8000
instanceKlass ghidra/app/util/bin/format/pe/resource/VS_VERSION_INFO
instanceKlass ghidra/program/util/ProgramLocation
instanceKlass ghidra/program/database/util/QueryRecordIterator
instanceKlass ghidra/program/database/util/AndQuery
instanceKlass ghidra/program/database/util/FieldMatchQuery
instanceKlass  @bci ghidra/program/model/symbol/SymbolUtilities <clinit> ()V 67 <appendix> argL0 ; # ghidra/program/model/symbol/SymbolUtilities$$Lambda+0x00000001005e52e8
instanceKlass ghidra/trace/util/DataAdapterFromDataType
instanceKlass ghidra/program/model/data/RGB16EncodingSettingsDefinition
instanceKlass ghidra/program/model/data/ISF/AbstractIsfObject
instanceKlass java/text/CalendarBuilder
instanceKlass javax/imageio/stream/ImageInputStream
instanceKlass ghidra/app/plugin/core/stackeditor/StackFrameDataType
instanceKlass ghidra/program/model/data/ParameterDefinition
instanceKlass ghidra/program/model/data/RGB32EncodingSettingsDefinition
instanceKlass ghidra/program/model/data/BitmapResource
instanceKlass ghidra/app/util/demangler/DemangledType
instanceKlass ghidra/app/util/demangler/Demangled
instanceKlass ghidra/app/util/bin/format/pdb/WrappedDataType
instanceKlass ghidra/program/model/data/Resource
instanceKlass mdemangler/MDParsableItem
instanceKlass ghidra/program/model/symbol/SymbolUtilities
instanceKlass ghidra/app/util/bin/format/pe/resource/ResourceInfo
instanceKlass ghidra/program/database/data/SettingDB
instanceKlass ghidra/program/database/code/StringDiff
instanceKlass ghidra/program/database/code/StringDiffUtils
instanceKlass ghidra/program/model/data/StringDataInstance
instanceKlass ghidra/program/database/bookmark/BookmarkTypeDB
instanceKlass ghidra/app/util/bin/format/pe/PeUtils
instanceKlass  @bci ghidra/program/database/data/EnumDB addToCache (Ljava/lang/String;JLjava/lang/String;)V 23 <appendix> argL0 ; # ghidra/program/database/data/EnumDB$$Lambda+0x00000001005af4e0
instanceKlass db/Table$LongDurationFieldKeyIterator
instanceKlass ghidra/app/util/opinion/AbstractPeDebugLoader$1
instanceKlass  @bci ghidra/program/model/data/EnumDataType doAdd (Ljava/lang/String;JLjava/lang/String;)V 60 <appendix> argL0 ; # ghidra/program/model/data/EnumDataType$$Lambda+0x00000001005ae0a8
instanceKlass ghidra/program/database/references/ReferenceDB
instanceKlass ghidra/program/model/symbol/RefTypeFactory
instanceKlass ghidra/program/database/references/RefListV0$RefIterator
instanceKlass ghidra/program/database/references/RefListFlagsV0$1
instanceKlass ghidra/program/database/references/RefListFlagsV0
instanceKlass ghidra/program/model/symbol/FlowType$Builder
instanceKlass ghidra/program/database/data/PointerTypedefInspector
instanceKlass  @bci ghidra/program/model/data/PointerDataType getAddressValue (Lghidra/program/model/mem/MemBuffer;ILghidra/docking/settings/Settings;)Lghidra/program/model/address/Address; 3 <appendix> argL0 ; # ghidra/program/model/data/PointerDataType$$Lambda+0x00000001005aa2e0
instanceKlass ghidra/program/database/data/DataTypeComponentDB$ComponentDBSettings
instanceKlass ghidra/program/database/data/DataTypeManagerDB$ResolvePair
instanceKlass  @bci ghidra/program/database/data/PointerDB <init> (Lghidra/program/database/data/DataTypeManagerDB;Lghidra/program/database/DBObjectCache;Lghidra/program/database/data/PointerDBAdapter;Ldb/DBRecord;)V 9 <appendix> argL0 ; # ghidra/program/database/data/PointerDB$$Lambda+0x00000001005a7c90
instanceKlass ghidra/program/database/data/SettingsCache$IdNamePair
instanceKlass ghidra/app/util/bin/format/pe/rich/RichProduct
instanceKlass ghidra/app/util/bin/format/pe/rich/RichProductIdLoader$XMLErrorHandler
instanceKlass ghidra/app/util/bin/format/pe/rich/RichHeaderUtils
instanceKlass ghidra/program/model/data/ReadOnlyDataTypeComponent
instanceKlass ghidra/util/datastruct/SoftCacheMap
instanceKlass ghidra/program/model/scalar/Scalar
instanceKlass  @bci ghidra/program/database/DBObjectCache deleteLargeKeyRanges (Ljava/util/List;)V 11 <appendix> member <vmtarget> ; # ghidra/program/database/DBObjectCache$$Lambda+0x000000010059fd20
instanceKlass ghidra/program/model/data/DataTypePath
instanceKlass  @bci ghidra/program/database/data/DataTypeManagerDB getBuiltInDataType (JLdb/DBRecord;)Lghidra/program/model/data/DataType; 316 <appendix> member <vmtarget> ; # ghidra/program/database/data/DataTypeManagerDB$$Lambda+0x000000010059efd8
instanceKlass ghidra/program/database/data/DataTypeSettingsDB
instanceKlass ghidra/program/model/data/CompositeInternal$ComponentComparator
instanceKlass ghidra/program/database/data/DataTypeComponentDB
instanceKlass org/apache/commons/collections4/collection/AbstractCollectionDecorator
instanceKlass org/apache/commons/collections4/Transformer
instanceKlass org/apache/commons/collections4/CollectionUtils
instanceKlass ghidra/program/model/data/DataTypeConflictHandler
instanceKlass ghidra/program/database/data/DataTypeManagerDB$EquivalenceCache
instanceKlass ghidra/program/model/data/DataTypeInstance
instanceKlass ghidra/util/GhidraDataConverter
instanceKlass ghidra/program/model/mem/MemoryBufferImpl
instanceKlass ghidra/program/model/mem/MutableMemBuffer
instanceKlass ghidra/program/model/data/CompositeInternal$OrdinalComparator
instanceKlass  @bci ghidra/program/model/data/DataTypeImpl notifySizeChanged ()V 2 <appendix> member <vmtarget> ; # ghidra/program/model/data/DataTypeImpl$$Lambda+0x0000000100596de0
instanceKlass ghidra/program/model/data/DataTypeComponentImpl
instanceKlass ghidra/program/model/data/InternalDataTypeComponent
instanceKlass  @bci ghidra/program/database/data/DataTypeUtilities <clinit> ()V 456 <appendix> argL0 ; # ghidra/program/database/data/DataTypeUtilities$$Lambda+0x0000000100595b60
instanceKlass ghidra/pcode/floatformat/BigFloat
instanceKlass java/math/MathContext
instanceKlass ghidra/pcode/floatformat/FloatFormat
instanceKlass ghidra/pcode/floatformat/FloatFormatFactory
instanceKlass ghidra/program/database/data/merge/DataTypeMerger
instanceKlass ghidra/program/database/data/DataTypeUtilities
instanceKlass ghidra/app/util/bin/format/pe/DelayImportDescriptor
instanceKlass ghidra/app/util/bin/format/pe/BoundImportDescriptor
instanceKlass ghidra/app/util/bin/format/pe/LoadConfigDirectory
instanceKlass ghidra/app/util/bin/format/pe/debug/DebugCodeViewSymbolTable
instanceKlass ghidra/app/util/bin/format/pdb/PdbInfoCodeView
instanceKlass ghidra/app/util/datatype/microsoft/GUID
instanceKlass ghidra/app/util/bin/format/pdb/PdbInfoDotNet
instanceKlass ghidra/app/util/bin/format/pdb/PdbInfo
instanceKlass ghidra/app/util/bin/format/pe/debug/DebugCodeView
instanceKlass ghidra/app/util/bin/format/pe/debug/DebugDirectory
instanceKlass ghidra/app/util/bin/format/pe/debug/DebugDirectoryParser
instanceKlass ghidra/app/util/bin/format/pe/BaseRelocation$TypeOffset
instanceKlass ghidra/app/util/bin/format/pe/BaseRelocation
instanceKlass ghidra/app/util/bin/format/pe/SecurityCertificate
instanceKlass ghidra/app/util/bin/format/pe/PEx64UnwindInfo$UNWIND_CODE
instanceKlass ghidra/app/util/bin/format/pe/PEx64UnwindInfo
instanceKlass ghidra/app/util/bin/format/pe/ImageRuntimeFunctionEntries_X86
instanceKlass ghidra/app/util/bin/format/pe/ImageRuntimeFunctionEntries
instanceKlass ghidra/app/util/bin/format/pe/resource/ResourceDataEntry
instanceKlass ghidra/app/util/bin/format/pe/resource/ResourceDirectoryEntry
instanceKlass ghidra/app/util/bin/format/pe/resource/ResourceDirectory
instanceKlass ghidra/app/util/bin/format/pe/ImportInfo
instanceKlass ghidra/app/util/bin/format/pe/ImportByName
instanceKlass ghidra/app/util/bin/format/pe/ThunkData
instanceKlass ghidra/app/util/bin/format/pe/ImportDescriptor
instanceKlass ghidra/app/util/bin/format/pe/ExportInfo
instanceKlass ghidra/app/util/bin/format/pe/NTHeader$1
instanceKlass ghidra/program/database/map/AddressKeyRecordIterator
instanceKlass ghidra/program/database/mem/FileBytes
instanceKlass db/ChainedBuffer
instanceKlass db/DBBuffer
instanceKlass ghidra/app/util/MemoryBlockUtils
instanceKlass ghidra/program/database/ChangeDiff
instanceKlass ghidra/program/database/map/NormalizedAddressSet$MyAddressRangeIterator
instanceKlass ghidra/program/model/symbol/SymbolIterator$1
instanceKlass ghidra/program/database/symbol/SymbolManager$SymbolRecordIterator
instanceKlass db/FieldIndexTable$PrimaryKeyIterator
instanceKlass ghidra/program/model/address/KeyRange
instanceKlass ghidra/program/database/map/AddressIndexPrimaryKeyIterator
instanceKlass db/KeyToRecordIterator
instanceKlass ghidra/program/util/ProgramUtilities
instanceKlass ghidra/framework/options/AbstractOptions$AliasBinding
instanceKlass  @bci ghidra/program/database/ProgramCompilerSpec registerProgramOptions ()V 66 <appendix> member <vmtarget> ; # ghidra/program/database/ProgramCompilerSpec$$Lambda+0x0000000100573460
instanceKlass ghidra/util/HelpLocation
instanceKlass  @bci ghidra/framework/data/DomainObjectTransactionManager notifyEndTransaction ()V 1 <appendix> member <vmtarget> ; # ghidra/framework/data/DomainObjectTransactionManager$$Lambda+0x0000000100573000
instanceKlass  @bci ghidra/framework/data/DomainObjectTransactionManager flushDomainObjectEvents ()V 1 <appendix> member <vmtarget> ; # ghidra/framework/data/DomainObjectTransactionManager$$Lambda+0x0000000100577dd8
instanceKlass ghidra/framework/data/DBContentHandler
instanceKlass  @bci utility/function/Dummy supplier ()Ljava/util/function/Supplier; 0 <appendix> argL0 ; # utility/function/Dummy$$Lambda+0x0000000100446bd0
instanceKlass utility/function/Dummy
instanceKlass ghidra/framework/options/GProperties
instanceKlass ghidra/framework/options/OptionType$StringAdapter
instanceKlass ghidra/framework/options/SubOptions
instanceKlass  @bci ghidra/program/model/data/DataOrganizationImpl save (Lghidra/program/model/data/DataOrganization;Lghidra/program/database/DBStringMapAdapter;Ljava/lang/String;)V 664 <adapter> ; # java/lang/invoke/LambdaForm$MH+0x0000000100572000
# instanceKlass java/lang/invoke/LambdaForm$DMH+0x0000000100571c00
instanceKlass  @bci ghidra/program/model/data/DataOrganizationImpl save (Lghidra/program/model/data/DataOrganization;Lghidra/program/database/DBStringMapAdapter;Ljava/lang/String;)V 664 <appendix> form vmentry <vmtarget> ; # java/lang/invoke/LambdaForm$MH+0x0000000100571800
# instanceKlass java/lang/invoke/LambdaForm$MH+0x0000000100571400
instanceKlass  @bci ghidra/program/model/data/DataOrganizationImpl save (Lghidra/program/model/data/DataOrganization;Lghidra/program/database/DBStringMapAdapter;Ljava/lang/String;)V 664 <appendix> form names 8 function resolvedHandle form vmentry <vmtarget> ; # java/lang/invoke/LambdaForm$DMH+0x0000000100571000
instanceKlass  @bci ghidra/program/model/data/DataOrganizationImpl save (Lghidra/program/model/data/DataOrganization;Lghidra/program/database/DBStringMapAdapter;Ljava/lang/String;)V 664 <appendix> argL3 form vmentry <vmtarget> ; # java/lang/invoke/LambdaForm$MH+0x0000000100570c00
# instanceKlass java/lang/invoke/LambdaForm$MH+0x0000000100570800
# instanceKlass java/lang/invoke/LambdaForm$MH+0x0000000100570400
# instanceKlass java/lang/invoke/LambdaForm$MH+0x0000000100570000
# instanceKlass java/lang/invoke/LambdaForm$MH+0x000000010056dc00
instanceKlass  @bci ghidra/program/model/data/DataOrganizationImpl save (Lghidra/program/model/data/DataOrganization;Lghidra/program/database/DBStringMapAdapter;Ljava/lang/String;)V 664 <appendix> form names 12 function resolvedHandle form vmentry <vmtarget> ; # java/lang/invoke/LambdaForm$DMH+0x000000010056d800
instanceKlass  @bci ghidra/program/model/data/DataOrganizationImpl save (Lghidra/program/model/data/DataOrganization;Lghidra/program/database/DBStringMapAdapter;Ljava/lang/String;)V 664 <appendix> argL1 form vmentry <vmtarget> ; # java/lang/invoke/LambdaForm$MH+0x000000010056d400
# instanceKlass java/lang/invoke/LambdaForm$MH+0x000000010056d000
# instanceKlass java/lang/invoke/LambdaForm$MH+0x000000010056cc00
# instanceKlass java/lang/invoke/LambdaForm$MH+0x000000010056c800
instanceKlass db/Table$ShortDurationFieldKeyIterator
instanceKlass db/Table$FieldKeyIterator
instanceKlass ghidra/program/database/module/FragmentDBAdapter
instanceKlass ghidra/program/database/module/ModuleDBAdapter
instanceKlass ghidra/program/database/module/ParentChildDBAdapter
instanceKlass ghidra/program/model/listing/ProgramFragment
instanceKlass ghidra/program/model/listing/ProgramModule
instanceKlass ghidra/program/model/listing/Group
instanceKlass ghidra/program/database/module/ModuleManager
instanceKlass ghidra/util/datastruct/ObjectKeyIndexer
instanceKlass ghidra/util/datastruct/ObjectIntHashtable
instanceKlass  @bci ghidra/program/database/mem/MemoryMapDBAdapterV3 refreshMemory ()V 14 <appendix> argL0 ; # ghidra/program/database/mem/MemoryMapDBAdapterV3$$Lambda+0x0000000100569338
instanceKlass  @cpi ghidra/app/util/bin/format/pe/ControlFlowGuard 435 form vmentry <vmtarget> ; # java/lang/invoke/LambdaForm$DMH+0x000000010056c400
instanceKlass ghidra/program/database/mem/MemoryBlockDB
instanceKlass  @bci ghidra/program/database/mem/MemoryMapDBAdapterV3 getSubBlockMap ()Ljava/util/Map; 60 <appendix> argL0 ; # ghidra/program/database/mem/MemoryMapDBAdapterV3$$Lambda+0x0000000100568908
instanceKlass  @cpi ghidra/program/database/mem/MemoryMapDBAdapterV3 608 form vmentry <vmtarget> ; # java/lang/invoke/LambdaForm$DMH+0x000000010056c000
instanceKlass ghidra/program/model/mem/MemoryBlockSourceInfo
instanceKlass ghidra/program/model/address/GlobalSymbol
instanceKlass ghidra/program/model/address/GlobalNamespace
instanceKlass ghidra/program/database/map/NormalizedAddressSet$1
instanceKlass ghidra/program/database/map/NormalizedAddressSet
instanceKlass ghidra/program/model/address/AddressSetCollection
instanceKlass ghidra/program/database/ProgramDBChangeSet
instanceKlass ghidra/program/model/listing/ProgramChangeSet
instanceKlass ghidra/program/model/listing/FunctionTagChangeSet
instanceKlass ghidra/program/model/listing/SymbolChangeSet
instanceKlass ghidra/program/model/listing/ProgramTreeChangeSet
instanceKlass ghidra/program/model/listing/DataTypeChangeSet
instanceKlass ghidra/program/model/listing/RegisterChangeSet
instanceKlass ghidra/program/model/listing/AddressChangeSet
instanceKlass ghidra/framework/model/ChangeSet
instanceKlass ghidra/program/model/listing/DomainObjectChangeSet
instanceKlass ghidra/program/database/ListingDB
instanceKlass ghidra/program/database/sourcemap/SourceMapAdapter
instanceKlass ghidra/program/database/sourcemap/SourceFileAdapter
instanceKlass ghidra/program/model/sourcemap/DummySourceFileManager
instanceKlass ghidra/program/model/sourcemap/SourceMapEntryIterator
instanceKlass ghidra/program/model/sourcemap/SourceMapEntry
instanceKlass ghidra/program/database/sourcemap/SourceFileManagerDB
instanceKlass ghidra/program/database/register/AddressValueRange
instanceKlass ghidra/program/database/register/AddressRangeObjectMap$RestrictedIndexRangeIterator
instanceKlass ghidra/program/util/RegisterValueStore
instanceKlass ghidra/program/database/register/InMemoryRangeMapAdapter
instanceKlass ghidra/program/database/register/OldProgramContextDB
instanceKlass ghidra/program/model/lang/RegisterValue
instanceKlass ghidra/program/util/RangeMapAdapter
instanceKlass ghidra/program/util/AbstractProgramContext
instanceKlass ghidra/program/model/listing/DefaultProgramContext
instanceKlass ghidra/program/model/listing/ProgramContext
instanceKlass ghidra/program/database/reloc/RelocationDBAdapter
instanceKlass ghidra/program/database/reloc/RelocationManager
instanceKlass ghidra/program/database/module/ProgramTreeDBAdapter
instanceKlass ghidra/program/database/module/TreeManager
instanceKlass ghidra/program/database/bookmark/BookmarkDBAdapter
instanceKlass ghidra/program/database/bookmark/BookmarkTypeDBAdapter
instanceKlass ghidra/program/model/listing/BookmarkType
instanceKlass ghidra/program/model/listing/Bookmark
instanceKlass ghidra/program/database/bookmark/BookmarkDBManager
instanceKlass db/Table$FieldKeyRecordIterator
instanceKlass ghidra/program/database/properties/PropertiesDBAdapterV0
instanceKlass ghidra/program/model/util/ObjectPropertyMap
instanceKlass ghidra/program/model/util/VoidPropertyMap
instanceKlass ghidra/program/model/util/LongPropertyMap
instanceKlass ghidra/program/database/properties/PropertiesDBAdapter
instanceKlass ghidra/program/model/util/StringPropertyMap
instanceKlass ghidra/program/database/properties/DBPropertyMapManager
instanceKlass ghidra/program/model/util/PropertyMapManager
instanceKlass ghidra/program/database/data/LazyLoadingCachingMap
instanceKlass ghidra/program/database/data/SourceArchiveAdapter
instanceKlass ghidra/program/database/data/ParentChildAdapter
instanceKlass ghidra/program/database/data/EnumValueDBAdapter
instanceKlass ghidra/program/database/data/EnumDBAdapter
instanceKlass ghidra/program/database/data/PointerDBAdapter
instanceKlass ghidra/program/database/data/SettingsDBAdapter
instanceKlass ghidra/program/database/data/FunctionParameterAdapter
instanceKlass ghidra/program/database/data/FunctionDefinitionDBAdapter
instanceKlass ghidra/program/database/data/ComponentDBAdapter
instanceKlass ghidra/program/database/data/CompositeDBAdapter
instanceKlass db/RecordTranslator
instanceKlass ghidra/program/database/data/TypedefDBAdapter
instanceKlass ghidra/program/database/data/ArrayDBAdapter
instanceKlass ghidra/program/database/data/CategoryDBAdapter
instanceKlass ghidra/program/database/data/BuiltinDBAdapter
instanceKlass ghidra/program/database/data/CallingConventionDBAdapter
instanceKlass ghidra/program/database/data/DataTypeManagerDB$IdsToDataTypeMap
instanceKlass ghidra/program/model/data/DataTypeComparator
instanceKlass ghidra/program/model/data/DataTypeManagerChangeListenerHandler
instanceKlass ghidra/program/model/data/DataTypeManagerChangeListener
instanceKlass ghidra/program/database/data/SettingsCache
instanceKlass ghidra/graph/GEdge
instanceKlass ghidra/program/model/data/DataTypeComponent
instanceKlass ghidra/program/model/data/Array
instanceKlass ghidra/program/model/data/StructureInternal
instanceKlass ghidra/program/model/data/UnionInternal
instanceKlass ghidra/program/model/data/CompositeInternal
instanceKlass ghidra/program/model/data/FunctionDefinition
instanceKlass ghidra/program/model/data/Enum
instanceKlass ghidra/program/model/data/Union
instanceKlass ghidra/program/database/util/DBRecordAdapter
instanceKlass ghidra/program/model/data/Category
instanceKlass ghidra/program/database/symbol/EquateRefDBAdapter
instanceKlass ghidra/program/database/symbol/EquateDBAdapter
instanceKlass ghidra/program/model/symbol/Equate
instanceKlass ghidra/program/database/symbol/EquateManager
instanceKlass ghidra/program/database/references/OldStackRefDBAdpater
instanceKlass ghidra/program/database/references/ToAdapter
instanceKlass ghidra/program/database/references/FromAdapter
instanceKlass ghidra/program/database/references/RecordAdapter
instanceKlass ghidra/program/database/references/ReferenceDBManager$FunctionVariableReferenceCacher
instanceKlass ghidra/program/model/symbol/ReferenceIterator
instanceKlass ghidra/program/model/symbol/Reference
instanceKlass ghidra/program/database/references/ReferenceDBManager
instanceKlass ghidra/program/database/util/AddressRangeMapDB
instanceKlass ghidra/program/database/symbol/NamespaceManager
instanceKlass ghidra/program/database/symbol/VariableStorageDBAdapter
instanceKlass ghidra/util/datastruct/AbstractWeakValueMap
instanceKlass ghidra/program/database/symbol/VariableStorageManagerDB
instanceKlass ghidra/program/database/symbol/LabelHistoryAdapter
instanceKlass ghidra/program/model/symbol/SymbolType
instanceKlass  @bci org/apache/commons/lang3/ArrayUtils toObject ([I)[Ljava/lang/Integer; 21 <appendix> member <vmtarget> ; # org/apache/commons/lang3/ArrayUtils$$Lambda+0x0000000100543560
instanceKlass ghidra/program/database/util/RecordFilter
instanceKlass ghidra/program/database/symbol/SymbolDatabaseAdapter
instanceKlass ghidra/program/model/address/AddressMapImpl$1
instanceKlass ghidra/program/model/address/AddressMapImpl
instanceKlass ghidra/program/model/listing/Library
instanceKlass ghidra/program/database/symbol/VariableStorageManager
instanceKlass ghidra/program/database/util/Query
instanceKlass ghidra/program/model/listing/GhidraClass
instanceKlass ghidra/program/model/symbol/SymbolIterator
instanceKlass ghidra/program/database/symbol/SymbolManager
instanceKlass ghidra/program/database/external/OldExtNameAdapter
instanceKlass ghidra/program/model/symbol/ExternalLocation
instanceKlass ghidra/program/model/symbol/ExternalLocationIterator
instanceKlass ghidra/program/database/external/ExternalManagerDB
instanceKlass ghidra/program/database/function/FunctionTagMappingAdapter
instanceKlass db/DBListener
instanceKlass ghidra/program/database/function/FunctionTagAdapter
instanceKlass ghidra/program/model/listing/FunctionTag
instanceKlass ghidra/program/database/function/FunctionTagManagerDB
instanceKlass ghidra/program/database/function/ThunkFunctionAdapter
instanceKlass ghidra/program/database/function/FunctionAdapter
instanceKlass  @bci ghidra/program/database/function/FunctionManagerDB <init> (Ldb/DBHandle;Lghidra/program/database/map/AddressMap;Lghidra/framework/data/OpenMode;Lghidra/util/Lock;Lghidra/util/task/TaskMonitor;)V 12 <appendix> member <vmtarget> ; # ghidra/program/database/function/FunctionManagerDB$$Lambda+0x0000000100537c20
instanceKlass ghidra/program/model/listing/FunctionTagManager
instanceKlass ghidra/program/model/listing/Variable
instanceKlass ghidra/program/database/data/DataTypeManagerDB
instanceKlass ghidra/program/model/listing/FunctionIterator
instanceKlass ghidra/program/model/symbol/Symbol
instanceKlass ghidra/program/model/listing/Function
instanceKlass ghidra/program/database/function/FunctionManagerDB
instanceKlass  @bci ghidra/program/database/properties/IntPropertyMapDB <init> (Ldb/DBHandle;Lghidra/framework/data/OpenMode;Ldb/util/ErrorHandler;Lghidra/program/util/ChangeManager;Lghidra/program/database/map/AddressMap;Ljava/lang/String;Lghidra/util/task/TaskMonitor;)V 14 <appendix> member <vmtarget> ; # ghidra/program/database/properties/IntPropertyMapDB$$Lambda+0x0000000100535f78
instanceKlass ghidra/program/util/ChangeManagerAdapter
instanceKlass ghidra/util/datastruct/ObjectCache
instanceKlass ghidra/program/model/util/IntPropertyMap
instanceKlass ghidra/program/model/util/PropertyMap
instanceKlass ghidra/program/database/code/ProtoDBAdapterV1
instanceKlass ghidra/program/database/code/ProtoDBAdapter
instanceKlass ghidra/program/database/code/PrototypeManager
instanceKlass ghidra/program/database/DBObjectCache
instanceKlass db/IndexTable
instanceKlass ghidra/program/database/code/CommentHistoryAdapter
instanceKlass  @bci ghidra/framework/data/DomainObjectChangeSupport sendEventNow ()V 26 <appendix> member <vmtarget> ; # ghidra/framework/data/DomainObjectChangeSupport$$Lambda+0x0000000100532f10
instanceKlass ghidra/framework/data/DomainObjectChangeSupport$EventNotification
instanceKlass ghidra/program/database/code/CommentsDBAdapter
instanceKlass  @bci ghidra/framework/data/DomainObjectChangeSupport sendEventNow ()V 2 <appendix> member <vmtarget> ; # ghidra/framework/data/DomainObjectChangeSupport$$Lambda+0x0000000100531c30
instanceKlass ghidra/program/database/code/DataDBAdapter
instanceKlass ghidra/program/database/code/InstDBAdapter
instanceKlass ghidra/program/model/symbol/RefType
instanceKlass ghidra/program/model/lang/InstructionContext
instanceKlass ghidra/program/disassemble/DisassemblerMessageListener
instanceKlass ghidra/program/model/listing/Data
instanceKlass ghidra/program/model/listing/InstructionIterator
instanceKlass ghidra/program/model/listing/CodeUnitIterator
instanceKlass ghidra/program/model/listing/Instruction
instanceKlass ghidra/program/model/lang/ProcessorContext
instanceKlass ghidra/program/model/listing/DataIterator
instanceKlass ghidra/program/database/code/CodeManager
instanceKlass ghidra/program/database/mem/MemoryMapDB$MemoryAddressSetViews
instanceKlass ghidra/program/database/mem/FileBytesAdapter
instanceKlass ghidra/program/database/mem/SubMemoryBlock
instanceKlass ghidra/program/database/mem/MemoryMapDBAdapter
instanceKlass  @bci ghidra/program/database/mem/MemoryMapDB <clinit> ()V 22 <appendix> argL0 ; # ghidra/program/database/mem/MemoryMapDB$$Lambda+0x000000010052c148
instanceKlass ghidra/program/model/mem/MemoryBlockStub
instanceKlass ghidra/program/model/mem/MemoryBlock
instanceKlass ghidra/program/database/mem/MemoryMapDB
instanceKlass ghidra/program/database/map/AddressMapDBAdapter
instanceKlass ghidra/program/database/map/AddressMapDB$2
instanceKlass ghidra/program/database/map/AddressMapDB$1
instanceKlass ghidra/program/database/map/AddressMapDB$3
instanceKlass ghidra/program/database/map/AddressMapDB
instanceKlass ghidra/program/database/util/EmptyRecordIterator
instanceKlass ghidra/program/database/OverlaySpaceDBAdapter
instanceKlass ghidra/program/database/DBStringMapAdapter
instanceKlass org/apache/commons/collections4/iterators/UnmodifiableIterator
instanceKlass org/apache/commons/collections4/Unmodifiable
instanceKlass  @bci ghidra/framework/data/DomainObjectTransactionManager notifyStartTransaction (Lghidra/framework/model/TransactionInfo;)V 2 <appendix> member <vmtarget> ; # ghidra/framework/data/DomainObjectTransactionManager$$Lambda+0x0000000100528000
instanceKlass ghidra/framework/data/DomainObjectDBTransaction$TransactionEntry
instanceKlass ghidra/framework/data/DomainObjectDBTransaction
instanceKlass  @bci ghidra/program/database/ProgramDB <init> (Ljava/lang/String;Lghidra/program/model/lang/Language;Lghidra/program/model/lang/CompilerSpec;Ljava/lang/Object;)V 154 <appendix> member <vmtarget> ; # ghidra/program/database/ProgramDB$$Lambda+0x0000000100527340
instanceKlass ghidra/program/database/OverlayRegionSupplier
instanceKlass ghidra/framework/model/TransactionInfo
instanceKlass  @bci ghidra/framework/options/AbstractOptions <init> (Ljava/lang/String;)V 73 <appendix> member <vmtarget> ; # ghidra/framework/options/AbstractOptions$$Lambda+0x00000001005256a0
instanceKlass generic/theme/ThemeEvent
instanceKlass generic/theme/ThemeListener
instanceKlass ghidra/framework/options/ActionTrigger
instanceKlass java/awt/AWTKeyStroke
instanceKlass ghidra/framework/options/Option
instanceKlass  @bci ghidra/framework/data/DomainObjectAdapterDB <init> (Ldb/DBHandle;Ljava/lang/String;ILjava/lang/Object;)V 20 <appendix> member <vmtarget> ; # ghidra/framework/data/DomainObjectAdapterDB$$Lambda+0x0000000100524898
instanceKlass ghidra/framework/data/TransientDataManager
instanceKlass  @bci ghidra/framework/data/DomainObjectChangeSupport fireEvent (Lghidra/framework/model/DomainObjectChangeRecord;)V 11 <appendix> member <vmtarget> ; # ghidra/framework/data/DomainObjectChangeSupport$$Lambda+0x0000000100524468
instanceKlass ghidra/framework/data/DomainFileProxy
instanceKlass generic/timer/GhidraTimerFactory
instanceKlass  @bci ghidra/framework/data/DomainObjectChangeSupport <init> (Lghidra/framework/model/DomainObject;ILghidra/util/Lock;)V 72 <appendix> member <vmtarget> ; # ghidra/framework/data/DomainObjectChangeSupport$$Lambda+0x00000001005239b8
instanceKlass ghidra/framework/data/DomainObjectChangeSupport
instanceKlass ghidra/util/Lock
instanceKlass ghidra/framework/data/DomainObjectFileListener
instanceKlass ghidra/framework/model/DomainObjectClosedListener
instanceKlass db/Table$LongKeyRecordIterator
instanceKlass db/VarKeyNode
instanceKlass db/FieldKeyInteriorNode
instanceKlass db/InteriorNode
instanceKlass db/FieldKeyRecordNode
instanceKlass db/FixedKeyNode
instanceKlass db/NodeMgr
instanceKlass db/DBFieldIterator
instanceKlass db/DBLongIterator
instanceKlass db/RecordNode
instanceKlass db/LongKeyNode
instanceKlass db/FieldKeyNode
instanceKlass db/BTreeNode
instanceKlass db/RecordIterator
instanceKlass db/Table
instanceKlass  @bci db/Schema getEncodedFieldTypes ()[B 121 <appendix> argL0 ; # db/Schema$$Lambda+0x000000010051a350
instanceKlass db/DBRecord
instanceKlass db/Schema
instanceKlass db/Field
instanceKlass db/TableRecord
instanceKlass db/MasterTable
instanceKlass db/buffers/DataBuffer
instanceKlass ghidra/util/datastruct/IntIntHashtable
instanceKlass db/DBParms
instanceKlass ghidra/framework/ShutdownHookRegistry$1
instanceKlass ghidra/framework/ShutdownHookRegistry$ShutdownHook
instanceKlass ghidra/framework/ShutdownHookRegistry
instanceKlass ghidra/framework/ShutdownPriority
instanceKlass  @bci db/buffers/BufferMgr addInstance (Ldb/buffers/BufferMgr;)V 16 <appendix> argL0 ; # db/buffers/BufferMgr$$Lambda+0x0000000100516d18
instanceKlass sun/security/provider/AbstractDrbg$NonceProvider
instanceKlass  @bci sun/security/provider/AbstractDrbg$SeederHolder <clinit> ()V 42 <appendix> member <vmtarget> ; # sun/security/provider/AbstractDrbg$SeederHolder$$Lambda+0x00000001003f8228
instanceKlass  @cpi sun/security/provider/AbstractDrbg$SeederHolder 91 form vmentry <vmtarget> ; # java/lang/invoke/LambdaForm$DMH+0x0000000100518c00
# instanceKlass java/lang/invoke/LambdaForm$DMH+0x0000000100518800
instanceKlass sun/security/provider/AbstractDrbg$SeederHolder
instanceKlass java/security/DrbgParameters$NextBytes
instanceKlass  @bci sun/security/provider/AbstractDrbg <clinit> ()V 12 <appendix> argL0 ; # sun/security/provider/AbstractDrbg$$Lambda+0x00000001003f7bf0
instanceKlass  @cpi sun/security/provider/AbstractDrbg 383 form vmentry <vmtarget> ; # java/lang/invoke/LambdaForm$DMH+0x0000000100518400
# instanceKlass java/lang/invoke/LambdaForm$DMH+0x0000000100518000
instanceKlass sun/security/provider/EntropySource
instanceKlass sun/security/provider/AbstractDrbg
instanceKlass java/security/DrbgParameters$Instantiation
instanceKlass java/security/DrbgParameters
instanceKlass sun/security/provider/MoreDrbgParameters
instanceKlass  @bci sun/security/provider/DRBG <init> (Ljava/security/SecureRandomParameters;)V 26 <appendix> argL0 ; # sun/security/provider/DRBG$$Lambda+0x00000001003f6690
instanceKlass java/util/AbstractList$Itr
instanceKlass java/io/File$TempDirectory
instanceKlass db/buffers/BufferNode
instanceKlass db/buffers/InputBlockStream
instanceKlass db/buffers/LocalBufferFile$DefaultInputBlockStreamFactory
instanceKlass db/buffers/OutputBlockStream
instanceKlass db/buffers/BlockStream
instanceKlass db/buffers/LocalBufferFile$InputBlockStreamFactory
instanceKlass db/buffers/LocalBufferFile
instanceKlass ghidra/util/datastruct/ObjectArray
instanceKlass ghidra/util/datastruct/Array
instanceKlass db/buffers/IndexProvider
instanceKlass db/Buffer
instanceKlass ghidra/framework/data/DomainObjectAdapter$1
instanceKlass ghidra/framework/model/DomainObjectEventIdGenerator
instanceKlass ghidra/program/model/sourcemap/SourceFileManager
instanceKlass ghidra/program/model/symbol/ReferenceManager
instanceKlass ghidra/program/model/symbol/SymbolTable
instanceKlass ghidra/program/model/symbol/EquateTable
instanceKlass ghidra/program/model/symbol/ExternalManager
instanceKlass ghidra/program/model/listing/BookmarkManager
instanceKlass ghidra/program/model/symbol/Namespace
instanceKlass ghidra/program/database/IntRangeMap
instanceKlass ghidra/program/model/reloc/RelocationTable
instanceKlass ghidra/program/model/util/AddressSetPropertyMap
instanceKlass ghidra/program/model/data/ProgramBasedDataTypeManager
instanceKlass ghidra/program/model/data/DomainFileBasedDataTypeManager
instanceKlass ghidra/program/model/data/FileBasedDataTypeManager
instanceKlass ghidra/program/model/listing/ProgramUserData
instanceKlass ghidra/framework/model/UserData
instanceKlass ghidra/program/model/listing/Listing
instanceKlass ghidra/program/model/mem/Memory
instanceKlass ghidra/framework/data/DomainObjectDBChangeSet
instanceKlass ghidra/program/database/map/AddressMap
instanceKlass db/Transaction
instanceKlass ghidra/framework/options/AbstractOptions
instanceKlass ghidra/framework/options/Options
instanceKlass db/DBChangeSet
instanceKlass ghidra/framework/data/AbstractTransactionManager
instanceKlass ghidra/framework/data/DomainObjectAdapter
instanceKlass ghidra/program/util/ChangeManager
instanceKlass ghidra/sleigh/grammar/SleighCompiler$Jump_scope
instanceKlass ghidra/pcodeCPort/slgh_compile/PcodeCompile$1
instanceKlass generic/stl/VectorIterator
instanceKlass ghidra/pcodeCPort/slgh_compile/RtlPair
instanceKlass ghidra/pcodeCPort/slgh_compile/SectionVector
instanceKlass ghidra/pcodeCPort/semantics/OpTpl
instanceKlass  @bci ghidra/pcodeCPort/slgh_compile/PcodeCompile entry (Ljava/lang/String;[Ljava/lang/Object;)V 25 <appendix> argL0 ; # ghidra/pcodeCPort/slgh_compile/PcodeCompile$$Lambda+0x000000010050a5e8
instanceKlass  @bci ghidra/pcodeCPort/opcodes/OpCode <clinit> ()V 1396 <appendix> argL0 ; # ghidra/pcodeCPort/opcodes/OpCode$$Lambda+0x000000010050a3a8
instanceKlass  @bci ghidra/pcodeCPort/opcodes/OpCode <clinit> ()V 1391 <appendix> argL0 ; # ghidra/pcodeCPort/opcodes/OpCode$$Lambda+0x000000010050a168
instanceKlass  @bci ghidra/pcodeCPort/opcodes/OpCode <clinit> ()V 1381 <appendix> argL0 ; # ghidra/pcodeCPort/opcodes/OpCode$$Lambda+0x0000000100509f18
instanceKlass ghidra/pcodeCPort/slgh_compile/ExprTree
instanceKlass ghidra/pcodeCPort/semantics/ConstTpl
instanceKlass ghidra/pcodeCPort/semantics/VarnodeTpl
instanceKlass ghidra/sleigh/grammar/SleighCompiler$Return_scope
instanceKlass ghidra/pcodeCPort/semantics/ConstructTpl
instanceKlass ghidra/sleigh/grammar/SleighCompiler$code_block_scope
instanceKlass ghidra/sleigh/grammar/SleighCompiler$Block_scope
instanceKlass ghidra/sleigh/grammar/SleighCompiler$semantic_scope
instanceKlass ghidra/pcodeCPort/slghpatexpress/PatternEquation
instanceKlass org/antlr/runtime/tree/TreeIterator
instanceKlass org/antlr/runtime/tree/PositionTrackingStream
instanceKlass org/antlr/runtime/tree/BaseTree
instanceKlass org/antlr/runtime/tree/RewriteRuleElementStream
instanceKlass java/util/TreeMap$NavigableSubMap$SubMapIterator
instanceKlass org/antlr/runtime/CommonToken
instanceKlass org/antlr/runtime/CharStreamState
instanceKlass org/antlr/runtime/tree/BaseTreeAdaptor
instanceKlass org/antlr/runtime/RuleReturnScope
instanceKlass org/antlr/runtime/tree/TreeAdaptor
instanceKlass org/antlr/runtime/misc/FastQueue
instanceKlass org/antlr/runtime/BitSet
instanceKlass org/antlr/runtime/RecognizerSharedState
instanceKlass org/antlr/runtime/DFA
instanceKlass org/antlr/runtime/Token
instanceKlass org/antlr/runtime/BaseRecognizer
instanceKlass ghidra/sleigh/grammar/LexerMultiplexer
instanceKlass ghidra/sleigh/grammar/SleighRecognizerConstants
instanceKlass org/antlr/runtime/ANTLRStringStream
instanceKlass ghidra/sleigh/grammar/Locator
instanceKlass ghidra/sleigh/grammar/ParsingEnvironment
instanceKlass ghidra/sleigh/grammar/Location
instanceKlass generic/stl/SetIterator
instanceKlass generic/stl/RedBlackNode
instanceKlass ghidra/pcodeCPort/pcoderaw/VarnodeData
instanceKlass ghidra/pcodeCPort/slghpatexpress/PatternExpression
instanceKlass ghidra/pcodeCPort/slghsymbol/SymbolCompare
instanceKlass ghidra/pcodeCPort/slghsymbol/SymbolScope
instanceKlass ghidra/pcodeCPort/translate/Translate$1
instanceKlass ghidra/pcodeCPort/utils/Utils
instanceKlass ghidra/pcodeCPort/slghsymbol/SymbolTable
instanceKlass ghidra/pcodeCPort/sleighbase/VarnodeSymbolCompare
instanceKlass generic/stl/RedBlackTree
instanceKlass generic/stl/SelfComparator
instanceKlass generic/stl/SetSTL
instanceKlass ghidra/pcodeCPort/address/RangeList
instanceKlass ghidra/pcodeCPort/space/AddrSpace
instanceKlass  @bci generic/stl/VectorSTL createComparator ()Ljava/util/Comparator; 0 <appendix> argL0 ; # generic/stl/VectorSTL$$Lambda+0x00000001004d9010
instanceKlass generic/stl/IteratorSTL
instanceKlass generic/stl/VectorSTL
instanceKlass org/antlr/runtime/tree/Tree
instanceKlass org/antlr/runtime/tree/TreeNodeStream
instanceKlass ghidra/pcodeCPort/translate/Translate
instanceKlass ghidra/pcodeCPort/translate/BasicSpaceProvider
instanceKlass ghidra/pcodeCPort/sleighbase/NamedSymbolProvider
instanceKlass ghidra/pcodeCPort/slghsymbol/SleighSymbol
instanceKlass ghidra/pcodeCPort/slgh_compile/PcodeCompile
instanceKlass ghidra/program/model/lang/InjectPayload$InjectParameter
instanceKlass ghidra/app/plugin/processors/sleigh/PcodeEmit
instanceKlass ghidra/util/datastruct/RedBlackTree$RedBlackTreeIterator
instanceKlass ghidra/program/model/address/AddressSet$AddressRangeIteratorAdapter
instanceKlass ghidra/program/model/lang/protorules/SizeRestrictedFilter
instanceKlass ghidra/program/model/listing/FunctionSignature
instanceKlass ghidra/program/model/pcode/PcodeDataTypeManager
instanceKlass ghidra/program/model/lang/protorules/QualifierFilter
instanceKlass ghidra/program/model/lang/protorules/ModelRule
instanceKlass ghidra/program/model/lang/ParamEntry
instanceKlass ghidra/program/model/lang/protorules/DatatypeFilter
instanceKlass ghidra/program/model/lang/protorules/AssignAction
instanceKlass ghidra/program/model/lang/ParamListStandard
instanceKlass ghidra/framework/options/OptionsEditor
instanceKlass ghidra/program/model/listing/FunctionManager
instanceKlass ghidra/program/database/ManagerDB
instanceKlass ghidra/program/database/SpecExtension
instanceKlass ghidra/program/model/lang/ParamList
instanceKlass ghidra/program/model/pcode/Varnode
instanceKlass ghidra/program/model/address/AddressRangeImpl
instanceKlass ghidra/program/model/pcode/AddressXML
instanceKlass ghidra/program/model/lang/BasicCompilerSpec$1
instanceKlass ghidra/program/model/data/BitFieldPackingImpl
instanceKlass ghidra/program/model/data/BitFieldPacking
instanceKlass ghidra/program/model/data/DataOrganizationImpl
instanceKlass ghidra/program/model/lang/PcodeInjectLibrary
instanceKlass ghidra/program/model/lang/PrototypeModel
instanceKlass ghidra/program/model/data/DataOrganization
instanceKlass ghidra/program/model/lang/BasicCompilerSpec
instanceKlass ghidra/app/util/OptionUtils
instanceKlass  @bci ghidra/app/util/importer/LibrarySearchPathManager loadDefaultPaths ()Ljava/util/Set; 24 <appendix> member <vmtarget> ; # ghidra/app/util/importer/LibrarySearchPathManager$$Lambda+0x00000001004c7aa8
instanceKlass  @cpi ghidra/app/util/importer/LibrarySearchPathManager 315 form vmentry <vmtarget> ; # java/lang/invoke/LambdaForm$DMH+0x00000001004c8000
instanceKlass ghidra/app/util/importer/LibrarySearchPathManager
instanceKlass ghidra/program/model/lang/RegisterManager$RegisterSizeKey
instanceKlass ghidra/program/model/address/AddressSetViewAdapter
instanceKlass ghidra/program/model/lang/RegisterManager$1
instanceKlass ghidra/program/model/lang/RegisterManager
instanceKlass ghidra/program/model/lang/ContextSetting
instanceKlass ghidra/program/model/lang/Register
instanceKlass ghidra/program/model/lang/RegisterBuilder
instanceKlass ghidra/app/plugin/processors/sleigh/template/HandleTpl
instanceKlass ghidra/app/plugin/processors/sleigh/VarnodeData
instanceKlass ghidra/app/plugin/processors/sleigh/pattern/PatternBlock
instanceKlass ghidra/app/plugin/processors/sleigh/pattern/Pattern
instanceKlass ghidra/app/plugin/processors/sleigh/DecisionNode$1
instanceKlass ghidra/app/plugin/processors/sleigh/DecisionNode
instanceKlass ghidra/app/plugin/processors/sleigh/template/ConstTpl
instanceKlass ghidra/app/plugin/processors/sleigh/template/VarnodeTpl
instanceKlass ghidra/app/plugin/processors/sleigh/template/OpTpl
instanceKlass ghidra/app/plugin/processors/sleigh/template/ConstructTpl
instanceKlass ghidra/app/plugin/processors/sleigh/ContextOp
instanceKlass ghidra/app/plugin/processors/sleigh/ContextChange
instanceKlass com/google/common/collect/UnmodifiableIterator
instanceKlass com/google/common/collect/Maps$EntryTransformer
instanceKlass com/google/common/collect/ImmutableMap
instanceKlass com/google/common/base/Converter
instanceKlass com/google/common/base/Function
instanceKlass com/google/common/collect/SortedMapDifference
instanceKlass com/google/common/collect/MapDifference
instanceKlass com/google/common/collect/Maps
instanceKlass com/google/common/base/ExtraObjectsMethodsForWeb
instanceKlass ghidra/app/plugin/processors/sleigh/Constructor
instanceKlass ghidra/app/plugin/processors/sleigh/expression/PatternExpression
instanceKlass ghidra/app/plugin/processors/sleigh/symbol/SymbolScope
instanceKlass ghidra/app/plugin/processors/sleigh/symbol/Symbol
instanceKlass ghidra/app/plugin/processors/sleigh/symbol/SymbolTable
instanceKlass ghidra/util/datastruct/RedBlackEntry
instanceKlass ghidra/util/datastruct/IntListIndexer
instanceKlass ghidra/util/datastruct/IntKeyIndexer
instanceKlass ghidra/util/datastruct/Prime
instanceKlass ghidra/util/datastruct/IntObjectHashtable
instanceKlass ghidra/program/model/address/DefaultAddressFactory
instanceKlass ghidra/program/model/address/GenericAddress
instanceKlass ghidra/program/model/address/AbstractAddressSpace
instanceKlass com/google/common/collect/AbstractMapEntry
instanceKlass com/google/common/collect/Hashing
instanceKlass com/google/common/collect/CollectPreconditions
instanceKlass com/google/common/collect/BiMap
instanceKlass ghidra/sleigh/grammar/SourceFileIndexer
instanceKlass ghidra/program/model/pcode/LinkedByteBuffer$ArrayIter
instanceKlass ghidra/program/model/pcode/LinkedByteBuffer
instanceKlass ghidra/program/model/pcode/LinkedByteBuffer$Position
instanceKlass ghidra/program/model/pcode/PackedDecode
instanceKlass  @bci ghidra/sleigh/grammar/SleighPreprocessor lineno ()Ljava/lang/String; 15 <appendix> form vmentry <vmtarget> ; # java/lang/invoke/LambdaForm$MH+0x00000001004b7000
# instanceKlass java/lang/invoke/LambdaForm$MH+0x00000001004b6c00
instanceKlass  @bci ghidra/sleigh/grammar/SleighPreprocessor lineno ()Ljava/lang/String; 15 <appendix> form names 7 function resolvedHandle form vmentry <vmtarget> ; # java/lang/invoke/LambdaForm$DMH+0x00000001004b6800
instanceKlass  @bci ghidra/sleigh/grammar/SleighPreprocessor lineno ()Ljava/lang/String; 15 <appendix> argL3 form vmentry <vmtarget> ; # java/lang/invoke/LambdaForm$MH+0x00000001004b6400
# instanceKlass java/lang/invoke/LambdaForm$MH+0x00000001004b6000
# instanceKlass java/lang/invoke/LambdaForm$MH+0x00000001004b5c00
# instanceKlass java/lang/invoke/LambdaForm$MH+0x00000001004b5800
# instanceKlass java/lang/invoke/LambdaForm$MH+0x00000001004b5400
instanceKlass  @bci ghidra/sleigh/grammar/SleighPreprocessor lineno ()Ljava/lang/String; 15 <appendix> form names 11 function resolvedHandle form vmentry <vmtarget> ; # java/lang/invoke/LambdaForm$DMH+0x00000001004b5000
instanceKlass  @bci ghidra/sleigh/grammar/SleighPreprocessor lineno ()Ljava/lang/String; 15 <appendix> argL1 form vmentry <vmtarget> ; # java/lang/invoke/LambdaForm$MH+0x00000001004b4c00
# instanceKlass java/lang/invoke/LambdaForm$MH+0x00000001004b4800
# instanceKlass java/lang/invoke/LambdaForm$MH+0x00000001004b4400
# instanceKlass java/lang/invoke/LambdaForm$MH+0x00000001004b4000
instanceKlass ghidra/sleigh/grammar/ConditionalHelper
instanceKlass ghidra/sleigh/grammar/HashMapPreprocessorDefinitionsAdapter
instanceKlass ghidra/app/plugin/processors/sleigh/ModuleDefinitionsAdapter
instanceKlass org/apache/logging/log4j/core/config/Configurator
instanceKlass org/antlr/runtime/TokenStream
instanceKlass org/antlr/runtime/TokenSource
instanceKlass org/antlr/runtime/CharStream
instanceKlass org/antlr/runtime/IntStream
instanceKlass ghidra/sleigh/grammar/SleighPreprocessor
instanceKlass ghidra/sleigh/grammar/ExpressionEnvironment
instanceKlass ghidra/pcode/utils/SlaFormat
instanceKlass ghidra/app/plugin/processors/sleigh/ContextCache
instanceKlass ghidra/app/plugin/processors/generic/MemoryBlockDefinition
instanceKlass ghidra/app/plugin/processors/sleigh/SleighLanguage$1
instanceKlass ghidra/util/datastruct/RedBlackTree
instanceKlass ghidra/program/model/address/AddressIterator
instanceKlass ghidra/program/model/address/AddressSet
instanceKlass java/util/OptionalInt
instanceKlass  @bci ghidra/app/plugin/processors/sleigh/SleighLanguage <clinit> ()V 0 <appendix> argL0 ; # ghidra/app/plugin/processors/sleigh/SleighLanguage$$Lambda+0x00000001004acb58
instanceKlass ghidra/pcodeCPort/slgh_compile/PreprocessorDefinitions
instanceKlass ghidra/program/model/address/AddressFactory
instanceKlass ghidra/program/model/address/AddressSpace
instanceKlass ghidra/program/model/lang/CompilerSpec
instanceKlass ghidra/program/model/lang/InstructionPrototype
instanceKlass ghidra/program/model/lang/ProcessorContextView
instanceKlass ghidra/program/model/lang/InjectPayloadSleigh
instanceKlass ghidra/program/model/lang/InjectPayload
instanceKlass ghidra/program/model/pcode/Decoder
instanceKlass ghidra/program/model/pcode/ByteIngest
instanceKlass ghidra/app/plugin/processors/sleigh/SleighLanguage
instanceKlass ghidra/util/TaskUtilities
instanceKlass ghidra/util/task/TaskBuilder
instanceKlass  @bci ghidra/program/util/DefaultLanguageService$LanguageInfo getLanguage ()Lghidra/program/model/lang/Language; 36 <appendix> member <vmtarget> ; # ghidra/program/util/DefaultLanguageService$LanguageInfo$$Lambda+0x00000001004a97c8
instanceKlass docking/DialogComponentProvider
instanceKlass ghidra/util/task/TaskListener
instanceKlass ghidra/util/StatusListener
instanceKlass docking/action/ActionContextProvider
instanceKlass java/awt/ItemSelectable
instanceKlass javax/swing/Scrollable
instanceKlass ghidra/app/util/Option
instanceKlass  @bci ghidra/app/util/importer/LoadSpecChooser lambda$static$2 (Lghidra/app/util/opinion/LoaderMap;)Lghidra/app/util/opinion/LoadSpec; 19 <appendix> argL0 ; # ghidra/app/util/importer/LoadSpecChooser$$Lambda+0x00000001004a2390
instanceKlass  @bci ghidra/app/util/importer/LoadSpecChooser lambda$static$2 (Lghidra/app/util/opinion/LoaderMap;)Lghidra/app/util/opinion/LoadSpec; 9 <appendix> argL0 ; # ghidra/app/util/importer/LoadSpecChooser$$Lambda+0x00000001004a2150
instanceKlass  @bci ghidra/app/util/importer/LoadSpecChooser <clinit> ()V 0 <appendix> argL0 ; # ghidra/app/util/importer/LoadSpecChooser$$Lambda+0x00000001004a1f10
instanceKlass ghidra/app/util/bin/format/mz/MzExecutable
instanceKlass ghidra/app/util/bin/format/unixaout/UnixAoutHeader
instanceKlass ghidra/app/util/bin/format/som/SomCompilationUnit
instanceKlass ghidra/app/util/bin/format/som/SomSysClock
instanceKlass ghidra/app/util/bin/format/som/SomHeader
instanceKlass ghidra/app/util/bin/format/pef/ContainerHeader
instanceKlass ghidra/app/util/opinion/LoadSpec
# instanceKlass java/lang/invoke/LambdaForm$DMH+0x0000000100498400
instanceKlass ghidra/app/util/opinion/QueryResult
instanceKlass ghidra/program/model/lang/LanguageCompilerSpecPair
instanceKlass ghidra/program/model/lang/LanguageCompilerSpecQuery
instanceKlass ghidra/app/util/opinion/QueryOpinionServiceHandler$FullQuery
instanceKlass ghidra/util/datastruct/Stack
instanceKlass ghidra/app/util/opinion/QueryOpinionServiceHandler
instanceKlass ghidra/app/util/opinion/QueryOpinionService$1
instanceKlass ghidra/app/util/opinion/QueryOpinionService
instanceKlass ghidra/app/util/bin/format/pe/DataDirectory
instanceKlass ghidra/app/util/bin/format/pe/PeMarkupable
instanceKlass  @bci ghidra/app/util/bin/format/swift/SwiftUtils isSwift (Ljava/util/List;)Z 43 <appendix> member <vmtarget> ; # ghidra/app/util/bin/format/swift/SwiftUtils$$Lambda+0x000000010049f260
instanceKlass ghidra/docking/settings/FormatSettingsDefinition
instanceKlass ghidra/program/model/data/DataTypeMnemonicSettingsDefinition
instanceKlass ghidra/program/model/data/EndianSettingsDefinition
instanceKlass ghidra/program/model/data/PaddingSettingsDefinition
instanceKlass ghidra/program/model/data/ArrayStringable
instanceKlass  @bci ghidra/program/model/data/CharsetSettingsDefinition <init> ()V 22 <appendix> argL0 ; # ghidra/program/model/data/CharsetSettingsDefinition$$Lambda+0x0000000100497438
instanceKlass  @cpi ghidra/program/model/data/CharsetSettingsDefinition 203 form vmentry <vmtarget> ; # java/lang/invoke/LambdaForm$DMH+0x0000000100498000
instanceKlass ghidra/program/model/data/CharsetSettingsDefinition
instanceKlass ghidra/docking/settings/JavaEnumSettingsDefinition
instanceKlass ghidra/program/model/data/DataTypeWithCharset
instanceKlass  @bci ghidra/program/model/data/TypedefDataType getDefaultSettings ()Lghidra/docking/settings/Settings; 39 <appendix> member <vmtarget> ; # ghidra/program/model/data/TypedefDataType$$Lambda+0x0000000100494668
instanceKlass ghidra/program/model/data/Dynamic
instanceKlass ghidra/program/model/data/FactoryDataType
instanceKlass ghidra/util/classfinder/ClassTranslator
instanceKlass ghidra/program/model/data/ComponentOffsetSettingsDefinition
instanceKlass ghidra/program/model/data/OffsetShiftSettingsDefinition
instanceKlass ghidra/program/model/data/OffsetMaskSettingsDefinition
instanceKlass ghidra/docking/settings/NumberSettingsDefinition
instanceKlass ghidra/program/model/data/AddressSpaceSettingsDefinition
instanceKlass ghidra/docking/settings/StringSettingsDefinition
instanceKlass ghidra/program/model/data/PointerTypeSettingsDefinition
instanceKlass  @bci ghidra/program/model/data/PointerDataType <init> (Lghidra/program/model/data/DataType;ILghidra/program/model/data/DataTypeManager;)V 30 <appendix> argL0 ; # ghidra/program/model/data/PointerDataType$$Lambda+0x0000000100490a80
instanceKlass ghidra/util/UniversalID
instanceKlass ghidra/docking/settings/SettingsImpl
instanceKlass ghidra/program/model/listing/CodeUnit
instanceKlass ghidra/program/model/util/PropertySet
instanceKlass ghidra/program/model/data/DataUtilities
instanceKlass ghidra/app/plugin/core/datamgr/archive/BuiltInSourceArchive
instanceKlass ghidra/program/model/data/SourceArchive
instanceKlass ghidra/program/model/data/CategoryPath
instanceKlass ghidra/program/model/data/MutabilitySettingsDefinition
instanceKlass ghidra/docking/settings/EnumSettingsDefinition
instanceKlass ghidra/program/model/data/TypeDefSettingsDefinition
instanceKlass ghidra/docking/settings/SettingsDefinition
instanceKlass ghidra/program/model/data/AbstractDataType
instanceKlass ghidra/program/model/data/BuiltInDataType
instanceKlass ghidra/program/model/data/TypeDef
instanceKlass ghidra/program/model/data/PointerTypedefBuilder
instanceKlass ghidra/program/model/data/Pointer
instanceKlass ghidra/app/util/bin/format/swift/SwiftUtils
instanceKlass  @bci ghidra/app/util/opinion/PeLoader$CompilerOpinion getOpinion (Lghidra/app/util/bin/format/pe/PortableExecutable;Lghidra/app/util/bin/ByteProvider;Lghidra/program/model/listing/Program;Lghidra/util/task/TaskMonitor;Lghidra/app/util/importer/MessageLog;)Lghidra/app/util/opinion/PeLoader$CompilerOpinion$CompilerEnum; 120 <appendix> argL0 ; # ghidra/app/util/opinion/PeLoader$CompilerOpinion$$Lambda+0x000000010048b480
instanceKlass ghidra/app/util/opinion/PeLoader$CompilerOpinion
instanceKlass ghidra/app/util/bin/format/pe/MachineName
instanceKlass ghidra/app/util/bin/format/pe/SectionHeader
instanceKlass ghidra/app/util/bin/ByteArrayConverter
instanceKlass ghidra/app/util/bin/format/pe/OptionalHeader
instanceKlass ghidra/app/util/bin/format/pe/FileHeader
instanceKlass ghidra/app/util/bin/format/pe/NTHeader
instanceKlass ghidra/app/util/bin/format/pe/rich/CompId
instanceKlass ghidra/program/model/mem/MemBuffer
instanceKlass ghidra/app/util/bin/format/pe/rich/RichHeaderRecord
instanceKlass ghidra/app/util/bin/format/pe/RichTable
instanceKlass ghidra/app/util/bin/format/pe/RichHeader
instanceKlass ghidra/app/util/bin/format/pe/PortableExecutable
instanceKlass ghidra/app/util/bin/format/omf/omf51/Omf51RecordTypes
instanceKlass ghidra/app/util/bin/format/omf/OmfRecord
instanceKlass ghidra/app/util/bin/format/ne/InformationBlock
instanceKlass ghidra/app/util/bin/format/ne/WindowsHeader
instanceKlass ghidra/app/util/bin/format/mz/OldDOSHeader
instanceKlass ghidra/app/util/bin/format/Writeable
instanceKlass ghidra/app/util/bin/format/ne/NewExecutable
instanceKlass ghidra/app/util/bin/format/macho/MachConstants
instanceKlass ghidra/app/util/bin/format/elf/ElfConstants
instanceKlass  @bci ghidra/app/util/bin/format/elf/ElfHeader <init> (Lghidra/app/util/bin/ByteProvider;Ljava/util/function/Consumer;)V 89 <appendix> argL0 ; # ghidra/app/util/bin/format/elf/ElfHeader$$Lambda+0x0000000100487a28
instanceKlass ghidra/app/util/bin/format/elf/ElfRelocationTable
instanceKlass ghidra/app/util/bin/format/elf/ElfSymbolTable
instanceKlass ghidra/app/util/bin/format/elf/ElfStringTable
instanceKlass ghidra/app/util/bin/format/elf/ElfFileSection
instanceKlass ghidra/app/util/bin/format/elf/ElfProgramHeader
instanceKlass ghidra/app/util/bin/format/elf/ElfSectionHeader
instanceKlass ghidra/app/util/bin/format/MemoryLoadable
instanceKlass ghidra/app/util/bin/format/elf/extend/ElfLoadAdapter
instanceKlass ghidra/app/util/bin/format/elf/ElfHeader
instanceKlass ghidra/app/util/bin/format/pe/SeparateDebugHeader
instanceKlass ghidra/app/util/bin/format/pe/OffsetValidator
instanceKlass ghidra/file/formats/android/dex/format/DexHeader
instanceKlass ghidra/file/formats/android/dex/DexHeaderFactory
instanceKlass ghidra/app/util/bin/format/macho/dyld/DyldArchitecture
instanceKlass ghidra/app/util/opinion/DyldCacheUtils
instanceKlass ghidra/util/BigEndianDataConverter
instanceKlass  @bci jdk/internal/reflect/MethodHandleShortFieldAccessorImpl getShort (Ljava/lang/Object;)S 11 <adapter> ; # java/lang/invoke/LambdaForm$MH+0x0000000100480000
instanceKlass ghidra/app/util/bin/format/coff/CoffMachineType
instanceKlass ghidra/util/LittleEndianDataConverter
instanceKlass ghidra/app/util/bin/BinaryReader
instanceKlass ghidra/program/model/data/Structure
instanceKlass ghidra/program/model/data/Composite
instanceKlass ghidra/app/util/bin/format/coff/CoffFileHeader
instanceKlass ghidra/app/util/recognizer/PkzipRecognizer
instanceKlass ghidra/file/formats/ios/fileset/MachoFileSetExtractor
instanceKlass ghidra/app/util/bin/FileByteProvider$Buffer
instanceKlass ghidra/file/formats/ios/ExtractedMacho
instanceKlass ghidra/file/formats/ios/dyldcache/DyldCacheExtractor
instanceKlass  @bci ghidra/app/util/opinion/TenetLoader isTenetFile (Lghidra/app/util/bin/ByteProvider;)Z 24 <appendix> member <vmtarget> ; # ghidra/app/util/opinion/TenetLoader$$Lambda+0x000000010047cbe8
instanceKlass ghidra/app/util/opinion/XmlLoader$ParseResult
instanceKlass ghidra/app/util/xml/MyErrorHandler
instanceKlass ghidra/app/util/xml/ProgramInfo
instanceKlass ghidra/app/util/xml/ProgramXmlMgr
instanceKlass sarif/io/SarifGsonIO
instanceKlass sarif/managers/ProgramInfo
instanceKlass sarif/SarifProgramOptions
instanceKlass sarif/io/SarifIO
instanceKlass sarif/managers/ProgramSarifMgr
instanceKlass ghidra/app/util/opinion/DecompileDebugXmlLoader$ParseGhidraDebugResult
instanceKlass  @bci jdk/xml/internal/SecuritySupport getResourceBundle (Ljava/lang/String;Ljava/util/Locale;)Ljava/util/ResourceBundle; 2 <appendix> member <vmtarget> ; # jdk/xml/internal/SecuritySupport$$Lambda+0x00000001003ed090
instanceKlass ghidra/app/util/opinion/DecompileDebugFormatManager$MyErrorHandler
instanceKlass ghidra/app/util/opinion/DecompileDebugFormatManager
instanceKlass ghidra/program/util/DefaultLanguageService$LanguageInfo
instanceKlass com/sun/org/apache/xerces/internal/util/XML11Char
instanceKlass com/sun/org/apache/xerces/internal/util/DefaultErrorHandler
instanceKlass com/sun/org/apache/xerces/internal/xni/grammars/XMLGrammarLoader
instanceKlass ghidra/program/model/lang/Processor
instanceKlass ghidra/program/model/lang/BasicLanguageDescription
instanceKlass ghidra/program/model/lang/LanguageDescription
instanceKlass ghidra/program/model/lang/BasicCompilerSpecDescription
instanceKlass ghidra/program/model/lang/CompilerSpecDescription
instanceKlass ghidra/program/model/lang/CompilerSpecID
instanceKlass ghidra/util/xml/SpecXmlUtils
instanceKlass generic/concurrent/NamedDaemonThreadFactory
instanceKlass generic/concurrent/GThreadPool
instanceKlass  @bci ghidra/xml/ThreadedXmlPullParserImpl$ContentHandlerRunnable <init> (Lghidra/xml/ThreadedXmlPullParserImpl;Lgeneric/jar/ResourceFile;Ljava/io/InputStream;Lorg/xml/sax/ErrorHandler;Z)V 73 <appendix> member <vmtarget> ; # ghidra/xml/ThreadedXmlPullParserImpl$ContentHandlerRunnable$$Lambda+0x0000000100478d40
instanceKlass ghidra/xml/ThreadedXmlPullParserImpl$ContentHandlerRunnable
instanceKlass ghidra/xml/XmlElementImpl
instanceKlass ghidra/xml/XmlElement
instanceKlass ghidra/xml/AbstractXmlPullParser
instanceKlass ghidra/xml/XmlPullParserFactory
instanceKlass ghidra/app/plugin/processors/sleigh/SleighLanguageProvider$1
instanceKlass com/sun/msv/grammar/util/ExpressionFinder
instanceKlass com/sun/msv/verifier/regexp/OptimizationTag$OwnerAndCont
instanceKlass com/sun/msv/verifier/regexp/OptimizationTag
instanceKlass com/sun/msv/verifier/regexp/CombinedChildContentExpCreator$ExpressionPair
instanceKlass com/sun/msv/verifier/Verifier$Context
instanceKlass com/sun/msv/driver/textui/Debug
instanceKlass com/sun/msv/verifier/regexp/ExpressionAcceptor
instanceKlass ghidra/app/plugin/processors/sleigh/SleighLanguageValidator$VerifierErrorHandler
instanceKlass org/iso_relax/verifier/impl/VerifierImpl$1
instanceKlass org/iso_relax/verifier/VerifierFilter
instanceKlass org/iso_relax/verifier/impl/VerifierImpl
instanceKlass com/sun/msv/util/DatatypeRef
instanceKlass org/xml/sax/helpers/NamespaceSupport$Context
instanceKlass org/xml/sax/helpers/NamespaceSupport
instanceKlass com/sun/msv/verifier/util/ErrorHandlerImpl
instanceKlass com/sun/msv/verifier/regexp/ElementsOfConcernCollector
instanceKlass com/sun/msv/verifier/regexp/CombinedChildContentExpCreator
instanceKlass com/sun/msv/verifier/regexp/AttributePicker
instanceKlass com/sun/msv/verifier/regexp/AttributeFeeder
instanceKlass com/sun/msv/verifier/regexp/ResidualCalculator
instanceKlass com/sun/msv/verifier/Acceptor
instanceKlass com/sun/msv/verifier/ErrorInfo
instanceKlass com/sun/msv/verifier/AbstractVerifier
instanceKlass com/sun/msv/grammar/xmlschema/XMLSchemaGrammar
instanceKlass org/iso_relax/verifier/Verifier
instanceKlass com/sun/msv/verifier/jarv/SchemaImpl
instanceKlass com/sun/msv/verifier/regexp/Token
instanceKlass com/sun/msv/reader/trex/ng/comp/CompatibilityChecker
instanceKlass com/sun/msv/reader/trex/ng/RestrictionChecker$6
instanceKlass com/sun/msv/grammar/ExpressionCloner
instanceKlass com/sun/msv/grammar/util/NameClassComparator
instanceKlass com/sun/msv/reader/trex/ng/RestrictionChecker$DuplicateNameChecker
instanceKlass com/sun/msv/reader/trex/TREXSequencedStringChecker
instanceKlass com/sun/msv/reader/trex/ng/AttributeState$1
instanceKlass com/sun/msv/grammar/NameClass
instanceKlass com/sun/msv/util/StringPair
instanceKlass com/sun/msv/datatype/xsd/XSDatatypeImpl$1
instanceKlass org/relaxng/datatype/DatatypeStreamingValidator
instanceKlass com/sun/msv/reader/trex/ng/RELAXNGReader$RefExpParseInfo$RedefinitionStatus
instanceKlass com/sun/msv/datatype/xsd/WhiteSpaceProcessor
instanceKlass com/sun/msv/reader/GrammarReader$InclusionContext
instanceKlass com/sun/msv/util/Uri
instanceKlass com/sun/msv/reader/trex/ng/RELAXNGReader$RefExpParseInfo
instanceKlass com/sun/msv/reader/datatype/DataTypeVocabulary
instanceKlass com/sun/msv/reader/datatype/DataTypeVocabularyMap
instanceKlass com/sun/msv/grammar/ExpressionVisitorBoolean
instanceKlass com/sun/msv/grammar/ExpressionVisitorExpression
instanceKlass org/xml/sax/helpers/LocatorImpl
instanceKlass com/sun/msv/grammar/ReferenceContainer
instanceKlass org/xml/sax/helpers/AttributesImpl
instanceKlass com/sun/msv/util/StartTagInfo
instanceKlass com/sun/msv/reader/GrammarReader$ChainPrefixResolver
instanceKlass com/sun/msv/grammar/relaxng/datatype/BuiltinDatatypeLibrary
instanceKlass org/relaxng/datatype/DatatypeBuilder
instanceKlass com/sun/msv/datatype/xsd/ngimpl/DataTypeLibraryImpl
instanceKlass org/relaxng/datatype/helpers/DatatypeLibraryLoader$Service$ProviderEnumeration
instanceKlass com/sun/msv/reader/trex/ng/RestrictionChecker$NameClassWalker
instanceKlass com/sun/msv/grammar/util/ExpressionWalker
instanceKlass com/sun/msv/grammar/ExpressionVisitorVoid
instanceKlass com/sun/msv/grammar/NameClassVisitor
instanceKlass com/sun/msv/reader/trex/ng/RestrictionChecker
instanceKlass org/relaxng/datatype/helpers/DatatypeLibraryLoader$Service$Loader
instanceKlass org/relaxng/datatype/helpers/DatatypeLibraryLoader$Service
instanceKlass org/relaxng/datatype/helpers/DatatypeLibraryLoader
instanceKlass com/sun/msv/reader/trex/ng/DefaultDatatypeLibraryFactory
instanceKlass com/sun/msv/util/LightStack
instanceKlass com/sun/msv/reader/GrammarReader$BackwardReferenceMap
instanceKlass com/sun/msv/reader/trex/NameClassOwner
instanceKlass com/sun/msv/grammar/ExpressionPool$ClosedHash
instanceKlass com/sun/msv/grammar/NameClassAndExpression
instanceKlass com/sun/msv/grammar/DataOrValueExp
instanceKlass com/sun/msv/grammar/ExpressionPool
instanceKlass com/sun/msv/reader/GrammarReader$1
instanceKlass org/relaxng/datatype/DatatypeLibraryFactory
instanceKlass com/sun/msv/reader/ExpressionOwner
instanceKlass com/sun/msv/reader/State
instanceKlass com/sun/msv/reader/trex/TREXBaseReader$StateFactory
instanceKlass org/relaxng/datatype/DatatypeLibrary
instanceKlass com/sun/msv/grammar/ExpressionVisitor
instanceKlass com/sun/msv/grammar/Expression
instanceKlass com/sun/msv/reader/GrammarReader$PrefixResolver
instanceKlass com/sun/msv/datatype/xsd/Comparator
instanceKlass com/sun/msv/datatype/xsd/XSDatatypeImpl
instanceKlass com/sun/msv/datatype/xsd/XSDatatype
instanceKlass com/sun/msv/datatype/DatabindableDatatype
instanceKlass org/relaxng/datatype/Datatype
instanceKlass com/sun/msv/datatype/xsd/Discrete
instanceKlass com/sun/org/apache/xerces/internal/impl/ExternalSubsetResolver
instanceKlass com/sun/org/apache/xerces/internal/util/EntityResolverWrapper
instanceKlass org/xml/sax/ext/EntityResolver2
instanceKlass javax/xml/parsers/SAXParser
instanceKlass org/xml/sax/helpers/XMLFilterImpl
instanceKlass org/xml/sax/XMLFilter
instanceKlass com/sun/msv/grammar/IDContextProvider2
instanceKlass org/relaxng/datatype/ValidationContext
instanceKlass com/sun/msv/reader/Controller
instanceKlass com/sun/msv/verifier/regexp/REDocumentDeclaration
instanceKlass com/sun/msv/grammar/Grammar
instanceKlass com/sun/msv/reader/util/GrammarLoader
instanceKlass com/sun/msv/verifier/jarv/FactoryImpl$ThrowController
instanceKlass org/iso_relax/verifier/Schema
instanceKlass com/sun/msv/reader/GrammarReaderController
instanceKlass com/sun/msv/verifier/DocumentDeclaration
instanceKlass com/sun/msv/verifier/IVerifier
instanceKlass org/iso_relax/verifier/VerifierHandler
instanceKlass utilities/util/FileResolutionResult
instanceKlass java/net/URLDecoder
instanceKlass utilities/util/reflection/ReflectionUtilities$StackElementMatcher
instanceKlass  @bci utilities/util/reflection/ReflectionUtilities createThrowableWithStackOlderThan ([Ljava/lang/Class;)Ljava/lang/Throwable; 4 <appendix> argL0 ; # utilities/util/reflection/ReflectionUtilities$$Lambda+0x0000000100444558
instanceKlass utilities/util/reflection/ReflectionUtilities
instanceKlass org/iso_relax/verifier/VerifierFactory
instanceKlass ghidra/app/plugin/processors/sleigh/SleighLanguageValidator
instanceKlass ghidra/program/model/lang/Language
instanceKlass ghidra/app/plugin/processors/sleigh/SleighLanguageProvider
instanceKlass ghidra/program/model/lang/LanguageProvider
instanceKlass ghidra/program/util/DefaultLanguageService
instanceKlass ghidra/program/model/lang/LanguageService
instanceKlass ghidra/program/model/address/AddressRangeIterator
instanceKlass ghidra/program/database/register/AddressRangeObjectMap
instanceKlass ghidra/app/util/opinion/NeLoader$CallNameComparator
instanceKlass ghidra/features/base/memsearch/gui/RefreshResultsTableLoader
instanceKlass ghidra/util/task/CachingLoader
instanceKlass ghidra/features/base/replace/SearchAndReplaceQuckFixTableLoader
instanceKlass ghidra/features/base/memsearch/gui/EmptyMemoryMatchTableLoader
instanceKlass ghidra/framework/options/CustomOption
instanceKlass ghidra/util/BrowserLoader
instanceKlass ghidra/features/base/memsearch/gui/NewSearchTableLoader
instanceKlass ghidra/util/datastruct/Accumulator
instanceKlass ghidra/features/base/memsearch/gui/CombinedMatchTableLoader
instanceKlass ghidra/util/DataConverter
instanceKlass ghidra/app/plugin/core/function/tags/FunctionTagLoader
instanceKlass ghidra/app/util/opinion/GzfLoader
instanceKlass ghidra/features/base/quickfix/TableDataLoader
instanceKlass sarif/export/SarifObject
instanceKlass ghidra/program/model/data/ISF/IsfObject
instanceKlass ghidra/app/plugin/core/analysis/AnalysisWorker
instanceKlass ghidra/xml/XmlPullParser
instanceKlass ghidra/app/util/bin/format/pe/rich/RichProductIdLoader
instanceKlass ghidra/util/table/TableModelLoader
instanceKlass ghidra/features/base/memsearch/gui/FindOnceTableLoader
instanceKlass ghidra/features/base/memsearch/gui/MemoryMatchTableLoader
instanceKlass ghidra/file/formats/dump/DumpFile
instanceKlass ghidra/app/util/opinion/UnixAoutProgramLoader
instanceKlass  @bci ghidra/trace/model/target/schema/TraceObjectSchema$SchemaName equals (Ljava/lang/Object;)Z 2 <adapter> ; # java/lang/invoke/LambdaForm$MH+0x000000010043b400
# instanceKlass java/lang/invoke/LambdaForm$MH+0x000000010043b000
instanceKlass  @bci ghidra/trace/model/target/schema/TraceObjectSchema$SchemaName equals (Ljava/lang/Object;)Z 2 <appendix> form vmentry <vmtarget> ; # java/lang/invoke/LambdaForm$MH+0x000000010043ac00
instanceKlass  @bci ghidra/trace/model/target/schema/TraceObjectSchema$SchemaName equals (Ljava/lang/Object;)Z 2 <appendix> argL1 form vmentry <vmtarget> ; # java/lang/invoke/LambdaForm$MH+0x000000010043a800
instanceKlass  @bci ghidra/trace/model/target/schema/TraceObjectSchema$SchemaName equals (Ljava/lang/Object;)Z 2 <appendix> form names 9 function resolvedHandle form vmentry <vmtarget> ; # java/lang/invoke/LambdaForm$MH+0x000000010043a400
instanceKlass  @bci ghidra/trace/model/target/schema/TraceObjectSchema$SchemaName equals (Ljava/lang/Object;)Z 2 <appendix> form names 9 function resolvedHandle form names 5 function resolvedHandle form vmentry <vmtarget> ; # java/lang/invoke/LambdaForm$DMH+0x000000010043a000
# instanceKlass java/lang/invoke/LambdaForm$DMH+0x0000000100439c00
# instanceKlass java/lang/invoke/LambdaForm$MH+0x0000000100439800
# instanceKlass java/lang/invoke/LambdaForm$MH+0x0000000100439400
# instanceKlass java/lang/invoke/LambdaForm$MH+0x0000000100439000
instanceKlass  @cpi ghidra/program/database/data/DataTypeManagerDB 3258 form vmentry <vmtarget> ; # java/lang/invoke/LambdaForm$DMH+0x0000000100438c00
# instanceKlass java/lang/invoke/LambdaForm$MH+0x0000000100438800
# instanceKlass java/lang/invoke/LambdaForm$MH+0x0000000100438400
instanceKlass ghidra/trace/model/target/schema/DefaultTraceObjectSchema$AliasResolver
instanceKlass ghidra/trace/model/target/schema/DefaultTraceObjectSchema
instanceKlass ghidra/trace/model/target/info/TraceObjectInfo
instanceKlass java/util/AbstractMap$2$1
instanceKlass  @bci ghidra/trace/model/target/info/TraceObjectInterfaceUtils$Private checkRefresh ()V 93 <appendix> argL0 ; # ghidra/trace/model/target/info/TraceObjectInterfaceUtils$Private$$Lambda+0x00000001004343e0
instanceKlass java/util/AbstractList$RandomAccessSpliterator
instanceKlass  @bci java/util/function/Function andThen (Ljava/util/function/Function;)Ljava/util/function/Function; 7 <appendix> member <vmtarget> ; # java/util/function/Function$$Lambda+0x00000001003e4fc8
instanceKlass  @cpi java/util/function/Function 58 form vmentry <vmtarget> ; # java/lang/invoke/LambdaForm$DMH+0x0000000100438000
instanceKlass  @bci java/util/stream/Collectors toUnmodifiableMap (Ljava/util/function/Function;Ljava/util/function/Function;)Ljava/util/stream/Collector; 21 <appendix> argL0 ; # java/util/stream/Collectors$$Lambda+0x00000001003e4d88
instanceKlass  @bci java/util/stream/Collectors uniqKeysMapMerger ()Ljava/util/function/BinaryOperator; 0 <appendix> argL0 ; # java/util/stream/Collectors$$Lambda+0x00000001003e4b40
instanceKlass  @bci java/util/stream/Collectors uniqKeysMapAccumulator (Ljava/util/function/Function;Ljava/util/function/Function;)Ljava/util/function/BiConsumer; 2 <appendix> member <vmtarget> ; # java/util/stream/Collectors$$Lambda+0x00000001003e4908
instanceKlass  @bci java/util/stream/Collectors toMap (Ljava/util/function/Function;Ljava/util/function/Function;)Ljava/util/stream/Collector; 4 <appendix> argL0 ; # java/util/stream/Collectors$$Lambda+0x00000001003e46e8
instanceKlass  @bci java/util/function/Function identity ()Ljava/util/function/Function; 0 <appendix> argL0 ; # java/util/function/Function$$Lambda+0x00000001003e44a8
instanceKlass  @bci ghidra/trace/model/target/info/TraceObjectInterfaceUtils$Private checkRefresh ()V 56 <appendix> argL0 ; # ghidra/trace/model/target/info/TraceObjectInterfaceUtils$Private$$Lambda+0x00000001004341a0
instanceKlass  @bci ghidra/trace/model/target/info/TraceObjectInterfaceUtils$Private checkRefresh ()V 46 <appendix> argL0 ; # ghidra/trace/model/target/info/TraceObjectInterfaceUtils$Private$$Lambda+0x0000000100433f60
instanceKlass  @bci ghidra/trace/model/target/info/BuiltinTraceObjectInterfaceFactory <clinit> ()V 270 <appendix> argL0 ; # ghidra/trace/model/target/info/BuiltinTraceObjectInterfaceFactory$$Lambda+0x0000000100433d20
instanceKlass ghidra/trace/database/target/iface/DBTraceObjectTogglable
instanceKlass ghidra/trace/model/target/iface/TraceTogglable
instanceKlass  @bci ghidra/trace/model/target/info/BuiltinTraceObjectInterfaceFactory <clinit> ()V 256 <appendix> argL0 ; # ghidra/trace/model/target/info/BuiltinTraceObjectInterfaceFactory$$Lambda+0x0000000100433628
instanceKlass ghidra/trace/database/thread/DBTraceThread
instanceKlass ghidra/trace/model/thread/TraceThread
instanceKlass  @bci ghidra/trace/model/target/info/BuiltinTraceObjectInterfaceFactory <clinit> ()V 242 <appendix> argL0 ; # ghidra/trace/model/target/info/BuiltinTraceObjectInterfaceFactory$$Lambda+0x0000000100432e40
instanceKlass ghidra/trace/model/Lifespan$LifeSet
instanceKlass generic/Span$SpanSet
instanceKlass ghidra/trace/database/stack/DBTraceStackFrame
instanceKlass ghidra/trace/model/stack/TraceStackFrame
instanceKlass  @bci ghidra/trace/model/target/info/BuiltinTraceObjectInterfaceFactory <clinit> ()V 228 <appendix> argL0 ; # ghidra/trace/model/target/info/BuiltinTraceObjectInterfaceFactory$$Lambda+0x00000001004322c8
instanceKlass ghidra/trace/database/stack/DBTraceStack
instanceKlass ghidra/trace/model/stack/TraceStack
instanceKlass  @bci ghidra/trace/model/target/info/BuiltinTraceObjectInterfaceFactory <clinit> ()V 214 <appendix> argL0 ; # ghidra/trace/model/target/info/BuiltinTraceObjectInterfaceFactory$$Lambda+0x0000000100431b10
instanceKlass ghidra/trace/database/module/DBTraceSection
instanceKlass ghidra/trace/model/modules/TraceSection
instanceKlass  @bci ghidra/trace/model/target/info/BuiltinTraceObjectInterfaceFactory <clinit> ()V 200 <appendix> argL0 ; # ghidra/trace/model/target/info/BuiltinTraceObjectInterfaceFactory$$Lambda+0x0000000100431330
instanceKlass ghidra/trace/database/memory/DBTraceObjectRegisterContainer
instanceKlass ghidra/trace/model/memory/TraceRegisterContainer
instanceKlass  @bci ghidra/trace/model/target/info/BuiltinTraceObjectInterfaceFactory <clinit> ()V 186 <appendix> argL0 ; # ghidra/trace/model/target/info/BuiltinTraceObjectInterfaceFactory$$Lambda+0x0000000100430c38
instanceKlass ghidra/trace/database/memory/DBTraceObjectRegister
instanceKlass ghidra/trace/model/memory/TraceRegister
instanceKlass  @bci ghidra/trace/model/target/info/BuiltinTraceObjectInterfaceFactory <clinit> ()V 172 <appendix> argL0 ; # ghidra/trace/model/target/info/BuiltinTraceObjectInterfaceFactory$$Lambda+0x00000001004304b8
instanceKlass ghidra/trace/database/thread/DBTraceObjectProcess
instanceKlass ghidra/trace/model/thread/TraceProcess
instanceKlass  @bci ghidra/trace/model/target/info/BuiltinTraceObjectInterfaceFactory <clinit> ()V 158 <appendix> argL0 ; # ghidra/trace/model/target/info/BuiltinTraceObjectInterfaceFactory$$Lambda+0x0000000100429400
instanceKlass ghidra/trace/database/module/DBTraceModule
instanceKlass ghidra/trace/model/modules/TraceModule
instanceKlass  @bci ghidra/trace/model/target/info/BuiltinTraceObjectInterfaceFactory <clinit> ()V 144 <appendix> argL0 ; # ghidra/trace/model/target/info/BuiltinTraceObjectInterfaceFactory$$Lambda+0x000000010042bc08
instanceKlass ghidra/trace/database/target/iface/DBTraceObjectMethod
instanceKlass ghidra/trace/model/target/iface/TraceMethod
instanceKlass  @bci ghidra/trace/model/target/info/BuiltinTraceObjectInterfaceFactory <clinit> ()V 130 <appendix> argL0 ; # ghidra/trace/model/target/info/BuiltinTraceObjectInterfaceFactory$$Lambda+0x000000010042b510
instanceKlass ghidra/trace/model/target/TraceObjectValue
instanceKlass ghidra/trace/database/memory/DBTraceMemoryRegion
instanceKlass ghidra/trace/model/memory/TraceMemoryRegion
instanceKlass  @bci ghidra/trace/model/target/info/BuiltinTraceObjectInterfaceFactory <clinit> ()V 116 <appendix> argL0 ; # ghidra/trace/model/target/info/BuiltinTraceObjectInterfaceFactory$$Lambda+0x000000010042a9b0
instanceKlass ghidra/trace/database/memory/DBTraceObjectMemory
instanceKlass ghidra/trace/model/memory/TraceMemory
instanceKlass  @bci ghidra/trace/model/target/info/BuiltinTraceObjectInterfaceFactory <clinit> ()V 102 <appendix> argL0 ; # ghidra/trace/model/target/info/BuiltinTraceObjectInterfaceFactory$$Lambda+0x000000010042a2b8
instanceKlass ghidra/trace/database/target/iface/DBTraceObjectFocusScope
instanceKlass ghidra/trace/model/target/iface/TraceFocusScope
instanceKlass  @bci ghidra/trace/model/target/info/BuiltinTraceObjectInterfaceFactory <clinit> ()V 88 <appendix> argL0 ; # ghidra/trace/model/target/info/BuiltinTraceObjectInterfaceFactory$$Lambda+0x000000010042fb78
instanceKlass ghidra/trace/database/target/iface/DBTraceObjectExecutionStateful
instanceKlass ghidra/trace/model/target/iface/TraceExecutionStateful
instanceKlass  @bci ghidra/trace/model/target/info/BuiltinTraceObjectInterfaceFactory <clinit> ()V 74 <appendix> argL0 ; # ghidra/trace/model/target/info/BuiltinTraceObjectInterfaceFactory$$Lambda+0x000000010042f480
instanceKlass ghidra/trace/database/target/iface/DBTraceObjectEventScope
instanceKlass ghidra/trace/model/target/iface/TraceEventScope
instanceKlass  @bci ghidra/trace/model/target/info/BuiltinTraceObjectInterfaceFactory <clinit> ()V 61 <appendix> argL0 ; # ghidra/trace/model/target/info/BuiltinTraceObjectInterfaceFactory$$Lambda+0x000000010042ed88
instanceKlass ghidra/trace/database/target/iface/DBTraceObjectEnvironment
instanceKlass ghidra/trace/model/target/iface/TraceEnvironment
instanceKlass  @bci ghidra/trace/model/target/info/BuiltinTraceObjectInterfaceFactory <clinit> ()V 48 <appendix> argL0 ; # ghidra/trace/model/target/info/BuiltinTraceObjectInterfaceFactory$$Lambda+0x000000010042e690
instanceKlass ghidra/trace/util/TraceEvent
instanceKlass ghidra/framework/model/DomainObjectChangeRecord
instanceKlass ghidra/trace/database/breakpoint/DBTraceBreakpointSpec
instanceKlass ghidra/trace/model/breakpoint/TraceBreakpointSpec
instanceKlass  @bci ghidra/trace/model/target/info/BuiltinTraceObjectInterfaceFactory <clinit> ()V 35 <appendix> argL0 ; # ghidra/trace/model/target/info/BuiltinTraceObjectInterfaceFactory$$Lambda+0x000000010042d7d0
instanceKlass ghidra/trace/database/breakpoint/DBTraceBreakpointLocation
instanceKlass ghidra/trace/model/breakpoint/TraceBreakpointLocation
instanceKlass ghidra/trace/model/breakpoint/TraceBreakpointCommon
instanceKlass  @bci ghidra/trace/model/target/info/BuiltinTraceObjectInterfaceFactory <clinit> ()V 22 <appendix> argL0 ; # ghidra/trace/model/target/info/BuiltinTraceObjectInterfaceFactory$$Lambda+0x000000010042cc58
instanceKlass ghidra/trace/database/target/iface/DBTraceObjectAggregate
instanceKlass ghidra/trace/model/target/iface/TraceAggregate
instanceKlass  @bci ghidra/trace/model/target/info/BuiltinTraceObjectInterfaceFactory <clinit> ()V 9 <appendix> argL0 ; # ghidra/trace/model/target/info/BuiltinTraceObjectInterfaceFactory$$Lambda+0x0000000100427bd8
instanceKlass ghidra/program/database/DatabaseObject
instanceKlass ghidra/trace/database/target/iface/DBTraceObjectActivatable
instanceKlass ghidra/trace/database/target/DBTraceObjectInterface
instanceKlass ghidra/trace/model/target/iface/TraceActivatable
instanceKlass ghidra/trace/model/target/iface/TraceObjectInterface
instanceKlass ghidra/trace/model/target/info/BuiltinTraceObjectInterfaceFactory
instanceKlass ghidra/trace/model/target/info/TraceObjectInterfaceFactory
instanceKlass  @bci ghidra/trace/model/target/info/TraceObjectInterfaceUtils$Private <init> ()V 15 <appendix> member <vmtarget> ; # ghidra/trace/model/target/info/TraceObjectInterfaceUtils$Private$$Lambda+0x0000000100426398
instanceKlass javax/swing/event/ChangeListener
instanceKlass ghidra/trace/model/target/info/TraceObjectInterfaceUtils$Private
instanceKlass ghidra/trace/model/target/schema/DefaultTraceObjectSchema$DefaultAttributeSchema
instanceKlass ghidra/trace/model/target/schema/SchemaBuilder
instanceKlass  @bci ghidra/trace/model/target/schema/XmlSchemaContext name (Ljava/lang/String;)Lghidra/trace/model/target/schema/TraceObjectSchema$SchemaName; 5 <appendix> argL0 ; # ghidra/trace/model/target/schema/XmlSchemaContext$$Lambda+0x0000000100424a28
# instanceKlass java/lang/invoke/LambdaForm$MH+0x0000000100429000
# instanceKlass java/lang/invoke/LambdaForm$MH+0x0000000100428c00
# instanceKlass java/lang/invoke/LambdaForm$MH+0x0000000100428800
# instanceKlass java/lang/invoke/LambdaForm$MH+0x0000000100428400
# instanceKlass java/lang/invoke/LambdaForm$MH+0x0000000100428000
instanceKlass ghidra/lifecycle/Unfinished
instanceKlass ghidra/program/model/address/Address
instanceKlass ghidra/trace/model/target/TraceObject
instanceKlass ghidra/trace/model/TraceUniqueObject
instanceKlass ghidra/trace/model/target/path/PathFilter
instanceKlass ghidra/trace/model/target/schema/TraceObjectSchema$AttributeSchema
instanceKlass ghidra/trace/model/target/schema/TraceObjectSchema
instanceKlass ghidra/trace/model/target/schema/DefaultSchemaContext
instanceKlass ghidra/trace/model/Lifespan
instanceKlass generic/Span
instanceKlass ghidra/program/model/address/AddressRange
instanceKlass ghidra/trace/model/target/schema/SchemaContext
instanceKlass ghidra/app/util/opinion/TenetLoader
instanceKlass ghidra/app/util/opinion/GdtLoader
instanceKlass ghidra/program/model/address/AddressSetView
instanceKlass ghidra/app/util/opinion/AbstractProgramLoader
instanceKlass ghidra/formats/gfilesystem/RefdByteProvider
instanceKlass generic/hash/HashUtilities
instanceKlass  @bci ghidra/formats/gfilesystem/LocalFileSystem$FileFingerprintRec hashCode ()I 1 <appendix> argL1 form vmentry <vmtarget> ; # java/lang/invoke/LambdaForm$MH+0x000000010041cc00
# instanceKlass java/lang/invoke/LambdaForm$BMH+0x000000010041c800
instanceKlass  @bci ghidra/formats/gfilesystem/LocalFileSystem$FileFingerprintRec hashCode ()I 1 <appendix> argL1 form names 5 function resolvedHandle form vmentry <vmtarget> ; # java/lang/invoke/LambdaForm$DMH+0x000000010041c400
instanceKlass ghidra/app/util/bin/FileByteProvider$1
instanceKlass ghidra/app/util/bin/EmptyByteProvider
instanceKlass ghidra/app/util/bin/FileByteProvider
instanceKlass ghidra/app/util/bin/MutableByteProvider
instanceKlass ghidra/app/util/importer/MessageLog
instanceKlass  @bci ghidra/app/util/opinion/LoaderService <clinit> ()V 0 <appendix> argL0 ; # ghidra/app/util/opinion/LoaderService$$Lambda+0x000000010041e608
instanceKlass ghidra/app/util/opinion/Loader
instanceKlass ghidra/app/util/opinion/LoaderService
instanceKlass ghidra/app/util/importer/LoadSpecChooser
instanceKlass ghidra/app/util/importer/ProgramLoader$Builder
instanceKlass ghidra/app/util/importer/ProgramLoader
instanceKlass ghidra/formats/gfilesystem/RefdFile
instanceKlass  @bci ghidra/util/datastruct/ListenerSet$ListenerHandler invoke (Ljava/lang/Object;Ljava/lang/reflect/Method;[Ljava/lang/Object;)Ljava/lang/Object; 10 <appendix> member <vmtarget> ; # ghidra/util/datastruct/ListenerSet$ListenerHandler$$Lambda+0x000000010041b518
instanceKlass  @cpi ghidra/util/datastruct/ListenerSet$ListenerHandler 86 form vmentry <vmtarget> ; # java/lang/invoke/LambdaForm$DMH+0x000000010041c000
instanceKlass ghidra/formats/gfilesystem/FileSystemRef
instanceKlass  @bci java/util/stream/ReferencePipeline toArray ()[Ljava/lang/Object; 1 <appendix> argL0 ; # java/util/stream/ReferencePipeline$$Lambda+0x00000001003e3c78
instanceKlass java/util/ImmutableCollections$Access$1
instanceKlass jdk/internal/access/JavaUtilCollectionAccess
instanceKlass java/util/ImmutableCollections$Access
instanceKlass  @bci ghidra/app/util/headless/HeadlessAnalyzer processWithImport (Ljava/lang/String;Ljava/util/List;)V 57 <appendix> member <vmtarget> ; # ghidra/app/util/headless/HeadlessAnalyzer$$Lambda+0x000000010041ac28
instanceKlass ghidra/framework/main/AppInfo
instanceKlass ghidra/framework/data/DefaultProjectData$MyFileSystemListener
instanceKlass ghidra/framework/data/GhidraFolder
instanceKlass ghidra/framework/data/LinkHandler
instanceKlass ghidra/framework/data/ContentHandler
instanceKlass ghidra/framework/model/DomainFile
instanceKlass  @bci ghidra/framework/store/local/IndexedLocalFileSystem <init> (Ljava/lang/String;ZZZZ)V 132 <appendix> member <vmtarget> ; # ghidra/framework/store/local/IndexedLocalFileSystem$$Lambda+0x0000000100419218
instanceKlass generic/timer/TimerCallback
instanceKlass generic/timer/GhidraSwinglessTimer
instanceKlass generic/timer/GhidraTimer
instanceKlass ghidra/framework/store/local/IndexedLocalFileSystem$IndexJournal
instanceKlass  @bci ghidra/util/NumericUtilities convertBytesToString (Ljava/util/stream/Stream;Ljava/lang/String;)Ljava/lang/String; 12 <appendix> argL0 ; # ghidra/util/NumericUtilities$$Lambda+0x0000000100418240
instanceKlass  @bci util/CollectionUtils asStream ([Ljava/lang/Iterable;)Ljava/util/stream/Stream; 4 <appendix> argL0 ; # util/CollectionUtils$$Lambda+0x0000000100418000
instanceKlass  @bci ghidra/util/NumericUtilities convertBytesToString (Ljava/util/Iterator;Ljava/lang/String;)Ljava/lang/String; 1 <appendix> member <vmtarget> ; # ghidra/util/NumericUtilities$$Lambda+0x0000000100417d38
instanceKlass org/apache/commons/collections4/iterators/ArrayIterator
instanceKlass org/apache/commons/collections4/OrderedMapIterator
instanceKlass org/apache/commons/collections4/iterators/AbstractEmptyIterator
instanceKlass org/apache/commons/collections4/ResettableListIterator
instanceKlass org/apache/commons/collections4/OrderedIterator
instanceKlass org/apache/commons/collections4/ResettableIterator
instanceKlass org/apache/commons/collections4/IteratorUtils
instanceKlass sun/security/provider/ByteArrayAccess$LE
instanceKlass ghidra/framework/store/local/IndexedLocalFileSystem$Folder
instanceKlass ghidra/framework/store/FileSystemEventManager$FileSystemEvent
instanceKlass ghidra/framework/store/FileSystemEventManager
instanceKlass java/text/DontCareFieldPosition$1
instanceKlass java/text/Format$FieldDelegate
instanceKlass  @bci sun/util/locale/provider/JRELocaleProviderAdapter getDateFormatSymbolsProvider ()Ljava/text/spi/DateFormatSymbolsProvider; 8 <appendix> member <vmtarget> ; # sun/util/locale/provider/JRELocaleProviderAdapter$$Lambda+0x00000001003e1828
instanceKlass java/text/DateFormatSymbols
instanceKlass  @bci sun/util/locale/provider/LocaleProviderAdapter toLocaleArray (Ljava/util/Set;)[Ljava/util/Locale; 16 <appendix> argL0 ; # sun/util/locale/provider/LocaleProviderAdapter$$Lambda+0x00000001003e1120
instanceKlass  @bci sun/util/locale/provider/LocaleProviderAdapter toLocaleArray (Ljava/util/Set;)[Ljava/util/Locale; 6 <appendix> argL0 ; # sun/util/locale/provider/LocaleProviderAdapter$$Lambda+0x00000001003e0ce8
instanceKlass  @bci sun/util/cldr/CLDRLocaleProviderAdapter getCalendarDataProvider ()Ljava/util/spi/CalendarDataProvider; 8 <appendix> member <vmtarget> ; # sun/util/cldr/CLDRLocaleProviderAdapter$$Lambda+0x00000001003e0620
instanceKlass sun/util/locale/provider/CalendarDataUtility$CalendarWeekParameterGetter
instanceKlass java/util/Calendar$Builder
instanceKlass  @bci sun/util/locale/provider/JRELocaleProviderAdapter getCalendarProvider ()Lsun/util/spi/CalendarProvider; 8 <appendix> member <vmtarget> ; # sun/util/locale/provider/JRELocaleProviderAdapter$$Lambda+0x00000001003dfd00
instanceKlass generic/util/FileChannelLock
instanceKlass generic/util/FileLocker
instanceKlass generic/util/LockFactory
instanceKlass ghidra/framework/data/ProjectLock
instanceKlass ghidra/util/PropertyFile$1
instanceKlass ghidra/util/task/TaskMonitorAdapter
instanceKlass ghidra/framework/data/DomainFolderChangeListenerList
instanceKlass ghidra/framework/data/GhidraFolderData
instanceKlass ghidra/framework/data/DomainFileIndex
instanceKlass ghidra/framework/model/DomainFolder
instanceKlass ghidra/framework/model/DomainFolderFilter
instanceKlass ghidra/framework/model/DomainFolderChangeListener
instanceKlass ghidra/framework/data/DefaultProjectData
instanceKlass ghidra/framework/model/ToolManager
instanceKlass ghidra/framework/model/ProjectData
instanceKlass ghidra/framework/project/DefaultProject
instanceKlass  @bci java/util/Map$Entry comparingByKey ()Ljava/util/Comparator; 0 <appendix> argL0 ; # java/util/Map$Entry$$Lambda+0x00000001003debb8
instanceKlass sun/util/cldr/CLDRBaseLocaleDataMetaInfo$TZCanonicalIDMapHolder
instanceKlass sun/util/resources/provider/NonBaseLocaleDataMetaInfo
instanceKlass  @bci sun/util/locale/provider/JRELocaleProviderAdapter createSupportedLocaleString (Ljava/lang/String;)Ljava/lang/String; 6 <appendix> member <vmtarget> ; # sun/util/locale/provider/JRELocaleProviderAdapter$$Lambda+0x00000001003dd8e8
instanceKlass sun/util/locale/provider/BaseLocaleDataMetaInfo
instanceKlass  @bci sun/util/locale/provider/JRELocaleProviderAdapter getTimeZoneNameProvider ()Ljava/util/spi/TimeZoneNameProvider; 8 <appendix> member <vmtarget> ; # sun/util/locale/provider/JRELocaleProviderAdapter$$Lambda+0x00000001003dd468
instanceKlass  @bci sun/util/cldr/CLDRLocaleProviderAdapter getTimeZoneNameProvider ()Ljava/util/spi/TimeZoneNameProvider; 8 <appendix> member <vmtarget> ; # sun/util/cldr/CLDRLocaleProviderAdapter$$Lambda+0x00000001003dcdc0
instanceKlass sun/util/locale/provider/TimeZoneNameUtility$TimeZoneNameGetter
instanceKlass sun/util/locale/provider/LocaleServiceProviderPool$LocalizedObjectGetter
instanceKlass sun/util/locale/provider/LocaleServiceProviderPool
instanceKlass sun/util/locale/provider/TimeZoneNameUtility
instanceKlass sun/nio/cs/Surrogate
instanceKlass sun/nio/cs/Surrogate$Parser
instanceKlass ghidra/feature/vt/api/main/VTSession
instanceKlass db/util/ErrorHandler
instanceKlass generic/theme/ThemeValue
instanceKlass ghidra/util/WebColors
instanceKlass generic/theme/StubThemeManager$1
instanceKlass generic/theme/laf/LookAndFeelManager
instanceKlass generic/theme/ThemeManager$1
instanceKlass generic/theme/GThemeValueMap
instanceKlass generic/theme/ApplicationThemeDefaults
instanceKlass generic/theme/ThemeManager
instanceKlass generic/theme/Gui
instanceKlass ghidra/util/datastruct/WeakStore
instanceKlass generic/theme/GIcon
instanceKlass ghidra/trace/model/Trace
instanceKlass java/awt/image/BufferedImage$1
instanceKlass java/awt/geom/RectangularShape
instanceKlass java/awt/Shape
instanceKlass java/awt/image/SampleModel
instanceKlass java/awt/image/MultiResolutionImage
instanceKlass java/awt/MediaEntry
instanceKlass javax/swing/SwingUtilities
instanceKlass javax/swing/SwingConstants
instanceKlass java/awt/geom/Point2D
instanceKlass java/awt/image/DataBuffer$1
instanceKlass sun/awt/image/SunWritableRaster$DataStealer
instanceKlass java/awt/Component$3
instanceKlass javax/swing/JComponent$2
instanceKlass java/awt/image/DataBuffer
instanceKlass sun/swing/SwingAccessor
instanceKlass java/awt/image/Raster
instanceKlass javax/swing/JComponent$1
instanceKlass sun/swing/SwingAccessor$JComponentAccessor
instanceKlass java/awt/Container$1
instanceKlass sun/awt/AWTAccessor$ContainerAccessor
instanceKlass java/awt/geom/Dimension2D
instanceKlass java/awt/LightweightDispatcher
instanceKlass java/awt/event/AWTEventListener
instanceKlass java/awt/LayoutManager
instanceKlass sun/awt/image/ImageDecoder
instanceKlass sun/awt/image/ImageFetcher$1
instanceKlass sun/awt/image/FetcherInfo
instanceKlass sun/awt/image/ImageConsumerQueue
instanceKlass sun/awt/image/ImageWatched$Link
instanceKlass sun/awt/image/ImageWatched
instanceKlass java/awt/Graphics
instanceKlass java/awt/Composite
instanceKlass java/awt/image/LookupTable
instanceKlass generic/util/image/ImageUtils
instanceKlass sun/awt/image/NativeLibLoader$1
instanceKlass sun/awt/image/NativeLibLoader
instanceKlass sun/awt/image/InputStreamImageSource
instanceKlass sun/awt/image/ImageFetchable
instanceKlass java/awt/image/ImageProducer
instanceKlass java/awt/MediaTracker
instanceKlass sun/awt/PostEventQueue
instanceKlass sun/awt/MostRecentKeyValue
instanceKlass java/awt/Queue
instanceKlass java/awt/EventQueue$3
instanceKlass java/awt/EventQueue$2
instanceKlass sun/awt/AWTAccessor$EventQueueAccessor
instanceKlass java/awt/EventQueue$1
instanceKlass java/awt/EventQueue
instanceKlass sun/awt/AppContext$1
instanceKlass sun/awt/AppContext$2
instanceKlass sun/awt/AppContext$3
instanceKlass java/awt/ComponentOrientation
instanceKlass javax/swing/ImageIcon$2
instanceKlass javax/swing/ImageIcon$1
instanceKlass resources/icons/FileBasedIcon
instanceKlass javax/swing/ImageIcon
instanceKlass resources/ResourceManager
instanceKlass java/awt/image/ImageConsumer
instanceKlass docking/util/image/ToolIconURL
instanceKlass org/jdom2/ContentList$FilterListIterator
instanceKlass ghidra/program/model/listing/DataTypeArchive
instanceKlass ghidra/program/model/data/DataTypeManager
instanceKlass ghidra/framework/model/EventType
instanceKlass org/jdom2/filter/AbstractFilter
instanceKlass ghidra/framework/project/tool/GhidraToolTemplate
instanceKlass org/jdom2/internal/ArrayCopy
instanceKlass org/jdom2/AttributeList$1
instanceKlass org/jdom2/Verifier
instanceKlass org/jdom2/filter/Filter
instanceKlass org/jdom2/Namespace
instanceKlass com/sun/org/apache/xerces/internal/parsers/AbstractSAXParser$LocatorProxy
instanceKlass org/xml/sax/ext/Locator2
instanceKlass org/xml/sax/Locator
instanceKlass org/jdom2/input/sax/SAXBuilderEngine
instanceKlass com/sun/org/apache/xerces/internal/util/ErrorHandlerWrapper
instanceKlass com/sun/org/apache/xerces/internal/xni/parser/XMLErrorHandler
instanceKlass org/jdom2/input/sax/BuilderErrorHandler
instanceKlass com/sun/org/apache/xerces/internal/parsers/AbstractSAXParser$AttributesProxy
instanceKlass org/xml/sax/ext/Attributes2
instanceKlass org/xml/sax/Attributes
instanceKlass org/xml/sax/AttributeList
instanceKlass org/xml/sax/Parser
instanceKlass com/sun/org/apache/xerces/internal/xs/PSVIProvider
instanceKlass org/xml/sax/helpers/NewInstance
instanceKlass  @bci jdk/xml/internal/SecuritySupport getClassLoader ()Ljava/lang/ClassLoader; 0 <appendix> argL0 ; # jdk/xml/internal/SecuritySupport$$Lambda+0x00000001003c9f30
instanceKlass org/xml/sax/helpers/XMLReaderFactory
instanceKlass org/jdom2/util/IteratorIterable
instanceKlass org/jdom2/input/sax/TextBuffer
instanceKlass org/jdom2/input/sax/XMLReaderSAX2Factory
instanceKlass org/jdom2/DefaultJDOMFactory
instanceKlass org/xml/sax/helpers/DefaultHandler
instanceKlass org/xml/sax/EntityResolver
instanceKlass org/xml/sax/ext/DeclHandler
instanceKlass org/xml/sax/ext/LexicalHandler
instanceKlass org/jdom2/input/sax/DefaultSAXHandlerFactory
instanceKlass org/jdom2/JDOMFactory
instanceKlass org/jdom2/input/sax/SAXHandlerFactory
instanceKlass org/xml/sax/XMLReader
instanceKlass org/xml/sax/ErrorHandler
instanceKlass org/xml/sax/DTDHandler
instanceKlass org/xml/sax/ContentHandler
instanceKlass org/jdom2/input/sax/XMLReaderJDOMFactory
instanceKlass org/jdom2/input/SAXBuilder
instanceKlass org/jdom2/input/sax/SAXEngine
instanceKlass ghidra/util/xml/XmlUtilities
instanceKlass  @bci ghidra/framework/ToolUtils loadUserTools ()Ljava/util/Map; 0 <appendix> argL0 ; # ghidra/framework/ToolUtils$$Lambda+0x00000001003be5d8
instanceKlass java/io/FilenameFilter
instanceKlass org/jdom2/Parent
instanceKlass org/jdom2/CloneBase
instanceKlass org/jdom2/NamespaceAware
instanceKlass ghidra/framework/model/ToolTemplate
instanceKlass ghidra/framework/ToolUtils
instanceKlass ghidra/framework/project/ToolChestImpl
instanceKlass ghidra/framework/model/ToolChest
instanceKlass ghidra/framework/project/DefaultProjectManager
instanceKlass ghidra/framework/model/ProjectManager
# instanceKlass java/lang/invoke/LambdaForm$DMH+0x00000001003bc000
instanceKlass ghidra/framework/protocol/ghidra/GhidraURL
instanceKlass  @bci ghidra/util/NamingUtilities findInvalidChar (Ljava/lang/String;)Ljava/lang/String; 13 <appendix> member <vmtarget> ; # ghidra/util/NamingUtilities$$Lambda+0x00000001003ba1e8
instanceKlass  @cpi ghidra/util/NamingUtilities 197 form vmentry <vmtarget> ; # java/lang/invoke/LambdaForm$DMH+0x00000001003b1c00
instanceKlass ghidra/util/NamingUtilities
instanceKlass ghidra/framework/model/ProjectLocator
instanceKlass ghidra/app/script/ScriptInfo
instanceKlass ghidra/pyghidra/PythonFieldExposer
instanceKlass ghidra/program/flatapi/FlatProgramAPI
instanceKlass ghidra/util/classfinder/ClassExclusionFilter
instanceKlass java/util/LinkedList$ListItr
instanceKlass  @bci ghidra/app/script/GhidraScriptUtil getScriptSourceDirectories ()Ljava/util/List; 11 <appendix> argL0 ; # ghidra/app/script/GhidraScriptUtil$$Lambda+0x00000001003b6c98
instanceKlass  @bci javax/tools/ToolProvider matches (Ljava/lang/Object;Ljava/lang/String;)Z 2 <appendix> member <vmtarget> ; # javax/tools/ToolProvider$$Lambda+0x00000001002b2f40
instanceKlass com/sun/tools/javac/file/BaseFileManager
instanceKlass com/sun/tools/javac/util/Context
instanceKlass javax/tools/StandardJavaFileManager
instanceKlass com/sun/source/util/JavacTask
instanceKlass javax/tools/JavaCompiler$CompilationTask
instanceKlass com/sun/tools/javac/api/JavacTool
instanceKlass javax/tools/JavaCompiler
instanceKlass javax/tools/Tool
instanceKlass javax/tools/ToolProvider
instanceKlass  @bci java/util/regex/Pattern asMatchPredicate ()Ljava/util/function/Predicate; 1 <appendix> member <vmtarget> ; # java/util/regex/Pattern$$Lambda+0x00000001003c7b28
instanceKlass javax/tools/ForwardingJavaFileManager
instanceKlass org/phidias/compile/Constants
instanceKlass javax/tools/JavaFileManager
instanceKlass javax/tools/OptionChecker
instanceKlass javax/tools/DiagnosticListener
instanceKlass ghidra/app/plugin/core/osgi/BundleHost$1
instanceKlass  @bci ghidra/sleigh/grammar/SleighPreprocessor lineno ()Ljava/lang/String; 15 <adapter> ; # java/lang/invoke/LambdaForm$MH+0x00000001003b1800
# instanceKlass java/lang/invoke/LambdaForm$DMH+0x00000001003b1400
instanceKlass  @bci ghidra/app/plugin/core/osgi/BundleHost add (Ljava/util/List;ZZ)Ljava/util/Collection; 8 <appendix> form vmentry <vmtarget> ; # java/lang/invoke/LambdaForm$DMH+0x00000001003b1000
instanceKlass  @bci ghidra/app/plugin/core/osgi/BundleHost add (Ljava/util/List;ZZ)Ljava/util/Collection; 8 <appendix> member <vmtarget> ; # ghidra/app/plugin/core/osgi/BundleHost$$Lambda+0x00000001003b5a18
instanceKlass  @cpi ghidra/app/plugin/core/osgi/BundleHost 950 form vmentry <vmtarget> ; # java/lang/invoke/LambdaForm$DMH+0x00000001003b0c00
instanceKlass sun/invoke/util/VerifyAccess$1
instanceKlass java/util/ComparableTimSort
instanceKlass generic/util/Path
instanceKlass java/io/FileOutputStream$1
instanceKlass  @bci ghidra/formats/gfilesystem/FSUtilities <clinit> ()V 18 <appendix> argL0 ; # ghidra/formats/gfilesystem/FSUtilities$$Lambda+0x00000001003b54f8
instanceKlass ghidra/formats/gfilesystem/FSUtilities
instanceKlass org/apache/felix/framework/Felix$StartLevelTuple
instanceKlass org/apache/felix/framework/FrameworkStartLevelImpl$StartLevelRequest
instanceKlass org/apache/felix/framework/util/ListenerInfo
instanceKlass org/osgi/framework/SynchronousBundleListener
instanceKlass org/osgi/framework/ServiceListener
instanceKlass ghidra/app/plugin/core/osgi/BundleHost$MyBundleListener
instanceKlass org/osgi/framework/FrameworkListener
instanceKlass java/net/FileNameMap
# instanceKlass java/lang/invoke/LambdaForm$MH+0x00000001003b0800
instanceKlass java/io/ObjectOutput
instanceKlass java/io/ObjectStreamConstants
instanceKlass java/io/ObjectInput
# instanceKlass java/lang/invoke/LambdaForm$MH+0x00000001003b0400
# instanceKlass java/lang/invoke/LambdaForm$MH+0x00000001003b0000
# instanceKlass java/lang/invoke/LambdaForm$MH+0x00000001003acc00
instanceKlass java/net/UrlDeserializedState
instanceKlass java/net/Proxy
instanceKlass org/osgi/service/url/URLStreamHandlerSetter
instanceKlass org/apache/felix/framework/URLHandlers
instanceKlass java/net/ContentHandlerFactory
instanceKlass org/osgi/service/condition/ConditionImpl
instanceKlass org/osgi/service/condition/Condition
instanceKlass org/apache/felix/framework/URLHandlersActivator
instanceKlass org/apache/felix/framework/StartLevelImpl
instanceKlass org/osgi/service/startlevel/StartLevel
instanceKlass org/apache/felix/framework/PackageAdminImpl$1
instanceKlass org/apache/felix/framework/PackageAdminImpl
instanceKlass org/osgi/service/packageadmin/PackageAdmin
instanceKlass org/apache/felix/framework/ServiceRegistrationImpl$ServiceReferenceMap
instanceKlass org/osgi/framework/ServiceFactory
instanceKlass org/osgi/framework/ServiceReference
instanceKlass org/apache/felix/framework/ServiceRegistrationImpl
instanceKlass org/apache/felix/framework/util/ThreadGate
instanceKlass java/io/PrintWriter$1
instanceKlass jdk/internal/access/JavaIOPrintWriterAccess
instanceKlass org/osgi/framework/ServiceObjects
instanceKlass org/apache/felix/framework/BundleContextImpl
instanceKlass org/apache/felix/framework/Felix$SystemBundleActivator
instanceKlass org/apache/felix/framework/cache/BundleArchive
instanceKlass org/apache/felix/framework/EventDispatcher$Request
# instanceKlass org/apache/felix/framework/util/SecureAction$$InjectedInvoker+0x00000001003ac800
instanceKlass java/lang/invoke/MethodHandleImpl$BindCaller$InjectedInvokerHolder
instanceKlass java/lang/invoke/MethodHandleImpl$BindCaller
# instanceKlass java/lang/invoke/LambdaForm$MH+0x00000001003ac400
# instanceKlass java/lang/invoke/LambdaForm$MH+0x00000001003ac000
instanceKlass org/apache/felix/framework/BundleWiringImpl
instanceKlass org/apache/felix/resolver/ResolverImpl$6
instanceKlass org/apache/felix/resolver/ResolverImpl$5
instanceKlass org/apache/felix/resolver/ResolverImpl$4
instanceKlass org/apache/felix/resolver/ResolverImpl$Blame
instanceKlass org/apache/felix/resolver/ResolverImpl$3
instanceKlass org/apache/felix/resolver/ResolverImpl$Packages
instanceKlass org/apache/felix/resolver/ResolverImpl$EnhancedExecutor$1
instanceKlass org/apache/felix/resolver/ResolverImpl$1Computer
instanceKlass org/apache/felix/resolver/ResolverImpl$EnhancedExecutor
instanceKlass org/apache/felix/resolver/WrappedResource
instanceKlass org/apache/felix/resolver/ResolverImpl$8
instanceKlass org/apache/felix/resolver/util/OpenHashMap$MapEntry
instanceKlass org/apache/felix/resolver/util/OpenHashMap$1
instanceKlass org/apache/felix/resolver/util/OpenHashMap$MapIterator
instanceKlass org/apache/felix/resolver/Candidates$PopulateResult
instanceKlass org/osgi/service/resolver/HostedCapability
instanceKlass org/apache/felix/resolver/util/CandidateSelector
instanceKlass org/apache/felix/resolver/Candidates
instanceKlass org/apache/felix/resolver/Util
instanceKlass org/apache/felix/resolver/ResolverImpl$ResolveSession
instanceKlass org/apache/felix/framework/StatefulResolver$ResolverHookRecord
instanceKlass org/apache/felix/framework/util/ClassParser$ConcreteRef
instanceKlass org/apache/felix/framework/util/ClassParser$PackageRef
instanceKlass org/apache/felix/framework/util/ClassParser$TypeRef
instanceKlass org/apache/felix/framework/util/ClassParser
instanceKlass sun/nio/fs/WindowsChannelFactory$2
instanceKlass org/apache/felix/framework/util/WeakZipFileFactory
instanceKlass org/apache/felix/framework/cache/BundleCache
instanceKlass org/apache/felix/framework/EventDispatcher$1
instanceKlass org/osgi/framework/hooks/service/ListenerHook$ListenerInfo
instanceKlass org/apache/felix/framework/EventDispatcher
instanceKlass org/osgi/framework/startlevel/BundleStartLevel
instanceKlass org/apache/felix/framework/FrameworkStartLevelImpl
instanceKlass org/osgi/framework/startlevel/FrameworkStartLevel
instanceKlass org/apache/felix/framework/FrameworkWiringImpl
instanceKlass org/osgi/framework/wiring/FrameworkWiring
instanceKlass  @bci org/apache/felix/framework/util/manifestparser/ManifestParser <init> (Lorg/apache/felix/framework/Logger;Ljava/util/Map;Lorg/osgi/framework/wiring/BundleRevision;Ljava/util/Map;)V 1337 <appendix> argL0 ; # org/apache/felix/framework/util/manifestparser/ManifestParser$$Lambda+0x000000010039edf8
instanceKlass  @bci org/apache/felix/framework/util/manifestparser/ManifestParser <init> (Lorg/apache/felix/framework/Logger;Ljava/util/Map;Lorg/osgi/framework/wiring/BundleRevision;Ljava/util/Map;)V 1299 <appendix> argL0 ; # org/apache/felix/framework/util/manifestparser/ManifestParser$$Lambda+0x000000010039ebb8
instanceKlass  @bci org/apache/felix/framework/util/manifestparser/ManifestParser <init> (Lorg/apache/felix/framework/Logger;Ljava/util/Map;Lorg/osgi/framework/wiring/BundleRevision;Ljava/util/Map;)V 1261 <appendix> argL0 ; # org/apache/felix/framework/util/manifestparser/ManifestParser$$Lambda+0x000000010039e978
instanceKlass  @bci org/apache/felix/framework/util/manifestparser/ManifestParser <init> (Lorg/apache/felix/framework/Logger;Ljava/util/Map;Lorg/osgi/framework/wiring/BundleRevision;Ljava/util/Map;)V 1189 <appendix> argL0 ; # org/apache/felix/framework/util/manifestparser/ManifestParser$$Lambda+0x000000010039e738
instanceKlass  @bci org/apache/felix/framework/util/manifestparser/ManifestParser <init> (Lorg/apache/felix/framework/Logger;Ljava/util/Map;Lorg/osgi/framework/wiring/BundleRevision;Ljava/util/Map;)V 1151 <appendix> argL0 ; # org/apache/felix/framework/util/manifestparser/ManifestParser$$Lambda+0x000000010039e4f8
instanceKlass  @bci org/apache/felix/framework/util/manifestparser/ManifestParser <init> (Lorg/apache/felix/framework/Logger;Ljava/util/Map;Lorg/osgi/framework/wiring/BundleRevision;Ljava/util/Map;)V 1113 <appendix> argL0 ; # org/apache/felix/framework/util/manifestparser/ManifestParser$$Lambda+0x000000010039e2b8
instanceKlass  @bci org/apache/felix/framework/util/manifestparser/ManifestParser <init> (Lorg/apache/felix/framework/Logger;Ljava/util/Map;Lorg/osgi/framework/wiring/BundleRevision;Ljava/util/Map;)V 1075 <appendix> argL0 ; # org/apache/felix/framework/util/manifestparser/ManifestParser$$Lambda+0x000000010039e078
instanceKlass  @bci org/apache/felix/framework/util/manifestparser/ManifestParser <init> (Lorg/apache/felix/framework/Logger;Ljava/util/Map;Lorg/osgi/framework/wiring/BundleRevision;Ljava/util/Map;)V 1037 <appendix> argL0 ; # org/apache/felix/framework/util/manifestparser/ManifestParser$$Lambda+0x000000010039de38
instanceKlass  @bci org/apache/felix/framework/util/manifestparser/ManifestParser <init> (Lorg/apache/felix/framework/Logger;Ljava/util/Map;Lorg/osgi/framework/wiring/BundleRevision;Ljava/util/Map;)V 999 <appendix> argL0 ; # org/apache/felix/framework/util/manifestparser/ManifestParser$$Lambda+0x000000010039dbf8
instanceKlass  @bci org/apache/felix/framework/util/manifestparser/ManifestParser <init> (Lorg/apache/felix/framework/Logger;Ljava/util/Map;Lorg/osgi/framework/wiring/BundleRevision;Ljava/util/Map;)V 961 <appendix> argL0 ; # org/apache/felix/framework/util/manifestparser/ManifestParser$$Lambda+0x000000010039d9b8
instanceKlass org/apache/felix/framework/wiring/BundleRequirementImpl
instanceKlass org/apache/felix/framework/wiring/BundleCapabilityImpl
instanceKlass org/apache/felix/framework/cache/ConnectContentContent
instanceKlass org/apache/felix/framework/util/manifestparser/ParsedHeaderClause
instanceKlass  @bci org/apache/felix/framework/util/manifestparser/ManifestParser <clinit> ()V 10 <appendix> argL0 ; # org/apache/felix/framework/util/manifestparser/ManifestParser$$Lambda+0x000000010039ccf0
instanceKlass org/apache/felix/framework/util/manifestparser/ManifestParser
instanceKlass org/osgi/framework/wiring/BundleWiring
instanceKlass org/apache/felix/resolver/util/OpenHashMap
instanceKlass org/apache/felix/resolver/ResolutionError
instanceKlass org/apache/felix/resolver/ResolverImpl
instanceKlass org/osgi/service/resolver/Resolver
instanceKlass org/apache/felix/framework/StatefulResolver$2
instanceKlass org/osgi/resource/Wiring
instanceKlass org/osgi/service/resolver/ResolveContext
instanceKlass org/apache/felix/framework/StatefulResolver
instanceKlass java/net/ContentHandler
instanceKlass org/osgi/service/url/URLStreamHandlerService
instanceKlass org/osgi/framework/hooks/resolver/ResolverHookFactory
instanceKlass org/osgi/framework/hooks/weaving/WovenClassListener
instanceKlass org/osgi/framework/hooks/weaving/WeavingHook
instanceKlass org/osgi/framework/hooks/service/ListenerHook
instanceKlass org/osgi/framework/hooks/service/FindHook
instanceKlass org/osgi/framework/hooks/service/EventListenerHook
instanceKlass org/osgi/framework/hooks/service/EventHook
instanceKlass org/osgi/framework/hooks/bundle/EventHook
instanceKlass org/osgi/framework/hooks/bundle/FindHook
instanceKlass org/osgi/framework/hooks/bundle/CollisionHook
instanceKlass org/apache/felix/framework/HookRegistry
instanceKlass org/apache/felix/framework/capabilityset/CapabilitySet
instanceKlass org/apache/felix/framework/Felix$1
instanceKlass org/osgi/framework/ServiceRegistration
instanceKlass org/apache/felix/framework/ServiceRegistry
# instanceKlass java/lang/invoke/LambdaForm$MH+0x0000000100395400
# instanceKlass java/lang/invoke/LambdaForm$MH+0x0000000100395000
instanceKlass org/apache/felix/framework/util/Util
instanceKlass org/osgi/framework/Version
instanceKlass  @bci java/util/regex/Pattern ALL ()Ljava/util/regex/Pattern$CharPredicate; 0 <appendix> argL0 ; # java/util/regex/Pattern$$Lambda+0x00000001003c2360
instanceKlass org/apache/felix/framework/VersionConverter
instanceKlass org/apache/felix/framework/util/manifestparser/NativeLibraryClause
# instanceKlass java/net/Accessor+0x0000000100394c00
instanceKlass  @bci org/apache/felix/framework/util/SecureAction getAccessor (Ljava/lang/Class;)Ljava/util/function/Consumer; 344 <appendix> argL0 ; # org/apache/felix/framework/util/SecureAction$$Lambda+0x0000000100397390
instanceKlass org/apache/felix/framework/ext/ClassPathExtenderFactory$DefaultClassLoaderExtender
instanceKlass org/apache/felix/framework/ext/ClassPathExtenderFactory$ClassPathExtender
instanceKlass org/apache/felix/framework/ext/ClassPathExtenderFactory
instanceKlass org/apache/felix/framework/BundleRevisionImpl
instanceKlass org/osgi/framework/wiring/BundleCapability
instanceKlass org/osgi/framework/wiring/BundleWire
instanceKlass org/osgi/resource/Wire
instanceKlass org/apache/felix/framework/ExtensionManager
instanceKlass org/apache/felix/framework/cache/Content
instanceKlass org/apache/felix/resolver/Logger
instanceKlass org/apache/felix/framework/util/StringComparator
instanceKlass org/apache/felix/framework/BundleRevisionDependencies
instanceKlass jdk/internal/org/objectweb/asm/ClassReader
# instanceKlass java/lang/invoke/LambdaForm$MH+0x0000000100394400
# instanceKlass java/lang/invoke/LambdaForm$MH+0x0000000100394000
# instanceKlass java/lang/invoke/LambdaForm$MH+0x0000000100393c00
# instanceKlass java/lang/invoke/LambdaForm$MH+0x0000000100393800
# instanceKlass java/lang/invoke/LambdaForm$MH+0x0000000100393400
# instanceKlass java/lang/invoke/LambdaForm$DMH+0x0000000100393000
# instanceKlass java/lang/invoke/LambdaForm$DMH+0x0000000100392c00
# instanceKlass java/lang/invoke/LambdaForm$MH+0x0000000100392800
# instanceKlass java/lang/invoke/LambdaForm$MH+0x0000000100392400
# instanceKlass java/lang/invoke/LambdaForm$DMH+0x0000000100392000
# instanceKlass java/lang/invoke/LambdaForm$MH+0x0000000100391c00
# instanceKlass java/lang/invoke/LambdaForm$DMH+0x0000000100391800
instanceKlass java/lang/invoke/ClassSpecializer$Factory$1Var
# instanceKlass java/lang/invoke/LambdaForm$DMH+0x0000000100391400
instanceKlass sun/invoke/util/ValueConversions$1
# instanceKlass java/lang/invoke/LambdaForm$MH+0x0000000100391000
# instanceKlass java/lang/invoke/LambdaForm$MH+0x0000000100390c00
# instanceKlass java/lang/invoke/LambdaForm$MH+0x0000000100390800
instanceKlass  @bci java/lang/ClassLoader definePackage (Ljava/lang/String;Ljava/lang/Module;)Ljava/lang/Package; 73 <appendix> member <vmtarget> ; # java/lang/ClassLoader$$Lambda+0x00000001003c13f0
instanceKlass  @bci jdk/internal/loader/BootLoader$PackageHelper findModule (Ljava/lang/String;)Ljava/lang/Module; 90 <appendix> member <vmtarget> ; # jdk/internal/loader/BootLoader$PackageHelper$$Lambda+0x00000001003c11c8
instanceKlass jdk/internal/loader/BootLoader$PackageHelper
instanceKlass org/apache/felix/framework/util/SecureAction
instanceKlass  @bci java/lang/SecurityManager nonExportedPkgs (Ljava/lang/module/ModuleDescriptor;)Ljava/util/Set; 92 <appendix> member <vmtarget> ; # java/lang/SecurityManager$$Lambda+0x00000001003c0d88
instanceKlass  @bci java/lang/SecurityManager nonExportedPkgs (Ljava/lang/module/ModuleDescriptor;)Ljava/util/Set; 76 <appendix> argL0 ; # java/lang/SecurityManager$$Lambda+0x00000001003c0b48
instanceKlass  @bci java/lang/SecurityManager nonExportedPkgs (Ljava/lang/module/ModuleDescriptor;)Ljava/util/Set; 66 <appendix> argL0 ; # java/lang/SecurityManager$$Lambda+0x00000001003c08f8
instanceKlass  @bci java/lang/SecurityManager nonExportedPkgs (Ljava/lang/module/ModuleDescriptor;)Ljava/util/Set; 47 <appendix> member <vmtarget> ; # java/lang/SecurityManager$$Lambda+0x00000001003c06c0
instanceKlass  @bci java/lang/SecurityManager nonExportedPkgs (Ljava/lang/module/ModuleDescriptor;)Ljava/util/Set; 31 <appendix> argL0 ; # java/lang/SecurityManager$$Lambda+0x00000001003c0480
instanceKlass  @bci java/lang/SecurityManager nonExportedPkgs (Ljava/lang/module/ModuleDescriptor;)Ljava/util/Set; 21 <appendix> argL0 ; # java/lang/SecurityManager$$Lambda+0x00000001003c0230
instanceKlass  @bci java/lang/SecurityManager addNonExportedPackages (Ljava/lang/ModuleLayer;)V 59 <appendix> argL0 ; # java/lang/SecurityManager$$Lambda+0x00000001003c0000
instanceKlass  @cpi java/lang/SecurityManager 535 form vmentry <vmtarget> ; # java/lang/invoke/LambdaForm$DMH+0x0000000100390400
instanceKlass  @bci java/lang/SecurityManager addNonExportedPackages (Ljava/lang/ModuleLayer;)V 49 <appendix> argL0 ; # java/lang/SecurityManager$$Lambda+0x00000001002ffda0
instanceKlass  @bci java/lang/SecurityManager addNonExportedPackages (Ljava/lang/ModuleLayer;)V 39 <appendix> argL0 ; # java/lang/SecurityManager$$Lambda+0x00000001002ffb60
instanceKlass  @bci java/lang/SecurityManager addNonExportedPackages (Ljava/lang/ModuleLayer;)V 29 <appendix> member <vmtarget> ; # java/lang/SecurityManager$$Lambda+0x00000001002ff908
instanceKlass  @cpi java/lang/SecurityManager 518 form vmentry <vmtarget> ; # java/lang/invoke/LambdaForm$DMH+0x0000000100390000
instanceKlass  @bci java/lang/SecurityManager addNonExportedPackages (Ljava/lang/ModuleLayer;)V 17 <appendix> argL0 ; # java/lang/SecurityManager$$Lambda+0x00000001002ff6c8
instanceKlass org/osgi/resource/Capability
instanceKlass org/osgi/framework/wiring/BundleRequirement
instanceKlass org/osgi/resource/Requirement
instanceKlass org/osgi/framework/BundleContext
instanceKlass org/osgi/framework/BundleActivator
instanceKlass org/apache/felix/framework/ServiceRegistry$ServiceRegistryCallbacks
instanceKlass org/osgi/framework/wiring/BundleRevision
instanceKlass org/osgi/resource/Resource
instanceKlass org/apache/felix/framework/BundleImpl
instanceKlass org/osgi/framework/wiring/BundleRevisions
instanceKlass org/osgi/framework/launch/Framework
instanceKlass org/apache/felix/framework/FrameworkFactory
instanceKlass org/osgi/framework/connect/ConnectFrameworkFactory
instanceKlass org/osgi/framework/launch/FrameworkFactory
instanceKlass java/util/stream/Sink$ChainedInt
instanceKlass java/util/stream/Sink$OfInt
instanceKlass java/util/function/IntConsumer
instanceKlass  @bci ghidra/app/plugin/core/osgi/OSGiUtils hasEvenQuoteCount (Ljava/lang/String;)Z 4 <appendix> argL0 ; # ghidra/app/plugin/core/osgi/OSGiUtils$$Lambda+0x000000010038a258
instanceKlass java/util/function/IntPredicate
instanceKlass java/util/stream/IntStream
instanceKlass java/lang/StringLatin1$CharsSpliterator
instanceKlass  @bci ghidra/app/plugin/core/osgi/OSGiUtils collectPackagesFromDirectory (Ljava/nio/file/Path;Ljava/util/Set;)V 22 <appendix> member <vmtarget> ; # ghidra/app/plugin/core/osgi/OSGiUtils$$Lambda+0x000000010038a020
instanceKlass  @bci ghidra/app/plugin/core/osgi/OSGiUtils collectPackagesFromDirectory (Ljava/nio/file/Path;Ljava/util/Set;)V 10 <appendix> argL0 ; # ghidra/app/plugin/core/osgi/OSGiUtils$$Lambda+0x0000000100389dd0
instanceKlass  @bci java/nio/file/Files walk (Ljava/nio/file/Path;I[Ljava/nio/file/FileVisitOption;)Ljava/util/stream/Stream; 43 <appendix> argL0 ; # java/nio/file/Files$$Lambda+0x00000001002fc5a0
instanceKlass  @bci java/nio/file/Files walk (Ljava/nio/file/Path;I[Ljava/nio/file/FileVisitOption;)Ljava/util/stream/Stream; 30 <appendix> member <vmtarget> ; # java/nio/file/Files$$Lambda+0x00000001002fc378
instanceKlass java/nio/file/FileTreeWalker$Event
instanceKlass java/nio/file/FileTreeWalker$DirectoryNode
instanceKlass java/nio/file/FileTreeWalker
instanceKlass java/nio/file/FileTreeIterator
instanceKlass  @bci ghidra/app/plugin/core/osgi/OSGiUtils collectPackagesFromJar (Ljava/nio/file/Path;Ljava/util/Set;)V 166 <appendix> member <vmtarget> ; # ghidra/app/plugin/core/osgi/OSGiUtils$$Lambda+0x0000000100389b98
instanceKlass  @bci ghidra/app/plugin/core/osgi/OSGiUtils collectPackagesFromJar (Ljava/nio/file/Path;Ljava/util/Set;)V 155 <appendix> argL0 ; # ghidra/app/plugin/core/osgi/OSGiUtils$$Lambda+0x0000000100389948
instanceKlass  @bci java/util/zip/ZipFile jarStream ()Ljava/util/stream/Stream; 25 <appendix> member <vmtarget> ; # java/util/zip/ZipFile$$Lambda+0x00000001002faf50
instanceKlass  @bci ghidra/app/plugin/core/osgi/OSGiUtils getPackagesFromClasspath (Ljava/util/Set;)V 4 <appendix> member <vmtarget> ; # ghidra/app/plugin/core/osgi/OSGiUtils$$Lambda+0x0000000100389710
instanceKlass  @bci ghidra/app/plugin/core/osgi/OSGiUtils getClasspathElements ()Ljava/util/stream/Stream; 50 <appendix> argL0 ; # ghidra/app/plugin/core/osgi/OSGiUtils$$Lambda+0x00000001003894d0
instanceKlass  @bci ghidra/app/plugin/core/osgi/OSGiUtils getClasspathElements ()Ljava/util/stream/Stream; 40 <appendix> argL0 ; # ghidra/app/plugin/core/osgi/OSGiUtils$$Lambda+0x0000000100389290
instanceKlass  @bci ghidra/app/plugin/core/osgi/OSGiUtils getClasspathElements ()Ljava/util/stream/Stream; 30 <appendix> member <vmtarget> ; # ghidra/app/plugin/core/osgi/OSGiUtils$$Lambda+0x0000000100389048
instanceKlass ghidra/app/plugin/core/osgi/OSGiUtils
instanceKlass java/nio/channels/spi/AbstractInterruptibleChannel$1
instanceKlass sun/nio/ch/Interruptible
instanceKlass sun/nio/ch/FileKey
instanceKlass sun/nio/ch/FileLockTable
instanceKlass java/nio/channels/FileLock
instanceKlass sun/nio/fs/WindowsPath$1
instanceKlass ghidra/app/plugin/core/osgi/OSGiParallelLock
instanceKlass ghidra/app/plugin/core/osgi/BundleMap
instanceKlass org/osgi/framework/BundleListener
instanceKlass ghidra/app/plugin/core/osgi/GhidraBundle
instanceKlass ghidra/app/plugin/core/osgi/BundleHost
instanceKlass ghidra/app/script/GhidraScriptProvider
instanceKlass ghidra/app/script/GhidraScriptUtil
instanceKlass ghidra/net/ApplicationKeyManagerFactory
instanceKlass org/bouncycastle/internal/asn1/isara/IsaraObjectIdentifiers
instanceKlass org/bouncycastle/pqc/asn1/PQCObjectIdentifiers
instanceKlass org/bouncycastle/jcajce/provider/drbg/EntropyDaemon
instanceKlass org/bouncycastle/crypto/prng/EntropySourceProvider
instanceKlass org/bouncycastle/jcajce/provider/drbg/DRBG
instanceKlass javax/crypto/KEMSpi
instanceKlass org/bouncycastle/jcajce/util/SpiUtil
instanceKlass org/bouncycastle/jcajce/provider/asymmetric/RSA
instanceKlass org/bouncycastle/internal/asn1/eac/EACObjectIdentifiers
instanceKlass org/bouncycastle/internal/asn1/cms/CMSObjectIdentifiers
instanceKlass org/bouncycastle/internal/asn1/bsi/BSIObjectIdentifiers
instanceKlass org/bouncycastle/math/ec/custom/gm/SM2P256V1Field
instanceKlass org/bouncycastle/math/ec/custom/sec/SecP128R1Field
instanceKlass org/bouncycastle/math/ec/custom/sec/SecP192R1Field
instanceKlass org/bouncycastle/math/ec/custom/sec/SecP256R1Field
instanceKlass org/bouncycastle/math/raw/Nat128
instanceKlass org/bouncycastle/math/ec/custom/sec/SecT113Field
instanceKlass org/bouncycastle/math/ec/custom/sec/SecT239Field
instanceKlass org/bouncycastle/math/raw/Nat448
instanceKlass org/bouncycastle/math/ec/custom/sec/SecT409Field
instanceKlass org/bouncycastle/math/ec/custom/sec/SecP256K1Field
instanceKlass org/bouncycastle/math/ec/custom/sec/SecT233Field
instanceKlass org/bouncycastle/math/raw/Nat512
instanceKlass org/bouncycastle/math/ec/custom/sec/SecP521R1Field
instanceKlass org/bouncycastle/math/raw/Nat320
instanceKlass org/bouncycastle/math/ec/custom/sec/SecT283Field
instanceKlass org/bouncycastle/math/ec/custom/sec/SecT131Field
instanceKlass org/bouncycastle/math/ec/custom/sec/SecP192K1Field
instanceKlass org/bouncycastle/math/ec/custom/sec/SecP160R1Field
instanceKlass org/bouncycastle/math/ec/custom/sec/SecT163Field
instanceKlass org/bouncycastle/math/raw/Nat256
instanceKlass org/bouncycastle/math/ec/custom/sec/SecT193Field
instanceKlass org/bouncycastle/math/ec/custom/sec/SecP224R1Field
instanceKlass org/bouncycastle/math/raw/Nat192
instanceKlass org/bouncycastle/math/raw/Nat384
instanceKlass org/bouncycastle/math/ec/custom/sec/SecP384R1Field
instanceKlass org/bouncycastle/math/raw/Nat160
instanceKlass org/bouncycastle/math/ec/custom/sec/SecP160R2Field
instanceKlass org/bouncycastle/math/ec/ScaleXPointMap
instanceKlass org/bouncycastle/math/ec/ECPointMap
instanceKlass org/bouncycastle/math/ec/endo/GLVTypeBEndomorphism
instanceKlass org/bouncycastle/math/ec/endo/GLVEndomorphism
instanceKlass org/bouncycastle/math/ec/ECCurve$Config
instanceKlass org/bouncycastle/math/raw/Nat224
instanceKlass org/bouncycastle/math/ec/custom/sec/SecP224K1Field
instanceKlass org/bouncycastle/math/ec/endo/ScalarSplitParameters
instanceKlass org/bouncycastle/math/ec/endo/GLVTypeBParameters
instanceKlass org/bouncycastle/math/raw/Bits
instanceKlass org/bouncycastle/math/raw/Interleave
instanceKlass org/bouncycastle/math/raw/Nat576
instanceKlass org/bouncycastle/math/raw/Nat
instanceKlass org/bouncycastle/math/ec/custom/sec/SecT571Field
instanceKlass org/bouncycastle/util/BigIntegers$Cache
instanceKlass org/bouncycastle/util/Integers
instanceKlass org/bouncycastle/jce/spec/ECParameterSpec
instanceKlass org/bouncycastle/asn1/ASN1BitStringParser
instanceKlass org/bouncycastle/asn1/ASN1String
instanceKlass org/bouncycastle/asn1/ASN1OutputStream
instanceKlass org/bouncycastle/asn1/ASN1SequenceParser
instanceKlass org/bouncycastle/asn1/ASN1EncodableVector
instanceKlass org/bouncycastle/math/ec/WNafPreCompInfo
instanceKlass org/bouncycastle/math/ec/WNafUtil$1
instanceKlass org/bouncycastle/math/ec/WNafUtil
instanceKlass org/bouncycastle/math/ec/ECAlgorithms
instanceKlass org/bouncycastle/math/ec/ValidityPrecompInfo
instanceKlass org/bouncycastle/math/ec/PreCompInfo
instanceKlass org/bouncycastle/math/ec/ECPoint$1
instanceKlass org/bouncycastle/util/Longs
instanceKlass org/bouncycastle/util/BigIntegers
instanceKlass org/bouncycastle/asn1/ASN1OctetStringParser
instanceKlass org/bouncycastle/asn1/InMemoryRepresentable
instanceKlass org/bouncycastle/math/ec/LongArray
instanceKlass org/bouncycastle/math/ec/PreCompCallback
instanceKlass org/bouncycastle/math/field/GF2Polynomial
instanceKlass org/bouncycastle/math/field/GenericPolynomialExtensionField
instanceKlass org/bouncycastle/math/field/PrimeField
instanceKlass org/bouncycastle/math/field/PolynomialExtensionField
instanceKlass org/bouncycastle/math/field/ExtensionField
instanceKlass org/bouncycastle/math/field/Polynomial
instanceKlass org/bouncycastle/math/field/FiniteFields
instanceKlass org/bouncycastle/util/Properties$2
instanceKlass org/bouncycastle/util/Properties$1
instanceKlass org/bouncycastle/util/Properties
instanceKlass org/bouncycastle/math/ec/ECFieldElement
instanceKlass org/bouncycastle/math/ec/ECConstants
instanceKlass org/bouncycastle/math/ec/ECPoint
instanceKlass org/bouncycastle/math/field/FiniteField
instanceKlass org/bouncycastle/math/ec/ECLookupTable
instanceKlass org/bouncycastle/math/ec/ECMultiplier
instanceKlass org/bouncycastle/internal/asn1/cryptlib/CryptlibObjectIdentifiers
instanceKlass org/bouncycastle/crypto/ec/CustomNamedCurves
instanceKlass org/bouncycastle/jce/ECNamedCurveTable
instanceKlass org/bouncycastle/asn1/gm/GMNamedCurves
instanceKlass org/bouncycastle/asn1/cryptopro/ECGOST3410NamedCurves
instanceKlass org/bouncycastle/asn1/anssi/ANSSIObjectIdentifiers
instanceKlass org/bouncycastle/asn1/anssi/ANSSINamedCurves
instanceKlass org/bouncycastle/asn1/teletrust/TeleTrusTNamedCurves
instanceKlass org/bouncycastle/asn1/nist/NISTNamedCurves
instanceKlass org/bouncycastle/math/ec/endo/ECEndomorphism
instanceKlass org/bouncycastle/asn1/sec/SECNamedCurves
instanceKlass org/bouncycastle/math/ec/ECCurve
instanceKlass org/bouncycastle/asn1/x9/X9ECParametersHolder
instanceKlass org/bouncycastle/asn1/x9/X962NamedCurves
instanceKlass org/bouncycastle/asn1/x9/ECNamedCurveTable
instanceKlass org/bouncycastle/jcajce/provider/asymmetric/EC
instanceKlass org/bouncycastle/jcajce/provider/asymmetric/DH
instanceKlass org/bouncycastle/jcajce/provider/asymmetric/dsa/DSAUtil
instanceKlass org/bouncycastle/crypto/params/AsymmetricKeyParameter
instanceKlass org/bouncycastle/asn1/x509/X509ObjectIdentifiers
instanceKlass org/bouncycastle/jce/spec/ECNamedCurveGenParameterSpec
instanceKlass java/security/spec/RSAKeyGenParameterSpec
instanceKlass org/bouncycastle/crypto/Digest
instanceKlass org/bouncycastle/jcajce/provider/asymmetric/compositesignatures/CompositeIndex
instanceKlass org/bouncycastle/jcajce/provider/asymmetric/EXTERNAL
instanceKlass org/bouncycastle/jcajce/provider/asymmetric/EXTERNAL$ExternalKeyInfoConverter
instanceKlass org/bouncycastle/jcajce/provider/asymmetric/COMPOSITE
instanceKlass org/bouncycastle/jcajce/util/ProviderJcaJceHelper
instanceKlass org/bouncycastle/asn1/ASN1Choice
instanceKlass org/bouncycastle/asn1/sec/SECObjectIdentifiers
instanceKlass org/bouncycastle/internal/asn1/edec/EdECObjectIdentifiers
instanceKlass org/bouncycastle/jcajce/util/JcaJceHelper
instanceKlass org/bouncycastle/jcajce/provider/symmetric/Zuc
instanceKlass org/bouncycastle/jcajce/provider/symmetric/GOST3412_2015
instanceKlass org/bouncycastle/jcajce/provider/symmetric/DSTU7624
instanceKlass org/bouncycastle/jcajce/provider/symmetric/OpenSSLPBKDF
instanceKlass org/bouncycastle/jcajce/provider/symmetric/XSalsa20
instanceKlass org/bouncycastle/jcajce/provider/symmetric/XTEA
instanceKlass org/bouncycastle/jcajce/provider/symmetric/VMPCKSA3
instanceKlass org/bouncycastle/jcajce/provider/symmetric/VMPC
instanceKlass org/bouncycastle/jcajce/provider/symmetric/Threefish
instanceKlass org/bouncycastle/jcajce/provider/symmetric/Twofish
instanceKlass org/bouncycastle/jcajce/provider/symmetric/TEA
instanceKlass org/bouncycastle/jcajce/provider/symmetric/SM4
instanceKlass org/bouncycastle/jcajce/provider/symmetric/Skipjack
instanceKlass org/bouncycastle/jcajce/provider/symmetric/Shacal2
instanceKlass org/bouncycastle/internal/asn1/gnu/GNUObjectIdentifiers
instanceKlass org/bouncycastle/jcajce/provider/symmetric/Serpent
instanceKlass org/bouncycastle/internal/asn1/kisa/KISAObjectIdentifiers
instanceKlass org/bouncycastle/jcajce/provider/symmetric/SEED
instanceKlass org/bouncycastle/jcajce/provider/symmetric/Salsa20
instanceKlass org/bouncycastle/jcajce/provider/symmetric/Rijndael
instanceKlass org/bouncycastle/jcajce/provider/symmetric/RC6
instanceKlass org/bouncycastle/jcajce/provider/symmetric/RC5
instanceKlass org/bouncycastle/jcajce/provider/symmetric/RC2
instanceKlass org/bouncycastle/jcajce/provider/symmetric/Noekeon
instanceKlass org/bouncycastle/jcajce/provider/symmetric/IDEA
instanceKlass org/bouncycastle/jcajce/provider/symmetric/HC256
instanceKlass org/bouncycastle/jcajce/provider/symmetric/HC128
instanceKlass org/bouncycastle/jcajce/provider/symmetric/Grain128
instanceKlass org/bouncycastle/jcajce/provider/symmetric/Grainv1
instanceKlass org/bouncycastle/jcajce/provider/symmetric/GOST28147
instanceKlass org/bouncycastle/jcajce/provider/symmetric/DESede
instanceKlass org/bouncycastle/jcajce/provider/symmetric/DES
instanceKlass org/bouncycastle/jcajce/provider/symmetric/ChaCha
instanceKlass org/bouncycastle/jcajce/provider/symmetric/CAST6
instanceKlass org/bouncycastle/jcajce/provider/symmetric/CAST5
instanceKlass org/bouncycastle/internal/asn1/ntt/NTTObjectIdentifiers
instanceKlass org/bouncycastle/jcajce/provider/symmetric/Camellia
instanceKlass org/bouncycastle/jcajce/provider/symmetric/Blowfish
instanceKlass org/bouncycastle/internal/asn1/nsri/NSRIObjectIdentifiers
instanceKlass org/bouncycastle/jcajce/provider/symmetric/ARIA
instanceKlass org/bouncycastle/jcajce/provider/symmetric/ARC4
instanceKlass org/bouncycastle/asn1/bc/BCObjectIdentifiers
instanceKlass org/bouncycastle/jcajce/provider/symmetric/AES
instanceKlass org/bouncycastle/crypto/params/DHValidationParameters
instanceKlass org/bouncycastle/crypto/params/DHParameters
instanceKlass org/bouncycastle/asn1/x9/X9ObjectIdentifiers
instanceKlass org/bouncycastle/crypto/CryptoServicesRegistrar$Property
# instanceKlass java/lang/invoke/LambdaForm$DMH+0x0000000100334000
instanceKlass org/bouncycastle/util/encoders/HexEncoder
instanceKlass org/bouncycastle/util/encoders/Encoder
instanceKlass org/bouncycastle/util/encoders/Hex
instanceKlass org/bouncycastle/crypto/params/DSAValidationParameters
instanceKlass org/bouncycastle/crypto/params/DSAParameters
instanceKlass org/bouncycastle/crypto/CryptoServicesRegistrar$1
instanceKlass org/bouncycastle/crypto/CryptoServicesRegistrar$ThreadLocalSecureRandomProvider
instanceKlass org/bouncycastle/crypto/CryptoServicesConstraints
instanceKlass org/bouncycastle/crypto/SecureRandomProvider
instanceKlass org/bouncycastle/crypto/CryptoServicesRegistrar
instanceKlass org/bouncycastle/jcajce/provider/symmetric/Poly1305
instanceKlass org/bouncycastle/jcajce/provider/symmetric/SipHash128
instanceKlass org/bouncycastle/jcajce/provider/symmetric/SipHash
instanceKlass org/bouncycastle/jcajce/provider/symmetric/HKDF
instanceKlass org/bouncycastle/jcajce/provider/symmetric/SCRYPT
instanceKlass org/bouncycastle/jcajce/provider/symmetric/TLSKDF
instanceKlass org/bouncycastle/jcajce/provider/symmetric/PBEPKCS12
instanceKlass org/bouncycastle/jcajce/provider/symmetric/PBEPBKDF2
instanceKlass org/bouncycastle/jcajce/provider/symmetric/PBEPBKDF1
instanceKlass org/bouncycastle/jcajce/provider/digest/Blake3
instanceKlass org/bouncycastle/jcajce/provider/digest/Haraka
instanceKlass org/bouncycastle/asn1/ua/UAObjectIdentifiers
instanceKlass org/bouncycastle/jcajce/provider/digest/DSTU7564
instanceKlass org/bouncycastle/jcajce/provider/digest/Blake2s
instanceKlass org/bouncycastle/internal/asn1/misc/MiscObjectIdentifiers
instanceKlass org/bouncycastle/jcajce/provider/digest/Blake2b
instanceKlass org/bouncycastle/internal/asn1/iso/ISOIECObjectIdentifiers
instanceKlass org/bouncycastle/jcajce/provider/digest/Whirlpool
instanceKlass org/bouncycastle/jcajce/provider/digest/Tiger
instanceKlass org/bouncycastle/asn1/gm/GMObjectIdentifiers
instanceKlass org/bouncycastle/jcajce/provider/digest/SM3
instanceKlass org/bouncycastle/jcajce/provider/digest/Skein
instanceKlass org/bouncycastle/jcajce/provider/digest/SHA3
instanceKlass org/bouncycastle/jcajce/provider/digest/SHA512
instanceKlass org/bouncycastle/jcajce/provider/digest/SHA384
instanceKlass org/bouncycastle/jcajce/provider/digest/SHA256
instanceKlass org/bouncycastle/asn1/nist/NISTObjectIdentifiers
instanceKlass org/bouncycastle/jcajce/provider/digest/SHA224
instanceKlass org/bouncycastle/jcajce/provider/digest/RIPEMD320
instanceKlass org/bouncycastle/jcajce/provider/digest/RIPEMD256
instanceKlass org/bouncycastle/jcajce/provider/digest/RIPEMD160
instanceKlass org/bouncycastle/asn1/teletrust/TeleTrusTObjectIdentifiers
instanceKlass org/bouncycastle/jcajce/provider/digest/RIPEMD128
instanceKlass org/bouncycastle/internal/asn1/oiw/OIWObjectIdentifiers
instanceKlass org/bouncycastle/jcajce/provider/digest/SHA1
instanceKlass org/bouncycastle/internal/asn1/iana/IANAObjectIdentifiers
instanceKlass org/bouncycastle/jcajce/provider/digest/MD5
instanceKlass org/bouncycastle/jcajce/provider/digest/MD4
instanceKlass org/bouncycastle/asn1/ASN1ObjectIdentifier$OidHandle
instanceKlass org/bouncycastle/asn1/pkcs/PKCSObjectIdentifiers
instanceKlass org/bouncycastle/jcajce/provider/digest/MD2
instanceKlass org/bouncycastle/jcajce/provider/digest/Keccak
instanceKlass org/bouncycastle/internal/asn1/rosstandart/RosstandartObjectIdentifiers
instanceKlass org/bouncycastle/util/Arrays
instanceKlass org/bouncycastle/asn1/ASN1Tag
instanceKlass org/bouncycastle/asn1/ASN1Type
instanceKlass org/bouncycastle/asn1/ASN1Object
instanceKlass org/bouncycastle/util/Encodable
instanceKlass org/bouncycastle/asn1/ASN1Encodable
instanceKlass org/bouncycastle/asn1/cryptopro/CryptoProObjectIdentifiers
instanceKlass org/bouncycastle/jcajce/provider/digest/GOST3411
instanceKlass org/bouncycastle/jcajce/provider/util/AlgorithmProvider
instanceKlass org/bouncycastle/jce/provider/BouncyCastleProvider$1
instanceKlass jdk/internal/math/MathUtils
instanceKlass jdk/internal/math/DoubleToDecimal
instanceKlass org/bouncycastle/jce/provider/BouncyCastleProvider$JcaCryptoService
instanceKlass java/security/cert/PKIXCertPathChecker
instanceKlass java/security/cert/CertPathChecker
instanceKlass org/bouncycastle/jcajce/provider/symmetric/util/ClassUtil
instanceKlass org/bouncycastle/util/Strings$1
instanceKlass org/bouncycastle/util/StringList
instanceKlass org/bouncycastle/util/Iterable
instanceKlass org/bouncycastle/util/Strings
instanceKlass javax/crypto/spec/DHParameterSpec
instanceKlass org/bouncycastle/jce/provider/BouncyCastleProviderConfiguration
instanceKlass java/util/logging/Logger$SystemLoggerHelper$1
instanceKlass java/util/logging/Logger$SystemLoggerHelper
instanceKlass java/util/logging/LogManager$4
instanceKlass jdk/internal/logger/BootstrapLogger$BootstrapExecutors
instanceKlass jdk/internal/logger/LoggerFinderLoader
instanceKlass  @bci java/lang/System$LoggerFinder accessProvider ()Ljava/lang/System$LoggerFinder; 8 <appendix> argL0 ; # java/lang/System$LoggerFinder$$Lambda+0x00000001002f5f78
instanceKlass java/util/stream/Streams
instanceKlass java/util/stream/Streams$AbstractStreamBuilderImpl
instanceKlass java/util/stream/Stream$Builder
instanceKlass  @bci java/util/logging/Level$KnownLevel findByName (Ljava/lang/String;Ljava/util/function/Function;)Ljava/util/Optional; 29 <appendix> argL0 ; # java/util/logging/Level$KnownLevel$$Lambda+0x00000001002f53a8
instanceKlass  @bci java/util/logging/Level findLevel (Ljava/lang/String;)Ljava/util/logging/Level; 13 <appendix> argL0 ; # java/util/logging/Level$$Lambda+0x00000001002f5168
instanceKlass java/util/Hashtable$Enumerator
instanceKlass java/util/Collections$3
instanceKlass java/util/logging/LogManager$LoggerContext$1
instanceKlass java/util/logging/LogManager$VisitedLoggers
instanceKlass java/util/logging/LogManager$2
instanceKlass java/util/logging/LogManager$LoggingProviderAccess
instanceKlass java/util/logging/LogManager$LogNode
instanceKlass java/util/logging/LogManager$LoggerContext
instanceKlass java/util/logging/LogManager$1
instanceKlass java/util/logging/Logger$ConfigurationData
instanceKlass java/util/logging/Logger$LoggerBundle
instanceKlass  @bci java/util/logging/Level$KnownLevel add (Ljava/util/logging/Level;)V 49 <appendix> argL0 ; # java/util/logging/Level$KnownLevel$$Lambda+0x00000001002f26b0
instanceKlass  @bci java/util/logging/Level$KnownLevel add (Ljava/util/logging/Level;)V 19 <appendix> argL0 ; # java/util/logging/Level$KnownLevel$$Lambda+0x00000001002f2470
instanceKlass java/util/logging/Level
instanceKlass java/util/logging/Handler
instanceKlass java/util/logging/Logger
instanceKlass org/bouncycastle/jcajce/provider/util/AsymmetricKeyInfoConverter
instanceKlass org/bouncycastle/crypto/CryptoServiceProperties
instanceKlass org/bouncycastle/jcajce/provider/config/ProviderConfiguration
instanceKlass org/bouncycastle/crypto/CipherParameters
instanceKlass org/bouncycastle/jcajce/provider/config/ConfigurableProvider
instanceKlass sun/security/util/ManifestEntryVerifier$SunProviderHolder
instanceKlass java/util/Base64$Encoder
instanceKlass java/util/Base64$Decoder
instanceKlass java/util/Base64
instanceKlass javax/crypto/SecretKey
instanceKlass sun/security/util/Length
instanceKlass sun/security/util/KeyUtil
instanceKlass java/security/interfaces/XECKey
instanceKlass sun/security/util/JarConstraintsParameters
instanceKlass sun/security/util/ConstraintsParameters
instanceKlass java/security/CodeSigner
instanceKlass java/security/Timestamp
instanceKlass sun/security/timestamp/TimestampToken
instanceKlass java/security/cert/CertPath
instanceKlass java/math/MutableBigInteger
instanceKlass sun/security/rsa/RSAPadding
instanceKlass sun/security/rsa/RSACore
instanceKlass java/security/interfaces/RSAPrivateCrtKey
instanceKlass sun/security/pkcs/PKCS8Key
instanceKlass sun/security/util/InternalPrivateKey
instanceKlass java/security/interfaces/RSAPrivateKey
instanceKlass jdk/internal/icu/util/CodePointTrie$Data
instanceKlass jdk/internal/icu/util/CodePointMap
instanceKlass jdk/internal/icu/util/VersionInfo
instanceKlass jdk/internal/icu/impl/ICUBinary$1
instanceKlass jdk/internal/icu/impl/ICUBinary
instanceKlass jdk/internal/icu/impl/NormalizerImpl$IsAcceptable
instanceKlass jdk/internal/icu/impl/ICUBinary$Authenticate
instanceKlass jdk/internal/icu/impl/NormalizerImpl
instanceKlass jdk/internal/icu/impl/Norm2AllModes$Norm2AllModesSingleton
instanceKlass jdk/internal/icu/impl/Norm2AllModes$NFKCSingleton
instanceKlass jdk/internal/icu/impl/Norm2AllModes
instanceKlass jdk/internal/icu/text/Normalizer2
instanceKlass jdk/internal/icu/text/NormalizerBase$ModeImpl
instanceKlass jdk/internal/icu/text/NormalizerBase$NFKDModeImpl
instanceKlass jdk/internal/icu/text/NormalizerBase$1
instanceKlass jdk/internal/icu/text/NormalizerBase$Mode
instanceKlass jdk/internal/icu/text/NormalizerBase
instanceKlass java/text/Normalizer
instanceKlass sun/security/x509/AVAKeyword
instanceKlass sun/security/util/SignatureUtil
instanceKlass sun/security/pkcs/SigningCertificateInfo$ESSCertId
instanceKlass sun/security/pkcs/SigningCertificateInfo
instanceKlass sun/security/x509/CertificatePolicyId
instanceKlass sun/security/x509/PolicyInformation
instanceKlass sun/security/x509/DistributionPoint
instanceKlass sun/security/x509/DNSName
instanceKlass sun/security/x509/URIName
instanceKlass sun/security/x509/GeneralName
instanceKlass sun/security/x509/AccessDescription
instanceKlass sun/security/pkcs/PKCS9Attribute
instanceKlass sun/security/pkcs/PKCS9Attributes
instanceKlass sun/security/util/DisabledAlgorithmConstraints$JarHolder
instanceKlass sun/security/pkcs/SignerInfo
instanceKlass jdk/internal/event/EventHelper
instanceKlass sun/security/jca/JCAUtil
instanceKlass sun/security/util/MemoryCache$CacheEntry
instanceKlass sun/security/x509/GeneralNames
instanceKlass sun/security/x509/KeyIdentifier
instanceKlass sun/security/x509/OIDMap$OIDInfo
instanceKlass sun/security/x509/PKIXExtensions
instanceKlass sun/security/x509/OIDMap
instanceKlass sun/security/x509/Extension
instanceKlass java/security/cert/Extension
instanceKlass sun/security/x509/CertificateExtensions
instanceKlass sun/security/rsa/RSAUtil
instanceKlass java/security/interfaces/RSAPublicKey
instanceKlass java/security/interfaces/RSAKey
instanceKlass java/security/spec/PSSParameterSpec
instanceKlass java/security/spec/RSAPrivateKeySpec
instanceKlass java/security/spec/RSAPublicKeySpec
instanceKlass  @bci java/security/spec/EncodedKeySpec <clinit> ()V 0 <appendix> argL0 ; # java/security/spec/EncodedKeySpec$$Lambda+0x00000001002dfe20
instanceKlass  @cpi java/security/spec/EncodedKeySpec 79 form vmentry <vmtarget> ; # java/lang/invoke/LambdaForm$DMH+0x0000000100324400
instanceKlass jdk/internal/access/JavaSecuritySpecAccess
instanceKlass java/security/spec/EncodedKeySpec
instanceKlass java/security/spec/KeySpec
instanceKlass sun/security/util/BitArray
instanceKlass sun/security/x509/X509Key
instanceKlass sun/security/x509/CertificateX509Key
instanceKlass sun/util/calendar/CalendarUtils
instanceKlass sun/util/calendar/CalendarDate
instanceKlass sun/security/x509/CertificateValidity
instanceKlass sun/security/x509/AVA
instanceKlass sun/security/x509/RDN
instanceKlass javax/security/auth/x500/X500Principal
instanceKlass  @bci sun/security/x509/X500Name <clinit> ()V 153 <appendix> argL0 ; # sun/security/x509/X500Name$$Lambda+0x00000001002dd2d0
instanceKlass sun/security/x509/X500Name
instanceKlass sun/security/x509/GeneralNameInterface
instanceKlass sun/security/x509/CertificateAlgorithmId
instanceKlass sun/security/x509/SerialNumber
instanceKlass sun/security/x509/CertificateSerialNumber
instanceKlass sun/security/x509/CertificateVersion
instanceKlass sun/security/x509/X509CertInfo
instanceKlass sun/security/util/Cache$EqualByteArray
instanceKlass  @bci sun/security/util/DerInputStream seeOptionalContextSpecific (I)Z 2 <appendix> member <vmtarget> ; # sun/security/util/DerInputStream$$Lambda+0x00000001002db930
instanceKlass  @cpi sun/security/util/DerInputStream 295 form vmentry <vmtarget> ; # java/lang/invoke/LambdaForm$DMH+0x0000000100324000
instanceKlass java/security/cert/CertificateFactorySpi
instanceKlass java/security/cert/CertificateFactory
instanceKlass sun/security/x509/AlgorithmId
instanceKlass sun/security/util/DerValue
instanceKlass sun/security/pkcs/ContentInfo
instanceKlass sun/security/util/DerInputStream
instanceKlass sun/security/pkcs/PKCS7
instanceKlass  @bci sun/security/util/ManifestDigester <init> ([B)V 350 <appendix> argL0 ; # sun/security/util/ManifestDigester$$Lambda+0x00000001002d9cf8
instanceKlass sun/security/util/ManifestDigester$Section
instanceKlass sun/security/util/ManifestDigester$Entry
instanceKlass sun/security/util/ManifestDigester$Position
instanceKlass sun/security/util/ManifestDigester
instanceKlass sun/security/util/ManifestEntryVerifier
instanceKlass java/util/jar/JarFile$ThreadTrackHolder
instanceKlass ghidra/framework/remote/security/SSHKeyManager
instanceKlass ghidra/framework/client/ClientUtil
instanceKlass java/net/Authenticator
instanceKlass ghidra/framework/client/HeadlessClientAuthenticator
instanceKlass ghidra/framework/client/ClientAuthenticator
instanceKlass ghidra/security/KeyStorePasswordProvider
instanceKlass java/util/LinkedList$Node
instanceKlass generic/stl/Pair
instanceKlass  @bci ghidra/app/util/headless/AnalyzeHeadless isExistingArg (Ljava/lang/String;)Z 7 <appendix> member <vmtarget> ; # ghidra/app/util/headless/AnalyzeHeadless$$Lambda+0x000000010031f488
instanceKlass java/util/Timer$ThreadReaper
instanceKlass java/lang/Thread$ThreadNumbering
instanceKlass java/util/TaskQueue
instanceKlass java/util/Timer
instanceKlass ghidra/util/timer/GTimerMonitor$1
instanceKlass ghidra/util/timer/GTimerMonitor
instanceKlass java/util/TimerTask
instanceKlass ghidra/util/timer/GTimer
instanceKlass  @bci ghidra/formats/gfilesystem/FileSystemService <init> (Ljava/io/File;)V 81 <appendix> member <vmtarget> ; # ghidra/formats/gfilesystem/FileSystemService$$Lambda+0x000000010031e990
instanceKlass sun/nio/fs/WindowsLinkSupport
instanceKlass java/nio/file/FileStore
instanceKlass ghidra/formats/gfilesystem/FileCache
instanceKlass ghidra/formats/gfilesystem/FileCacheNameIndex
instanceKlass ghidra/formats/gfilesystem/FileSystemInstanceManager
instanceKlass org/apache/commons/lang3/ArrayUtils
instanceKlass ghidra/util/NumericUtilities$DefaultIntegerRadixRenderer
instanceKlass ghidra/util/NumericUtilities$UnsignedIntegerRadixRenderer
instanceKlass ghidra/util/NumericUtilities$SignedIntegerRadixRenderer
instanceKlass ghidra/util/NumericUtilities$IntegerRadixRenderer
instanceKlass ghidra/util/NumericUtilities
instanceKlass ghidra/file/cliwrapper/CliToolWrapper
instanceKlass org/apache/commons/compress/compressors/bzip2/BZip2Constants
instanceKlass ghidra/file/formats/squashfs/SquashConstants
instanceKlass ghidra/app/util/recognizer/UnixCompressRecognizer
instanceKlass ghidra/app/util/recognizer/XarRecognizer
instanceKlass ghidra/app/util/recognizer/VHDRecognizer
instanceKlass ghidra/app/util/recognizer/RPMRecognizer
instanceKlass ghidra/app/util/recognizer/RarRecognizer
instanceKlass ghidra/app/util/recognizer/LhaRecognizer
instanceKlass ghidra/app/util/recognizer/DebRecognizer
instanceKlass ghidra/app/util/recognizer/CramFSRecognizer
instanceKlass ghidra/app/util/recognizer/CHMRecognizer
instanceKlass ghidra/app/util/recognizer/CabarcRecognizer
instanceKlass ghidra/app/util/recognizer/ArjRecognizer
instanceKlass ghidra/app/util/recognizer/MSWIMRecognizer
instanceKlass ghidra/app/util/recognizer/Bzip2Recognizer
instanceKlass ghidra/app/util/recognizer/XZRecognizer
instanceKlass ghidra/app/util/recognizer/SevenZipRecognizer
instanceKlass ghidra/app/util/recognizer/Recognizer
instanceKlass ghidra/file/formats/java/JavaClassConstants
instanceKlass ghidra/file/formats/ios/img3/Img3Constants
instanceKlass ghidra/file/formats/ios/img2/Img2Constants
instanceKlass ghidra/app/util/bin/format/coff/archive/CoffArchiveConstants
instanceKlass  @bci ghidra/formats/gfilesystem/factory/FileSystemInfoRec <clinit> ()V 8 <appendix> argL0 ; # ghidra/formats/gfilesystem/factory/FileSystemInfoRec$$Lambda+0x0000000100318d80
instanceKlass ghidra/formats/gfilesystem/factory/FileSystemInfoRec
instanceKlass ghidra/framework/store/remote/RemoteFileSystem
instanceKlass ghidra/framework/client/RemoteAdapterListener
instanceKlass ghidra/file/formats/ios/img2/Img2FileSystemFactory
instanceKlass ghidra/program/model/listing/Program
instanceKlass ghidra/program/model/lang/ProgramArchitecture
instanceKlass ghidra/program/model/data/DataTypeManagerDomainObject
instanceKlass ghidra/app/merge/DataTypeManagerOwner
instanceKlass ghidra/framework/model/DomainObject
instanceKlass ghidra/formats/gfilesystem/GFileSystemProgramProvider
instanceKlass ghidra/file/formats/java/JavaClassDecompilerFileSystemFactory
instanceKlass ghidra/file/formats/java/JavaClassDecompilerFileSystem
instanceKlass ghidra/file/formats/squashfs/SquashFileSystemFactory
instanceKlass ghidra/file/formats/squashfs/SquashInode
instanceKlass ghidra/file/formats/coff/CoffArchiveFileSystemFactory
instanceKlass ghidra/file/formats/ios/dyldcache/DyldCacheFileSystemFactory
instanceKlass com/google/common/collect/RangeSet
instanceKlass com/google/common/collect/RangeMap
instanceKlass ghidra/file/formats/sparseimage/SparseImageFileSystemFactory
instanceKlass org/objectweb/asm/ClassVisitor
instanceKlass com/googlecode/d2j/dex/DexExceptionHandler
instanceKlass com/googlecode/d2j/visitors/DexFileVisitor
instanceKlass ghidra/file/formats/lzfse/LzfseFileSystemFactory
instanceKlass ghidra/file/formats/cpio/CpioFileSystemFactory
instanceKlass org/apache/commons/compress/archivers/cpio/CpioConstants
instanceKlass org/jf/dexlib2/iface/DexFile
instanceKlass ghidra/formats/gfilesystem/factory/GFileSystemFactoryIgnore
instanceKlass ghidra/file/formats/ios/dmg/DmgClientFileSystemFactory
instanceKlass ghidra/file/formats/complzss/CompLzssFileSystemFactory
instanceKlass ghidra/file/formats/ios/img3/Img3FileSystemFactory
instanceKlass ghidra/file/formats/zstd/ZstdFileSystemFactory
instanceKlass ghidra/file/formats/ext4/Ext4FileSystemFactory
instanceKlass ghidra/file/formats/ext4/Ext4DirEntry
instanceKlass ghidra/file/formats/gzip/GZipFileSystemFactory
instanceKlass ghidra/file/formats/omf51/Omf51ArchiveFileSystemFactory
instanceKlass ghidra/file/formats/ios/fileset/MachoFileSetFileSystemFactory
instanceKlass javax/swing/Icon
instanceKlass java/awt/image/WritableRenderedImage
instanceKlass java/awt/image/RenderedImage
instanceKlass ghidra/formats/gfilesystem/GIconProvider
instanceKlass ghidra/file/formats/ios/hfs/HFSPlusFileSystemFactory
instanceKlass org/apache/commons/compress/utils/InputStreamStatistics
instanceKlass ghidra/file/formats/cart/CartFileSystemFactory
instanceKlass ghidra/file/formats/cart/CartFileSystem
instanceKlass ghidra/file/formats/zip/ZipFileSystemFactory
instanceKlass ghidra/file/formats/iso9660/ISO9660FileSystemFactory
instanceKlass ghidra/file/formats/sevenzip/SevenZipFileSystemFactory
instanceKlass net/sf/sevenzipjbinding/IArchiveExtractCallback
instanceKlass net/sf/sevenzipjbinding/IProgress
instanceKlass net/sf/sevenzipjbinding/IInStream
instanceKlass net/sf/sevenzipjbinding/ISeekableStream
instanceKlass net/sf/sevenzipjbinding/ISequentialInStream
instanceKlass ghidra/file/formats/tar/TarFileSystemFactory
instanceKlass ghidra/formats/gfilesystem/factory/GFileSystemProbeBytesOnly
instanceKlass ghidra/file/formats/omf/OmfArchiveFileSystemFactory
instanceKlass ghidra/app/util/bin/format/omf/AbstractOmfRecordFactory
instanceKlass ghidra/formats/gfilesystem/AbstractFileSystem
instanceKlass ghidra/formats/gfilesystem/AbstractSinglePayloadFileSystem
instanceKlass ghidra/pcode/emu/unix/AbstractEmuUnixFile
instanceKlass ghidra/pcode/emu/unix/EmuUnixFile
instanceKlass ghidra/pcode/emu/unix/AbstractEmuUnixFileSystem
instanceKlass ghidra/pcode/emu/unix/EmuUnixFileSystem
instanceKlass ghidra/framework/data/ConvertFileSystem
instanceKlass ghidra/formats/gfilesystem/factory/GFileSystemBaseFactory
instanceKlass ghidra/formats/gfilesystem/factory/GFileSystemProbeByteProvider
instanceKlass ghidra/formats/gfilesystem/factory/GFileSystemProbe
instanceKlass ghidra/formats/gfilesystem/factory/GFileSystemFactoryByteProvider
instanceKlass ghidra/formats/gfilesystem/factory/GFileSystemFactory
instanceKlass ghidra/formats/gfilesystem/annotations/FileSystemInfo
instanceKlass ghidra/formats/gfilesystem/GFileSystemBase
instanceKlass ghidra/formats/gfilesystem/factory/FileSystemFactoryMgr$Singleton
instanceKlass ghidra/formats/gfilesystem/factory/FileSystemFactoryMgr
instanceKlass ghidra/formats/gfilesystem/GFileImpl
instanceKlass org/apache/commons/collections4/map/AbstractHashedMap$HashEntry
instanceKlass org/apache/commons/collections4/KeyValue
instanceKlass org/apache/commons/collections4/MapIterator
instanceKlass org/apache/commons/collections4/IterableMap
instanceKlass org/apache/commons/collections4/IterableGet
instanceKlass org/apache/commons/collections4/Get
instanceKlass org/apache/commons/collections4/Put
instanceKlass ghidra/util/datastruct/ThreadSafeListenerStorage$StrongSetFactory
instanceKlass generic/cache/Factory
instanceKlass ghidra/util/datastruct/ThreadSafeListenerStorage
instanceKlass ghidra/util/datastruct/ListenerSet$ListenerHandler
instanceKlass ghidra/util/datastruct/DataStructureErrorHandlerFactory$DefaultListenerErrorHandler
instanceKlass ghidra/util/datastruct/ListenerErrorHandler
instanceKlass ghidra/util/datastruct/DataStructureErrorHandlerFactory$1
instanceKlass ghidra/util/datastruct/ListenerErrorHandlerFactory
instanceKlass ghidra/util/datastruct/DataStructureErrorHandlerFactory
instanceKlass ghidra/formats/gfilesystem/FileSystemEventListener
instanceKlass ghidra/util/datastruct/ListenerSet
instanceKlass ghidra/formats/gfilesystem/FileSystemRefManager
instanceKlass ghidra/formats/gfilesystem/GFile
instanceKlass ghidra/formats/gfilesystem/LocalFileSystem
instanceKlass ghidra/formats/gfilesystem/GFileHashProvider
instanceKlass ghidra/formats/gfilesystem/crypto/CryptoSession
instanceKlass ghidra/app/util/bin/ByteProvider
instanceKlass ghidra/formats/gfilesystem/GFileSystem
instanceKlass ghidra/formats/gfilesystem/FileSystemService
instanceKlass ghidra/app/util/headless/HeadlessOptions
instanceKlass ghidra/net/HttpClients
instanceKlass javax/net/SocketFactory
instanceKlass ghidra/net/DefaultSSLContextInitializer$HttpsHostnameVerifier
instanceKlass javax/net/ssl/HttpsURLConnection$DefaultHostnameVerifier
instanceKlass java/nio/file/Files$AcceptAllFilter
instanceKlass java/net/NetworkInterface$1
instanceKlass java/net/DefaultInterface
instanceKlass java/net/InterfaceAddress
instanceKlass java/net/NetworkInterface
instanceKlass sun/security/provider/ByteArrayAccess$BE
instanceKlass sun/security/provider/ByteArrayAccess
instanceKlass sun/security/provider/SeedGenerator$1
instanceKlass sun/security/provider/SeedGenerator
instanceKlass sun/security/provider/SecureRandom$SeederHolder
instanceKlass  @bci sun/security/ssl/SSLContextImpl engineInit ([Ljavax/net/ssl/KeyManager;[Ljavax/net/ssl/TrustManager;Ljava/security/SecureRandom;)V 57 <appendix> argL0 ; # sun/security/ssl/SSLContextImpl$$Lambda+0x00000001002d24f8
instanceKlass javax/net/ssl/X509ExtendedTrustManager
instanceKlass ghidra/net/DefaultTrustManagerFactory$OpenTrustManager
instanceKlass ghidra/net/DefaultTrustManagerFactory$WrappedTrustManager
instanceKlass java/security/cert/X509Extension
instanceKlass javax/net/ssl/X509TrustManager
instanceKlass javax/net/ssl/TrustManager
instanceKlass ghidra/net/DefaultTrustManagerFactory
instanceKlass  @bci java/lang/Class methodToString (Ljava/lang/String;[Ljava/lang/Class;)Ljava/lang/String; 42 <appendix> argL0 ; # java/lang/Class$$Lambda+0x00000001002d0cc0
instanceKlass  @bci sun/security/provider/certpath/ldap/JdkLDAP <init> ()V 15 <appendix> member <vmtarget> ; # sun/security/provider/certpath/ldap/JdkLDAP$$Lambda+0x00000001002d0628
instanceKlass com/sun/security/sasl/Provider$1
instanceKlass  @bci sun/security/pkcs11/SunPKCS11 register (Lsun/security/pkcs11/SunPKCS11$Descriptor;)V 27 <appendix> argL0 ; # sun/security/pkcs11/SunPKCS11$$Lambda+0x00000001002b16e0
instanceKlass sun/security/pkcs11/SunPKCS11$Descriptor
instanceKlass javax/security/auth/callback/CallbackHandler
instanceKlass javax/security/auth/Subject
instanceKlass com/sun/security/sasl/gsskerb/JdkSASL$1
instanceKlass  @bci sun/security/jgss/SunProvider <init> ()V 15 <appendix> member <vmtarget> ; # sun/security/jgss/SunProvider$$Lambda+0x00000001002b0230
instanceKlass sun/security/smartcardio/SunPCSC$1
instanceKlass org/jcp/xml/dsig/internal/dom/XMLDSigRI$2
instanceKlass org/jcp/xml/dsig/internal/dom/XMLDSigRI$1
instanceKlass sun/security/mscapi/SunMSCAPI$2
instanceKlass sun/security/mscapi/SunMSCAPI$1
instanceKlass java/security/SecureRandomSpi
instanceKlass generic/random/SecureRandomFactory
instanceKlass sun/security/util/Cache
instanceKlass sun/security/ssl/SSLSessionContextImpl
instanceKlass javax/net/ssl/SSLSessionContext
instanceKlass sun/security/ssl/EphemeralKeyManager$EphemeralKeyPair
instanceKlass sun/security/ssl/EphemeralKeyManager
instanceKlass sun/security/ssl/SSLContextImpl$CustomizedSSLProtocols
instanceKlass java/security/spec/NamedParameterSpec
instanceKlass sun/security/util/ECKeySizeParameterSpec
instanceKlass java/security/AlgorithmParametersSpi
instanceKlass java/security/AlgorithmParameters
instanceKlass sun/security/util/ECUtil
instanceKlass java/security/KeyPairGeneratorSpi
instanceKlass java/security/PrivateKey
instanceKlass javax/security/auth/Destroyable
instanceKlass java/security/PublicKey
instanceKlass java/security/KeyFactorySpi
instanceKlass java/security/KeyFactory
instanceKlass javax/crypto/KeyAgreement
instanceKlass sun/security/util/MessageDigestSpi2
instanceKlass sun/security/jca/GetInstance$Instance
instanceKlass java/security/MessageDigestSpi
instanceKlass java/security/interfaces/ECKey
instanceKlass java/security/Key
instanceKlass java/security/Signature$1
instanceKlass jdk/internal/access/JavaSecuritySignatureAccess
instanceKlass java/security/SignatureSpi
instanceKlass sun/security/ssl/JsseJce$EcAvailability
instanceKlass sun/security/ssl/SSLAlgorithmDecomposer$1
instanceKlass sun/security/ssl/Utilities
instanceKlass sun/security/ssl/JsseJce
instanceKlass sun/security/ssl/NamedGroup$XDHScheme
instanceKlass sun/security/ssl/NamedGroup$FFDHEScheme
instanceKlass sun/security/ssl/NamedGroup$ECDHEScheme
instanceKlass sun/security/ssl/NamedGroup$NamedGroupScheme
instanceKlass sun/security/ssl/SSLCipher$1
instanceKlass sun/security/ssl/SSLCipher$T13CC20P1305WriteCipherGenerator
instanceKlass sun/security/ssl/SSLCipher$T12CC20P1305WriteCipherGenerator
instanceKlass sun/security/ssl/SSLCipher$T13CC20P1305ReadCipherGenerator
instanceKlass sun/security/ssl/SSLCipher$T12CC20P1305ReadCipherGenerator
instanceKlass sun/security/ssl/SSLCipher$T13GcmWriteCipherGenerator
instanceKlass sun/security/ssl/SSLCipher$T13GcmReadCipherGenerator
instanceKlass sun/security/ssl/SSLCipher$T12GcmWriteCipherGenerator
instanceKlass sun/security/ssl/SSLCipher$T12GcmReadCipherGenerator
instanceKlass com/sun/crypto/provider/AESConstants
instanceKlass java/util/Vector$1
instanceKlass  @bci javax/crypto/JceSecurityManager <clinit> ()V 67 <appendix> argL0 ; # javax/crypto/JceSecurityManager$$Lambda+0x00000001002c2610
instanceKlass  @bci javax/crypto/JceSecurityManager <clinit> ()V 49 <appendix> argL0 ; # javax/crypto/JceSecurityManager$$Lambda+0x00000001002c23f0
instanceKlass javax/crypto/JceSecurityManager
instanceKlass sun/security/ssl/SSLCipher$T11BlockWriteCipherGenerator
instanceKlass sun/security/ssl/SSLCipher$T11BlockReadCipherGenerator
instanceKlass com/sun/crypto/provider/PKCS5Padding
instanceKlass com/sun/crypto/provider/Padding
instanceKlass com/sun/crypto/provider/FeedbackCipher
instanceKlass com/sun/crypto/provider/SymmetricCipher
instanceKlass com/sun/crypto/provider/DESConstants
instanceKlass com/sun/crypto/provider/CipherCore
instanceKlass sun/security/ssl/SSLCipher$T10BlockWriteCipherGenerator
instanceKlass sun/security/ssl/SSLCipher$T10BlockReadCipherGenerator
instanceKlass javax/crypto/CipherSpi
instanceKlass javax/crypto/ProviderVerifier
instanceKlass java/lang/Class$Holder
instanceKlass javax/crypto/JceSecurity$3
instanceKlass javax/crypto/JceSecurity$2
instanceKlass java/net/spi/URLStreamHandlerProvider
instanceKlass java/net/URL$1
instanceKlass java/net/URL$2
instanceKlass jdk/internal/misc/ThreadTracker
instanceKlass java/net/URL$ThreadTrackHolder
instanceKlass java/util/Vector$Itr
instanceKlass javax/crypto/CryptoPolicyParser$CryptoPermissionEntry
instanceKlass javax/crypto/CryptoPolicyParser$GrantEntry
instanceKlass sun/nio/ch/IOStatus
instanceKlass sun/nio/ch/Util$BufferCache
instanceKlass sun/nio/ch/Util
instanceKlass sun/nio/ch/NativeThread
instanceKlass java/io/StreamTokenizer
instanceKlass javax/crypto/CryptoPolicyParser
instanceKlass java/nio/channels/NetworkChannel
instanceKlass sun/nio/ch/SelChImpl
instanceKlass sun/nio/ch/Streams
instanceKlass java/nio/channels/Channels
instanceKlass sun/nio/ch/FileChannelImpl$Closer
instanceKlass sun/nio/ch/NativeThreadSet
instanceKlass sun/nio/ch/IOUtil
instanceKlass sun/nio/ch/NativeDispatcher
instanceKlass java/nio/channels/spi/AbstractInterruptibleChannel
instanceKlass java/nio/channels/InterruptibleChannel
instanceKlass java/nio/channels/ScatteringByteChannel
instanceKlass java/nio/channels/GatheringByteChannel
instanceKlass java/nio/channels/SeekableByteChannel
instanceKlass java/nio/channels/ByteChannel
instanceKlass java/nio/channels/WritableByteChannel
instanceKlass java/nio/channels/ReadableByteChannel
instanceKlass java/nio/channels/Channel
instanceKlass sun/nio/fs/BasicFileAttributesHolder
instanceKlass sun/nio/fs/WindowsDirectoryStream$WindowsDirectoryIterator
instanceKlass java/nio/file/Files$1
instanceKlass java/nio/file/DirectoryStream$Filter
instanceKlass sun/nio/fs/WindowsFileSystem$2
instanceKlass java/nio/file/PathMatcher
instanceKlass sun/nio/fs/Globs
instanceKlass sun/nio/fs/WindowsDirectoryStream
instanceKlass java/nio/file/DirectoryStream
instanceKlass sun/nio/fs/WindowsChannelFactory$Flags
instanceKlass sun/nio/fs/WindowsChannelFactory$1
instanceKlass sun/nio/fs/WindowsChannelFactory
instanceKlass sun/nio/fs/WindowsFileSystemProvider$1
instanceKlass javax/crypto/JceSecurity$1
instanceKlass javax/crypto/JceSecurity
instanceKlass sun/security/jca/ProviderList$ServiceList$1
instanceKlass sun/security/jca/ServiceId
instanceKlass javax/crypto/Cipher$Transform
instanceKlass sun/security/util/CryptoAlgorithmConstraints$CryptoHolder
instanceKlass javax/crypto/Cipher
instanceKlass sun/security/ssl/SSLCipher$StreamWriteCipherGenerator
instanceKlass sun/security/ssl/SSLCipher$StreamReadCipherGenerator
instanceKlass sun/security/ssl/SSLCipher$NullWriteCipherGenerator
instanceKlass sun/security/ssl/SSLCipher$WriteCipherGenerator
instanceKlass sun/security/ssl/SSLCipher$NullReadCipherGenerator
instanceKlass sun/security/ssl/SSLCipher$ReadCipherGenerator
instanceKlass  @bci sun/security/util/DisabledAlgorithmConstraints checkDisabledPatterns (Ljava/lang/String;)Z 17 <appendix> member <vmtarget> ; # sun/security/util/DisabledAlgorithmConstraints$$Lambda+0x0000000100271f10
instanceKlass sun/security/util/DisabledAlgorithmConstraints$Constraints$Holder
instanceKlass sun/security/util/DisabledAlgorithmConstraints$Constraint
instanceKlass sun/security/util/DisabledAlgorithmConstraints$Constraints
instanceKlass sun/security/util/AbstractAlgorithmConstraints$1
instanceKlass sun/security/util/AlgorithmDecomposer
instanceKlass sun/security/util/AbstractAlgorithmConstraints
instanceKlass sun/security/ssl/SSLAlgorithmConstraints
instanceKlass java/security/AlgorithmConstraints
instanceKlass sun/security/ssl/SSLLogger
instanceKlass jdk/internal/event/Event
instanceKlass  @bci sun/security/ssl/SunJSSE registerAlgorithms ()V 1 <appendix> member <vmtarget> ; # sun/security/ssl/SunJSSE$$Lambda+0x000000010026ced0
instanceKlass java/security/spec/ECFieldF2m
instanceKlass sun/security/util/ObjectIdentifier
instanceKlass sun/security/util/ByteArrayTagOrder
instanceKlass sun/security/util/ByteArrayLexOrder
instanceKlass sun/security/util/DerEncoder
instanceKlass java/security/spec/ECParameterSpec
instanceKlass java/security/spec/AlgorithmParameterSpec
instanceKlass java/security/spec/ECPoint
instanceKlass java/security/spec/EllipticCurve
instanceKlass java/security/spec/ECFieldFp
instanceKlass java/security/spec/ECField
instanceKlass sun/security/util/CurveDB
instanceKlass sun/security/ec/SunEC$1
instanceKlass sun/security/jca/ProviderConfig$ProviderLoader
instanceKlass sun/security/jca/ProviderConfig$3
instanceKlass sun/security/rsa/SunRsaSignEntries
instanceKlass sun/security/util/SecurityProviderConstants
instanceKlass java/security/Provider$UString
instanceKlass java/security/Provider$Service
instanceKlass sun/security/provider/NativePRNG$NonBlocking
instanceKlass sun/security/provider/NativePRNG$Blocking
instanceKlass sun/security/provider/NativePRNG
instanceKlass sun/security/provider/SunEntries$1
instanceKlass sun/security/provider/SunEntries
instanceKlass sun/security/jca/ProviderList$2
instanceKlass jdk/internal/math/FloatingDecimal$ASCIIToBinaryBuffer
instanceKlass jdk/internal/math/FloatingDecimal$PreparedASCIIToBinaryBuffer
instanceKlass jdk/internal/math/FloatingDecimal$ASCIIToBinaryConverter
instanceKlass jdk/internal/math/FloatingDecimal$BinaryToASCIIBuffer
instanceKlass jdk/internal/math/FloatingDecimal$ExceptionalBinaryToASCIIBuffer
instanceKlass jdk/internal/math/FloatingDecimal$BinaryToASCIIConverter
instanceKlass jdk/internal/math/FloatingDecimal
instanceKlass javax/security/auth/login/Configuration$Parameters
instanceKlass java/security/Policy$Parameters
instanceKlass java/security/cert/CertStoreParameters
instanceKlass java/security/SecureRandomParameters
instanceKlass java/security/Provider$EngineDescription
instanceKlass java/security/Provider$ServiceKey
instanceKlass sun/security/jca/ProviderConfig
instanceKlass sun/security/jca/ProviderList
instanceKlass sun/security/jca/Providers
instanceKlass sun/security/jca/GetInstance
instanceKlass javax/net/ssl/SSLContextSpi
instanceKlass javax/net/ssl/SSLContext
instanceKlass javax/net/ssl/X509ExtendedKeyManager
instanceKlass javax/net/ssl/X509KeyManager
instanceKlass ghidra/net/DefaultKeyManagerFactory
instanceKlass  @bci ghidra/framework/store/db/PackedDatabase cleanupOldTempDatabases ()V 5 <appendix> argL0 ; # ghidra/framework/store/db/PackedDatabase$$Lambda+0x00000001002aaed0
instanceKlass ghidra/framework/store/DatabaseItem
instanceKlass ghidra/framework/store/TextDataItem
instanceKlass ghidra/framework/store/DataFileItem
instanceKlass ghidra/framework/store/FileSystemListener
instanceKlass ghidra/framework/store/UnknownFolderItem
instanceKlass ghidra/framework/store/local/LocalFolderItem
instanceKlass ghidra/util/PropertyFile
instanceKlass ghidra/framework/store/FolderItem
instanceKlass ghidra/framework/store/local/LocalFileSystem
instanceKlass ghidra/framework/store/FileSystem
instanceKlass  @bci org/apache/logging/log4j/core/util/internal/InternalLoggerRegistry expungeStaleEntries ()V 86 <appendix> argL0 ; # org/apache/logging/log4j/core/util/internal/InternalLoggerRegistry$$Lambda+0x000000010028f640
instanceKlass db/DBHandle
instanceKlass db/buffers/BufferFileManager
instanceKlass db/Database
instanceKlass ghidra/util/charset/CharsetInfoManager$Singleton
instanceKlass java/nio/charset/Charset$1
instanceKlass sun/nio/cs/ext/AbstractCharsetProvider$1
instanceKlass sun/util/PreHashedMap$1$1
instanceKlass sun/nio/cs/StandardCharsets$1
instanceKlass java/nio/charset/Charset$3
instanceKlass  @bci ghidra/util/charset/CharsetInfoManager <init> (Ljava/util/List;)V 31 <appendix> member <vmtarget> ; # ghidra/util/charset/CharsetInfoManager$$Lambda+0x000000010028dba0
instanceKlass  @bci ghidra/util/charset/CharsetInfoManager <init> (Ljava/util/List;)V 19 <appendix> member <vmtarget> ; # ghidra/util/charset/CharsetInfoManager$$Lambda+0x000000010028d968
instanceKlass ghidra/util/charset/CharsetInfoManager$CharSetsSingleton
instanceKlass sun/nio/cs/DelegatableDecoder
instanceKlass java/nio/charset/Charset$ExtendedProviderHolder$1
instanceKlass java/nio/charset/Charset$ExtendedProviderHolder
# instanceKlass java/lang/invoke/LambdaForm$MH+0x000000010028b800
# instanceKlass java/lang/invoke/LambdaForm$MH+0x000000010028b400
# instanceKlass java/lang/invoke/LambdaForm$MH+0x000000010028b000
# instanceKlass java/lang/invoke/LambdaForm$MH+0x000000010028ac00
# instanceKlass java/lang/invoke/LambdaForm$MH+0x000000010028a800
# instanceKlass java/lang/invoke/LambdaForm$MH+0x000000010028a400
# instanceKlass java/lang/invoke/LambdaForm$MH+0x000000010028a000
# instanceKlass java/lang/invoke/LambdaForm$MH+0x0000000100289c00
# instanceKlass java/lang/invoke/LambdaForm$MH+0x0000000100289800
# instanceKlass java/lang/invoke/LambdaForm$MH+0x0000000100289400
instanceKlass  @bci jdk/internal/reflect/MethodHandleIntegerFieldAccessorImpl setInt (Ljava/lang/Object;I)V 41 <adapter> ; # java/lang/invoke/LambdaForm$MH+0x0000000100289000
# instanceKlass java/lang/invoke/LambdaForm$MH+0x0000000100288c00
# instanceKlass java/lang/invoke/LambdaForm$MH+0x0000000100288800
instanceKlass jdk/internal/vm/annotation/ForceInline
instanceKlass sun/misc/Unsafe
instanceKlass com/google/gson/internal/UnsafeAllocator
instanceKlass com/google/gson/internal/bind/ReflectiveTypeAdapterFactory$FieldsData
instanceKlass  @bci com/google/gson/internal/ConstructorConstructor newCollectionConstructor (Ljava/lang/Class;)Lcom/google/gson/internal/ObjectConstructor; 24 <appendix> argL0 ; # com/google/gson/internal/ConstructorConstructor$$Lambda+0x000000010028c8c8
instanceKlass  @bci com/google/gson/internal/ConstructorConstructor newSpecialCollectionConstructor (Ljava/lang/reflect/Type;Ljava/lang/Class;)Lcom/google/gson/internal/ObjectConstructor; 10 <appendix> member <vmtarget> ; # com/google/gson/internal/ConstructorConstructor$$Lambda+0x000000010028c6a0
# instanceKlass java/lang/invoke/LambdaForm$MH+0x0000000100288400
instanceKlass  @bci com/google/gson/internal/ConstructorConstructor newUnsafeAllocator (Ljava/lang/Class;)Lcom/google/gson/internal/ObjectConstructor; 8 <appendix> member <vmtarget> ; # com/google/gson/internal/ConstructorConstructor$$Lambda+0x000000010028c478
instanceKlass  @bci com/google/gson/internal/ConstructorConstructor newCollectionConstructor (Ljava/lang/Class;)Lcom/google/gson/internal/ObjectConstructor; 9 <appendix> argL0 ; # com/google/gson/internal/ConstructorConstructor$$Lambda+0x000000010028c258
instanceKlass com/google/gson/internal/Primitives
instanceKlass com/google/gson/internal/GsonTypes$ParameterizedTypeImpl
instanceKlass com/google/gson/annotations/SerializedName
instanceKlass sun/reflect/generics/tree/TypeVariableSignature
instanceKlass  @bci com/google/gson/internal/ConstructorConstructor newDefaultConstructor (Ljava/lang/Class;Lcom/google/gson/ReflectionAccessFilter$FilterResult;)Lcom/google/gson/internal/ObjectConstructor; 130 <appendix> member <vmtarget> ; # com/google/gson/internal/ConstructorConstructor$$Lambda+0x00000001002879d0
instanceKlass com/google/gson/internal/ObjectConstructor
# instanceKlass java/lang/invoke/LambdaForm$MH+0x0000000100288000
instanceKlass com/google/gson/internal/ReflectionAccessFilterHelper
instanceKlass com/google/gson/annotations/JsonAdapter
instanceKlass java/lang/reflect/AnnotatedType
instanceKlass com/google/gson/internal/reflect/ReflectionHelper$RecordHelper
instanceKlass com/google/gson/internal/reflect/ReflectionHelper
instanceKlass com/google/gson/internal/GsonTypes
instanceKlass com/google/gson/reflect/TypeToken
instanceKlass com/google/gson/internal/bind/ReflectiveTypeAdapterFactory$BoundField
instanceKlass com/google/gson/internal/bind/ReflectiveTypeAdapterFactory
instanceKlass com/google/gson/internal/bind/JsonAdapterAnnotationTypeAdapterFactory$DummyTypeAdapterFactory
instanceKlass com/google/gson/internal/bind/JsonAdapterAnnotationTypeAdapterFactory
instanceKlass com/google/gson/internal/bind/MapTypeAdapterFactory
instanceKlass com/google/gson/internal/bind/CollectionTypeAdapterFactory
instanceKlass com/google/gson/internal/bind/ArrayTypeAdapter$1
instanceKlass com/google/gson/internal/bind/DefaultDateTypeAdapter$1
instanceKlass java/util/concurrent/atomic/AtomicLongArray
instanceKlass com/google/gson/internal/bind/NumberTypeAdapter$1
instanceKlass com/google/gson/internal/bind/ObjectTypeAdapter$1
instanceKlass com/google/gson/internal/bind/EnumTypeAdapter$1
instanceKlass com/google/gson/internal/bind/TypeAdapters$31
instanceKlass java/util/Calendar
instanceKlass java/util/Currency
instanceKlass com/google/gson/internal/bind/TypeAdapters$32
instanceKlass java/util/concurrent/atomic/AtomicIntegerArray
instanceKlass com/google/gson/internal/bind/TypeAdapters$30
instanceKlass java/util/BitSet
instanceKlass com/google/gson/internal/bind/TypeAdapters$29
instanceKlass com/google/gson/internal/bind/TypeAdapters
instanceKlass com/google/gson/internal/ConstructorConstructor
instanceKlass com/google/gson/internal/sql/SqlTimestampTypeAdapter$1
instanceKlass com/google/gson/internal/sql/SqlTimeTypeAdapter$1
instanceKlass com/google/gson/internal/sql/SqlDateTypeAdapter$1
instanceKlass com/google/gson/internal/bind/DefaultDateTypeAdapter$DateType
instanceKlass com/google/gson/internal/sql/SqlTypesSupport
instanceKlass com/google/gson/FormattingStyle
instanceKlass com/google/gson/stream/JsonWriter
instanceKlass com/google/gson/ToNumberStrategy
instanceKlass com/google/gson/Gson
instanceKlass com/google/gson/JsonElement
instanceKlass com/google/gson/TypeAdapter
instanceKlass com/google/gson/internal/Excluder
instanceKlass com/google/gson/TypeAdapterFactory
instanceKlass com/google/gson/FieldNamingStrategy
instanceKlass com/google/gson/GsonBuilder
instanceKlass com/google/gson/internal/JsonReaderInternalAccess
instanceKlass com/google/gson/stream/JsonReader
instanceKlass com/google/gson/ExclusionStrategy
instanceKlass ghidra/util/charset/CharsetInfoManager$CharsetInfoConfigFile
instanceKlass  @bci ghidra/util/charset/CharsetInfoManager <clinit> ()V 8 <appendix> argL0 ; # ghidra/util/charset/CharsetInfoManager$$Lambda+0x00000001002327e8
instanceKlass ghidra/util/charset/CharsetInfo
instanceKlass  @bci ghidra/util/charset/CharsetInfoManager <clinit> ()V 0 <appendix> argL0 ; # ghidra/util/charset/CharsetInfoManager$$Lambda+0x00000001002322d0
instanceKlass ghidra/util/charset/CharsetInfoManager
instanceKlass utility/application/ApplicationSettings
instanceKlass ghidra/program/database/ProgramMultiUserMergeManagerFactory
instanceKlass ghidra/framework/data/DomainObjectMergeManager
instanceKlass ghidra/app/merge/MergeProgressModifier
instanceKlass ghidra/program/database/DataTypeArchiveMergeManagerFactory
instanceKlass java/awt/dnd/DropTargetListener
instanceKlass ghidra/app/util/FileOpenDropHandler
instanceKlass java/awt/event/ContainerListener
instanceKlass docking/dnd/Droppable
instanceKlass docking/DropTargetHandler
instanceKlass ghidra/app/util/GhidraFileOpenDataFlavorHandlerService
instanceKlass ghidra/framework/main/datatree/AbstractFileListFlavorHandler
instanceKlass javax/swing/RootPaneContainer
instanceKlass javax/swing/WindowConstants
instanceKlass ghidra/framework/main/datatree/LocalVersionInfoHandler
instanceKlass ghidra/framework/main/datatree/VersionInfo
instanceKlass ghidra/framework/main/datatree/VersionInfoTransferable
instanceKlass java/awt/datatransfer/ClipboardOwner
instanceKlass java/awt/datatransfer/Transferable
instanceKlass java/awt/datatransfer/MimeType
instanceKlass java/awt/datatransfer/MimeTypeParameterList
instanceKlass ghidra/framework/options/OptionsChangeListener
instanceKlass docking/AbstractDockingTool
instanceKlass docking/Tool
instanceKlass ghidra/framework/plugintool/ServiceProvider
instanceKlass java/awt/datatransfer/DataFlavor
instanceKlass ghidra/framework/main/datatree/DataTreeDragNDropHandler
instanceKlass docking/widgets/tree/support/GTreeDragNDropHandler
instanceKlass docking/widgets/tree/support/GTreeTransferHandler
instanceKlass ghidra/util/task/Task
instanceKlass ghidra/util/task/MonitoredRunnable
instanceKlass javax/swing/TransferHandler$HasGetTransferHandler
instanceKlass javax/accessibility/Accessible
instanceKlass ghidra/util/task/BusyListener
instanceKlass ghidra/framework/main/datatree/LocalTreeNodeHandler
instanceKlass ghidra/app/util/FileOpenDataFlavorHandler
instanceKlass ghidra/framework/main/datatree/DataTreeFlavorHandler
instanceKlass ghidra/framework/main/datatree/GhidraDataFlavorHandlerService
instanceKlass ghidra/app/nav/NavigatableRemovalListener
instanceKlass ghidra/framework/data/ToolState
instanceKlass ghidra/framework/data/ToolStateFactory
instanceKlass java/awt/Color
instanceKlass java/awt/Paint
instanceKlass com/sun/beans/WeakCache
instanceKlass com/sun/beans/finder/InstanceFinder
instanceKlass java/beans/WeakIdentityMap
instanceKlass java/beans/ThreadGroupContext
instanceKlass java/beans/PropertyEditorManager
instanceKlass java/beans/PropertyEditorSupport
instanceKlass java/beans/PropertyEditor
instanceKlass  @bci docking/options/editor/EditorInitializer run ()V 1 <appendix> member <vmtarget> ; # docking/options/editor/EditorInitializer$$Lambda+0x0000000100223c40
instanceKlass ghidra/framework/PluggableServiceRegistry
instanceKlass docking/action/DockingAction
instanceKlass docking/action/DockingActionIf
instanceKlass help/HelpDescriptor
instanceKlass ghidra/app/plugin/core/comments/CommentsActionFactory
instanceKlass db/buffers/LocalBufferFile$BufferFileFilter
instanceKlass db/buffers/ManagedBufferFile
instanceKlass db/buffers/BufferFile
instanceKlass db/buffers/BufferMgr
instanceKlass  @bci ghidra/app/cmd/data/exceptionhandling/EHFunctionInfoModel getESTypeListModel ()Lghidra/app/cmd/data/exceptionhandling/EHESTypeListModel; 31 <appendix> form vmentry <vmtarget> ; # java/lang/invoke/LambdaForm$MH+0x0000000100225400
# instanceKlass java/lang/invoke/LambdaForm$MH+0x0000000100225000
instanceKlass  @bci ghidra/app/cmd/data/exceptionhandling/EHFunctionInfoModel getESTypeListModel ()Lghidra/app/cmd/data/exceptionhandling/EHESTypeListModel; 31 <appendix> argL3 form vmentry <vmtarget> ; # java/lang/invoke/LambdaForm$MH+0x0000000100224c00
# instanceKlass java/lang/invoke/LambdaForm$MH+0x0000000100224800
# instanceKlass java/lang/invoke/LambdaForm$MH+0x0000000100224400
# instanceKlass java/lang/invoke/LambdaForm$MH+0x0000000100224000
instanceKlass  @bci ghidra/util/classfinder/ClassSearcher prioritizeClasses (Ljava/util/List;)V 1 <appendix> argL0 ; # ghidra/util/classfinder/ClassSearcher$$Lambda+0x0000000100222088
instanceKlass foundation/FoundationInitializer
instanceKlass decompiler/DecompilerInitializer
instanceKlass docking/options/editor/EditorInitializer
instanceKlass ghidra/docking/settings/Settings
instanceKlass ghidra/program/model/data/DataType
instanceKlass ghidra/app/util/bin/format/macho/dyld/DyldCacheAcceleratorInitializer
instanceKlass ghidra/app/util/bin/StructConverter
instanceKlass ghidra/app/util/bin/format/dwarf/external/gui/TableColumnInitializer
instanceKlass generic/init/GenericInitializer
instanceKlass ghidra/ProjectInitializer
instanceKlass ghidra/program/model/lang/LanguageID
instanceKlass ghidra/pcode/emu/x86/X86PcodeStateInitializer
instanceKlass ghidra/file/formats/sevenzip/SevenZipCustomInitializer
instanceKlass pdb/symbolserver/ui/TableColumnInitializer
instanceKlass db/DBInitializer
instanceKlass ghidra/SoftwareModelingInitializer
instanceKlass ghidra/pcode/emu/PcodeStateInitializer
instanceKlass ghidra/features/bsim/query/BSimInitializer
instanceKlass ghidra/framework/store/FileSystemInitializer
instanceKlass ghidra/util/classfinder/ExtensionPointProperties
instanceKlass ghidra/util/classfinder/ExtensionPointProperties$Util
instanceKlass javax/net/ssl/HostnameVerifier
instanceKlass javax/net/ssl/KeyManager
instanceKlass ghidra/net/DefaultSSLContextInitializer
instanceKlass  @bci ghidra/util/classfinder/ClassSearcher getInstances (Ljava/lang/Class;)Ljava/util/List; 1 <appendix> argL0 ; # ghidra/util/classfinder/ClassSearcher$$Lambda+0x000000010021ea80
instanceKlass ghidra/util/classfinder/ClassFilter
instanceKlass ghidra/framework/ModuleInitializer
instanceKlass  @bci ghidra/program/database/module/FragmentDBAdapter getTableName (J)Ljava/lang/String; 1 <appendix> form vmentry <vmtarget> ; # java/lang/invoke/LambdaForm$MH+0x000000010021dc00
instanceKlass  @bci ghidra/program/database/module/FragmentDBAdapter getTableName (J)Ljava/lang/String; 1 <appendix> argL3 form vmentry <vmtarget> ; # java/lang/invoke/LambdaForm$MH+0x000000010021d800
# instanceKlass java/lang/invoke/LambdaForm$MH+0x000000010021d400
# instanceKlass java/lang/invoke/LambdaForm$MH+0x000000010021d000
instanceKlass  @bci ghidra/program/database/module/FragmentDBAdapter getTableName (J)Ljava/lang/String; 1 <appendix> argL1 form vmentry <vmtarget> ; # java/lang/invoke/LambdaForm$MH+0x000000010021cc00
# instanceKlass java/lang/invoke/LambdaForm$MH+0x000000010021c800
instanceKlass java/time/Instant$1
instanceKlass java/util/WeakHashMap$HashIterator
instanceKlass ghidra/util/Swing
instanceKlass  @bci ghidra/util/classfinder/ClassSearcher search (Lghidra/util/task/TaskMonitor;)V 115 <appendix> argL0 ; # ghidra/util/classfinder/ClassSearcher$$Lambda+0x000000010021e460
instanceKlass  @bci java/util/stream/Collectors lambda$groupingBy$53 (Ljava/util/function/Function;Ljava/util/function/Supplier;Ljava/util/function/BiConsumer;Ljava/util/Map;Ljava/lang/Object;)V 20 <appendix> member <vmtarget> ; # java/util/stream/Collectors$$Lambda+0x0000000100246998
instanceKlass  @bci java/util/stream/Collectors mapMerger (Ljava/util/function/BinaryOperator;)Ljava/util/function/BinaryOperator; 1 <appendix> member <vmtarget> ; # java/util/stream/Collectors$$Lambda+0x0000000100246748
instanceKlass  @bci java/util/stream/Collectors groupingBy (Ljava/util/function/Function;Ljava/util/function/Supplier;Ljava/util/stream/Collector;)Ljava/util/stream/Collector; 19 <appendix> member <vmtarget> ; # java/util/stream/Collectors$$Lambda+0x0000000100246510
instanceKlass  @cpi java/util/stream/Collectors 1299 form vmentry <vmtarget> ; # java/lang/invoke/LambdaForm$DMH+0x000000010021c400
instanceKlass  @bci java/util/stream/Collectors groupingBy (Ljava/util/function/Function;Ljava/util/stream/Collector;)Ljava/util/stream/Collector; 1 <appendix> argL0 ; # java/util/stream/Collectors$$Lambda+0x00000001002462f0
instanceKlass  @bci ghidra/util/classfinder/ClassSearcher findClasses (Lghidra/util/task/TaskMonitor;)Ljava/util/Map; 438 <appendix> argL0 ; # ghidra/util/classfinder/ClassSearcher$$Lambda+0x000000010021e220
instanceKlass java/util/IdentityHashMap$IdentityHashMapIterator
instanceKlass sun/awt/AppContext$6
instanceKlass jdk/internal/access/JavaAWTAccess
instanceKlass sun/awt/AppContext$GetAppContextLock
instanceKlass sun/awt/AppContext
instanceKlass  @bci ghidra/util/classfinder/ClassPackage <clinit> ()V 0 <appendix> argL0 ; # ghidra/util/classfinder/ClassPackage$$Lambda+0x000000010021e000
instanceKlass ghidra/util/classfinder/ClassPackage
instanceKlass ghidra/util/classfinder/ClassDir
instanceKlass  @bci ghidra/trace/model/target/schema/TraceObjectSchema$SchemaName hashCode ()I 1 <adapter> ; # java/lang/invoke/LambdaForm$MH+0x000000010021c000
instanceKlass  @bci ghidra/trace/model/target/schema/TraceObjectSchema$SchemaName hashCode ()I 1 <appendix> form vmentry <vmtarget> ; # java/lang/invoke/LambdaForm$MH+0x000000010021bc00
# instanceKlass java/lang/invoke/LambdaForm$MH+0x000000010021b800
# instanceKlass java/lang/invoke/LambdaForm$MH+0x000000010021b400
instanceKlass  @bci ghidra/trace/model/target/schema/TraceObjectSchema$SchemaName hashCode ()I 1 <appendix> form names 7 function resolvedHandle form vmentry <vmtarget> ; # java/lang/invoke/LambdaForm$DMH+0x000000010021b000
instanceKlass  @bci ghidra/trace/model/target/schema/TraceObjectSchema$SchemaName hashCode ()I 1 <appendix> argL2 form vmentry <vmtarget> ; # java/lang/invoke/LambdaForm$MH+0x000000010021ac00
instanceKlass  @bci java/lang/runtime/ObjectMethods bootstrap (Ljava/lang/invoke/MethodHandles$Lookup;Ljava/lang/String;Ljava/lang/invoke/TypeDescriptor;Ljava/lang/Class;Ljava/lang/String;[Ljava/lang/invoke/MethodHandle;)Ljava/lang/Object; 37 <appendix> argL0 ; # java/lang/runtime/ObjectMethods$$Lambda+0x0000000100245028
instanceKlass java/lang/invoke/DirectMethodHandle$1
# instanceKlass java/lang/invoke/LambdaForm$DMH+0x000000010021a800
# instanceKlass java/lang/invoke/LambdaForm$DMH+0x000000010021a400
instanceKlass  @bci ghidra/formats/gfilesystem/LocalFileSystem$FileFingerprintRec hashCode ()I 1 <appendix> argL1 argL0 form vmentry <vmtarget> ; # java/lang/invoke/LambdaForm$DMH+0x000000010021a000
# instanceKlass java/lang/invoke/LambdaForm$DMH+0x0000000100219c00
# instanceKlass java/lang/invoke/LambdaForm$DMH+0x0000000100219800
# instanceKlass java/lang/invoke/LambdaForm$DMH+0x0000000100219400
# instanceKlass java/lang/invoke/LambdaForm$DMH+0x0000000100219000
# instanceKlass java/lang/invoke/LambdaForm$DMH+0x0000000100218c00
# instanceKlass java/lang/invoke/LambdaForm$DMH+0x0000000100218800
# instanceKlass java/lang/invoke/LambdaForm$DMH+0x0000000100218400
instanceKlass  @cpi ghidra/program/model/symbol/SymbolUtilities 900 form vmentry <vmtarget> ; # java/lang/invoke/LambdaForm$DMH+0x0000000100218000
instanceKlass java/lang/runtime/ObjectMethods$1
# instanceKlass java/lang/invoke/LambdaForm$MH+0x0000000100213c00
instanceKlass sun/invoke/util/ValueConversions$WrapperCache
# instanceKlass java/lang/invoke/LambdaForm$MH+0x0000000100213800
# instanceKlass java/lang/invoke/LambdaForm$MH+0x0000000100213400
# instanceKlass java/lang/invoke/LambdaForm$MH+0x0000000100213000
# instanceKlass java/lang/invoke/LambdaForm$MH+0x0000000100212c00
# instanceKlass java/lang/invoke/LambdaForm$MH+0x0000000100212800
# instanceKlass java/lang/invoke/LambdaForm$MH+0x0000000100212400
# instanceKlass java/lang/invoke/LambdaForm$MH+0x0000000100212000
instanceKlass java/lang/invoke/MethodHandleImpl$Makers$2
instanceKlass java/lang/invoke/MethodHandleImpl$Makers$1
instanceKlass java/lang/invoke/MethodHandleImpl$Makers
instanceKlass  @bci java/lang/invoke/BootstrapMethodInvoker invoke (Ljava/lang/Class;Ljava/lang/invoke/MethodHandle;Ljava/lang/String;Ljava/lang/Object;Ljava/lang/Object;Ljava/lang/Class;)Ljava/lang/Object; 894 <adapter> ; # java/lang/invoke/LambdaForm$MH+0x0000000100211c00
# instanceKlass java/lang/invoke/LambdaForm$DMH+0x0000000100211800
instanceKlass java/lang/runtime/ObjectMethods
instanceKlass org/apache/commons/io/FilenameUtils
instanceKlass org/apache/commons/lang3/CharSequenceUtils
instanceKlass org/apache/commons/lang3/Strings
instanceKlass org/apache/commons/lang3/StringUtils
instanceKlass ghidra/util/StringUtilities
instanceKlass ghidra/util/classfinder/ClassJar
instanceKlass ghidra/util/classfinder/ClassLocation
instanceKlass  @bci ghidra/util/classfinder/ClassSearcher canonicalizePaths (Ljava/util/Collection;)Ljava/util/List; 6 <appendix> argL0 ; # ghidra/util/classfinder/ClassSearcher$$Lambda+0x00000001002162b8
instanceKlass ghidra/util/datastruct/WeakSet
instanceKlass ghidra/util/datastruct/WeakDataStructureFactory
instanceKlass ghidra/util/classfinder/ExtensionPoint
instanceKlass ghidra/util/classfinder/ClassSearcher
instanceKlass  @bci ghidra/framework/GenericRunInfo getUserSettingsDirsByTime ()Ljava/util/List; 48 <appendix> argL0 ; # ghidra/framework/GenericRunInfo$$Lambda+0x0000000100214840
instanceKlass util/CollectionUtils
instanceKlass  @bci ghidra/framework/GenericRunInfo collectAllApplicationDirectories (Ljava/io/File;Z)Ljava/util/List; 33 <appendix> member <vmtarget> ; # ghidra/framework/GenericRunInfo$$Lambda+0x0000000100214410
instanceKlass ghidra/framework/GenericRunInfo
instanceKlass ghidra/framework/preferences/Preferences
instanceKlass  @bci java/io/ObjectInputFilter$Config$Global <init> (Ljava/lang/String;Z)V 534 <appendix> member <vmtarget> ; # java/io/ObjectInputFilter$Config$Global$$Lambda+0x0000000100242740
instanceKlass  @bci java/io/ObjectInputFilter$Config$Global <init> (Ljava/lang/String;Z)V 321 <appendix> member <vmtarget> ; # java/io/ObjectInputFilter$Config$Global$$Lambda+0x00000001002424f8
instanceKlass java/io/ObjectInputFilter$Config$Global
instanceKlass  @bci ghidra/framework/store/local/LockFile setLockOwner ()Z 44 <appendix> form vmentry <vmtarget> ; # java/lang/invoke/LambdaForm$MH+0x0000000100211400
# instanceKlass java/lang/invoke/LambdaForm$MH+0x0000000100211000
instanceKlass  @bci ghidra/framework/store/local/LockFile setLockOwner ()Z 44 <appendix> argL3 form vmentry <vmtarget> ; # java/lang/invoke/LambdaForm$MH+0x0000000100210c00
# instanceKlass java/lang/invoke/LambdaForm$MH+0x0000000100210800
# instanceKlass java/lang/invoke/LambdaForm$MH+0x0000000100210400
# instanceKlass java/lang/invoke/LambdaForm$MH+0x0000000100210000
instanceKlass  @bci java/util/stream/Collectors joining ()Ljava/util/stream/Collector; 19 <appendix> argL0 ; # java/util/stream/Collectors$$Lambda+0x0000000100241e48
instanceKlass  @bci java/util/stream/Collectors joining ()Ljava/util/stream/Collector; 14 <appendix> argL0 ; # java/util/stream/Collectors$$Lambda+0x0000000100241c00
instanceKlass  @bci java/util/stream/Collectors joining ()Ljava/util/stream/Collector; 9 <appendix> argL0 ; # java/util/stream/Collectors$$Lambda+0x00000001002419d0
instanceKlass  @bci java/util/stream/Collectors joining ()Ljava/util/stream/Collector; 4 <appendix> argL0 ; # java/util/stream/Collectors$$Lambda+0x00000001002417b0
instanceKlass db/buffers/RemoteManagedBufferFileHandle
instanceKlass db/buffers/ManagedBufferFileHandle
instanceKlass db/buffers/RemoteBufferFileHandle
instanceKlass db/buffers/BufferFileHandle
instanceKlass ghidra/framework/remote/RemoteRepositoryHandle
instanceKlass ghidra/framework/remote/RepositoryHandle
instanceKlass ghidra/framework/remote/RemoteRepositoryServerHandle
instanceKlass ghidra/framework/remote/RepositoryServerHandle
instanceKlass ghidra/framework/remote/GhidraServerHandle
instanceKlass java/rmi/Remote
instanceKlass org/apache/logging/log4j/message/ReusableSimpleMessage
instanceKlass  @bci java/io/ObjectInputFilter$Config <clinit> ()V 368 <appendix> argL0 ; # java/io/ObjectInputFilter$Config$$Lambda+0x0000000100241390
instanceKlass jdk/internal/access/JavaObjectInputFilterAccess
instanceKlass java/io/ObjectInputFilter$Config$BuiltinFilterFactory
instanceKlass  @bci java/io/ObjectInputFilter$Config <clinit> ()V 80 <appendix> argL0 ; # java/io/ObjectInputFilter$Config$$Lambda+0x0000000100240d28
instanceKlass  @bci java/io/ObjectInputFilter$Config <clinit> ()V 56 <appendix> argL0 ; # java/io/ObjectInputFilter$Config$$Lambda+0x0000000100240b08
instanceKlass jdk/internal/logger/DefaultLoggerFinder$1
instanceKlass java/io/ObjectInputFilter$Config
instanceKlass ghidra/framework/remote/GhidraSerialFilterFactory
instanceKlass ghidra/framework/remote/GhidraObjectInputFilter
instanceKlass java/io/ObjectInputFilter
instanceKlass org/apache/logging/log4j/message/MapMessage
instanceKlass org/apache/logging/log4j/util/MultiFormatStringBuilderFormattable
instanceKlass org/apache/logging/log4j/message/MultiformatMessage
instanceKlass org/apache/logging/log4j/message/MessageFormatMessage
instanceKlass org/apache/logging/log4j/message/StringFormattedMessage
instanceKlass org/apache/logging/log4j/message/ParameterizedMessage
instanceKlass org/apache/logging/log4j/core/layout/ByteBufferDestinationHelper
instanceKlass org/apache/logging/log4j/core/layout/TextEncoderHelper
instanceKlass  @bci org/apache/logging/log4j/util/SortedArrayStringMap <clinit> ()V 0 <appendix> argL0 ; # org/apache/logging/log4j/util/SortedArrayStringMap$$Lambda+0x000000010020eac0
instanceKlass org/apache/logging/log4j/util/TriConsumer
instanceKlass org/apache/logging/log4j/util/SortedArrayStringMap
instanceKlass org/apache/logging/log4j/util/IndexedStringMap
instanceKlass org/apache/logging/log4j/util/IndexedReadOnlyStringMap
instanceKlass org/apache/logging/log4j/core/impl/ContextDataFactory
instanceKlass org/apache/logging/log4j/message/SimpleMessage
instanceKlass org/apache/logging/log4j/core/impl/MutableLogEvent
instanceKlass org/apache/logging/log4j/message/ReusableObjectMessage
instanceKlass org/apache/logging/log4j/message/Clearable
instanceKlass org/apache/logging/log4j/message/ParameterVisitable
instanceKlass org/apache/logging/log4j/message/ReusableMessage
instanceKlass org/apache/logging/log4j/core/util/NameUtil
instanceKlass org/apache/logging/log4j/core/Logger$PrivateConfig
instanceKlass  @bci org/apache/logging/log4j/core/LoggerContext getLogger (Ljava/lang/String;Lorg/apache/logging/log4j/message/MessageFactory;)Lorg/apache/logging/log4j/core/Logger; 19 <appendix> member <vmtarget> ; # org/apache/logging/log4j/core/LoggerContext$$Lambda+0x000000010020c738
instanceKlass ghidra/util/ConsoleErrorDisplay
instanceKlass ghidra/util/DefaultErrorLogger
instanceKlass ghidra/util/Msg
instanceKlass ghidra/framework/Log4jErrorLogger
instanceKlass org/apache/logging/log4j/core/util/DefaultShutdownCallbackRegistry$RegisteredCancellable
instanceKlass org/apache/logging/log4j/core/LoggerContext$1
instanceKlass org/apache/logging/log4j/core/util/ExecutorServices
instanceKlass org/apache/logging/log4j/core/impl/Log4jLogEvent
instanceKlass org/apache/logging/log4j/core/jmx/internal/JmxUtil
instanceKlass  @bci org/apache/logging/log4j/core/LoggerContext updateLoggers (Lorg/apache/logging/log4j/core/config/Configuration;)V 13 <appendix> member <vmtarget> ; # org/apache/logging/log4j/core/LoggerContext$$Lambda+0x0000000100207478
instanceKlass  @bci org/apache/logging/log4j/core/util/internal/InternalLoggerRegistry getLoggers ()Ljava/util/Collection; 37 <appendix> argL0 ; # org/apache/logging/log4j/core/util/internal/InternalLoggerRegistry$$Lambda+0x0000000100207238
instanceKlass  @bci org/apache/logging/log4j/core/util/internal/InternalLoggerRegistry getLoggers ()Ljava/util/Collection; 27 <appendix> argL0 ; # org/apache/logging/log4j/core/util/internal/InternalLoggerRegistry$$Lambda+0x0000000100206ff8
instanceKlass java/util/WeakHashMap$WeakHashMapSpliterator
instanceKlass java/util/concurrent/Executors$RunnableAdapter
instanceKlass java/util/concurrent/RunnableScheduledFuture
instanceKlass java/util/concurrent/ScheduledFuture
instanceKlass java/util/concurrent/Delayed
instanceKlass org/apache/logging/log4j/core/util/WatchManager$WatchRunnable
instanceKlass  @bci org/apache/logging/log4j/core/config/AbstractConfiguration watchMonitorResources ()V 12 <appendix> member <vmtarget> ; # org/apache/logging/log4j/core/config/AbstractConfiguration$$Lambda+0x0000000100206b98
instanceKlass  @cpi ghidra/app/plugin/core/analysis/AutoAnalysisManager 1401 form vmentry <vmtarget> ; # java/lang/invoke/LambdaForm$DMH+0x0000000100209000
instanceKlass org/apache/logging/log4j/core/config/Loggers
instanceKlass org/apache/logging/log4j/core/config/LoggerConfig$RootLogger$Builder
# instanceKlass java/lang/invoke/LambdaForm$MH+0x0000000100208c00
# instanceKlass java/lang/invoke/LambdaForm$MH+0x0000000100208800
# instanceKlass java/lang/invoke/LambdaForm$MH+0x0000000100208400
# instanceKlass java/lang/invoke/LambdaForm$MH+0x0000000100208000
instanceKlass java/util/concurrent/atomic/AtomicBoolean
instanceKlass org/apache/logging/log4j/core/config/AwaitCompletionReliabilityStrategy
instanceKlass org/apache/logging/log4j/core/config/ReliabilityStrategyFactory
instanceKlass org/apache/logging/log4j/core/config/LoggerConfig$Builder
instanceKlass org/apache/logging/log4j/core/config/LoggerConfig$LevelAndRefs
# instanceKlass java/lang/invoke/LambdaForm$MH+0x0000000100205c00
# instanceKlass java/lang/invoke/LambdaForm$MH+0x0000000100205800
# instanceKlass java/lang/invoke/LambdaForm$MH+0x0000000100205400
# instanceKlass java/lang/invoke/LambdaForm$MH+0x0000000100205000
# instanceKlass java/lang/invoke/LambdaForm$MH+0x0000000100204c00
# instanceKlass java/lang/invoke/LambdaForm$MH+0x0000000100204800
# instanceKlass java/lang/invoke/LambdaForm$MH+0x0000000100204400
# instanceKlass java/lang/invoke/LambdaForm$MH+0x0000000100204000
# instanceKlass java/lang/invoke/LambdaForm$DMH+0x00000001001b9c00
# instanceKlass java/lang/invoke/LambdaForm$DMH+0x00000001001b9800
instanceKlass  @cpi org/apache/commons/lang3/ArrayUtils 1564 form vmentry <vmtarget> ; # java/lang/invoke/LambdaForm$DMH+0x00000001001b9400
instanceKlass java/lang/invoke/MethodHandleImpl$ArrayAccessor
instanceKlass java/lang/invoke/MethodHandleImpl$LoopClauses
instanceKlass java/lang/invoke/MethodHandleImpl$CasesHolder
# instanceKlass java/lang/invoke/LambdaForm$MH+0x00000001001b9000
# instanceKlass java/lang/invoke/LambdaForm$MH+0x00000001001b8c00
# instanceKlass java/lang/invoke/LambdaForm$MH+0x00000001001b8800
# instanceKlass java/lang/invoke/LambdaForm$MH+0x00000001001b8400
instanceKlass java/nio/file/attribute/FileTime$1
instanceKlass sun/nio/fs/WindowsSecurityDescriptor
instanceKlass java/nio/file/attribute/FileAttribute
instanceKlass org/apache/logging/log4j/core/appender/ConfigurationFactoryData
instanceKlass org/apache/logging/log4j/core/util/Log4jThreadFactory
instanceKlass java/util/concurrent/Semaphore
instanceKlass org/apache/logging/log4j/core/appender/rolling/RollingFileManager$RollingFileManagerFactory
instanceKlass org/apache/logging/log4j/core/appender/FileManager$FileManagerFactory
instanceKlass org/apache/logging/log4j/core/lookup/DefaultLookupResult
instanceKlass org/apache/logging/log4j/core/appender/rolling/PatternProcessor
instanceKlass org/apache/logging/log4j/core/appender/rolling/DefaultRolloverStrategy$Builder
instanceKlass org/apache/logging/log4j/core/appender/rolling/RolloverDescription
instanceKlass java/text/ParsePosition
instanceKlass java/text/DigitList
instanceKlass java/text/FieldPosition
instanceKlass  @bci sun/util/locale/provider/JRELocaleProviderAdapter getDecimalFormatSymbolsProvider ()Ljava/text/spi/DecimalFormatSymbolsProvider; 8 <appendix> member <vmtarget> ; # sun/util/locale/provider/JRELocaleProviderAdapter$$Lambda+0x00000001001f7c48
instanceKlass java/text/DecimalFormatSymbols
instanceKlass sun/util/resources/Bundles$CacheKeyReference
instanceKlass  @bci sun/util/cldr/CLDRLocaleProviderAdapter applyAliases (Ljava/util/Locale;)Ljava/util/Locale; 4 <appendix> argL0 ; # sun/util/cldr/CLDRLocaleProviderAdapter$$Lambda+0x00000001001f66e0
instanceKlass sun/util/resources/Bundles$CacheKey
instanceKlass sun/util/resources/Bundles
instanceKlass sun/util/resources/LocaleData$LocaleDataStrategy
instanceKlass sun/util/resources/Bundles$Strategy
instanceKlass sun/util/resources/LocaleData$1
instanceKlass sun/util/resources/LocaleData
instanceKlass sun/util/locale/provider/LocaleResources
instanceKlass java/util/Locale$Builder
instanceKlass sun/util/locale/provider/CalendarDataUtility
instanceKlass sun/util/locale/provider/AvailableLanguageTags
instanceKlass  @bci sun/util/locale/provider/JRELocaleProviderAdapter getNumberFormatProvider ()Ljava/text/spi/NumberFormatProvider; 8 <appendix> member <vmtarget> ; # sun/util/locale/provider/JRELocaleProviderAdapter$$Lambda+0x00000001001f4a10
instanceKlass sun/util/resources/cldr/provider/CLDRLocaleDataMetaInfo
instanceKlass  @bci sun/util/cldr/CLDRLocaleProviderAdapter <init> ()V 4 <appendix> argL0 ; # sun/util/cldr/CLDRLocaleProviderAdapter$$Lambda+0x00000001001f47f0
instanceKlass sun/util/locale/BaseLocale$Key
instanceKlass sun/util/locale/InternalLocaleBuilder$CaseInsensitiveChar
instanceKlass sun/util/locale/InternalLocaleBuilder
instanceKlass sun/util/locale/StringTokenIterator
instanceKlass sun/util/locale/ParseStatus
instanceKlass sun/util/locale/LanguageTag
instanceKlass sun/util/cldr/CLDRBaseLocaleDataMetaInfo
instanceKlass sun/util/locale/provider/LocaleDataMetaInfo
instanceKlass sun/util/locale/provider/ResourceBundleBasedAdapter
instanceKlass sun/util/locale/provider/LocaleProviderAdapter
instanceKlass java/util/spi/LocaleServiceProvider
instanceKlass  @bci java/util/regex/Pattern SingleI (II)Ljava/util/regex/Pattern$BmpCharPredicate; 2 <appendix> member <vmtarget> ; # java/util/regex/Pattern$$Lambda+0x00000001001f1c90
instanceKlass  @bci java/util/regex/Pattern CIRange (II)Ljava/util/regex/Pattern$CharPredicate; 2 <appendix> member <vmtarget> ; # java/util/regex/Pattern$$Lambda+0x00000001001f1a30
instanceKlass org/apache/logging/log4j/core/appender/rolling/FileSize
instanceKlass java/lang/Short$ShortCache
instanceKlass java/lang/Byte$ByteCache
instanceKlass org/apache/logging/log4j/core/config/plugins/PluginAttribute
instanceKlass org/apache/logging/log4j/core/config/plugins/PluginFactory
instanceKlass  @bci org/apache/logging/log4j/core/util/internal/instant/InstantPatternThreadLocalCachedFormatter <init> (Lorg/apache/logging/log4j/core/util/internal/instant/InstantPatternFormatter;Ljava/util/function/Function;Ljava/time/temporal/ChronoUnit;)V 5 <appendix> argL0 ; # org/apache/logging/log4j/core/util/internal/instant/InstantPatternThreadLocalCachedFormatter$$Lambda+0x00000001001b4cb8
instanceKlass  @bci org/apache/logging/log4j/core/util/internal/instant/InstantPatternThreadLocalCachedFormatter ofSecondPrecision (Lorg/apache/logging/log4j/core/util/internal/instant/InstantPatternFormatter;)Lorg/apache/logging/log4j/core/util/internal/instant/InstantPatternThreadLocalCachedFormatter; 13 <appendix> argL0 ; # org/apache/logging/log4j/core/util/internal/instant/InstantPatternThreadLocalCachedFormatter$$Lambda+0x00000001001b4a78
instanceKlass  @cpi org/apache/logging/log4j/core/util/internal/instant/InstantPatternThreadLocalCachedFormatter 194 form vmentry <vmtarget> ; # java/lang/invoke/LambdaForm$DMH+0x00000001001b8000
instanceKlass org/apache/logging/log4j/core/util/internal/instant/InstantPatternThreadLocalCachedFormatter
instanceKlass org/apache/logging/log4j/core/util/internal/instant/InstantPatternFormatter$1
instanceKlass org/apache/logging/log4j/core/util/internal/instant/InstantPatternDynamicFormatter$TimestampedFormatter
instanceKlass  @bci org/apache/logging/log4j/core/util/internal/instant/InstantPatternDynamicFormatter$SecondPatternSequence createFormatter (Ljava/util/Locale;Ljava/util/TimeZone;)Lorg/apache/logging/log4j/core/util/internal/instant/InstantPatternFormatter; 39 <appendix> member <vmtarget> ; # org/apache/logging/log4j/core/util/internal/instant/InstantPatternDynamicFormatter$SecondPatternSequence$$Lambda+0x00000001001b54e8
instanceKlass  @bci org/apache/logging/log4j/core/util/internal/instant/InstantPatternDynamicFormatter$SecondPatternSequence createFormatter (Ljava/util/Locale;Ljava/util/TimeZone;)Lorg/apache/logging/log4j/core/util/internal/instant/InstantPatternFormatter; 8 <appendix> argL0 ; # org/apache/logging/log4j/core/util/internal/instant/InstantPatternDynamicFormatter$SecondPatternSequence$$Lambda+0x00000001001b52a0
instanceKlass java/time/LocalTime$1
instanceKlass java/time/format/DateTimeFormatterBuilder$2
instanceKlass java/time/LocalDate$1
instanceKlass java/time/ZonedDateTime$1
instanceKlass java/time/ZonedDateTime
instanceKlass java/time/chrono/ChronoZonedDateTime
instanceKlass org/apache/logging/log4j/core/time/MutableInstant$1
instanceKlass java/time/temporal/TemporalQueries$7
instanceKlass java/time/temporal/TemporalQueries$6
instanceKlass java/time/temporal/TemporalQueries$5
instanceKlass java/time/temporal/TemporalQueries$4
instanceKlass java/time/temporal/TemporalQueries$3
instanceKlass java/time/temporal/TemporalQueries$2
instanceKlass java/time/temporal/TemporalQueries$1
instanceKlass java/time/temporal/TemporalQueries
instanceKlass java/time/format/DateTimePrintContext
instanceKlass org/apache/logging/log4j/core/util/internal/instant/InstantPatternDynamicFormatter$AbstractFormatter
instanceKlass java/time/LocalTime
instanceKlass java/time/LocalDate
instanceKlass java/time/chrono/ChronoLocalDate
instanceKlass java/time/zone/ZoneOffsetTransition
instanceKlass java/time/LocalDateTime
instanceKlass java/time/chrono/ChronoLocalDateTime
instanceKlass java/time/zone/ZoneOffsetTransitionRule
instanceKlass java/time/zone/ZoneRules
instanceKlass java/time/zone/Ser
instanceKlass java/io/Externalizable
instanceKlass java/time/zone/ZoneRulesProvider$1
instanceKlass java/time/zone/ZoneRulesProvider
instanceKlass  @bci org/apache/logging/log4j/core/util/internal/instant/InstantPatternDynamicFormatter createFormatter (Ljava/lang/String;Ljava/util/Locale;Ljava/util/TimeZone;Ljava/time/temporal/ChronoUnit;Lorg/apache/logging/log4j/core/time/Instant;)Lorg/apache/logging/log4j/core/util/internal/instant/InstantPatternFormatter; 29 <appendix> argL0 ; # org/apache/logging/log4j/core/util/internal/instant/InstantPatternDynamicFormatter$$Lambda+0x00000001001b7460
instanceKlass  @bci org/apache/logging/log4j/core/util/internal/instant/InstantPatternDynamicFormatter createFormatter (Ljava/lang/String;Ljava/util/Locale;Ljava/util/TimeZone;Ljava/time/temporal/ChronoUnit;Lorg/apache/logging/log4j/core/time/Instant;)Lorg/apache/logging/log4j/core/util/internal/instant/InstantPatternFormatter; 19 <appendix> member <vmtarget> ; # org/apache/logging/log4j/core/util/internal/instant/InstantPatternDynamicFormatter$$Lambda+0x00000001001b6e28
instanceKlass  @bci java/time/format/DateTimeFormatter <clinit> ()V 1075 <appendix> argL0 ; # java/time/format/DateTimeFormatter$$Lambda+0x00000001001eb0e8
instanceKlass  @bci java/time/format/DateTimeFormatter <clinit> ()V 1067 <appendix> argL0 ; # java/time/format/DateTimeFormatter$$Lambda+0x00000001001eaec8
instanceKlass java/time/Period
instanceKlass java/time/chrono/ChronoPeriod
instanceKlass java/time/format/DateTimeFormatterBuilder$TextPrinterParser
instanceKlass java/time/format/DateTimeTextProvider$1
instanceKlass java/time/format/DateTimeTextProvider
instanceKlass java/util/AbstractMap$SimpleImmutableEntry
instanceKlass java/time/format/DateTimeTextProvider$LocaleStore
instanceKlass java/time/format/DateTimeFormatterBuilder$InstantPrinterParser
instanceKlass java/time/format/DateTimeFormatterBuilder$StringLiteralPrinterParser
instanceKlass java/time/format/DateTimeFormatterBuilder$ZoneIdPrinterParser
instanceKlass java/time/format/DateTimeFormatterBuilder$OffsetIdPrinterParser
instanceKlass java/time/format/DecimalStyle
instanceKlass java/time/format/DateTimeFormatterBuilder$CompositePrinterParser
instanceKlass java/time/chrono/AbstractChronology
instanceKlass java/time/chrono/Chronology
instanceKlass java/time/format/DateTimeFormatterBuilder$CharLiteralPrinterParser
instanceKlass java/time/format/DateTimeFormatterBuilder$NumberPrinterParser
instanceKlass java/time/format/DateTimeFormatterBuilder$DateTimePrinterParser
instanceKlass java/time/temporal/JulianFields
instanceKlass java/time/temporal/IsoFields
instanceKlass java/time/temporal/ValueRange
instanceKlass java/time/temporal/TemporalField
instanceKlass  @bci java/time/format/DateTimeFormatterBuilder <clinit> ()V 0 <appendix> argL0 ; # java/time/format/DateTimeFormatterBuilder$$Lambda+0x00000001001e3d20
instanceKlass java/time/ZoneId
instanceKlass java/time/temporal/TemporalQuery
instanceKlass java/time/format/DateTimeFormatterBuilder
instanceKlass java/time/format/DateTimeFormatter
instanceKlass org/apache/logging/log4j/core/time/MutableInstant
instanceKlass java/time/Duration
instanceKlass java/time/temporal/TemporalAmount
instanceKlass java/time/temporal/TemporalUnit
instanceKlass org/apache/logging/log4j/core/util/internal/instant/InstantPatternDynamicFormatter$PatternSequence
instanceKlass org/apache/logging/log4j/core/util/internal/instant/InstantPatternDynamicFormatter
instanceKlass org/apache/logging/log4j/core/util/internal/instant/InstantPatternFormatter$Builder
instanceKlass sun/util/calendar/ZoneInfoFile$ZoneOffsetTransitionRule
instanceKlass sun/util/calendar/ZoneInfoFile$1
instanceKlass sun/util/calendar/ZoneInfoFile
instanceKlass org/apache/logging/log4j/core/util/internal/instant/InstantPatternFormatter
instanceKlass java/util/TimeZone
instanceKlass org/apache/logging/log4j/core/util/internal/instant/InstantFormatter
instanceKlass org/apache/logging/log4j/core/time/Instant
instanceKlass org/apache/logging/log4j/core/util/Assert
instanceKlass org/apache/logging/log4j/core/config/plugins/validation/validators/RequiredValidator
instanceKlass org/apache/logging/log4j/core/config/plugins/validation/ConstraintValidator
instanceKlass org/apache/logging/log4j/util/EnglishEnums
instanceKlass org/apache/logging/log4j/core/config/plugins/convert/EnumConverter
instanceKlass org/apache/logging/log4j/core/config/plugins/validation/constraints/Required
instanceKlass java/lang/Deprecated
instanceKlass org/apache/logging/log4j/core/filter/AbstractFilterable$Builder
instanceKlass org/apache/logging/log4j/core/layout/PatternLayout$PatternFormatterPatternSerializer
instanceKlass org/apache/logging/log4j/core/pattern/PatternFormatter
instanceKlass org/apache/logging/log4j/core/pattern/ThrowableStackTraceRenderer
instanceKlass  @bci org/apache/logging/log4j/core/pattern/ThrowablePropertyRendererFactory createFileNameRenderer (Ljava/util/function/Function;)Lorg/apache/logging/log4j/core/pattern/ThrowableRenderer; 1 <appendix> member <vmtarget> ; # org/apache/logging/log4j/core/pattern/ThrowablePropertyRendererFactory$$Lambda+0x00000001001b0f40
instanceKlass  @bci org/apache/logging/log4j/core/pattern/ThrowablePropertyRendererFactory createLineNumberRenderer (Ljava/util/function/Function;)Lorg/apache/logging/log4j/core/pattern/ThrowableRenderer; 1 <appendix> member <vmtarget> ; # org/apache/logging/log4j/core/pattern/ThrowablePropertyRendererFactory$$Lambda+0x00000001001b0d18
instanceKlass  @bci org/apache/logging/log4j/core/pattern/ThrowablePropertyRendererFactory createMethodNameRenderer (Ljava/util/function/Function;)Lorg/apache/logging/log4j/core/pattern/ThrowableRenderer; 1 <appendix> member <vmtarget> ; # org/apache/logging/log4j/core/pattern/ThrowablePropertyRendererFactory$$Lambda+0x00000001001b0af0
instanceKlass  @bci org/apache/logging/log4j/core/pattern/ThrowablePropertyRendererFactory createClassNameRenderer (Ljava/util/function/Function;)Lorg/apache/logging/log4j/core/pattern/ThrowableRenderer; 1 <appendix> member <vmtarget> ; # org/apache/logging/log4j/core/pattern/ThrowablePropertyRendererFactory$$Lambda+0x00000001001b08c8
instanceKlass  @cpi org/apache/logging/log4j/core/pattern/ThrowablePropertyRendererFactory 196 form vmentry <vmtarget> ; # java/lang/invoke/LambdaForm$DMH+0x00000001001b4400
instanceKlass  @bci org/apache/logging/log4j/core/pattern/ThrowablePropertyRendererFactory <clinit> ()V 16 <appendix> argL0 ; # org/apache/logging/log4j/core/pattern/ThrowablePropertyRendererFactory$$Lambda+0x00000001001b0688
instanceKlass  @bci org/apache/logging/log4j/core/pattern/ThrowablePropertyRendererFactory <clinit> ()V 8 <appendix> argL0 ; # org/apache/logging/log4j/core/pattern/ThrowablePropertyRendererFactory$$Lambda+0x00000001001b0468
instanceKlass  @bci org/apache/logging/log4j/core/pattern/ThrowablePropertyRendererFactory <clinit> ()V 0 <appendix> argL0 ; # org/apache/logging/log4j/core/pattern/ThrowablePropertyRendererFactory$$Lambda+0x00000001001b0248
instanceKlass  @cpi org/apache/logging/log4j/util/SortedArrayStringMap 405 form vmentry <vmtarget> ; # java/lang/invoke/LambdaForm$DMH+0x00000001001b4000
instanceKlass  @bci org/apache/logging/log4j/core/pattern/ThrowablePatternConverter createEffectiveLineSeparator (Ljava/lang/String;Ljava/lang/String;Lorg/apache/logging/log4j/core/config/Configuration;Ljava/util/List;)Ljava/util/function/Function; 92 <appendix> member <vmtarget> ; # org/apache/logging/log4j/core/pattern/ThrowablePatternConverter$$Lambda+0x00000001001b0000
instanceKlass org/apache/logging/log4j/core/pattern/PlainTextRenderer
instanceKlass org/apache/logging/log4j/core/pattern/ThrowableStackTraceRendererFactory
instanceKlass org/apache/logging/log4j/core/pattern/ThrowablePropertyRendererFactory
instanceKlass org/apache/logging/log4j/core/impl/ThrowableFormatOptions
instanceKlass org/apache/logging/log4j/core/pattern/ThrowableRenderer
instanceKlass org/apache/logging/log4j/core/pattern/NameAbbreviator
instanceKlass  @bci jdk/internal/reflect/DirectMethodHandleAccessor invokeImpl (Ljava/lang/Object;[Ljava/lang/Object;Ljava/lang/Class;)Ljava/lang/Object; 136 <adapter> ; # java/lang/invoke/LambdaForm$MH+0x00000001001ae800
# instanceKlass java/lang/invoke/LambdaForm$MH+0x00000001001ae400
# instanceKlass java/lang/invoke/LambdaForm$MH+0x00000001001ae000
# instanceKlass java/lang/invoke/LambdaForm$MH+0x00000001001adc00
instanceKlass org/apache/logging/log4j/core/pattern/TextRenderer
instanceKlass org/apache/logging/log4j/core/util/OptionConverter
instanceKlass org/apache/logging/log4j/core/pattern/PatternParser$1
instanceKlass org/apache/logging/log4j/core/pattern/FormattingInfo
instanceKlass org/apache/logging/log4j/core/layout/StringBuilderEncoder
instanceKlass org/apache/logging/log4j/core/layout/PatternLayout$PatternSerializer
instanceKlass  @bci jdk/internal/reflect/MethodHandleIntegerFieldAccessorImpl getInt (Ljava/lang/Object;)I 20 <adapter> ; # java/lang/invoke/LambdaForm$MH+0x00000001001ad800
# instanceKlass java/lang/invoke/LambdaForm$MH+0x00000001001ad400
# instanceKlass java/lang/invoke/LambdaForm$BMH+0x00000001001ad000
instanceKlass  @cpi ghidra/app/plugin/exceptionhandlers/gcc/GccExceptionAnalyzer 654 form vmentry <vmtarget> ; # java/lang/invoke/LambdaForm$DMH+0x00000001001acc00
instanceKlass  @bci ghidra/trace/model/target/schema/TraceObjectSchema$SchemaName hashCode ()I 1 <appendix> argL1 form vmentry <vmtarget> ; # java/lang/invoke/LambdaForm$MH+0x00000001001ac800
instanceKlass org/apache/logging/log4j/core/config/plugins/validation/Constraint
instanceKlass org/apache/logging/log4j/core/config/plugins/validation/ConstraintValidators
# instanceKlass java/lang/invoke/LambdaForm$MH+0x00000001001ac400
# instanceKlass java/lang/invoke/LambdaForm$MH+0x00000001001ac000
instanceKlass org/apache/logging/log4j/core/config/plugins/PluginConfiguration
instanceKlass org/apache/logging/log4j/core/config/plugins/PluginElement
instanceKlass  @bci jdk/internal/reflect/MethodHandleObjectFieldAccessorImpl set (Ljava/lang/Object;Ljava/lang/Object;)V 41 <adapter> ; # java/lang/invoke/LambdaForm$MH+0x00000001001a3800
# instanceKlass java/lang/invoke/LambdaForm$MH+0x00000001001a3400
# instanceKlass java/lang/invoke/LambdaForm$MH+0x00000001001a3000
# instanceKlass java/lang/invoke/LambdaForm$MH+0x00000001001a2c00
instanceKlass  @bci ghidra/trace/model/target/schema/TraceObjectSchema$SchemaName hashCode ()I 1 <appendix> argL1 argL1 form vmentry <vmtarget> ; # java/lang/invoke/LambdaForm$MH+0x00000001001a2800
instanceKlass sun/util/calendar/CalendarSystem$GregorianHolder
instanceKlass sun/util/calendar/CalendarSystem
instanceKlass java/util/Date
instanceKlass jdk/internal/module/ModulePatcher$PatchedModuleReader
instanceKlass org/apache/logging/log4j/util/StringBuilders
instanceKlass org/apache/logging/log4j/core/appender/rolling/action/Duration
instanceKlass org/apache/logging/log4j/core/util/CronExpression
instanceKlass java/lang/reflect/WildcardType
instanceKlass sun/reflect/generics/tree/Wildcard
instanceKlass sun/reflect/generics/tree/BottomSignature
instanceKlass sun/reflect/generics/tree/CharSignature
instanceKlass sun/reflect/generics/tree/ArrayTypeSignature
instanceKlass sun/reflect/generics/tree/ByteSignature
instanceKlass sun/reflect/generics/reflectiveObjects/LazyReflectiveObjectGenerator
instanceKlass sun/reflect/generics/reflectiveObjects/ParameterizedTypeImpl
instanceKlass java/lang/reflect/ParameterizedType
instanceKlass sun/reflect/generics/tree/ClassSignature
instanceKlass sun/reflect/generics/tree/Signature
instanceKlass sun/reflect/generics/tree/FormalTypeParameter
instanceKlass java/lang/reflect/TypeVariable
instanceKlass sun/reflect/generics/repository/AbstractRepository
instanceKlass org/apache/logging/log4j/core/config/plugins/convert/TypeConverterRegistry
instanceKlass org/apache/logging/log4j/core/config/plugins/convert/TypeConverters
instanceKlass org/apache/logging/log4j/core/config/plugins/visitors/AbstractPluginVisitor
instanceKlass org/apache/logging/log4j/core/config/plugins/visitors/PluginVisitor
instanceKlass  @bci org/apache/logging/log4j/core/util/internal/instant/InstantPatternDynamicFormatter createFormatter (Ljava/lang/String;Ljava/util/Locale;Ljava/util/TimeZone;Ljava/time/temporal/ChronoUnit;Lorg/apache/logging/log4j/core/time/Instant;)Lorg/apache/logging/log4j/core/util/internal/instant/InstantPatternFormatter; 19 <appendix> form vmentry <vmtarget> ; # java/lang/invoke/LambdaForm$DMH+0x00000001001a1800
instanceKlass  @bci sun/reflect/annotation/AnnotationParser parseEnumArray (ILjava/lang/Class;Ljava/nio/ByteBuffer;Ljdk/internal/reflect/ConstantPool;Ljava/lang/Class;)Ljava/lang/Object; 16 <appendix> member <vmtarget> ; # sun/reflect/annotation/AnnotationParser$$Lambda+0x00000001001d8818
instanceKlass org/apache/logging/log4j/core/config/plugins/visitors/PluginVisitors
instanceKlass org/apache/logging/log4j/core/config/plugins/PluginVisitorStrategy
instanceKlass org/apache/logging/log4j/core/config/plugins/PluginBuilderAttribute
instanceKlass org/apache/logging/log4j/core/util/TypeUtil
instanceKlass org/apache/logging/log4j/core/config/plugins/PluginBuilderFactory
instanceKlass org/apache/logging/log4j/core/layout/PatternLayout$SerializerBuilder
instanceKlass org/apache/logging/log4j/core/layout/AbstractStringLayout$Serializer
instanceKlass org/apache/logging/log4j/core/layout/PatternLayout$Builder
instanceKlass org/apache/logging/log4j/core/pattern/PatternParser
instanceKlass org/apache/logging/log4j/core/layout/AbstractStringLayout$Serializer2
instanceKlass org/apache/logging/log4j/core/config/plugins/util/PluginBuilder
instanceKlass org/apache/logging/log4j/core/config/Scheduled
instanceKlass org/w3c/dom/Text
instanceKlass  @bci java/util/stream/Collectors joining (Ljava/lang/CharSequence;Ljava/lang/CharSequence;Ljava/lang/CharSequence;)Ljava/util/stream/Collector; 22 <appendix> argL0 ; # java/util/stream/Collectors$$Lambda+0x00000001001d6ff8
instanceKlass  @bci java/util/stream/Collectors joining (Ljava/lang/CharSequence;Ljava/lang/CharSequence;Ljava/lang/CharSequence;)Ljava/util/stream/Collector; 17 <appendix> argL0 ; # java/util/stream/Collectors$$Lambda+0x00000001001d6db0
instanceKlass  @bci java/util/stream/Collectors joining (Ljava/lang/CharSequence;Ljava/lang/CharSequence;Ljava/lang/CharSequence;)Ljava/util/stream/Collector; 12 <appendix> argL0 ; # java/util/stream/Collectors$$Lambda+0x00000001001d6b80
instanceKlass  @bci java/util/stream/Collectors joining (Ljava/lang/CharSequence;Ljava/lang/CharSequence;Ljava/lang/CharSequence;)Ljava/util/stream/Collector; 7 <appendix> member <vmtarget> ; # java/util/stream/Collectors$$Lambda+0x00000001001d6958
instanceKlass  @bci java/util/function/Predicate negate ()Ljava/util/function/Predicate; 1 <appendix> member <vmtarget> ; # java/util/function/Predicate$$Lambda+0x00000001001d6700
instanceKlass  @cpi java/util/function/Predicate 75 form vmentry <vmtarget> ; # java/lang/invoke/LambdaForm$DMH+0x00000001001a1400
instanceKlass  @bci org/apache/logging/log4j/core/config/plugins/util/PluginManager collectPlugins (Ljava/util/List;)V 268 <appendix> argL0 ; # org/apache/logging/log4j/core/config/plugins/util/PluginManager$$Lambda+0x00000001001a4000
instanceKlass java/util/Formatter$Flags
instanceKlass java/util/Formattable
instanceKlass java/util/Formatter$FixedString
instanceKlass java/util/Formatter$FormatSpecifier
instanceKlass java/util/Formatter$FormatString
instanceKlass java/util/Formatter$Conversion
instanceKlass java/util/Formatter
instanceKlass org/apache/logging/log4j/core/Version
instanceKlass java/net/InetAddress$CachedLocalHost
instanceKlass java/util/concurrent/atomic/Striped64$1
instanceKlass jdk/internal/util/random/RandomSupport
instanceKlass java/util/Random
instanceKlass java/util/random/RandomGenerator
instanceKlass java/net/InetAddress$CachedLookup
instanceKlass sun/net/InetAddressCachePolicy$1
instanceKlass sun/net/InetAddressCachePolicy
instanceKlass java/util/stream/Nodes$ArrayNode
instanceKlass java/util/stream/Node$Builder
instanceKlass java/util/stream/Node$OfDouble
instanceKlass java/util/stream/Node$OfLong
instanceKlass java/util/stream/Node$OfInt
instanceKlass java/util/stream/Node$OfPrimitive
instanceKlass java/util/stream/Nodes$EmptyNode
instanceKlass java/util/stream/Node
instanceKlass java/util/stream/Nodes
instanceKlass  @bci java/net/InetAddress getAddressesFromNameService (Ljava/lang/String;)[Ljava/net/InetAddress; 94 <appendix> argL0 ; # java/net/InetAddress$$Lambda+0x00000001001d1018
instanceKlass java/util/function/IntFunction
instanceKlass java/net/Inet6Address$Inet6AddressHolder
instanceKlass  @bci java/net/InetAddress loadResolver ()Ljava/net/spi/InetAddressResolver; 8 <appendix> argL0 ; # java/net/InetAddress$$Lambda+0x00000001001d0218
instanceKlass java/net/spi/InetAddressResolverProvider
instanceKlass java/net/InetAddress$NameServiceAddresses
instanceKlass java/net/InetAddress$Addresses
instanceKlass java/util/concurrent/ConcurrentSkipListMap$Iter
instanceKlass java/net/InetAddress$PlatformResolver
instanceKlass java/net/spi/InetAddressResolver
instanceKlass java/net/spi/InetAddressResolver$LookupPolicy
instanceKlass java/net/Inet4AddressImpl
instanceKlass java/net/Inet6AddressImpl
instanceKlass java/net/InetAddressImpl
instanceKlass java/util/concurrent/ConcurrentSkipListMap$Node
instanceKlass java/util/concurrent/ConcurrentSkipListMap$Index
instanceKlass java/util/concurrent/ConcurrentNavigableMap
instanceKlass java/net/InetAddress$InetAddressHolder
instanceKlass java/net/InetAddress$1
instanceKlass jdk/internal/access/JavaNetInetAddressAccess
instanceKlass  @bci org/apache/logging/log4j/core/util/NetUtils getLocalHostname ()Ljava/lang/String; 0 <appendix> argL0 ; # org/apache/logging/log4j/core/util/NetUtils$$Lambda+0x000000010019fa60
instanceKlass java/net/InetAddress
instanceKlass  @bci org/apache/logging/log4j/core/LoggerContext setConfiguration (Lorg/apache/logging/log4j/core/config/Configuration;)Lorg/apache/logging/log4j/core/config/Configuration; 62 <appendix> argL0 ; # org/apache/logging/log4j/core/LoggerContext$$Lambda+0x000000010019f820
instanceKlass  @bci ghidra/util/filechooser/ExtensionFileFilter <init> ([Ljava/lang/String;Ljava/lang/String;)V 14 <bsm> form vmentry <vmtarget> ; # java/lang/invoke/LambdaForm$DMH+0x00000001001a1000
instanceKlass java/lang/invoke/MethodHandle$1
instanceKlass  @bci org/apache/logging/log4j/core/config/plugins/util/PluginRegistry loadFromPackage (Ljava/lang/String;)Ljava/util/Map; 525 <adapter> ; # java/lang/invoke/LambdaForm$MH+0x00000001001a0c00
# instanceKlass java/lang/invoke/LambdaForm$DMH+0x00000001001a0800
instanceKlass  @bci org/apache/logging/log4j/core/config/plugins/util/PluginRegistry loadFromPackage (Ljava/lang/String;)Ljava/util/Map; 525 <appendix> form vmentry <vmtarget> ; # java/lang/invoke/LambdaForm$DMH+0x00000001001a0400
instanceKlass  @bci org/apache/logging/log4j/core/config/plugins/util/PluginRegistry loadFromPackage (Ljava/lang/String;)Ljava/util/Map; 525 <appendix> member <vmtarget> ; # org/apache/logging/log4j/core/config/plugins/util/PluginRegistry$$Lambda+0x000000010019f5d8
instanceKlass  @cpi org/apache/logging/log4j/core/config/plugins/util/PluginRegistry 470 form vmentry <vmtarget> ; # java/lang/invoke/LambdaForm$DMH+0x00000001001a0000
instanceKlass org/apache/logging/log4j/core/config/plugins/PluginAliases
instanceKlass log/LogListener
instanceKlass org/apache/logging/log4j/core/pattern/ConverterKeys
instanceKlass log/Log4jDevelopmentPatternConverter$MethodPattern
instanceKlass java/util/zip/ZipFile$ZipEntryIterator
instanceKlass org/apache/logging/log4j/core/config/plugins/util/PluginRegistry$PluginTest
instanceKlass org/apache/logging/log4j/core/config/plugins/util/ResolverUtil
instanceKlass org/apache/logging/log4j/core/util/WatcherFactory
instanceKlass org/apache/logging/log4j/core/util/Patterns
instanceKlass org/apache/logging/log4j/core/util/Integers
instanceKlass org/apache/logging/log4j/core/config/status/StatusConfiguration
instanceKlass org/w3c/dom/Attr
instanceKlass com/sun/org/apache/xerces/internal/dom/NamedNodeMapImpl
instanceKlass org/w3c/dom/NamedNodeMap
instanceKlass com/sun/org/apache/xerces/internal/dom/CharacterDataImpl$1
instanceKlass org/w3c/dom/Comment
instanceKlass org/w3c/dom/CharacterData
instanceKlass com/sun/org/apache/xerces/internal/util/NamespaceSupport$Prefixes
instanceKlass  @bci javax/xml/catalog/CatalogFeatures setProperties (Ljavax/xml/catalog/CatalogFeatures$Builder;)V 5 <appendix> member <vmtarget> ; # javax/xml/catalog/CatalogFeatures$$Lambda+0x00000001001c6388
instanceKlass javax/xml/catalog/CatalogMessages
instanceKlass javax/xml/catalog/Util
instanceKlass javax/xml/catalog/CatalogFeatures$Builder
instanceKlass javax/xml/catalog/CatalogFeatures
instanceKlass com/sun/org/apache/xerces/internal/dom/DeferredDocumentImpl$RefCount
instanceKlass com/sun/org/apache/xerces/internal/dom/NodeListCache
instanceKlass org/w3c/dom/TypeInfo
instanceKlass org/w3c/dom/ElementTraversal
instanceKlass org/w3c/dom/Element
instanceKlass org/w3c/dom/DocumentType
instanceKlass com/sun/org/apache/xerces/internal/dom/NodeImpl
instanceKlass org/w3c/dom/events/EventTarget
instanceKlass org/w3c/dom/NodeList
instanceKlass org/w3c/dom/Document
instanceKlass org/w3c/dom/ranges/DocumentRange
instanceKlass org/w3c/dom/events/DocumentEvent
instanceKlass org/w3c/dom/traversal/DocumentTraversal
instanceKlass com/sun/org/apache/xerces/internal/dom/DeferredNode
instanceKlass org/w3c/dom/Node
instanceKlass com/sun/org/apache/xerces/internal/impl/Constants$ArrayEnumeration
instanceKlass com/sun/org/apache/xerces/internal/impl/Constants
instanceKlass com/sun/org/apache/xerces/internal/util/IntStack
instanceKlass com/sun/org/apache/xerces/internal/xinclude/XIncludeMessageFormatter
instanceKlass com/sun/org/apache/xerces/internal/util/XMLLocatorWrapper
instanceKlass com/sun/org/apache/xerces/internal/util/XMLSymbols
instanceKlass com/sun/org/apache/xerces/internal/xinclude/XIncludeHandler
instanceKlass com/sun/org/apache/xerces/internal/util/XMLChar
instanceKlass com/sun/xml/internal/stream/Entity
instanceKlass com/sun/xml/internal/stream/util/BufferAllocator
instanceKlass com/sun/xml/internal/stream/util/ThreadLocalBufferAllocator
instanceKlass com/sun/org/apache/xerces/internal/impl/XMLEntityManager$EncodingInfo
instanceKlass com/sun/org/apache/xerces/internal/util/URI
instanceKlass com/sun/org/apache/xerces/internal/utils/XMLLimitAnalyzer
instanceKlass com/sun/org/apache/xerces/internal/xni/parser/XMLInputSource
instanceKlass com/sun/org/apache/xerces/internal/util/FeatureState
instanceKlass com/sun/org/apache/xerces/internal/util/PropertyState
instanceKlass com/sun/org/apache/xerces/internal/impl/msg/XMLMessageFormatter
instanceKlass com/sun/org/apache/xerces/internal/util/MessageFormatter
instanceKlass com/sun/org/apache/xerces/internal/impl/XMLVersionDetector
instanceKlass com/sun/org/apache/xerces/internal/impl/validation/ValidationManager
instanceKlass com/sun/org/apache/xerces/internal/impl/dv/dtd/NMTOKENDatatypeValidator
instanceKlass com/sun/org/apache/xerces/internal/impl/dv/dtd/NOTATIONDatatypeValidator
instanceKlass com/sun/org/apache/xerces/internal/impl/dv/dtd/ENTITYDatatypeValidator
instanceKlass com/sun/org/apache/xerces/internal/impl/dv/dtd/ListDatatypeValidator
instanceKlass com/sun/org/apache/xerces/internal/impl/dv/dtd/IDREFDatatypeValidator
instanceKlass com/sun/org/apache/xerces/internal/impl/dv/dtd/IDDatatypeValidator
instanceKlass com/sun/org/apache/xerces/internal/impl/dv/dtd/StringDatatypeValidator
instanceKlass com/sun/org/apache/xerces/internal/impl/dv/DatatypeValidator
instanceKlass com/sun/org/apache/xerces/internal/impl/dv/DTDDVFactory
instanceKlass com/sun/org/apache/xerces/internal/impl/dtd/DTDGrammarBucket
instanceKlass com/sun/org/apache/xerces/internal/impl/dtd/XMLAttributeDecl
instanceKlass com/sun/org/apache/xerces/internal/impl/dtd/XMLSimpleType
instanceKlass com/sun/org/apache/xerces/internal/impl/dtd/XMLElementDecl
instanceKlass com/sun/org/apache/xerces/internal/impl/validation/ValidationState
instanceKlass com/sun/org/apache/xerces/internal/impl/dv/ValidationContext
instanceKlass com/sun/org/apache/xerces/internal/impl/dtd/XMLDTDValidator
instanceKlass com/sun/org/apache/xerces/internal/impl/RevalidationHandler
instanceKlass com/sun/org/apache/xerces/internal/impl/dtd/XMLDTDValidatorFilter
instanceKlass com/sun/org/apache/xerces/internal/xni/parser/XMLDocumentFilter
instanceKlass com/sun/org/apache/xerces/internal/impl/dtd/XMLEntityDecl
instanceKlass com/sun/org/apache/xerces/internal/impl/dtd/XMLDTDProcessor
instanceKlass com/sun/org/apache/xerces/internal/xni/parser/XMLDTDContentModelFilter
instanceKlass com/sun/org/apache/xerces/internal/xni/parser/XMLDTDFilter
instanceKlass com/sun/org/apache/xerces/internal/xni/parser/XMLDTDScanner
instanceKlass com/sun/org/apache/xerces/internal/xni/parser/XMLDTDContentModelSource
instanceKlass com/sun/org/apache/xerces/internal/xni/parser/XMLDTDSource
instanceKlass com/sun/org/apache/xerces/internal/xni/grammars/XMLDTDDescription
instanceKlass com/sun/org/apache/xerces/internal/xni/grammars/XMLGrammarDescription
instanceKlass com/sun/org/apache/xerces/internal/impl/XMLDocumentScannerImpl$TrailingMiscDriver
instanceKlass com/sun/org/apache/xerces/internal/impl/XMLDocumentScannerImpl$PrologDriver
instanceKlass com/sun/org/apache/xerces/internal/impl/XMLDocumentScannerImpl$XMLDeclDriver
instanceKlass com/sun/org/apache/xerces/internal/util/NamespaceSupport
instanceKlass com/sun/org/apache/xerces/internal/xni/NamespaceContext
instanceKlass com/sun/org/apache/xerces/internal/util/XMLAttributesImpl$Attribute
instanceKlass com/sun/org/apache/xerces/internal/util/XMLAttributesImpl
instanceKlass com/sun/org/apache/xerces/internal/xni/XMLAttributes
instanceKlass com/sun/org/apache/xerces/internal/impl/XMLDocumentFragmentScannerImpl$FragmentContentDriver
instanceKlass com/sun/org/apache/xerces/internal/impl/XMLDocumentFragmentScannerImpl$Driver
instanceKlass com/sun/org/apache/xerces/internal/impl/XMLDocumentFragmentScannerImpl$ElementStack2
instanceKlass com/sun/org/apache/xerces/internal/xni/QName
instanceKlass com/sun/org/apache/xerces/internal/impl/XMLDocumentFragmentScannerImpl$ElementStack
instanceKlass com/sun/org/apache/xerces/internal/xni/XMLString
instanceKlass com/sun/org/apache/xerces/internal/impl/XMLScanner
instanceKlass com/sun/xml/internal/stream/XMLBufferListener
instanceKlass com/sun/org/apache/xerces/internal/impl/XMLEntityHandler
instanceKlass com/sun/org/apache/xerces/internal/xni/parser/XMLDocumentScanner
instanceKlass com/sun/org/apache/xerces/internal/xni/parser/XMLDocumentSource
instanceKlass com/sun/org/apache/xerces/internal/impl/XMLErrorReporter
instanceKlass com/sun/org/apache/xerces/internal/impl/XMLEntityScanner
instanceKlass com/sun/org/apache/xerces/internal/xni/XMLLocator
instanceKlass com/sun/xml/internal/stream/XMLEntityStorage
instanceKlass com/sun/org/apache/xerces/internal/utils/XMLSecurityManager
instanceKlass com/sun/org/apache/xerces/internal/util/AugmentationsImpl$AugmentationsItemsContainer
instanceKlass com/sun/org/apache/xerces/internal/util/AugmentationsImpl
instanceKlass com/sun/org/apache/xerces/internal/xni/Augmentations
instanceKlass com/sun/org/apache/xerces/internal/util/XMLResourceIdentifierImpl
instanceKlass com/sun/org/apache/xerces/internal/xni/XMLResourceIdentifier
instanceKlass com/sun/org/apache/xerces/internal/impl/XMLEntityManager
instanceKlass com/sun/org/apache/xerces/internal/xni/parser/XMLEntityResolver
instanceKlass com/sun/org/apache/xerces/internal/xni/parser/XMLComponent
instanceKlass com/sun/org/apache/xerces/internal/util/SymbolTable$Entry
instanceKlass com/sun/org/apache/xerces/internal/util/SymbolTable
instanceKlass jdk/xml/internal/JdkConstants
instanceKlass javax/xml/parsers/SAXParserFactory
instanceKlass jdk/xml/internal/JdkXmlUtils
instanceKlass com/sun/org/apache/xerces/internal/util/ParserConfigurationSettings
instanceKlass com/sun/org/apache/xerces/internal/parsers/XML11Configurable
instanceKlass com/sun/org/apache/xerces/internal/xni/parser/XMLPullParserConfiguration
instanceKlass com/sun/org/apache/xerces/internal/xni/parser/XMLParserConfiguration
instanceKlass com/sun/org/apache/xerces/internal/xni/parser/XMLComponentManager
instanceKlass com/sun/org/apache/xerces/internal/parsers/XMLParser
instanceKlass com/sun/org/apache/xerces/internal/xni/XMLDTDContentModelHandler
instanceKlass com/sun/org/apache/xerces/internal/xni/XMLDTDHandler
instanceKlass com/sun/org/apache/xerces/internal/xni/XMLDocumentHandler
instanceKlass javax/xml/parsers/DocumentBuilder
instanceKlass com/sun/org/apache/xerces/internal/jaxp/JAXPConstants
instanceKlass  @bci javax/xml/parsers/FactoryFinder newInstance (Ljava/lang/Class;Ljava/lang/String;Ljava/lang/ClassLoader;ZZ)Ljava/lang/Object; 104 <appendix> member <vmtarget> ; # javax/xml/parsers/FactoryFinder$$Lambda+0x00000001001689d0
instanceKlass com/sun/org/apache/xerces/internal/utils/XMLSecurityPropertyManager
instanceKlass jdk/xml/internal/XMLSecurityManager
instanceKlass  @bci jdk/xml/internal/SecuritySupport getContextClassLoader ()Ljava/lang/ClassLoader; 0 <appendix> argL0 ; # jdk/xml/internal/SecuritySupport$$Lambda+0x0000000100166750
instanceKlass  @bci javax/xml/parsers/FactoryFinder find (Ljava/lang/Class;Ljava/lang/String;)Ljava/lang/Object; 104 <appendix> member <vmtarget> ; # javax/xml/parsers/FactoryFinder$$Lambda+0x0000000100166528
instanceKlass javax/xml/parsers/FactoryFinder$1
instanceKlass  @bci jdk/xml/internal/SecuritySupport getFileInputStream (Ljava/io/File;)Ljava/io/FileInputStream; 1 <appendix> member <vmtarget> ; # jdk/xml/internal/SecuritySupport$$Lambda+0x00000001001660d0
instanceKlass  @bci jdk/xml/internal/SecuritySupport doesFileExist (Ljava/io/File;)Z 1 <appendix> member <vmtarget> ; # jdk/xml/internal/SecuritySupport$$Lambda+0x0000000100165ea8
instanceKlass  @bci javax/xml/parsers/FactoryFinder find (Ljava/lang/Class;Ljava/lang/String;)Ljava/lang/Object; 6 <appendix> member <vmtarget> ; # javax/xml/parsers/FactoryFinder$$Lambda+0x0000000100165c80
instanceKlass  @bci jdk/xml/internal/SecuritySupport getSystemProperty (Ljava/lang/String;)Ljava/lang/String; 1 <appendix> member <vmtarget> ; # jdk/xml/internal/SecuritySupport$$Lambda+0x0000000100165a58
instanceKlass jdk/xml/internal/SecuritySupport
instanceKlass javax/xml/parsers/FactoryFinder
instanceKlass javax/xml/parsers/DocumentBuilderFactory
instanceKlass org/xml/sax/InputSource
instanceKlass org/apache/logging/log4j/core/util/Closer
instanceKlass javax/xml/transform/Source
instanceKlass org/apache/logging/log4j/core/config/Reconfigurable
instanceKlass org/apache/logging/log4j/core/util/Source
instanceKlass org/apache/logging/log4j/core/net/UrlConnectionFactory
instanceKlass org/apache/logging/log4j/core/util/FileUtils
instanceKlass org/apache/logging/log4j/core/util/NetUtils
instanceKlass  @bci org/apache/logging/log4j/core/util/BasicAuthorizationProvider <init> (Lorg/apache/logging/log4j/util/PropertiesUtil;)V 48 <appendix> member <vmtarget> ; # org/apache/logging/log4j/core/util/BasicAuthorizationProvider$$Lambda+0x000000010019c260
instanceKlass  @bci org/apache/logging/log4j/core/util/BasicAuthorizationProvider <init> (Lorg/apache/logging/log4j/util/PropertiesUtil;)V 32 <appendix> member <vmtarget> ; # org/apache/logging/log4j/core/util/BasicAuthorizationProvider$$Lambda+0x000000010019c020
instanceKlass  @bci org/apache/logging/log4j/core/util/BasicAuthorizationProvider <init> (Lorg/apache/logging/log4j/util/PropertiesUtil;)V 16 <appendix> member <vmtarget> ; # org/apache/logging/log4j/core/util/BasicAuthorizationProvider$$Lambda+0x000000010019bde0
instanceKlass org/apache/logging/log4j/core/util/BasicAuthorizationProvider
instanceKlass java/lang/Class$AnnotationData
instanceKlass java/lang/annotation/Target
instanceKlass java/lang/reflect/Proxy$ProxyBuilder$1
instanceKlass jdk/internal/org/objectweb/asm/Edge
instanceKlass  @bci java/lang/reflect/ProxyGenerator addProxyMethod (Ljava/lang/reflect/Method;Ljava/lang/Class;)V 23 <appendix> argL0 ; # java/lang/reflect/ProxyGenerator$$Lambda+0x0000000100162490
instanceKlass  @bci java/lang/reflect/ProxyGenerator addProxyMethod (Ljava/lang/reflect/ProxyGenerator$ProxyMethod;)V 10 <appendix> argL0 ; # java/lang/reflect/ProxyGenerator$$Lambda+0x0000000100162250
instanceKlass java/util/StringJoiner
instanceKlass java/lang/reflect/ProxyGenerator$ProxyMethod
instanceKlass  @bci java/lang/reflect/Proxy getLoader (Ljava/lang/Module;)Ljava/lang/ClassLoader; 6 <appendix> member <vmtarget> ; # java/lang/reflect/Proxy$$Lambda+0x00000001001618e8
instanceKlass  @bci java/lang/WeakPairMap computeIfAbsent (Ljava/lang/Object;Ljava/lang/Object;Ljava/util/function/BiFunction;)Ljava/lang/Object; 18 <appendix> member <vmtarget> ; # java/lang/WeakPairMap$$Lambda+0x0000000100161490
instanceKlass  @bci java/lang/Module implAddExportsOrOpens (Ljava/lang/String;Ljava/lang/Module;ZZ)V 145 <appendix> argL0 ; # java/lang/Module$$Lambda+0x0000000100161260
instanceKlass  @bci java/lang/module/ModuleDescriptor$Builder packages (Ljava/util/Set;)Ljava/lang/module/ModuleDescriptor$Builder; 17 <appendix> argL0 ; # java/lang/module/ModuleDescriptor$Builder$$Lambda+0x0000000100160908
instanceKlass java/lang/module/ModuleDescriptor$Builder
instanceKlass  @bci java/lang/reflect/Proxy$ProxyBuilder getDynamicModule (Ljava/lang/ClassLoader;)Ljava/lang/Module; 4 <appendix> argL0 ; # java/lang/reflect/Proxy$ProxyBuilder$$Lambda+0x00000001001604c8
instanceKlass java/lang/PublicMethods
instanceKlass java/lang/reflect/Proxy$ProxyBuilder
instanceKlass  @bci java/lang/reflect/Proxy getProxyConstructor (Ljava/lang/Class;Ljava/lang/ClassLoader;[Ljava/lang/Class;)Ljava/lang/reflect/Constructor; 35 <appendix> argL0 ; # java/lang/reflect/Proxy$$Lambda+0x000000010015fe78
instanceKlass java/lang/ClassValue$Version
instanceKlass java/lang/ClassValue$Identity
instanceKlass java/lang/ClassValue
instanceKlass java/lang/reflect/Proxy
instanceKlass sun/reflect/annotation/AnnotationInvocationHandler
instanceKlass java/lang/reflect/InvocationHandler
instanceKlass sun/reflect/annotation/AnnotationParser$1
instanceKlass java/lang/annotation/Documented
instanceKlass java/lang/annotation/Inherited
instanceKlass java/lang/annotation/Retention
instanceKlass sun/reflect/annotation/ExceptionProxy
instanceKlass sun/reflect/annotation/AnnotationType$1
instanceKlass sun/reflect/annotation/AnnotationType
instanceKlass java/lang/reflect/GenericArrayType
instanceKlass org/apache/logging/log4j/core/config/plugins/Plugin
instanceKlass sun/reflect/generics/visitor/Reifier
instanceKlass sun/reflect/generics/visitor/TypeTreeVisitor
instanceKlass sun/reflect/generics/factory/CoreReflectionFactory
instanceKlass sun/reflect/generics/factory/GenericsFactory
instanceKlass sun/reflect/generics/scope/AbstractScope
instanceKlass sun/reflect/generics/scope/Scope
instanceKlass sun/reflect/generics/tree/ClassTypeSignature
instanceKlass sun/reflect/generics/tree/SimpleClassTypeSignature
instanceKlass sun/reflect/generics/tree/FieldTypeSignature
instanceKlass sun/reflect/generics/tree/BaseType
instanceKlass sun/reflect/generics/tree/TypeSignature
instanceKlass sun/reflect/generics/tree/ReturnType
instanceKlass sun/reflect/generics/tree/TypeArgument
instanceKlass sun/reflect/generics/tree/TypeTree
instanceKlass sun/reflect/generics/tree/Tree
instanceKlass sun/reflect/generics/parser/SignatureParser
instanceKlass org/apache/logging/log4j/core/config/Order
instanceKlass org/apache/logging/log4j/core/config/OrderComparator
instanceKlass org/apache/logging/log4j/core/util/AuthorizationProvider
instanceKlass org/apache/logging/log4j/core/config/builder/api/ConfigurationBuilder
instanceKlass  @bci org/apache/logging/log4j/core/selector/ClassLoaderContextSelector locateContext (Ljava/lang/ClassLoader;Ljava/util/Map$Entry;Ljava/net/URI;)Lorg/apache/logging/log4j/core/LoggerContext; 160 <appendix> member <vmtarget> ; # org/apache/logging/log4j/core/selector/ClassLoaderContextSelector$$Lambda+0x000000010019a798
instanceKlass org/apache/logging/log4j/core/appender/DefaultErrorHandler
instanceKlass org/apache/logging/log4j/core/appender/ConsoleAppender$FactoryData
instanceKlass org/apache/logging/log4j/core/appender/ConsoleAppender$ConsoleManagerFactory
instanceKlass org/apache/logging/log4j/core/layout/ByteBufferDestination
instanceKlass org/apache/logging/log4j/core/ErrorHandler
instanceKlass org/apache/logging/log4j/core/config/DefaultLayout
instanceKlass org/apache/logging/log4j/core/util/internal/InternalLoggerRegistry
instanceKlass org/apache/logging/log4j/core/config/Node
instanceKlass org/apache/logging/log4j/core/util/DummyNanoClock
instanceKlass org/apache/logging/log4j/core/util/WatchEventService
instanceKlass java/util/UUID
instanceKlass org/apache/logging/log4j/core/util/WatchManager$LocalUUID
instanceKlass java/util/concurrent/ScheduledExecutorService
instanceKlass org/apache/logging/log4j/core/config/DefaultReliabilityStrategy
instanceKlass org/apache/logging/log4j/core/config/LocationAwareReliabilityStrategy
instanceKlass sun/reflect/misc/ReflectUtil
instanceKlass java/util/concurrent/atomic/AtomicReferenceFieldUpdater$AtomicReferenceFieldUpdaterImpl$1
instanceKlass java/util/concurrent/atomic/AtomicReferenceFieldUpdater
instanceKlass org/apache/logging/log4j/core/config/AppenderControlArraySet
instanceKlass org/apache/logging/log4j/core/util/SystemClock
instanceKlass org/apache/logging/log4j/core/time/PreciseClock
instanceKlass org/apache/logging/log4j/core/util/Clock
instanceKlass org/apache/logging/log4j/core/util/ClockFactory
instanceKlass org/apache/logging/log4j/core/LogEvent
instanceKlass org/apache/logging/log4j/core/impl/ReusableLogEventFactory
instanceKlass  @bci org/apache/logging/log4j/core/config/LoggerConfig <clinit> ()V 9 <appendix> argL0 ; # org/apache/logging/log4j/core/config/LoggerConfig$$Lambda+0x00000001001964f0
instanceKlass org/apache/logging/log4j/core/impl/LogEventFactory
instanceKlass org/apache/logging/log4j/core/impl/LocationAwareLogEventFactory
instanceKlass org/apache/logging/log4j/core/config/ReliabilityStrategy
instanceKlass java/util/DualPivotQuicksort
instanceKlass org/apache/logging/log4j/core/lookup/StrMatcher
instanceKlass sun/management/Util
instanceKlass  @bci sun/management/spi/PlatformMBeanProvider$PlatformComponent getMBeans (Ljava/lang/Class;)Ljava/util/List; 63 <appendix> member <vmtarget> ; # sun/management/spi/PlatformMBeanProvider$PlatformComponent$$Lambda+0x0000000100158fe8
instanceKlass  @bci sun/management/spi/PlatformMBeanProvider$PlatformComponent getMBeans (Ljava/lang/Class;)Ljava/util/List; 47 <appendix> member <vmtarget> ; # sun/management/spi/PlatformMBeanProvider$PlatformComponent$$Lambda+0x0000000100158d90
instanceKlass  @cpi ghidra/program/database/function/FunctionManagerDB 1222 form vmentry <vmtarget> ; # java/lang/invoke/LambdaForm$DMH+0x0000000100191000
instanceKlass java/util/Collections$2
instanceKlass sun/management/RuntimeImpl
instanceKlass  @bci java/lang/management/ManagementFactory$PlatformMBeanFinder findSingleton (Ljava/lang/Class;)Lsun/management/spi/PlatformMBeanProvider$PlatformComponent; 30 <appendix> member <vmtarget> ; # java/lang/management/ManagementFactory$PlatformMBeanFinder$$Lambda+0x0000000100157db8
instanceKlass  @bci java/lang/management/ManagementFactory$PlatformMBeanFinder findSingleton (Ljava/lang/Class;)Lsun/management/spi/PlatformMBeanProvider$PlatformComponent; 19 <appendix> member <vmtarget> ; # java/lang/management/ManagementFactory$PlatformMBeanFinder$$Lambda+0x0000000100157b60
instanceKlass java/util/Collections$UnmodifiableCollection$1
instanceKlass java/util/Collections$1
instanceKlass jdk/management/jfr/internal/FlightRecorderMXBeanProvider$SingleMBeanComponent
instanceKlass jdk/management/jfr/FlightRecorderMXBean
instanceKlass java/lang/management/DefaultPlatformMBeanProvider$11
instanceKlass java/lang/management/DefaultPlatformMBeanProvider$10
instanceKlass java/lang/management/DefaultPlatformMBeanProvider$9
instanceKlass java/util/logging/LogManager
instanceKlass sun/management/ManagementFactoryHelper$LoggingMXBeanAccess$1
instanceKlass sun/management/ManagementFactoryHelper$LoggingMXBeanAccess
instanceKlass java/lang/management/DefaultPlatformMBeanProvider$8
instanceKlass java/lang/management/DefaultPlatformMBeanProvider$7
instanceKlass java/lang/management/DefaultPlatformMBeanProvider$6
instanceKlass java/lang/management/DefaultPlatformMBeanProvider$5
instanceKlass java/lang/management/DefaultPlatformMBeanProvider$4
instanceKlass java/lang/management/DefaultPlatformMBeanProvider$3
instanceKlass java/lang/management/DefaultPlatformMBeanProvider$2
instanceKlass java/lang/management/DefaultPlatformMBeanProvider$1
instanceKlass com/sun/management/internal/PlatformMBeanProviderImpl$5
instanceKlass sun/management/VMManagementImpl
instanceKlass sun/management/VMManagement
instanceKlass sun/management/ManagementFactoryHelper
instanceKlass sun/management/NotificationEmitterSupport
instanceKlass javax/management/NotificationEmitter
instanceKlass javax/management/NotificationBroadcaster
instanceKlass com/sun/management/DiagnosticCommandMBean
instanceKlass javax/management/DynamicMBean
instanceKlass com/sun/management/internal/PlatformMBeanProviderImpl$4
instanceKlass com/sun/management/internal/PlatformMBeanProviderImpl$3
instanceKlass com/sun/management/internal/PlatformMBeanProviderImpl$2
instanceKlass com/sun/management/internal/PlatformMBeanProviderImpl$1
instanceKlass sun/management/spi/PlatformMBeanProvider$PlatformComponent
instanceKlass  @bci com/sun/management/internal/PlatformMBeanProviderImpl <clinit> ()V 8 <appendix> argL0 ; # com/sun/management/internal/PlatformMBeanProviderImpl$$Lambda+0x0000000100151830
instanceKlass sun/management/spi/PlatformMBeanProvider
instanceKlass java/lang/management/ManagementFactory$PlatformMBeanFinder$1
instanceKlass java/lang/management/ManagementFactory$PlatformMBeanFinder
instanceKlass java/lang/management/RuntimeMXBean
instanceKlass java/lang/management/PlatformManagedObject
instanceKlass  @bci java/lang/management/ManagementFactory loadNativeLib ()V 0 <appendix> argL0 ; # java/lang/management/ManagementFactory$$Lambda+0x00000001001507a0
instanceKlass java/lang/management/ManagementFactory
instanceKlass org/apache/logging/log4j/core/net/JndiManager$JndiManagerFactory
instanceKlass javax/naming/Context
instanceKlass org/apache/logging/log4j/core/appender/ManagerFactory
instanceKlass org/apache/logging/log4j/core/appender/AbstractManager
instanceKlass org/apache/logging/log4j/core/impl/ThreadContextDataProvider
instanceKlass  @bci org/apache/logging/log4j/core/impl/ThreadContextDataInjector getServiceProviders ()Ljava/util/List; 32 <appendix> member <vmtarget> ; # org/apache/logging/log4j/core/impl/ThreadContextDataInjector$$Lambda+0x0000000100194208
instanceKlass org/apache/logging/log4j/core/util/ContextDataProvider
instanceKlass org/apache/logging/log4j/core/impl/ThreadContextDataInjector
instanceKlass org/apache/logging/log4j/util/StringMap
instanceKlass org/apache/logging/log4j/core/impl/ThreadContextDataInjector$AbstractContextDataInjector
instanceKlass org/apache/logging/log4j/spi/ReadOnlyThreadContextMap
instanceKlass org/apache/logging/log4j/spi/DefaultThreadContextMap
instanceKlass org/apache/logging/log4j/util/ReadOnlyStringMap
instanceKlass org/apache/logging/log4j/spi/ThreadContextMapFactory
instanceKlass org/apache/logging/log4j/spi/DefaultThreadContextStack
instanceKlass java/util/Arrays$ArrayItr
instanceKlass org/apache/logging/log4j/spi/ThreadContextStack
instanceKlass org/apache/logging/log4j/ThreadContext$ContextStack
instanceKlass org/apache/logging/log4j/ThreadContext
instanceKlass  @bci org/apache/logging/log4j/core/impl/ContextDataInjectorFactory createInjector ()Lorg/apache/logging/log4j/core/ContextDataInjector; 4 <appendix> argL0 ; # org/apache/logging/log4j/core/impl/ContextDataInjectorFactory$$Lambda+0x000000010018d908
instanceKlass org/apache/logging/log4j/core/ContextDataInjector
instanceKlass org/apache/logging/log4j/core/impl/ContextDataInjectorFactory
instanceKlass org/apache/logging/log4j/core/util/ReflectionUtil
instanceKlass  @bci org/apache/logging/log4j/core/config/plugins/util/PluginRegistry decodeCacheFiles (Ljava/lang/ClassLoader;)Ljava/util/Map; 325 <adapter> ; # java/lang/invoke/LambdaForm$MH+0x0000000100190c00
# instanceKlass java/lang/invoke/LambdaForm$DMH+0x0000000100190800
instanceKlass  @bci org/apache/logging/log4j/core/config/plugins/util/PluginRegistry decodeCacheFiles (Ljava/lang/ClassLoader;)Ljava/util/Map; 325 <appendix> form vmentry <vmtarget> ; # java/lang/invoke/LambdaForm$DMH+0x0000000100190400
instanceKlass  @bci org/apache/logging/log4j/core/config/plugins/util/PluginRegistry decodeCacheFiles (Ljava/lang/ClassLoader;)Ljava/util/Map; 325 <appendix> member <vmtarget> ; # org/apache/logging/log4j/core/config/plugins/util/PluginRegistry$$Lambda+0x000000010018d0b8
instanceKlass  @cpi org/apache/logging/log4j/core/config/plugins/util/PluginRegistry 467 form vmentry <vmtarget> ; # java/lang/invoke/LambdaForm$DMH+0x0000000100190000
instanceKlass org/apache/logging/log4j/util/Supplier
instanceKlass org/apache/logging/log4j/core/util/AbstractWatcher
instanceKlass org/apache/logging/log4j/core/config/plugins/convert/TypeConverters$UuidConverter
instanceKlass org/apache/logging/log4j/core/config/plugins/convert/TypeConverters$UrlConverter
instanceKlass org/apache/logging/log4j/core/config/plugins/convert/TypeConverters$UriConverter
instanceKlass org/apache/logging/log4j/core/config/plugins/convert/TypeConverters$StringConverter
instanceKlass org/apache/logging/log4j/core/config/plugins/convert/TypeConverters$ShortConverter
instanceKlass org/apache/logging/log4j/core/config/plugins/convert/TypeConverters$SecurityProviderConverter
instanceKlass org/apache/logging/log4j/core/config/plugins/convert/TypeConverters$PatternConverter
instanceKlass org/apache/logging/log4j/core/config/plugins/convert/TypeConverters$PathConverter
instanceKlass org/apache/logging/log4j/core/config/plugins/convert/TypeConverters$LongConverter
instanceKlass org/apache/logging/log4j/core/config/plugins/convert/TypeConverters$LevelConverter
instanceKlass org/apache/logging/log4j/core/config/plugins/convert/TypeConverters$IntegerConverter
instanceKlass org/apache/logging/log4j/core/config/plugins/convert/TypeConverters$InetAddressConverter
instanceKlass org/apache/logging/log4j/core/config/plugins/convert/TypeConverters$FloatConverter
instanceKlass org/apache/logging/log4j/core/config/plugins/convert/TypeConverters$FileConverter
instanceKlass org/apache/logging/log4j/core/config/plugins/convert/TypeConverters$DurationConverter
instanceKlass org/apache/logging/log4j/core/config/plugins/convert/TypeConverters$DoubleConverter
instanceKlass org/apache/logging/log4j/core/config/plugins/convert/TypeConverters$CronExpressionConverter
instanceKlass org/apache/logging/log4j/core/config/plugins/convert/TypeConverters$ClassConverter
instanceKlass org/apache/logging/log4j/core/config/plugins/convert/TypeConverters$CharsetConverter
instanceKlass org/apache/logging/log4j/core/config/plugins/convert/TypeConverters$CharArrayConverter
instanceKlass org/apache/logging/log4j/core/config/plugins/convert/TypeConverters$CharacterConverter
instanceKlass org/apache/logging/log4j/core/config/plugins/convert/TypeConverters$ByteArrayConverter
instanceKlass org/apache/logging/log4j/core/config/plugins/convert/TypeConverters$ByteConverter
instanceKlass org/apache/logging/log4j/core/config/plugins/convert/TypeConverters$BooleanConverter
instanceKlass org/apache/logging/log4j/core/config/plugins/convert/TypeConverters$BigIntegerConverter
instanceKlass org/apache/logging/log4j/core/config/plugins/convert/TypeConverters$BigDecimalConverter
instanceKlass org/apache/logging/log4j/core/config/plugins/convert/TypeConverter
instanceKlass org/apache/logging/log4j/core/lookup/UpperLookup
instanceKlass org/apache/logging/log4j/core/lookup/MapLookup
instanceKlass org/apache/logging/log4j/core/lookup/DateLookup
instanceKlass org/apache/logging/log4j/core/lookup/ContextMapLookup
instanceKlass org/apache/logging/log4j/core/pattern/FileDatePatternConverter
instanceKlass org/apache/logging/log4j/core/config/arbiters/SystemPropertyArbiter
instanceKlass org/apache/logging/log4j/core/net/ssl/SslConfiguration
instanceKlass org/apache/logging/log4j/core/appender/rolling/action/PathSortByModificationTime
instanceKlass org/apache/logging/log4j/core/appender/rolling/action/PathSorter
instanceKlass org/apache/logging/log4j/core/net/SocketPerformancePreferences
instanceKlass org/apache/logging/log4j/core/net/SocketOptions
instanceKlass org/apache/logging/log4j/core/util/Builder
instanceKlass org/apache/logging/log4j/core/net/SocketAddress
instanceKlass org/apache/logging/log4j/core/config/arbiters/SelectArbiter
instanceKlass org/apache/logging/log4j/core/config/ScriptsPlugin
instanceKlass org/apache/logging/log4j/core/layout/ScriptPatternSelector
instanceKlass org/apache/logging/log4j/core/appender/rolling/action/ScriptCondition
instanceKlass org/apache/logging/log4j/core/config/arbiters/ScriptArbiter
instanceKlass org/apache/logging/log4j/core/script/AbstractScript
instanceKlass org/apache/logging/log4j/core/appender/routing/Routes
instanceKlass org/apache/logging/log4j/core/appender/routing/Route
instanceKlass org/apache/logging/log4j/core/pattern/RegexReplacement
instanceKlass org/apache/logging/log4j/core/appender/rewrite/PropertiesRewritePolicy
instanceKlass org/apache/logging/log4j/core/config/PropertiesPlugin
instanceKlass org/apache/logging/log4j/core/layout/PatternMatch
instanceKlass org/apache/logging/log4j/core/net/MulticastDnsAdvertiser
instanceKlass org/apache/logging/log4j/core/config/MonitorResources
instanceKlass org/apache/logging/log4j/core/config/MonitorResource
instanceKlass org/apache/logging/log4j/core/layout/MarkerPatternSelector
instanceKlass org/apache/logging/log4j/core/appender/rewrite/MapRewritePolicy
instanceKlass org/apache/logging/log4j/core/config/LoggersPlugin
instanceKlass org/apache/logging/log4j/core/appender/rewrite/LoggerNameLevelRewritePolicy
instanceKlass org/apache/logging/log4j/core/appender/rewrite/RewritePolicy
instanceKlass org/apache/logging/log4j/core/layout/LoggerFields
instanceKlass org/apache/logging/log4j/core/async/LinkedTransferQueueFactory
instanceKlass org/apache/logging/log4j/core/layout/LevelPatternSelector
instanceKlass org/apache/logging/log4j/core/layout/PatternSelector
instanceKlass org/apache/logging/log4j/core/util/KeyValuePair
instanceKlass org/apache/logging/log4j/core/net/ssl/StoreConfiguration
instanceKlass org/apache/logging/log4j/core/async/JCToolsBlockingQueueFactory
instanceKlass org/apache/logging/log4j/core/appender/rolling/action/IfNot
instanceKlass org/apache/logging/log4j/core/appender/rolling/action/IfLastModified
instanceKlass org/apache/logging/log4j/core/appender/rolling/action/IfFileName
instanceKlass org/apache/logging/log4j/core/appender/rolling/action/IfAny
instanceKlass org/apache/logging/log4j/core/appender/rolling/action/IfAll
instanceKlass org/apache/logging/log4j/core/appender/rolling/action/IfAccumulatedFileSize
instanceKlass org/apache/logging/log4j/core/appender/rolling/action/IfAccumulatedFileCount
instanceKlass org/apache/logging/log4j/core/appender/rolling/action/PathCondition
instanceKlass org/apache/logging/log4j/core/appender/routing/PurgePolicy
instanceKlass org/apache/logging/log4j/core/appender/FailoversPlugin
instanceKlass org/apache/logging/log4j/core/config/arbiters/EnvironmentArbiter
instanceKlass org/apache/logging/log4j/core/async/DisruptorBlockingQueueFactory
instanceKlass org/apache/logging/log4j/core/appender/rolling/DirectFileRolloverStrategy
instanceKlass org/apache/logging/log4j/core/appender/rolling/action/AbstractAction
instanceKlass org/apache/logging/log4j/core/appender/rolling/action/Action
instanceKlass org/apache/logging/log4j/core/appender/rolling/AbstractRolloverStrategy
instanceKlass org/apache/logging/log4j/core/appender/rolling/RolloverStrategy
instanceKlass org/apache/logging/log4j/core/config/arbiters/DefaultArbiter
instanceKlass org/apache/logging/log4j/core/config/CustomLevels
instanceKlass org/apache/logging/log4j/core/config/CustomLevelConfig
instanceKlass org/apache/logging/log4j/core/layout/AbstractLayout
instanceKlass org/apache/logging/log4j/core/StringLayout
instanceKlass org/apache/logging/log4j/core/appender/rolling/TriggeringPolicy
instanceKlass org/apache/logging/log4j/core/appender/db/jdbc/ConnectionSource
instanceKlass org/apache/logging/log4j/core/appender/db/ColumnMapping
instanceKlass org/apache/logging/log4j/core/appender/db/jdbc/ColumnConfig
instanceKlass org/apache/logging/log4j/core/config/arbiters/ClassArbiter
instanceKlass org/apache/logging/log4j/core/config/arbiters/Arbiter
instanceKlass org/apache/logging/log4j/core/async/AsyncWaitStrategyFactoryConfig
instanceKlass org/apache/logging/log4j/core/async/ArrayBlockingQueueFactory
instanceKlass org/apache/logging/log4j/core/async/BlockingQueueFactory
instanceKlass org/apache/logging/log4j/core/appender/AppenderSet
instanceKlass org/apache/logging/log4j/core/config/AppendersPlugin
instanceKlass org/apache/logging/log4j/core/config/AppenderRef
instanceKlass org/apache/logging/log4j/core/pattern/AnsiConverter
instanceKlass org/apache/logging/log4j/core/pattern/ArrayPatternConverter
instanceKlass org/apache/logging/log4j/core/impl/LocationAware
instanceKlass org/apache/logging/log4j/core/pattern/AbstractPatternConverter
instanceKlass org/apache/logging/log4j/core/pattern/PatternConverter
instanceKlass org/apache/logging/log4j/core/config/plugins/util/PluginType
instanceKlass org/apache/logging/log4j/core/config/builder/api/ConfigurationBuilderFactory
instanceKlass  @bci org/apache/logging/log4j/core/config/plugins/processor/PluginCache loadCacheFiles (Ljava/util/Enumeration;)V 137 <adapter> ; # java/lang/invoke/LambdaForm$MH+0x0000000100120c00
# instanceKlass java/lang/invoke/LambdaForm$DMH+0x0000000100120800
instanceKlass  @bci org/apache/logging/log4j/core/config/plugins/processor/PluginCache loadCacheFiles (Ljava/util/Enumeration;)V 137 <appendix> form vmentry <vmtarget> ; # java/lang/invoke/LambdaForm$DMH+0x0000000100120400
instanceKlass  @bci org/apache/logging/log4j/core/config/plugins/processor/PluginCache loadCacheFiles (Ljava/util/Enumeration;)V 137 <appendix> member <vmtarget> ; # org/apache/logging/log4j/core/config/plugins/processor/PluginCache$$Lambda+0x000000010011dcb0
instanceKlass  @cpi org/apache/logging/log4j/core/config/plugins/processor/PluginCache 249 form vmentry <vmtarget> ; # java/lang/invoke/LambdaForm$DMH+0x0000000100120000
instanceKlass org/apache/logging/log4j/core/config/plugins/processor/PluginEntry
instanceKlass  @bci org/apache/logging/log4j/core/config/plugins/processor/PluginCache getCategory (Ljava/lang/String;)Ljava/util/Map; 10 <appendix> argL0 ; # org/apache/logging/log4j/core/config/plugins/processor/PluginCache$$Lambda+0x000000010011d800
instanceKlass jdk/internal/util/ByteArray
instanceKlass org/apache/logging/log4j/core/config/plugins/processor/PluginCache
instanceKlass org/apache/logging/log4j/core/config/plugins/util/ResolverUtil$Test
instanceKlass org/apache/logging/log4j/core/config/plugins/util/PluginRegistry
instanceKlass org/apache/logging/log4j/core/config/plugins/util/PluginManager
instanceKlass org/apache/logging/log4j/core/lookup/PropertiesLookup
instanceKlass org/apache/logging/log4j/core/lookup/LookupResult
instanceKlass org/apache/logging/log4j/core/lookup/AbstractLookup
instanceKlass org/apache/logging/log4j/core/config/LoggerContextAware
instanceKlass org/apache/logging/log4j/core/config/DefaultAdvertiser
instanceKlass org/apache/logging/log4j/core/config/Property
instanceKlass org/apache/logging/log4j/core/config/ConfigurationSource
instanceKlass org/apache/logging/log4j/core/util/Watcher
instanceKlass org/apache/logging/log4j/core/Appender
instanceKlass org/apache/logging/log4j/core/Layout
instanceKlass org/apache/logging/log4j/core/layout/Encoder
instanceKlass org/apache/logging/log4j/core/async/AsyncLoggerConfigDelegate
instanceKlass org/apache/logging/log4j/core/util/NanoClock
instanceKlass org/apache/logging/log4j/core/lookup/StrLookup
instanceKlass org/apache/logging/log4j/core/net/Advertiser
instanceKlass org/apache/logging/log4j/core/lookup/StrSubstitutor
instanceKlass org/apache/logging/log4j/core/config/ConfigurationAware
instanceKlass org/apache/logging/log4j/core/Filter
instanceKlass  @bci org/apache/logging/log4j/core/LoggerContext createInstanceFromFactoryProperty (Ljava/lang/Class;Ljava/lang/String;Ljava/lang/Object;)Ljava/lang/Object; 3 <appendix> member <vmtarget> ; # org/apache/logging/log4j/core/LoggerContext$$Lambda+0x0000000100118738
instanceKlass org/apache/logging/log4j/message/ReusableMessageFactory
instanceKlass  @bci org/apache/logging/log4j/util/StackLocator getCallerClass (Ljava/lang/String;Ljava/lang/String;)Ljava/lang/Class; 16 <appendix> argL0 ; # org/apache/logging/log4j/util/StackLocator$$Lambda+0x0000000100118258
instanceKlass java/util/stream/WhileOps$DropWhileSink
instanceKlass  @bci org/apache/logging/log4j/util/StackLocator lambda$getCallerClass$6 (Ljava/lang/String;Ljava/lang/String;Ljava/util/stream/Stream;)Ljava/util/Optional; 24 <appendix> member <vmtarget> ; # org/apache/logging/log4j/util/StackLocator$$Lambda+0x0000000100118000
instanceKlass  @bci org/apache/logging/log4j/util/StackLocator lambda$getCallerClass$6 (Ljava/lang/String;Ljava/lang/String;Ljava/util/stream/Stream;)Ljava/util/Optional; 13 <appendix> member <vmtarget> ; # org/apache/logging/log4j/util/StackLocator$$Lambda+0x0000000100114c00
instanceKlass java/util/stream/WhileOps$DropWhileOp
instanceKlass java/util/stream/WhileOps
instanceKlass  @bci org/apache/logging/log4j/util/StackLocator lambda$getCallerClass$6 (Ljava/lang/String;Ljava/lang/String;Ljava/util/stream/Stream;)Ljava/util/Optional; 2 <appendix> member <vmtarget> ; # org/apache/logging/log4j/util/StackLocator$$Lambda+0x0000000100115b70
instanceKlass  @bci org/apache/logging/log4j/util/StackLocator getCallerClass (Ljava/lang/String;Ljava/lang/String;)Ljava/lang/Class; 5 <appendix> member <vmtarget> ; # org/apache/logging/log4j/util/StackLocator$$Lambda+0x0000000100115928
instanceKlass org/apache/logging/log4j/internal/LogManagerStatus
instanceKlass java/util/concurrent/atomic/AtomicReference
instanceKlass org/apache/logging/log4j/core/util/Cancellable
instanceKlass org/apache/logging/log4j/core/util/DefaultShutdownCallbackRegistry
instanceKlass  @bci org/apache/logging/log4j/core/selector/ClassLoaderContextSelector <init> ()V 6 <appendix> member <vmtarget> ; # org/apache/logging/log4j/core/selector/ClassLoaderContextSelector$$Lambda+0x0000000100117b38
instanceKlass org/apache/logging/log4j/core/AbstractLifeCycle
instanceKlass org/apache/logging/log4j/core/LifeCycle2
instanceKlass org/apache/logging/log4j/spi/LoggerContextShutdownEnabled
instanceKlass org/apache/logging/log4j/core/config/ConfigurationListener
instanceKlass org/apache/logging/log4j/spi/Terminable
instanceKlass org/apache/logging/log4j/core/selector/ClassLoaderContextSelector
instanceKlass org/apache/logging/log4j/spi/LoggerContextShutdownAware
instanceKlass org/apache/logging/log4j/core/util/internal/SystemUtils
instanceKlass  @bci org/apache/logging/log4j/util/LoaderUtil newCheckedInstanceOfProperty (Ljava/lang/String;Ljava/lang/Class;)Ljava/lang/Object; 2 <appendix> argL0 ; # org/apache/logging/log4j/util/LoaderUtil$$Lambda+0x0000000100116208
instanceKlass org/apache/logging/log4j/core/util/Loader
instanceKlass org/apache/logging/log4j/util/Constants
instanceKlass org/apache/logging/log4j/core/util/Constants
instanceKlass  @bci org/apache/logging/log4j/util/ProviderUtil selectProvider (Lorg/apache/logging/log4j/util/PropertiesUtil;Ljava/util/Collection;Lorg/apache/logging/log4j/Logger;)Lorg/apache/logging/log4j/spi/Provider; 376 <appendix> argL0 ; # org/apache/logging/log4j/util/ProviderUtil$$Lambda+0x0000000100113800
instanceKlass java/util/stream/ReduceOps$2ReducingSink
instanceKlass  @bci java/util/function/BinaryOperator maxBy (Ljava/util/Comparator;)Ljava/util/function/BinaryOperator; 6 <appendix> member <vmtarget> ; # java/util/function/BinaryOperator$$Lambda+0x000000010014b048
instanceKlass  @bci java/util/Comparator comparing (Ljava/util/function/Function;)Ljava/util/Comparator; 6 <appendix> member <vmtarget> ; # java/util/Comparator$$Lambda+0x000000010014ada8
instanceKlass  @bci java/lang/invoke/BootstrapMethodInvoker invoke (Ljava/lang/Class;Ljava/lang/invoke/MethodHandle;Ljava/lang/String;Ljava/lang/Object;Ljava/lang/Object;Ljava/lang/Class;)Ljava/lang/Object; 462 <adapter> ; # java/lang/invoke/LambdaForm$MH+0x0000000100114800
instanceKlass  @bci org/apache/logging/log4j/util/ProviderUtil selectProvider (Lorg/apache/logging/log4j/util/PropertiesUtil;Ljava/util/Collection;Lorg/apache/logging/log4j/Logger;)Lorg/apache/logging/log4j/spi/Provider; 256 <appendix> argL0 ; # org/apache/logging/log4j/util/ProviderUtil$$Lambda+0x00000001001135c0
instanceKlass  @bci org/apache/logging/log4j/util/PropertiesUtil$Environment get (Ljava/lang/String;)Ljava/lang/String; 35 <appendix> argL0 ; # org/apache/logging/log4j/util/PropertiesUtil$Environment$$Lambda+0x0000000100113370
instanceKlass  @bci org/apache/logging/log4j/util/PropertiesUtil$Environment get (Ljava/lang/String;)Ljava/lang/String; 25 <appendix> member <vmtarget> ; # org/apache/logging/log4j/util/PropertiesUtil$Environment$$Lambda+0x0000000100113128
instanceKlass java/util/stream/SortedOps
instanceKlass org/apache/logging/log4j/util/PropertySource$Comparator
instanceKlass  @bci java/util/regex/Pattern union (Ljava/util/regex/Pattern$CharPredicate;Ljava/util/regex/Pattern$CharPredicate;Z)Ljava/util/regex/Pattern$CharPredicate; 6 <appendix> member <vmtarget> ; # java/util/regex/Pattern$$Lambda+0x0000000100149c18
instanceKlass  @bci java/util/regex/Pattern Range (II)Ljava/util/regex/Pattern$CharPredicate; 23 <appendix> member <vmtarget> ; # java/util/regex/Pattern$$Lambda+0x0000000100149988
instanceKlass org/apache/logging/log4j/util/PropertySource$Util
instanceKlass org/apache/logging/log4j/util/Cast
instanceKlass org/apache/logging/log4j/util/LazyUtil$1
instanceKlass org/apache/logging/log4j/util/LazyUtil
instanceKlass org/apache/logging/log4j/util/SystemPropertiesPropertySource
instanceKlass org/apache/logging/log4j/util/EnvironmentPropertySource
instanceKlass  @bci org/apache/logging/log4j/util/PropertiesUtil$Environment <init> (Lorg/apache/logging/log4j/util/PropertySource;)V 99 <appendix> member <vmtarget> ; # org/apache/logging/log4j/util/PropertiesUtil$Environment$$Lambda+0x0000000100111f38
instanceKlass java/util/Collections$SynchronizedCollection
instanceKlass java/util/Properties$EntrySet
instanceKlass  @bci org/apache/logging/log4j/util/PropertiesUtil$Environment <init> (Lorg/apache/logging/log4j/util/PropertySource;)V 34 <appendix> argL0 ; # org/apache/logging/log4j/util/PropertiesUtil$Environment$$Lambda+0x0000000100111cf0
instanceKlass org/apache/logging/log4j/util/BiConsumer
instanceKlass jdk/internal/foreign/MemorySessionImpl
instanceKlass java/lang/foreign/MemorySegment$Scope
instanceKlass org/apache/logging/log4j/util/PropertiesUtil$Environment
instanceKlass org/apache/logging/log4j/util/PropertiesPropertySource
instanceKlass  @bci java/util/regex/CharPredicates ASCII_WORD ()Ljava/util/regex/Pattern$BmpCharPredicate; 0 <appendix> argL0 ; # java/util/regex/CharPredicates$$Lambda+0x0000000100148040
instanceKlass  @bci java/util/regex/CharPredicates ASCII_DIGIT ()Ljava/util/regex/Pattern$BmpCharPredicate; 0 <appendix> argL0 ; # java/util/regex/CharPredicates$$Lambda+0x0000000100147b78
instanceKlass  @bci org/apache/logging/log4j/util/PropertiesUtil <clinit> ()V 6 <appendix> argL0 ; # org/apache/logging/log4j/util/PropertiesUtil$$Lambda+0x00000001001111c0
instanceKlass org/apache/logging/log4j/util/PropertySource
instanceKlass org/apache/logging/log4j/util/PropertiesUtil
instanceKlass org/apache/logging/log4j/util/LoaderUtil$ThreadContextClassLoaderGetter
instanceKlass  @bci org/apache/logging/log4j/util/LoaderUtil <clinit> ()V 23 <appendix> argL0 ; # org/apache/logging/log4j/util/LoaderUtil$$Lambda+0x0000000100110b60
instanceKlass  @cpi org/apache/logging/log4j/util/LoaderUtil 455 form vmentry <vmtarget> ; # java/lang/invoke/LambdaForm$DMH+0x0000000100114400
instanceKlass  @cpi ghidra/framework/model/AbstractDomainObjectListenerBuilder$BuilderDomainObjectListener 190 form vmentry <vmtarget> ; # java/lang/invoke/LambdaForm$DMH+0x0000000100114000
instanceKlass org/apache/logging/log4j/util/LazyBoolean
instanceKlass java/util/function/BooleanSupplier
instanceKlass org/apache/logging/log4j/util/LoaderUtil
instanceKlass  @bci org/apache/logging/log4j/core/impl/Log4jProvider <init> ()V 27 <appendix> member <vmtarget> ; # org/apache/logging/log4j/core/impl/Log4jProvider$$Lambda+0x0000000100110290
instanceKlass org/apache/logging/log4j/util/LazyUtil$SafeLazy
instanceKlass org/apache/logging/log4j/util/Lazy
instanceKlass  @bci org/apache/logging/log4j/core/impl/Log4jProvider <init> ()V 14 <appendix> argL0 ; # org/apache/logging/log4j/core/impl/Log4jProvider$$Lambda+0x000000010010dc00
instanceKlass org/apache/logging/log4j/core/selector/ContextSelector
instanceKlass org/apache/logging/log4j/core/config/Configuration
instanceKlass org/apache/logging/log4j/core/filter/Filterable
instanceKlass org/apache/logging/log4j/core/LifeCycle
instanceKlass org/apache/logging/log4j/spi/LoggerContext
instanceKlass org/apache/logging/log4j/core/impl/Log4jContextFactory
instanceKlass org/apache/logging/log4j/core/util/ShutdownCallbackRegistry
instanceKlass org/apache/logging/log4j/spi/ThreadContextMap
instanceKlass org/apache/logging/log4j/spi/LoggerContextFactory
instanceKlass sun/net/www/protocol/jar/JarFileFactory
instanceKlass sun/net/www/protocol/jar/URLJarFile$URLJarFileCloseController
instanceKlass java/util/stream/ForEachOps$ForEachOp
instanceKlass java/util/stream/ForEachOps
instanceKlass  @bci org/apache/logging/log4j/util/ProviderUtil lazyInit ()V 48 <appendix> argL0 ; # org/apache/logging/log4j/util/ProviderUtil$$Lambda+0x000000010010eb80
instanceKlass  @cpi ghidra/app/util/PseudoDisassembler 785 form vmentry <vmtarget> ; # java/lang/invoke/LambdaForm$DMH+0x000000010010d000
instanceKlass  @bci org/apache/logging/log4j/util/ProviderUtil lazyInit ()V 38 <appendix> argL0 ; # org/apache/logging/log4j/util/ProviderUtil$$Lambda+0x000000010010e930
instanceKlass  @bci org/apache/logging/log4j/util/ServiceLoaderUtil safeStream (Ljava/lang/Class;Ljava/util/ServiceLoader;Lorg/apache/logging/log4j/Logger;)Ljava/util/stream/Stream; 71 <appendix> member <vmtarget> ; # org/apache/logging/log4j/util/ServiceLoaderUtil$$Lambda+0x000000010010e6d8
instanceKlass  @bci org/osgi/framework/FrameworkUtil lambda$getBundle$2 (Ljava/lang/Class;)Lorg/osgi/framework/Bundle; 29 <appendix> argL0 ; # org/osgi/framework/FrameworkUtil$$Lambda+0x000000010010e498
instanceKlass  @bci org/osgi/framework/FrameworkUtil lambda$getBundle$2 (Ljava/lang/Class;)Lorg/osgi/framework/Bundle; 19 <appendix> argL0 ; # org/osgi/framework/FrameworkUtil$$Lambda+0x000000010010e248
instanceKlass  @bci org/osgi/framework/FrameworkUtil lambda$getBundle$2 (Ljava/lang/Class;)Lorg/osgi/framework/Bundle; 9 <appendix> member <vmtarget> ; # org/osgi/framework/FrameworkUtil$$Lambda+0x000000010010e000
instanceKlass  @bci org/osgi/framework/FrameworkUtil getBundle (Ljava/lang/Class;)Lorg/osgi/framework/Bundle; 23 <appendix> member <vmtarget> ; # org/osgi/framework/FrameworkUtil$$Lambda+0x000000010010bd48
instanceKlass org/osgi/framework/BundleReference
instanceKlass  @bci org/osgi/framework/FrameworkUtil getBundle (Ljava/lang/Class;)Lorg/osgi/framework/Bundle; 14 <appendix> argL0 ; # org/osgi/framework/FrameworkUtil$$Lambda+0x000000010010b908
instanceKlass  @bci org/osgi/framework/FrameworkUtil getBundle (Ljava/lang/Class;)Lorg/osgi/framework/Bundle; 1 <appendix> member <vmtarget> ; # org/osgi/framework/FrameworkUtil$$Lambda+0x000000010010b6e0
# instanceKlass java/lang/invoke/LambdaForm$MH+0x000000010010cc00
# instanceKlass java/lang/invoke/LambdaForm$MH+0x000000010010c800
instanceKlass org/osgi/framework/Bundle
instanceKlass  @bci org/osgi/framework/FrameworkUtil <clinit> ()V 27 <appendix> member <vmtarget> ; # org/osgi/framework/FrameworkUtil$$Lambda+0x000000010010b040
instanceKlass org/osgi/framework/connect/FrameworkUtilHelper
instanceKlass  @bci org/osgi/framework/FrameworkUtil <clinit> ()V 8 <appendix> argL0 ; # org/osgi/framework/FrameworkUtil$$Lambda+0x000000010010ac20
instanceKlass org/osgi/framework/Filter
instanceKlass org/osgi/framework/FrameworkUtil
instanceKlass org/apache/logging/log4j/util/OsgiServiceLocator
instanceKlass  @bci org/apache/logging/log4j/util/StackLocator getCallerClass (I)Ljava/lang/Class; 15 <appendix> argL0 ; # org/apache/logging/log4j/util/StackLocator$$Lambda+0x000000010010a188
instanceKlass  @cpi ghidra/app/util/opinion/AbstractLibrarySupportLoader 1113 form vmentry <vmtarget> ; # java/lang/invoke/LambdaForm$DMH+0x000000010010c400
instanceKlass  @bci java/util/stream/FindOps$FindSink$OfRef <clinit> ()V 43 <appendix> argL0 ; # java/util/stream/FindOps$FindSink$OfRef$$Lambda+0x00000001001432d0
instanceKlass  @bci java/util/stream/FindOps$FindSink$OfRef <clinit> ()V 38 <appendix> argL0 ; # java/util/stream/FindOps$FindSink$OfRef$$Lambda+0x0000000100143080
instanceKlass  @bci java/util/stream/FindOps$FindSink$OfRef <clinit> ()V 16 <appendix> argL0 ; # java/util/stream/FindOps$FindSink$OfRef$$Lambda+0x0000000100142e60
instanceKlass  @bci java/util/stream/FindOps$FindSink$OfRef <clinit> ()V 11 <appendix> argL0 ; # java/util/stream/FindOps$FindSink$OfRef$$Lambda+0x0000000100142c10
instanceKlass java/util/stream/FindOps$FindOp
instanceKlass java/util/stream/FindOps$FindSink
instanceKlass java/util/stream/FindOps
instanceKlass java/util/stream/SliceOps
instanceKlass java/lang/StackStreamFactory$FrameBuffer
instanceKlass java/lang/StackStreamFactory
instanceKlass  @bci org/apache/logging/log4j/util/StackLocator getCallerClass (I)Ljava/lang/Class; 4 <appendix> member <vmtarget> ; # org/apache/logging/log4j/util/StackLocator$$Lambda+0x0000000100109f48
instanceKlass  @cpi ghidra/app/util/opinion/AbstractLibrarySupportLoader 1138 form vmentry <vmtarget> ; # java/lang/invoke/LambdaForm$DMH+0x000000010010c000
instanceKlass org/apache/logging/log4j/util/StackLocator
instanceKlass org/apache/logging/log4j/util/StackLocatorUtil
instanceKlass java/util/Spliterators$AbstractSpliterator
instanceKlass org/apache/logging/log4j/util/ServiceLoaderUtil
instanceKlass org/apache/logging/log4j/spi/Provider
instanceKlass org/apache/logging/log4j/util/ProviderUtil
instanceKlass java/util/concurrent/locks/ReentrantReadWriteLock$WriteLock
instanceKlass java/util/concurrent/locks/ReentrantReadWriteLock$ReadLock
instanceKlass java/util/concurrent/locks/ReentrantReadWriteLock
instanceKlass org/apache/logging/log4j/message/ExitMessage
instanceKlass org/apache/logging/log4j/message/EntryMessage
instanceKlass org/apache/logging/log4j/message/FlowMessage
instanceKlass org/apache/logging/log4j/status/StatusConsoleListener
instanceKlass  @bci java/util/regex/Pattern negate (Ljava/util/regex/Pattern$CharPredicate;)Ljava/util/regex/Pattern$CharPredicate; 1 <appendix> member <vmtarget> ; # java/util/regex/Pattern$$Lambda+0x00000001000fde40
instanceKlass  @bci java/util/regex/CharPredicates forUnicodeBlock (Ljava/lang/String;)Ljava/util/regex/Pattern$CharPredicate; 6 <appendix> member <vmtarget> ; # java/util/regex/CharPredicates$$Lambda+0x00000001000fdbd8
instanceKlass java/lang/Character$Subset
instanceKlass java/util/regex/Pattern$BitClass
instanceKlass  @bci java/util/regex/Pattern DOT ()Ljava/util/regex/Pattern$CharPredicate; 0 <appendix> argL0 ; # java/util/regex/Pattern$$Lambda+0x00000001000fc858
instanceKlass  @bci org/apache/logging/log4j/status/StatusLogger$PropertiesUtilsDouble normalizeProperties ([Ljava/util/Properties;)Ljava/util/Map; 31 <appendix> member <vmtarget> ; # org/apache/logging/log4j/status/StatusLogger$PropertiesUtilsDouble$$Lambda+0x0000000100108510
instanceKlass java/util/Collections$UnmodifiableMap$UnmodifiableEntrySet$UnmodifiableEntry
instanceKlass java/util/Collections$UnmodifiableMap$UnmodifiableEntrySet$1
instanceKlass org/apache/logging/log4j/status/StatusLogger$PropertiesUtilsDouble
instanceKlass org/apache/logging/log4j/status/StatusLogger$Config
instanceKlass org/apache/logging/log4j/status/StatusLogger$InstanceHolder
instanceKlass java/util/RegularEnumSet$EnumSetIterator
instanceKlass  @bci org/apache/logging/log4j/util/Strings <clinit> ()V 0 <appendix> argL0 ; # org/apache/logging/log4j/util/Strings$$Lambda+0x0000000100107990
instanceKlass org/apache/logging/log4j/util/Strings
instanceKlass org/apache/logging/log4j/Level
instanceKlass  @bci org/apache/logging/log4j/spi/AbstractLogger <clinit> ()V 142 <appendix> argL0 ; # org/apache/logging/log4j/spi/AbstractLogger$$Lambda+0x0000000100106d08
instanceKlass org/apache/logging/log4j/internal/DefaultLogBuilder
instanceKlass org/apache/logging/log4j/BridgeAware
instanceKlass org/apache/logging/log4j/message/DefaultFlowMessageFactory
instanceKlass org/apache/logging/log4j/message/FlowMessageFactory
instanceKlass org/apache/logging/log4j/message/AbstractMessageFactory
instanceKlass  @bci org/apache/logging/log4j/MarkerManager getMarker (Ljava/lang/String;)Lorg/apache/logging/log4j/Marker; 4 <appendix> argL0 ; # org/apache/logging/log4j/MarkerManager$$Lambda+0x00000001001057e8
instanceKlass org/apache/logging/log4j/MarkerManager$Log4jMarker
instanceKlass org/apache/logging/log4j/util/StringBuilderFormattable
instanceKlass org/apache/logging/log4j/Marker
instanceKlass org/apache/logging/log4j/MarkerManager
instanceKlass org/apache/logging/log4j/status/StatusListener
instanceKlass java/util/concurrent/locks/ReadWriteLock
instanceKlass org/apache/logging/log4j/LogBuilder
instanceKlass org/apache/logging/log4j/message/Message
instanceKlass org/apache/logging/log4j/message/MessageFactory2
instanceKlass org/apache/logging/log4j/spi/AbstractLogger
instanceKlass org/apache/logging/log4j/spi/LocationAwareLogger
instanceKlass org/apache/logging/log4j/spi/ExtendedLogger
instanceKlass org/apache/logging/log4j/message/MessageFactory
instanceKlass org/apache/logging/log4j/Logger
instanceKlass org/apache/logging/log4j/LogManager
instanceKlass java/net/URLClassLoader$2
instanceKlass ghidra/framework/LoggingInitialization
instanceKlass ghidra/util/UniversalIdGenerator
instanceKlass ghidra/util/datastruct/LRUMap$Entry
instanceKlass ghidra/util/datastruct/LRUMap
instanceKlass ghidra/util/task/StubTaskMonitor
instanceKlass ghidra/util/ErrorDisplay
instanceKlass ghidra/util/task/TaskMonitor
instanceKlass ghidra/framework/model/Project
instanceKlass ghidra/framework/data/CheckinHandler
instanceKlass ghidra/formats/gfilesystem/FSRL
instanceKlass ghidra/framework/protocol/ghidra/GhidraURLResultHandler
instanceKlass ghidra/util/ErrorLogger
instanceKlass ghidra/framework/ApplicationConfiguration
instanceKlass ghidra/app/util/headless/HeadlessAnalyzer
instanceKlass ghidra/framework/Application
instanceKlass  @bci java/util/regex/Pattern Single (I)Ljava/util/regex/Pattern$BmpCharPredicate; 1 <appendix> member <vmtarget> ; # java/util/regex/Pattern$$Lambda+0x00000001000fa780
instanceKlass ghidra/app/util/headless/AnalyzeHeadless
instanceKlass ghidra/GhidraLaunchable
instanceKlass  @bci java/io/FilePermissionCollection add (Ljava/security/Permission;)V 68 <appendix> argL0 ; # java/io/FilePermissionCollection$$Lambda+0x00000001000f9e30
instanceKlass java/io/FilePermission$1
instanceKlass jdk/internal/access/JavaIOFilePermissionAccess
instanceKlass sun/net/www/MessageHeader
instanceKlass java/net/URLConnection
instanceKlass java/util/StringTokenizer
instanceKlass java/util/jar/JarVerifier
instanceKlass java/net/URLClassLoader$1
instanceKlass  @bci ghidra/framework/store/local/LockFile getLockID ()Ljava/lang/String; 17 <adapter> ; # java/lang/invoke/LambdaForm$MH+0x00000001000d9c00
# instanceKlass java/lang/invoke/LambdaForm$DMH+0x00000001000d9800
instanceKlass  @bci ghidra/framework/store/local/LockFile getLockID ()Ljava/lang/String; 17 <appendix> form vmentry <vmtarget> ; # java/lang/invoke/LambdaForm$MH+0x00000001000d9400
# instanceKlass java/lang/invoke/LambdaForm$MH+0x00000001000d9000
instanceKlass  @bci ghidra/framework/store/local/LockFile getLockID ()Ljava/lang/String; 17 <appendix> form names 8 function resolvedHandle form vmentry <vmtarget> ; # java/lang/invoke/LambdaForm$DMH+0x00000001000d8c00
instanceKlass  @bci ghidra/framework/store/local/LockFile getLockID ()Ljava/lang/String; 17 <appendix> argL3 form vmentry <vmtarget> ; # java/lang/invoke/LambdaForm$MH+0x00000001000d8800
# instanceKlass java/lang/invoke/LambdaForm$MH+0x00000001000d8400
# instanceKlass java/lang/invoke/LambdaForm$MH+0x00000001000d8000
# instanceKlass java/lang/invoke/LambdaForm$MH+0x00000001000d3c00
# instanceKlass java/lang/invoke/LambdaForm$MH+0x00000001000d3800
# instanceKlass java/lang/invoke/LambdaForm$MH+0x00000001000d3400
# instanceKlass java/lang/invoke/LambdaForm$MH+0x00000001000d3000
instanceKlass  @bci ghidra/framework/store/local/LockFile getLockID ()Ljava/lang/String; 17 <appendix> form names 12 function resolvedHandle form vmentry <vmtarget> ; # java/lang/invoke/LambdaForm$DMH+0x00000001000d2c00
instanceKlass  @bci ghidra/framework/store/local/LockFile getLockID ()Ljava/lang/String; 17 <appendix> argL1 form vmentry <vmtarget> ; # java/lang/invoke/LambdaForm$MH+0x00000001000d2800
# instanceKlass java/lang/invoke/LambdaForm$MH+0x00000001000d2400
instanceKlass  @bci ghidra/framework/store/local/LockFile setLockOwner ()Z 44 <appendix> argL1 form vmentry <vmtarget> ; # java/lang/invoke/LambdaForm$MH+0x00000001000d2000
# instanceKlass java/lang/invoke/LambdaForm$MH+0x00000001000d1c00
# instanceKlass java/lang/invoke/LambdaForm$MH+0x00000001000d1800
# instanceKlass java/lang/invoke/LambdaForm$MH+0x00000001000d1400
# instanceKlass java/lang/invoke/LambdaForm$MH+0x00000001000d1000
instanceKlass  @bci ghidra/GhidraLauncher initializeGhidraEnvironment ()Lghidra/GhidraApplicationLayout; 54 <appendix> member <vmtarget> ; # ghidra/GhidraLauncher$$Lambda+0x00000001000d5750
instanceKlass  @cpi ghidra/GhidraLauncher 665 form vmentry <vmtarget> ; # java/lang/invoke/LambdaForm$DMH+0x00000001000d0c00
instanceKlass java/util/HashMap$HashMapSpliterator
instanceKlass  @bci java/util/stream/Collectors toSet ()Ljava/util/stream/Collector; 14 <appendix> argL0 ; # java/util/stream/Collectors$$Lambda+0x00000001000f6af8
instanceKlass  @bci java/util/stream/Collectors toSet ()Ljava/util/stream/Collector; 9 <appendix> argL0 ; # java/util/stream/Collectors$$Lambda+0x00000001000f68c8
instanceKlass  @bci java/util/stream/Collectors toSet ()Ljava/util/stream/Collector; 4 <appendix> argL0 ; # java/util/stream/Collectors$$Lambda+0x00000001000f66a8
instanceKlass  @bci ghidra/GhidraLauncher orderClasspath (Ljava/util/List;Ljava/util/Map;)Ljava/util/List; 11 <appendix> argL0 ; # ghidra/GhidraLauncher$$Lambda+0x00000001000d5510
instanceKlass java/util/Spliterators$IteratorSpliterator
instanceKlass  @bci ghidra/GhidraLauncher buildClasspath (Lghidra/GhidraApplicationLayout;)Ljava/util/List; 107 <appendix> member <vmtarget> ; # ghidra/GhidraLauncher$$Lambda+0x00000001000d52b8
instanceKlass  @bci ghidra/GhidraLauncher addModuleJarPaths (Ljava/util/List;Ljava/util/Map;)V 12 <appendix> member <vmtarget> ; # ghidra/GhidraLauncher$$Lambda+0x00000001000d5080
instanceKlass java/util/stream/ReduceOps$Box
instanceKlass java/util/stream/ReduceOps$AccumulatingSink
instanceKlass java/util/stream/TerminalSink
instanceKlass java/util/stream/ReduceOps$ReduceOp
instanceKlass java/util/stream/ReduceOps
instanceKlass  @bci java/util/stream/Collectors castingIdentity ()Ljava/util/function/Function; 0 <appendix> argL0 ; # java/util/stream/Collectors$$Lambda+0x00000001000f4ca8
instanceKlass  @bci java/util/stream/Collectors toList ()Ljava/util/stream/Collector; 14 <appendix> argL0 ; # java/util/stream/Collectors$$Lambda+0x00000001000f4a60
instanceKlass java/util/function/BinaryOperator
instanceKlass  @bci java/util/stream/Collectors toList ()Ljava/util/stream/Collector; 9 <appendix> argL0 ; # java/util/stream/Collectors$$Lambda+0x00000001000f4630
instanceKlass java/util/function/BiConsumer
instanceKlass  @bci java/util/stream/Collectors toList ()Ljava/util/stream/Collector; 4 <appendix> argL0 ; # java/util/stream/Collectors$$Lambda+0x00000001000f3e70
instanceKlass java/util/stream/Collector
instanceKlass java/util/stream/Collectors
instanceKlass  @bci ghidra/GhidraLauncher findJarsInDir (Lgeneric/jar/ResourceFile;)Ljava/util/List; 79 <appendix> argL0 ; # ghidra/GhidraLauncher$$Lambda+0x00000001000d4e40
instanceKlass java/util/TreeMap$TreeMapSpliterator
instanceKlass  @bci ghidra/GhidraLauncher findJarsInDir (Lgeneric/jar/ResourceFile;)Ljava/util/List; 4 <appendix> argL0 ; # ghidra/GhidraLauncher$$Lambda+0x00000001000d4ba8
instanceKlass java/util/NavigableSet
instanceKlass java/util/SortedSet
instanceKlass  @bci ghidra/GhidraLauncher addModuleBinPaths (Ljava/util/List;Ljava/util/Map;)V 12 <appendix> member <vmtarget> ; # ghidra/GhidraLauncher$$Lambda+0x00000001000d4970
instanceKlass  @cpi ghidra/framework/model/AbstractDomainObjectListenerBuilder$EventTrigger 71 form vmentry <vmtarget> ; # java/lang/invoke/LambdaForm$DMH+0x00000001000d0800
instanceKlass  @bci utility/module/ModuleUtilities getModuleBinDirectories (Ljava/util/Collection;)Ljava/util/Collection; 51 <appendix> member <vmtarget> ; # utility/module/ModuleUtilities$$Lambda+0x00000001000d4738
instanceKlass  @cpi ghidra/framework/model/AbstractDomainObjectListenerBuilder$TypedRecordConsumer 136 form vmentry <vmtarget> ; # java/lang/invoke/LambdaForm$DMH+0x00000001000d0400
instanceKlass java/util/stream/Sink$ChainedReference
instanceKlass  @bci java/util/stream/MatchOps makeRef (Ljava/util/function/Predicate;Ljava/util/stream/MatchOps$MatchKind;)Ljava/util/stream/TerminalOp; 20 <appendix> member <vmtarget> ; # java/util/stream/MatchOps$$Lambda+0x00000001000f05c8
instanceKlass java/util/stream/MatchOps$BooleanTerminalSink
instanceKlass java/util/stream/Sink
instanceKlass java/util/stream/MatchOps$MatchOp
instanceKlass java/util/stream/TerminalOp
instanceKlass java/util/stream/MatchOps
instanceKlass  @bci utility/module/ModuleUtilities isExternalModule (Lghidra/framework/GModule;Lutility/application/ApplicationLayout;)Z 29 <appendix> member <vmtarget> ; # utility/module/ModuleUtilities$$Lambda+0x00000001000d44e0
instanceKlass  @bci utility/module/ModuleUtilities isExternalModule (Lghidra/framework/GModule;Lutility/application/ApplicationLayout;)Z 18 <appendix> argL0 ; # utility/module/ModuleUtilities$$Lambda+0x00000001000d42a0
instanceKlass java/util/ArrayList$ArrayListSpliterator
instanceKlass java/util/TimSort
instanceKlass java/util/Arrays$LegacyMergeSort
instanceKlass java/util/Collections$UnmodifiableCollection
instanceKlass  @bci ghidra/GhidraLauncher getOrderedModules (Lutility/application/ApplicationLayout;)Ljava/util/Map; 1 <appendix> member <vmtarget> ; # ghidra/GhidraLauncher$$Lambda+0x00000001000d4000
instanceKlass  @cpi ghidra/GhidraLauncher 698 form vmentry <vmtarget> ; # java/lang/invoke/LambdaForm$DMH+0x00000001000d0000
instanceKlass java/nio/charset/CoderResult
instanceKlass utility/module/ModuleManifestFile
instanceKlass java/util/LinkedHashMap$LinkedHashIterator
instanceKlass  @bci utility/module/ModuleUtilities findModules (Ljava/util/Collection;Ljava/util/Collection;)Ljava/util/Map; 0 <appendix> argL0 ; # utility/module/ModuleUtilities$$Lambda+0x00000001000cfc98
instanceKlass ghidra/framework/GModule
instanceKlass  @bci ghidra/GhidraApplicationLayout findGhidraModules ()Ljava/util/Map; 47 <appendix> member <vmtarget> ; # ghidra/GhidraApplicationLayout$$Lambda+0x00000001000cf820
instanceKlass  @bci utility/module/ModuleUtilities findModuleRootDirectoriesHelper (Lgeneric/jar/ResourceFile;Ljava/util/Collection;I)Ljava/util/Collection; 14 <appendix> argL0 ; # utility/module/ModuleUtilities$$Lambda+0x00000001000cf408
instanceKlass  @cpi ghidra/app/util/opinion/PeLoader 1224 form vmentry <vmtarget> ; # java/lang/invoke/LambdaForm$DMH+0x00000001000ce800
instanceKlass generic/jar/ResourceFileFilter
instanceKlass utility/module/ModuleUtilities
instanceKlass java/util/SequencedSet
instanceKlass ghidra/framework/ApplicationVersion
instanceKlass ghidra/framework/ApplicationIdentifier
instanceKlass utility/application/ApplicationUtilities$1
instanceKlass java/lang/ProcessEnvironment$CheckedEntry
instanceKlass java/lang/ProcessEnvironment$CheckedEntrySet$1
instanceKlass java/lang/ProcessEnvironment$EntryComparator
instanceKlass java/lang/ProcessEnvironment$NameComparator
instanceKlass  @bci utilities/util/FileUtilities <clinit> ()V 11 <appendix> argL0 ; # utilities/util/FileUtilities$$Lambda+0x00000001000cd248
instanceKlass  @cpi pdb/symbolserver/SymbolServerInstanceCreatorRegistry 222 form vmentry <vmtarget> ; # java/lang/invoke/LambdaForm$DMH+0x00000001000ce400
instanceKlass java/io/FileFilter
instanceKlass  @bci utilities/util/FileUtilities <clinit> ()V 0 <appendix> argL0 ; # utilities/util/FileUtilities$$Lambda+0x00000001000cd028
instanceKlass java/text/Format
instanceKlass utilities/util/FileUtilities
instanceKlass java/util/regex/ASCII
instanceKlass java/util/regex/IntHashSet
instanceKlass java/util/regex/Matcher
instanceKlass java/util/regex/MatchResult
instanceKlass java/util/regex/Pattern$TreeInfo
instanceKlass  @bci java/util/regex/CharPredicates ASCII_SPACE ()Ljava/util/regex/Pattern$BmpCharPredicate; 0 <appendix> argL0 ; # java/util/regex/CharPredicates$$Lambda+0x00000001000e65a8
instanceKlass java/util/regex/Pattern$BmpCharPredicate
instanceKlass java/util/regex/Pattern$CharPredicate
instanceKlass java/util/regex/CharPredicates
instanceKlass java/util/regex/Pattern$Node
instanceKlass java/util/regex/Pattern
instanceKlass  @bci ghidra/app/plugin/core/datamgr/util/DataTypeArchiveUtility findArchiveFile (Ljava/lang/String;)Lgeneric/jar/ResourceFile; 10 <appendix> form vmentry <vmtarget> ; # java/lang/invoke/LambdaForm$MH+0x00000001000ce000
instanceKlass ghidra/util/SystemUtilities
instanceKlass generic/jar/FileResource
instanceKlass generic/jar/Resource
instanceKlass generic/jar/ResourceFile
instanceKlass utility/application/ApplicationUtilities
instanceKlass java/time/Clock
instanceKlass java/time/InstantSource
instanceKlass java/time/Instant
instanceKlass java/time/temporal/TemporalAdjuster
instanceKlass utility/application/ApplicationLayout
instanceKlass java/io/Reader
instanceKlass java/lang/Readable
instanceKlass java/time/temporal/Temporal
instanceKlass java/time/temporal/TemporalAccessor
instanceKlass ghidra/GhidraLauncher
instanceKlass java/lang/invoke/VarHandle$AccessDescriptor
instanceKlass  @bci sun/awt/shell/Win32ShellFolderManager2$ComInvoker newThread (Ljava/lang/Runnable;)Ljava/lang/Thread; 11 <appendix> member <vmtarget> ; # sun/awt/shell/Win32ShellFolderManager2$ComInvoker$$Lambda+0x00000001000e32f8
instanceKlass sun/awt/shell/Win32ShellFolderManager2$ComInvoker$1
instanceKlass java/util/concurrent/FutureTask$WaitNode
instanceKlass java/util/concurrent/FutureTask
instanceKlass java/util/concurrent/RunnableFuture
instanceKlass java/util/concurrent/Future
instanceKlass sun/awt/shell/ShellFolder$4
instanceKlass sun/awt/shell/ShellFolder$3
instanceKlass  @bci sun/awt/shell/Win32ShellFolderManager2$ComInvoker <init> ()V 35 <appendix> member <vmtarget> ; # sun/awt/shell/Win32ShellFolderManager2$ComInvoker$$Lambda+0x00000001000e1888
instanceKlass  @bci sun/awt/shell/Win32ShellFolderManager2$ComInvoker <init> ()V 28 <appendix> member <vmtarget> ; # sun/awt/shell/Win32ShellFolderManager2$ComInvoker$$Lambda+0x00000001000e1660
instanceKlass java/util/concurrent/Executors$DefaultThreadFactory
instanceKlass java/util/concurrent/Executors
instanceKlass java/util/concurrent/LinkedBlockingQueue$Node
instanceKlass java/util/concurrent/BlockingQueue
instanceKlass java/util/concurrent/ThreadPoolExecutor$AbortPolicy
instanceKlass java/util/concurrent/RejectedExecutionHandler
instanceKlass sun/awt/shell/ShellFolder$Invoker
instanceKlass sun/awt/shell/ShellFolderManager
instanceKlass java/awt/RenderingHints
instanceKlass  @bci sun/awt/windows/WTaskbarPeer init ()V 18 <appendix> argL0 ; # sun/awt/windows/WTaskbarPeer$$Lambda+0x00000001000be428
instanceKlass java/util/concurrent/Callable
instanceKlass sun/awt/windows/WTaskbarPeer
instanceKlass java/awt/peer/TaskbarPeer
instanceKlass  @bci sun/awt/windows/WToolkit <init> ()V 142 <appendix> argL0 ; # sun/awt/windows/WToolkit$$Lambda+0x00000001000bd550
instanceKlass java/lang/Shutdown$Lock
instanceKlass java/lang/Shutdown
instanceKlass java/lang/ApplicationShutdownHooks$1
instanceKlass java/lang/ApplicationShutdownHooks
instanceKlass  @bci sun/awt/windows/WToolkit lambda$registerShutdownHook$2 ()Ljava/lang/Void; 8 <appendix> member <vmtarget> ; # sun/awt/windows/WToolkit$$Lambda+0x00000001000bc8f0
instanceKlass  @bci sun/awt/windows/WToolkit registerShutdownHook ()V 1 <appendix> member <vmtarget> ; # sun/awt/windows/WToolkit$$Lambda+0x00000001000bc6c8
instanceKlass java/util/concurrent/ForkJoinPool$2
instanceKlass jdk/internal/access/JavaUtilConcurrentFJPAccess
instanceKlass jdk/internal/vm/ThreadContainers
instanceKlass java/util/concurrent/ForkJoinPool$DefaultForkJoinWorkerThreadFactory
instanceKlass jdk/internal/vm/StackableScope
instanceKlass  @bci sun/awt/windows/WToolkit run ()V 0 <appendix> argL0 ; # sun/awt/windows/WToolkit$$Lambda+0x00000001000baa58
instanceKlass java/util/function/Predicate
instanceKlass java/util/concurrent/ForkJoinPool$WorkQueue
instanceKlass  @bci sun/awt/windows/WToolkit <init> ()V 93 <appendix> member <vmtarget> ; # sun/awt/windows/WToolkit$$Lambda+0x00000001000ba228
instanceKlass java/util/concurrent/ForkJoinPool$ForkJoinWorkerThreadFactory
instanceKlass  @bci sun/awt/windows/WToolkit <init> ()V 68 <appendix> argL0 ; # sun/awt/windows/WToolkit$$Lambda+0x00000001000b9c10
instanceKlass java/util/concurrent/AbstractExecutorService
instanceKlass java/lang/WeakPairMap$Pair$Lookup
instanceKlass java/util/concurrent/ExecutorService
instanceKlass java/lang/WeakPairMap$Pair
instanceKlass java/util/concurrent/Executor
instanceKlass java/lang/WeakPairMap
instanceKlass java/lang/Module$ReflectionData
instanceKlass  @bci sun/awt/AWTAutoShutdown activateBlockerThread ()V 1 <appendix> member <vmtarget> ; # sun/awt/AWTAutoShutdown$$Lambda+0x00000001000b8658
instanceKlass sun/awt/AWTAutoShutdown
instanceKlass java/util/concurrent/ConcurrentLinkedDeque$Node
instanceKlass sun/awt/util/ThreadGroupUtils
instanceKlass  @bci sun/java2d/Disposer <clinit> ()V 104 <appendix> argL0 ; # sun/java2d/Disposer$$Lambda+0x00000001000b7708
instanceKlass sun/java2d/Disposer$1
instanceKlass sun/java2d/Disposer
instanceKlass sun/awt/windows/WToolkit$ToolkitDisposer
instanceKlass sun/java2d/DisposerRecord
instanceKlass  @bci db/Database$DBBufferFileManager getBufferFile (I)Ljava/io/File; 12 <appendix> form vmentry <vmtarget> ; # java/lang/invoke/LambdaForm$MH+0x00000001000ca800
instanceKlass  @bci db/Database$DBBufferFileManager getBufferFile (I)Ljava/io/File; 12 <appendix> argL3 form vmentry <vmtarget> ; # java/lang/invoke/LambdaForm$MH+0x00000001000ca400
# instanceKlass java/lang/invoke/LambdaForm$MH+0x00000001000ca000
# instanceKlass java/lang/invoke/LambdaForm$MH+0x00000001000c9c00
# instanceKlass java/lang/invoke/LambdaForm$MH+0x00000001000c9800
instanceKlass sun/awt/util/PerformanceLogger$TimeData
instanceKlass sun/awt/util/PerformanceLogger
instanceKlass sun/awt/SunToolkit$ModalityListenerList
instanceKlass sun/awt/ModalityListener
instanceKlass java/beans/PropertyChangeListener
instanceKlass java/beans/ChangeListenerMap
instanceKlass java/beans/PropertyChangeSupport
instanceKlass sun/util/logging/PlatformLogger$ConfigurableBridge$LoggerConfiguration
instanceKlass jdk/internal/logger/BootstrapLogger$RedirectedLoggers
instanceKlass javax/swing/event/EventListenerList
instanceKlass sun/awt/windows/WDesktopPeer
instanceKlass java/awt/peer/DesktopPeer
instanceKlass java/awt/Component$DummyRequestFocusController
instanceKlass sun/awt/RequestFocusController
instanceKlass java/awt/Component$1
instanceKlass sun/awt/AWTAccessor$ComponentAccessor
instanceKlass java/awt/font/JavaAWTFontAccessImpl
instanceKlass jdk/internal/access/JavaAWTFontAccess
instanceKlass java/text/AttributedCharacterIterator$Attribute
instanceKlass sun/font/AttributeValues
instanceKlass java/awt/geom/AffineTransform
instanceKlass sun/font/FontAccess
instanceKlass java/awt/Font
instanceKlass sun/awt/windows/WObjectPeer
instanceKlass java/awt/dnd/peer/DropTargetPeer
instanceKlass java/awt/peer/ComponentPeer
instanceKlass java/awt/event/InputEvent$1
instanceKlass sun/awt/AWTAccessor$InputEventAccessor
instanceKlass java/awt/event/NativeLibLoader$1
instanceKlass java/awt/event/NativeLibLoader
instanceKlass java/awt/AWTEvent$1
instanceKlass sun/awt/AWTAccessor$AWTEventAccessor
instanceKlass java/util/EventObject
instanceKlass java/awt/Component$AWTTreeLock
instanceKlass java/awt/Component
instanceKlass java/awt/MenuContainer
instanceKlass java/awt/image/ImageObserver
instanceKlass sun/awt/DisplayChangedListener
instanceKlass java/util/EventListener
instanceKlass sun/awt/image/SurfaceManager
instanceKlass sun/awt/image/SurfaceManager$ImageAccessor
instanceKlass java/awt/ImageCapabilities
instanceKlass java/awt/Image
instanceKlass sun/java2d/DestSurfaceProvider
instanceKlass sun/java2d/loops/RenderCache$Entry
instanceKlass sun/java2d/loops/RenderCache
instanceKlass sun/java2d/pipe/DrawImage
instanceKlass sun/java2d/pipe/GeneralCompositePipe
instanceKlass sun/java2d/pipe/SpanShapeRenderer
instanceKlass sun/java2d/pipe/AlphaPaintPipe
instanceKlass sun/java2d/pipe/AAShapePipe
instanceKlass sun/java2d/pipe/RegionIterator
instanceKlass sun/java2d/pipe/Region
instanceKlass sun/java2d/pipe/SpanClipRenderer
instanceKlass sun/java2d/pipe/PixelToShapeConverter
instanceKlass sun/java2d/pipe/AlphaColorPipe
instanceKlass sun/java2d/pipe/CompositePipe
instanceKlass  @bci ghidra/app/util/bin/format/pe/resource/VS_VERSION_INFO intArrayToString (Lghidra/app/util/bin/BinaryReader;I)Ljava/lang/String; 17 <appendix> form vmentry <vmtarget> ; # java/lang/invoke/LambdaForm$MH+0x00000001000c9400
instanceKlass  @bci ghidra/app/util/bin/format/pe/resource/VS_VERSION_INFO intArrayToString (Lghidra/app/util/bin/BinaryReader;I)Ljava/lang/String; 17 <appendix> argL3 form vmentry <vmtarget> ; # java/lang/invoke/LambdaForm$MH+0x00000001000c9000
instanceKlass  @bci ghidra/app/util/bin/format/pe/resource/VS_VERSION_INFO shortArrayToString (Lghidra/app/util/bin/BinaryReader;I)Ljava/lang/String; 46 <appendix> argL3 argL2 form vmentry <vmtarget> ; # java/lang/invoke/LambdaForm$MH+0x00000001000c8c00
# instanceKlass java/lang/invoke/LambdaForm$MH+0x00000001000c8800
# instanceKlass java/lang/invoke/LambdaForm$MH+0x00000001000c8400
# instanceKlass java/lang/invoke/LambdaForm$MH+0x00000001000c8000
instanceKlass  @bci ghidra/app/util/bin/format/pe/resource/VS_VERSION_INFO intArrayToString (Lghidra/app/util/bin/BinaryReader;I)Ljava/lang/String; 17 <appendix> argL1 form vmentry <vmtarget> ; # java/lang/invoke/LambdaForm$MH+0x00000001000c7c00
# instanceKlass java/lang/invoke/LambdaForm$MH+0x00000001000c7800
instanceKlass  @bci db/Database$DBBufferFileManager getBufferFile (I)Ljava/io/File; 12 <appendix> argL1 form vmentry <vmtarget> ; # java/lang/invoke/LambdaForm$MH+0x00000001000c7400
# instanceKlass java/lang/invoke/LambdaForm$MH+0x00000001000c7000
# instanceKlass java/lang/invoke/LambdaForm$MH+0x00000001000c6c00
instanceKlass sun/awt/OSInfo$1
instanceKlass sun/awt/OSInfo$WindowsVersion
instanceKlass sun/awt/OSInfo
instanceKlass sun/font/FontUtilities$1
instanceKlass sun/font/FontUtilities
instanceKlass sun/java2d/pipe/GlyphListPipe
instanceKlass sun/java2d/pipe/OutlineTextRenderer
instanceKlass java/lang/invoke/VarForm
instanceKlass java/lang/invoke/VarHandleGuards
instanceKlass java/lang/invoke/VarHandles
instanceKlass java/util/concurrent/ConcurrentLinkedQueue$Node
instanceKlass sun/java2d/ReentrantContextProvider
instanceKlass sun/java2d/marlin/FloatMath
instanceKlass sun/java2d/marlin/MarlinProperties
instanceKlass sun/java2d/marlin/MarlinConst
instanceKlass sun/java2d/pipe/RenderingEngine
instanceKlass sun/java2d/pipe/LoopPipe
instanceKlass sun/java2d/pipe/LoopBasedPipe
instanceKlass sun/java2d/pipe/ParallelogramPipe
instanceKlass sun/java2d/pipe/NullPipe
instanceKlass sun/java2d/pipe/DrawImagePipe
instanceKlass sun/java2d/pipe/TextPipe
instanceKlass sun/java2d/pipe/ShapeDrawPipe
instanceKlass sun/java2d/pipe/PixelFillPipe
instanceKlass sun/java2d/pipe/PixelDrawPipe
instanceKlass sun/java2d/StateTrackableDelegate$2
instanceKlass sun/java2d/StateTrackableDelegate
instanceKlass sun/java2d/cmm/ProfileDeferralInfo
instanceKlass java/awt/color/ICC_Profile$BuiltInProfile
instanceKlass  @bci java/awt/color/ICC_Profile <clinit> ()V 0 <appendix> argL0 ; # java/awt/color/ICC_Profile$$Lambda+0x00000001000a11c0
instanceKlass sun/java2d/cmm/Profile
instanceKlass sun/awt/AWTAccessor$ICC_ProfileAccessor
instanceKlass java/awt/color/ICC_Profile
instanceKlass java/awt/color/ColorSpace$BuiltInSpace
instanceKlass java/awt/color/ColorSpace
instanceKlass java/awt/image/ColorModel$1RGBdefault
instanceKlass java/awt/image/ColorModel$1
instanceKlass java/awt/image/ColorModel
instanceKlass sun/awt/image/PixelConverter
instanceKlass sun/java2d/loops/SurfaceType
instanceKlass sun/java2d/SurfaceData
instanceKlass sun/java2d/Surface
instanceKlass sun/java2d/StateTrackable
instanceKlass sun/java2d/DisposerTarget
instanceKlass java/awt/Transparency
instanceKlass sun/awt/windows/WToolkit$1
instanceKlass jdk/internal/logger/LazyLoggers$LazyLoggerAccessor
instanceKlass jdk/internal/logger/LazyLoggers$LoggerAccessor
instanceKlass jdk/internal/logger/AbstractLoggerWrapper
instanceKlass java/util/ServiceLoader$ProviderImpl
instanceKlass java/util/ServiceLoader$Provider
instanceKlass java/util/ServiceLoader$1
instanceKlass sun/util/logging/internal/LoggingProviderImpl$LogManagerAccess
instanceKlass java/util/concurrent/CopyOnWriteArrayList$COWIterator
instanceKlass java/net/URLClassLoader$3$1
instanceKlass java/net/URLClassLoader$3
instanceKlass jdk/internal/loader/URLClassPath$1
instanceKlass java/lang/CompoundEnumeration
instanceKlass jdk/internal/loader/BuiltinClassLoader$1
instanceKlass java/util/Collections$EmptyEnumeration
instanceKlass java/util/Collections$EmptyIterator
instanceKlass jdk/internal/loader/BuiltinClassLoader$2
instanceKlass java/util/Spliterators$ArraySpliterator
instanceKlass java/util/ServiceLoader$3
instanceKlass java/util/ServiceLoader$2
instanceKlass java/util/ServiceLoader$LazyClassPathLookupIterator
instanceKlass java/util/Spliterators$1Adapter
instanceKlass java/util/function/Consumer
# instanceKlass java/lang/invoke/LambdaForm$MH+0x00000001000c6800
instanceKlass sun/reflect/annotation/AnnotationParser
instanceKlass java/lang/Class$3
instanceKlass java/util/EnumMap$1
instanceKlass java/util/stream/StreamOpFlag$MaskBuilder
instanceKlass java/util/stream/PipelineHelper
instanceKlass java/util/stream/StreamSupport
instanceKlass java/util/Spliterator$OfDouble
instanceKlass java/util/Spliterator$OfLong
instanceKlass java/util/Spliterator$OfInt
instanceKlass java/util/Spliterator$OfPrimitive
instanceKlass java/util/Spliterators$EmptySpliterator
instanceKlass java/util/Spliterator
instanceKlass java/util/Spliterators
instanceKlass java/util/stream/Stream
instanceKlass java/util/stream/BaseStream
instanceKlass java/util/ServiceLoader$ModuleServicesLookupIterator
instanceKlass java/util/ServiceLoader
instanceKlass java/lang/System$LoggerFinder
instanceKlass jdk/internal/logger/BootstrapLogger$DetectBackend$1
instanceKlass jdk/internal/logger/BootstrapLogger$DetectBackend
instanceKlass jdk/internal/logger/BootstrapLogger
instanceKlass sun/util/logging/PlatformLogger$ConfigurableBridge
instanceKlass sun/util/logging/PlatformLogger$Bridge
instanceKlass java/lang/System$Logger
instanceKlass jdk/internal/logger/LazyLoggers$LazyLoggerFactories
instanceKlass jdk/internal/logger/LazyLoggers$1
instanceKlass jdk/internal/logger/LazyLoggers
instanceKlass sun/util/logging/PlatformLogger
instanceKlass java/util/Collections$SynchronizedMap
instanceKlass sun/awt/WeakIdentityHashMap
instanceKlass sun/awt/KeyboardFocusManagerPeerProvider
instanceKlass sun/awt/InputMethodSupport
instanceKlass sun/awt/ComponentFactory
instanceKlass sun/awt/PlatformGraphicsInfo
instanceKlass  @bci java/awt/GraphicsEnvironment getHeadlessProperty ()Z 6 <appendix> argL0 ; # java/awt/GraphicsEnvironment$$Lambda+0x000000010008d430
instanceKlass java/awt/GraphicsEnvironment
instanceKlass java/awt/Insets
instanceKlass  @bci pdb/symbolserver/SymbolServerService find (Lpdb/symbolserver/SymbolFileInfo;Ljava/util/Set;Lghidra/util/task/TaskMonitor;)Ljava/util/List; 149 <appendix> form vmentry <vmtarget> ; # java/lang/invoke/LambdaForm$MH+0x00000001000c6400
# instanceKlass java/lang/invoke/LambdaForm$MH+0x00000001000c6000
instanceKlass  @bci pdb/symbolserver/SymbolServerService find (Lpdb/symbolserver/SymbolFileInfo;Ljava/util/Set;Lghidra/util/task/TaskMonitor;)Ljava/util/List; 149 <appendix> argL3 form vmentry <vmtarget> ; # java/lang/invoke/LambdaForm$MH+0x00000001000c5c00
# instanceKlass java/lang/invoke/LambdaForm$MH+0x00000001000c5800
# instanceKlass java/lang/invoke/LambdaForm$MH+0x00000001000c5400
# instanceKlass java/lang/invoke/LambdaForm$MH+0x00000001000c5000
# instanceKlass java/lang/invoke/LambdaForm$MH+0x00000001000c4c00
instanceKlass  @bci pdb/symbolserver/SymbolServerService find (Lpdb/symbolserver/SymbolFileInfo;Ljava/util/Set;Lghidra/util/task/TaskMonitor;)Ljava/util/List; 149 <appendix> argL1 form vmentry <vmtarget> ; # java/lang/invoke/LambdaForm$MH+0x00000001000c4800
# instanceKlass java/lang/invoke/LambdaForm$MH+0x00000001000c4400
# instanceKlass java/lang/invoke/LambdaForm$MH+0x00000001000c4000
# instanceKlass java/lang/invoke/LambdaForm$MH+0x00000001000c3c00
instanceKlass  @bci ghidra/framework/store/local/LockFile <init> (Ljava/io/File;Ljava/lang/String;Ljava/lang/String;)V 94 <appendix> form vmentry <vmtarget> ; # java/lang/invoke/LambdaForm$MH+0x00000001000c3800
instanceKlass java/util/TreeMap$PrivateEntryIterator
instanceKlass java/util/TreeMap$Entry
instanceKlass java/lang/invoke/LambdaFormEditor$1
instanceKlass java/util/NavigableMap
instanceKlass java/util/SortedMap
# instanceKlass java/lang/invoke/LambdaForm$MH+0x00000001000c3400
instanceKlass  @bci ghidra/framework/store/local/LockFile <init> (Ljava/io/File;Ljava/lang/String;Ljava/lang/String;)V 94 <appendix> argL3 form vmentry <vmtarget> ; # java/lang/invoke/LambdaForm$MH+0x00000001000c3000
instanceKlass java/lang/invoke/MethodHandles$1
instanceKlass  @bci ghidra/app/util/bin/format/pe/PeUtils createData (Lghidra/program/model/listing/Program;Lghidra/program/model/address/Address;Lghidra/program/model/data/DataType;Lghidra/app/util/importer/MessageLog;)Lghidra/program/model/listing/Data; 129 <appendix> argL3 argL2 form vmentry <vmtarget> ; # java/lang/invoke/LambdaForm$MH+0x00000001000c2c00
# instanceKlass java/lang/invoke/LambdaForm$MH+0x00000001000c2800
# instanceKlass java/lang/invoke/LambdaForm$MH+0x00000001000c2400
instanceKlass  @bci db/Database$DBBufferFileManager getBufferFile (I)Ljava/io/File; 12 <appendix> argL2 form vmentry <vmtarget> ; # java/lang/invoke/LambdaForm$MH+0x00000001000c2000
# instanceKlass java/lang/invoke/LambdaForm$MH+0x00000001000c1c00
instanceKlass  @bci ghidra/framework/store/local/LockFile <init> (Ljava/io/File;Ljava/lang/String;Ljava/lang/String;)V 94 <appendix> argL1 form vmentry <vmtarget> ; # java/lang/invoke/LambdaForm$MH+0x00000001000c1800
# instanceKlass java/lang/invoke/LambdaForm$MH+0x00000001000c1400
instanceKlass  @bci ghidra/framework/store/local/LockFile <init> (Ljava/io/File;Ljava/lang/String;Ljava/lang/String;)V 94 <appendix> argL1 argL0 form vmentry <vmtarget> ; # java/lang/invoke/LambdaForm$MH+0x00000001000c1000
# instanceKlass java/lang/invoke/LambdaForm$MH+0x00000001000c0c00
# instanceKlass java/lang/invoke/LambdaForm$MH+0x00000001000c0800
instanceKlass java/lang/Long$LongCache
# instanceKlass java/lang/invoke/LambdaForm$MH+0x00000001000c0400
instanceKlass java/awt/Toolkit$1
instanceKlass java/awt/Toolkit$2
instanceKlass  @bci jdk/internal/module/SystemModuleFinders$SystemModuleReader open (Ljava/lang/String;)Ljava/util/Optional; 6 <appendix> member <vmtarget> ; # jdk/internal/module/SystemModuleFinders$SystemModuleReader$$Lambda+0x0000000100088e48
instanceKlass jdk/internal/jimage/ImageLocation
instanceKlass jdk/internal/jimage/decompressor/Decompressor
instanceKlass jdk/internal/jimage/ImageStringsReader
instanceKlass jdk/internal/jimage/ImageStrings
instanceKlass jdk/internal/jimage/ImageHeader
instanceKlass jdk/internal/jimage/NativeImageBuffer$1
instanceKlass jdk/internal/jimage/NativeImageBuffer
instanceKlass jdk/internal/jimage/BasicImageReader$1
instanceKlass jdk/internal/jimage/BasicImageReader
instanceKlass jdk/internal/jimage/ImageReader
instanceKlass jdk/internal/jimage/ImageReaderFactory$1
instanceKlass java/net/URI$Parser
instanceKlass java/nio/file/FileSystems$DefaultFileSystemHolder$1
instanceKlass java/nio/file/FileSystems$DefaultFileSystemHolder
instanceKlass java/nio/file/FileSystems
instanceKlass java/nio/file/Paths
instanceKlass jdk/internal/jimage/ImageReaderFactory
instanceKlass jdk/internal/module/SystemModuleFinders$SystemImage
instanceKlass jdk/internal/module/SystemModuleFinders$SystemModuleReader
instanceKlass java/lang/module/ModuleReader
instanceKlass jdk/internal/loader/BuiltinClassLoader$5
instanceKlass jdk/internal/module/Checks
instanceKlass jdk/internal/module/Resources
instanceKlass  @bci java/util/ResourceBundle$ResourceBundleProviderHelper loadPropertyResourceBundle (Ljava/lang/Module;Ljava/lang/Module;Ljava/lang/String;Ljava/util/Locale;)Ljava/util/ResourceBundle; 14 <appendix> member <vmtarget> ; # java/util/ResourceBundle$ResourceBundleProviderHelper$$Lambda+0x0000000100084718
instanceKlass  @bci java/util/ResourceBundle$ResourceBundleProviderHelper newResourceBundle (Ljava/lang/Class;)Ljava/util/ResourceBundle; 22 <appendix> member <vmtarget> ; # java/util/ResourceBundle$ResourceBundleProviderHelper$$Lambda+0x0000000100084280
instanceKlass java/security/Security$1
instanceKlass jdk/internal/access/JavaSecurityPropertiesAccess
instanceKlass java/util/concurrent/ConcurrentHashMap$MapEntry
instanceKlass java/io/FileInputStream$1
instanceKlass java/util/Properties$LineReader
instanceKlass  @bci ghidra/util/filechooser/ExtensionFileFilter <init> ([Ljava/lang/String;Ljava/lang/String;)V 14 <appendix> form vmentry <vmtarget> ; # java/lang/invoke/LambdaForm$MH+0x00000001000c0000
instanceKlass  @bci java/security/Security <clinit> ()V 9 <appendix> argL0 ; # java/security/Security$$Lambda+0x00000001000824b8
instanceKlass java/security/Security
instanceKlass sun/security/util/SecurityProperties
instanceKlass sun/security/util/FilePermCompat
instanceKlass sun/security/util/SecurityConstants
instanceKlass  @bci java/util/ResourceBundle$ResourceBundleProviderHelper loadResourceBundle (Ljava/lang/Module;Ljava/lang/Module;Ljava/lang/String;Ljava/util/Locale;)Ljava/util/ResourceBundle; 13 <appendix> member <vmtarget> ; # java/util/ResourceBundle$ResourceBundleProviderHelper$$Lambda+0x0000000100080d40
instanceKlass java/util/ResourceBundle$ResourceBundleProviderHelper
instanceKlass java/util/ResourceBundle$3
instanceKlass java/util/ResourceBundle$CacheKeyReference
instanceKlass java/util/ResourceBundle$CacheKey
instanceKlass  @bci java/util/ResourceBundle getLoader (Ljava/lang/Module;)Ljava/lang/ClassLoader; 6 <appendix> member <vmtarget> ; # java/util/ResourceBundle$$Lambda+0x0000000100080000
instanceKlass java/lang/invoke/LambdaProxyClassArchive
instanceKlass java/lang/invoke/InfoFromMemberName
instanceKlass java/lang/invoke/MethodHandleInfo
instanceKlass jdk/internal/org/objectweb/asm/ConstantDynamic
instanceKlass jdk/internal/org/objectweb/asm/Handle
instanceKlass sun/security/action/GetBooleanAction
instanceKlass java/lang/invoke/AbstractValidatingLambdaMetafactory
instanceKlass java/lang/invoke/BootstrapMethodInvoker
instanceKlass java/lang/invoke/LambdaMetafactory
instanceKlass sun/util/locale/LocaleObjectCache
instanceKlass java/util/ResourceBundle$Control
instanceKlass java/util/ResourceBundle$1
instanceKlass jdk/internal/access/JavaUtilResourceBundleAccess
instanceKlass java/util/ResourceBundle
instanceKlass java/awt/Toolkit$4
instanceKlass sun/awt/AWTAccessor
instanceKlass java/awt/Toolkit$3
instanceKlass sun/awt/AWTAccessor$ToolkitAccessor
instanceKlass java/awt/Toolkit
instanceKlass java/awt/Taskbar
instanceKlass java/lang/PublicMethods$Key
instanceKlass java/lang/PublicMethods$MethodList
instanceKlass jdk/internal/misc/PreviewFeatures
instanceKlass jdk/internal/misc/MainMethodFinder
instanceKlass ghidra/Ghidra
instanceKlass java/nio/charset/CharsetDecoder
instanceKlass sun/nio/cs/ArrayDecoder
instanceKlass sun/launcher/LauncherHelper
# instanceKlass java/lang/invoke/LambdaForm$MH+0x0000000100001000
instanceKlass  @bci ghidra/framework/store/local/LockFile <init> (Ljava/io/File;Ljava/lang/String;Ljava/lang/String;)V 117 <appendix> form vmentry <vmtarget> ; # java/lang/invoke/LambdaForm$MH+0x0000000100000400
instanceKlass java/lang/invoke/MethodHandles$Lookup$ClassDefiner
instanceKlass java/lang/invoke/MethodHandles$Lookup$ClassFile
instanceKlass jdk/internal/org/objectweb/asm/Handler
instanceKlass jdk/internal/org/objectweb/asm/Attribute
instanceKlass jdk/internal/org/objectweb/asm/FieldVisitor
instanceKlass java/util/ArrayList$Itr
instanceKlass java/lang/invoke/InvokerBytecodeGenerator$ClassData
instanceKlass jdk/internal/org/objectweb/asm/AnnotationVisitor
instanceKlass jdk/internal/org/objectweb/asm/Frame
instanceKlass jdk/internal/org/objectweb/asm/Label
instanceKlass jdk/internal/org/objectweb/asm/Type
instanceKlass jdk/internal/org/objectweb/asm/MethodVisitor
instanceKlass sun/invoke/util/BytecodeDescriptor
instanceKlass jdk/internal/org/objectweb/asm/ByteVector
instanceKlass jdk/internal/org/objectweb/asm/Symbol
instanceKlass jdk/internal/org/objectweb/asm/SymbolTable
instanceKlass jdk/internal/org/objectweb/asm/ClassVisitor
instanceKlass java/lang/invoke/LambdaFormBuffer
instanceKlass java/lang/invoke/LambdaFormEditor$TransformKey
instanceKlass java/lang/invoke/LambdaFormEditor
instanceKlass java/lang/invoke/Invokers$Holder
instanceKlass java/lang/invoke/DelegatingMethodHandle$Holder
instanceKlass java/lang/invoke/DirectMethodHandle$2
instanceKlass java/lang/invoke/Invokers
instanceKlass sun/invoke/util/ValueConversions
instanceKlass java/lang/invoke/ClassSpecializer$Factory
instanceKlass java/lang/invoke/ClassSpecializer$SpeciesData
instanceKlass java/lang/invoke/ClassSpecializer$1
instanceKlass java/lang/invoke/ClassSpecializer
instanceKlass sun/invoke/empty/Empty
instanceKlass sun/invoke/util/VerifyType
instanceKlass java/lang/invoke/InvokerBytecodeGenerator$1
instanceKlass java/lang/invoke/InvokerBytecodeGenerator
instanceKlass java/lang/invoke/LambdaForm$Holder
instanceKlass java/lang/invoke/LambdaForm$Name
instanceKlass java/lang/invoke/DirectMethodHandle$Holder
instanceKlass java/lang/invoke/MethodTypeForm
instanceKlass jdk/internal/util/StrongReferenceKey
instanceKlass jdk/internal/util/ReferenceKey
instanceKlass jdk/internal/util/ReferencedKeyMap
instanceKlass java/lang/invoke/MethodType$1
instanceKlass sun/invoke/util/Wrapper$Format
instanceKlass java/lang/Void
instanceKlass java/lang/invoke/MethodHandleImpl$1
instanceKlass jdk/internal/access/JavaLangInvokeAccess
instanceKlass java/lang/invoke/LambdaForm$NamedFunction
instanceKlass java/lang/invoke/MethodHandleImpl
instanceKlass jdk/internal/reflect/MethodHandleAccessorFactory$LazyStaticHolder
instanceKlass java/security/SecureClassLoader$DebugHolder
instanceKlass java/security/Permission
instanceKlass java/security/Guard
instanceKlass java/security/PermissionCollection
instanceKlass java/security/SecureClassLoader$1
instanceKlass java/util/zip/Checksum$1
instanceKlass java/util/zip/CRC32
instanceKlass java/util/zip/Checksum
instanceKlass sun/nio/ByteBuffered
instanceKlass java/lang/Package$VersionInfo
instanceKlass java/lang/NamedPackage
instanceKlass java/lang/reflect/Array
instanceKlass java/util/jar/Attributes$Name
instanceKlass java/util/SequencedMap
instanceKlass java/util/jar/Attributes
instanceKlass jdk/internal/loader/Resource
instanceKlass sun/security/action/GetIntegerAction
instanceKlass sun/security/util/Debug
instanceKlass sun/security/util/SignatureFileVerifier
instanceKlass java/util/zip/ZipFile$InflaterCleanupAction
instanceKlass java/util/zip/Inflater$InflaterZStreamRef
instanceKlass java/util/zip/Inflater
instanceKlass java/util/zip/ZipEntry
instanceKlass java/util/zip/ZipFile$2
instanceKlass java/nio/Bits$1
instanceKlass jdk/internal/misc/VM$BufferPool
instanceKlass java/nio/Bits
instanceKlass sun/nio/ch/DirectBuffer
instanceKlass jdk/internal/perf/PerfCounter$CoreCounters
instanceKlass jdk/internal/perf/Perf
instanceKlass jdk/internal/perf/Perf$GetPerfAction
instanceKlass jdk/internal/perf/PerfCounter
instanceKlass sun/util/locale/LocaleUtils
instanceKlass sun/util/locale/BaseLocale
instanceKlass java/util/Locale
instanceKlass java/nio/file/attribute/FileTime
instanceKlass java/lang/StringCoding
instanceKlass java/util/zip/ZipUtils
instanceKlass java/util/zip/ZipFile$Source$End
instanceKlass java/io/RandomAccessFile$2
instanceKlass jdk/internal/access/JavaIORandomAccessFileAccess
instanceKlass java/io/RandomAccessFile
instanceKlass java/io/DataInput
instanceKlass java/io/DataOutput
instanceKlass sun/nio/fs/WindowsNativeDispatcher$CompletionStatus
instanceKlass sun/nio/fs/WindowsNativeDispatcher$AclInformation
instanceKlass sun/nio/fs/WindowsNativeDispatcher$Account
instanceKlass sun/nio/fs/WindowsNativeDispatcher$DiskFreeSpace
instanceKlass sun/nio/fs/WindowsNativeDispatcher$VolumeInformation
instanceKlass sun/nio/fs/WindowsNativeDispatcher$FirstStream
instanceKlass sun/nio/fs/WindowsNativeDispatcher$FirstFile
instanceKlass java/util/concurrent/ConcurrentHashMap$Traverser
instanceKlass java/util/Enumeration
instanceKlass jdk/internal/loader/NativeLibraries$3
instanceKlass jdk/internal/loader/NativeLibrary
instanceKlass java/util/ArrayDeque$DeqIterator
instanceKlass jdk/internal/loader/NativeLibraries$NativeLibraryContext$1
instanceKlass jdk/internal/loader/NativeLibraries$NativeLibraryContext
instanceKlass jdk/internal/loader/NativeLibraries$2
instanceKlass jdk/internal/loader/NativeLibraries$1
instanceKlass jdk/internal/loader/NativeLibraries$LibraryPaths
instanceKlass sun/nio/fs/WindowsNativeDispatcher
instanceKlass sun/nio/fs/NativeBuffer$Deallocator
instanceKlass sun/nio/fs/NativeBuffer
instanceKlass java/lang/ThreadLocal$ThreadLocalMap
instanceKlass java/lang/ThreadLocal
instanceKlass sun/nio/fs/NativeBuffers
instanceKlass sun/nio/fs/WindowsFileAttributes
instanceKlass java/nio/file/attribute/DosFileAttributes
instanceKlass sun/nio/fs/AbstractBasicFileAttributeView
instanceKlass sun/nio/fs/DynamicFileAttributeView
instanceKlass sun/nio/fs/WindowsFileAttributeViews
instanceKlass sun/nio/fs/Util
instanceKlass java/nio/file/attribute/BasicFileAttributeView
instanceKlass java/nio/file/attribute/FileAttributeView
instanceKlass java/nio/file/attribute/AttributeView
instanceKlass java/nio/file/Files
instanceKlass java/nio/file/CopyOption
instanceKlass java/nio/file/attribute/BasicFileAttributes
instanceKlass sun/nio/fs/WindowsPath
instanceKlass java/nio/file/Path
instanceKlass java/nio/file/Watchable
instanceKlass java/util/zip/ZipFile$Source$Key
instanceKlass sun/nio/fs/WindowsPathParser$Result
instanceKlass sun/nio/fs/WindowsPathParser
instanceKlass java/nio/file/FileSystem
instanceKlass java/nio/file/OpenOption
instanceKlass java/nio/file/spi/FileSystemProvider
instanceKlass java/util/concurrent/ForkJoinPool$ManagedBlocker
instanceKlass java/util/concurrent/locks/AbstractQueuedSynchronizer$Node
instanceKlass sun/nio/fs/DefaultFileSystemProvider
instanceKlass java/util/zip/ZipFile$Source
instanceKlass java/lang/ref/Cleaner$Cleanable
instanceKlass jdk/internal/ref/CleanerImpl
instanceKlass java/lang/ref/Cleaner$1
instanceKlass java/lang/ref/Cleaner
instanceKlass jdk/internal/ref/CleanerFactory$1
instanceKlass java/util/concurrent/ThreadFactory
instanceKlass jdk/internal/ref/CleanerFactory
instanceKlass java/util/zip/ZipCoder
instanceKlass java/util/zip/ZipFile$CleanableResource
instanceKlass java/lang/Runtime$Version
instanceKlass java/util/jar/JavaUtilJarAccessImpl
instanceKlass jdk/internal/access/JavaUtilJarAccess
instanceKlass jdk/internal/loader/FileURLMapper
instanceKlass jdk/internal/loader/URLClassPath$JarLoader$1
instanceKlass java/util/zip/ZipFile$1
instanceKlass jdk/internal/access/JavaUtilZipFileAccess
instanceKlass java/util/zip/ZipFile
instanceKlass java/util/zip/ZipConstants
instanceKlass jdk/internal/loader/URLClassPath$Loader
instanceKlass jdk/internal/loader/URLClassPath$3
instanceKlass java/security/PrivilegedExceptionAction
instanceKlass sun/net/util/URLUtil
instanceKlass java/lang/invoke/StringConcatFactory
instanceKlass java/lang/ModuleLayer$Controller
instanceKlass java/util/concurrent/CopyOnWriteArrayList
instanceKlass jdk/internal/module/ServicesCatalog$ServiceProvider
instanceKlass jdk/internal/loader/AbstractClassLoaderValue$Memoizer
instanceKlass java/util/ImmutableCollections$ListItr
instanceKlass java/util/ListIterator
instanceKlass java/lang/ModuleLayer
instanceKlass jdk/internal/module/ModuleLoaderMap$Modules
instanceKlass jdk/internal/module/ModuleLoaderMap$Mapper
instanceKlass jdk/internal/module/ModuleLoaderMap
instanceKlass java/util/AbstractMap$1$1
instanceKlass java/lang/module/ResolvedModule
instanceKlass java/lang/module/Configuration
instanceKlass jdk/internal/loader/BuiltinClassLoader$LoadedModule
instanceKlass jdk/internal/loader/AbstractClassLoaderValue
instanceKlass jdk/internal/module/ServicesCatalog
instanceKlass java/util/Deque
instanceKlass java/util/Queue
instanceKlass sun/net/util/IPAddressUtil$MASKS
instanceKlass sun/net/util/IPAddressUtil
instanceKlass java/net/URLStreamHandler
instanceKlass sun/net/www/ParseUtil
instanceKlass java/net/URL$3
instanceKlass jdk/internal/access/JavaNetURLAccess
instanceKlass java/net/URL$DefaultFactory
instanceKlass java/net/URLStreamHandlerFactory
instanceKlass jdk/internal/loader/URLClassPath
instanceKlass java/security/Principal
instanceKlass java/security/ProtectionDomain$Key
instanceKlass java/security/ProtectionDomain$JavaSecurityAccessImpl
instanceKlass jdk/internal/access/JavaSecurityAccess
instanceKlass java/lang/ClassLoader$ParallelLoaders
instanceKlass java/security/cert/Certificate
instanceKlass jdk/internal/loader/ArchivedClassLoaders
instanceKlass java/util/concurrent/ConcurrentHashMap$CollectionView
instanceKlass jdk/internal/loader/ClassLoaderHelper
instanceKlass jdk/internal/loader/NativeLibraries
instanceKlass java/lang/Module$EnableNativeAccess
instanceKlass jdk/internal/loader/BootLoader
instanceKlass java/util/Optional
instanceKlass jdk/internal/module/SystemModuleFinders$SystemModuleFinder
instanceKlass java/lang/module/ModuleFinder
instanceKlass jdk/internal/module/SystemModuleFinders$3
instanceKlass jdk/internal/module/ModuleHashes$HashSupplier
instanceKlass jdk/internal/module/SystemModuleFinders$2
instanceKlass java/util/function/Supplier
instanceKlass java/lang/module/ModuleReference
instanceKlass jdk/internal/module/ModuleResolution
instanceKlass java/util/Collections$UnmodifiableMap
instanceKlass jdk/internal/module/ModuleHashes$Builder
instanceKlass jdk/internal/module/ModuleHashes
instanceKlass jdk/internal/module/ModuleTarget
instanceKlass java/util/ImmutableCollections$Set12$1
instanceKlass java/lang/reflect/AccessFlag$18
instanceKlass java/lang/reflect/AccessFlag$17
instanceKlass java/lang/reflect/AccessFlag$16
instanceKlass java/lang/reflect/AccessFlag$15
instanceKlass java/lang/reflect/AccessFlag$14
instanceKlass java/lang/reflect/AccessFlag$13
instanceKlass java/lang/reflect/AccessFlag$12
instanceKlass java/lang/reflect/AccessFlag$11
instanceKlass java/lang/reflect/AccessFlag$10
instanceKlass java/lang/reflect/AccessFlag$9
instanceKlass java/lang/reflect/AccessFlag$8
instanceKlass java/lang/reflect/AccessFlag$7
instanceKlass java/lang/reflect/AccessFlag$6
instanceKlass java/lang/reflect/AccessFlag$5
instanceKlass java/lang/reflect/AccessFlag$4
instanceKlass java/lang/reflect/AccessFlag$3
instanceKlass java/lang/reflect/AccessFlag$2
instanceKlass java/lang/reflect/AccessFlag$1
instanceKlass java/lang/module/ModuleDescriptor$Version
instanceKlass java/lang/module/ModuleDescriptor$Provides
instanceKlass java/lang/module/ModuleDescriptor$Opens
instanceKlass java/util/ImmutableCollections$SetN$SetNIterator
instanceKlass java/lang/module/ModuleDescriptor$Exports
instanceKlass java/lang/module/ModuleDescriptor$Requires
instanceKlass jdk/internal/module/Builder
instanceKlass jdk/internal/module/SystemModules$default
instanceKlass jdk/internal/module/SystemModules
instanceKlass jdk/internal/module/SystemModulesMap
instanceKlass java/net/URI$1
instanceKlass jdk/internal/access/JavaNetUriAccess
instanceKlass java/net/URI
instanceKlass jdk/internal/module/SystemModuleFinders
instanceKlass jdk/internal/module/ArchivedModuleGraph
instanceKlass jdk/internal/module/ArchivedBootLayer
instanceKlass jdk/internal/module/ModuleBootstrap$Counters
instanceKlass jdk/internal/module/ModulePatcher
instanceKlass java/io/FileSystem
instanceKlass java/io/DefaultFileSystem
instanceKlass java/io/File
instanceKlass java/lang/module/ModuleDescriptor$1
instanceKlass jdk/internal/access/JavaLangModuleAccess
instanceKlass sun/invoke/util/VerifyAccess
instanceKlass java/util/KeyValueHolder
instanceKlass java/util/ImmutableCollections$MapN$MapNIterator
instanceKlass java/lang/StrictMath
instanceKlass java/lang/invoke/MethodHandles$Lookup
instanceKlass java/lang/invoke/MemberName$Factory
instanceKlass java/lang/invoke/MethodHandles
instanceKlass java/lang/module/ModuleDescriptor
instanceKlass jdk/internal/module/ModuleBootstrap
instanceKlass java/lang/Character$CharacterCache
instanceKlass java/util/HexFormat
instanceKlass jdk/internal/util/ClassFileDumper
instanceKlass sun/security/action/GetPropertyAction
instanceKlass java/lang/invoke/MethodHandleStatics
instanceKlass java/util/concurrent/locks/AbstractQueuedSynchronizer$ConditionObject
instanceKlass java/util/concurrent/locks/Condition
instanceKlass jdk/internal/misc/Blocker
instanceKlass java/util/Collections
instanceKlass java/lang/Thread$ThreadIdentifiers
instanceKlass sun/io/Win32ErrorMode
instanceKlass jdk/internal/misc/OSEnvironment
instanceKlass java/lang/Integer$IntegerCache
instanceKlass jdk/internal/misc/Signal$NativeHandler
instanceKlass java/util/Hashtable$Entry
instanceKlass jdk/internal/misc/Signal
instanceKlass java/lang/Terminator$1
instanceKlass jdk/internal/misc/Signal$Handler
instanceKlass java/lang/Terminator
instanceKlass java/nio/ByteOrder
instanceKlass java/nio/Buffer$2
instanceKlass jdk/internal/access/JavaNioAccess
instanceKlass java/nio/Buffer$1
instanceKlass jdk/internal/misc/ScopedMemoryAccess
instanceKlass java/nio/charset/CodingErrorAction
instanceKlass sun/nio/cs/SingleByte
instanceKlass java/lang/StringUTF16
instanceKlass sun/nio/cs/MS1252$Holder
instanceKlass java/nio/charset/CharsetEncoder
instanceKlass sun/nio/cs/ArrayEncoder
instanceKlass java/io/Writer
instanceKlass java/io/PrintStream$1
instanceKlass jdk/internal/access/JavaIOPrintStreamAccess
instanceKlass jdk/internal/misc/InternalLock
instanceKlass java/io/OutputStream
instanceKlass java/io/Flushable
instanceKlass java/io/FileDescriptor$1
instanceKlass jdk/internal/access/JavaIOFileDescriptorAccess
instanceKlass java/io/FileDescriptor
instanceKlass jdk/internal/util/StaticProperty
instanceKlass jdk/internal/reflect/MethodHandleAccessorFactory
instanceKlass java/lang/reflect/Modifier
instanceKlass java/lang/Class$1
instanceKlass java/lang/Class$Atomic
instanceKlass java/lang/Class$ReflectionData
instanceKlass java/nio/charset/StandardCharsets
instanceKlass sun/nio/cs/HistoricallyNamedCharset
instanceKlass java/nio/charset/spi/CharsetProvider
instanceKlass java/nio/charset/Charset
instanceKlass java/util/HashMap$HashIterator
instanceKlass java/util/concurrent/locks/LockSupport
instanceKlass java/util/concurrent/ConcurrentHashMap$Node
instanceKlass java/util/concurrent/ConcurrentHashMap$CounterCell
instanceKlass java/util/concurrent/locks/ReentrantLock
instanceKlass java/util/concurrent/locks/Lock
instanceKlass java/lang/CharacterData
instanceKlass java/util/Arrays
instanceKlass jdk/internal/util/Preconditions$3
instanceKlass jdk/internal/util/Preconditions$2
instanceKlass jdk/internal/util/Preconditions$4
instanceKlass java/util/function/BiFunction
instanceKlass jdk/internal/util/Preconditions$1
instanceKlass java/util/function/Function
instanceKlass jdk/internal/util/Preconditions
instanceKlass java/lang/Runtime
instanceKlass java/lang/VersionProps
instanceKlass java/lang/StringConcatHelper
instanceKlass java/util/HashMap$Node
instanceKlass java/util/Map$Entry
instanceKlass jdk/internal/util/ArraysSupport
instanceKlass jdk/internal/util/SystemProps$Raw
instanceKlass jdk/internal/util/SystemProps
instanceKlass java/lang/System$2
instanceKlass jdk/internal/access/JavaLangAccess
instanceKlass java/lang/ref/NativeReferenceQueue$Lock
instanceKlass java/lang/ref/ReferenceQueue
instanceKlass java/lang/ref/Reference$1
instanceKlass jdk/internal/access/JavaLangRefAccess
instanceKlass jdk/internal/reflect/ReflectionFactory
instanceKlass java/lang/Math
instanceKlass java/lang/StringLatin1
instanceKlass jdk/internal/reflect/Reflection
instanceKlass jdk/internal/reflect/ReflectionFactory$GetReflectionFactoryAction
instanceKlass java/security/PrivilegedAction
instanceKlass jdk/internal/access/SharedSecrets
instanceKlass java/lang/reflect/ReflectAccess
instanceKlass jdk/internal/access/JavaLangReflectAccess
instanceKlass java/util/ImmutableCollections
instanceKlass java/util/Objects
instanceKlass java/util/Set
instanceKlass jdk/internal/misc/CDS
instanceKlass java/lang/Module$ArchivedData
instanceKlass jdk/internal/misc/VM
instanceKlass java/lang/String$CaseInsensitiveComparator
instanceKlass java/util/Comparator
instanceKlass java/io/ObjectStreamField
instanceKlass jdk/internal/vm/FillerObject
instanceKlass jdk/internal/vm/vector/VectorSupport$VectorPayload
instanceKlass jdk/internal/vm/vector/VectorSupport
instanceKlass java/lang/reflect/RecordComponent
instanceKlass java/util/Iterator
instanceKlass java/lang/Number
instanceKlass java/lang/Character
instanceKlass java/lang/Boolean
instanceKlass java/util/concurrent/locks/AbstractOwnableSynchronizer
instanceKlass java/lang/LiveStackFrame
instanceKlass java/lang/StackFrameInfo
instanceKlass java/lang/StackWalker$StackFrame
instanceKlass java/lang/StackStreamFactory$AbstractStackWalker
instanceKlass java/lang/StackWalker
instanceKlass java/nio/Buffer
instanceKlass java/lang/StackTraceElement
instanceKlass java/util/AbstractCollection
instanceKlass java/util/RandomAccess
instanceKlass java/util/List
instanceKlass java/util/SequencedCollection
instanceKlass java/util/Collection
instanceKlass java/lang/Iterable
instanceKlass java/util/AbstractMap
instanceKlass java/util/concurrent/ConcurrentMap
instanceKlass java/security/CodeSource
instanceKlass jdk/internal/loader/ClassLoaders
instanceKlass java/util/jar/Manifest
instanceKlass java/lang/Enum
instanceKlass java/net/URL
instanceKlass java/io/InputStream
instanceKlass java/io/Closeable
instanceKlass java/lang/AutoCloseable
instanceKlass jdk/internal/module/Modules
instanceKlass jdk/internal/misc/Unsafe
instanceKlass jdk/internal/misc/UnsafeConstants
instanceKlass java/lang/AbstractStringBuilder
instanceKlass java/lang/Appendable
instanceKlass java/lang/AssertionStatusDirectives
instanceKlass jdk/internal/foreign/abi/ABIDescriptor
instanceKlass jdk/internal/foreign/abi/NativeEntryPoint
instanceKlass java/lang/invoke/CallSite
instanceKlass java/lang/invoke/MethodType
instanceKlass java/lang/invoke/TypeDescriptor$OfMethod
instanceKlass java/lang/invoke/LambdaForm
instanceKlass java/lang/invoke/MethodHandleNatives
instanceKlass java/lang/invoke/ResolvedMethodName
instanceKlass java/lang/invoke/MemberName
instanceKlass java/lang/invoke/VarHandle
instanceKlass java/lang/invoke/MethodHandle
instanceKlass jdk/internal/reflect/CallerSensitive
instanceKlass java/lang/annotation/Annotation
instanceKlass jdk/internal/reflect/FieldAccessor
instanceKlass jdk/internal/reflect/ConstantPool
instanceKlass jdk/internal/reflect/ConstructorAccessor
instanceKlass jdk/internal/reflect/MethodAccessor
instanceKlass jdk/internal/reflect/MagicAccessorImpl
instanceKlass jdk/internal/vm/StackChunk
instanceKlass jdk/internal/vm/Continuation
instanceKlass jdk/internal/vm/ContinuationScope
instanceKlass java/lang/reflect/Parameter
instanceKlass java/lang/reflect/Member
instanceKlass java/lang/reflect/AccessibleObject
instanceKlass java/lang/Module
instanceKlass java/util/Dictionary
instanceKlass java/util/Map
instanceKlass java/lang/ThreadGroup
instanceKlass java/lang/Thread$UncaughtExceptionHandler
instanceKlass java/lang/Thread$Constants
instanceKlass java/lang/Thread$FieldHolder
instanceKlass java/lang/Thread
instanceKlass java/lang/Runnable
instanceKlass java/lang/ref/Reference
instanceKlass java/lang/Record
instanceKlass java/security/AccessController
instanceKlass java/security/AccessControlContext
instanceKlass java/security/ProtectionDomain
instanceKlass java/lang/SecurityManager
instanceKlass java/lang/Throwable
instanceKlass java/lang/System
instanceKlass java/lang/ClassLoader
instanceKlass java/lang/Cloneable
instanceKlass java/lang/Class
instanceKlass java/lang/invoke/TypeDescriptor$OfField
instanceKlass java/lang/invoke/TypeDescriptor
instanceKlass java/lang/reflect/Type
instanceKlass java/lang/reflect/GenericDeclaration
instanceKlass java/lang/reflect/AnnotatedElement
instanceKlass java/lang/String
instanceKlass java/lang/constant/ConstantDesc
instanceKlass java/lang/constant/Constable
instanceKlass java/lang/CharSequence
instanceKlass java/lang/Comparable
instanceKlass java/io/Serializable
ciInstanceKlass java/lang/Object 1 1 124 7 1 10 12 1 1 10 7 12 1 1 1 10 7 12 1 1 1 10 12 1 1 8 1 10 12 1 1 10 7 12 1 1 1 10 12 1 10 12 1 1 10 7 12 1 1 1 10 12 1 10 12 1 7 1 10 100 12 1 1 1 10 12 1 1 10 12 1 100 1 8 1 10 12 1 3 8 1 100 1 5 0 1 1 1 1 1 1 1 1 1 1 1 1 1 1 1 1 100 1 1 1 1 1 1 1 1 1 1 100 1 1 1 1 1 1 1 1 1 1 3 1 1
ciInstanceKlass java/io/Serializable 1 0 7 100 1 100 1 1 1
ciInstanceKlass java/lang/Comparable 1 0 12 100 1 100 1 1 1 1 1 1 1 1
ciInstanceKlass java/lang/CharSequence 1 1 131 11 100 12 1 1 1 18 12 1 1 100 1 10 100 12 1 1 1 18 10 100 12 1 1 1 11 12 1 1 11 100 1 11 12 1 1 10 100 12 1 1 1 11 12 1 1 100 1 10 12 1 1 10 100 12 1 1 1 100 1 10 10 12 1 1 100 1 1 1 1 1 1 1 1 1 1 1 1 1 1 1 1 1 1 1 1 1 1 1 1 1 1 1 1 1 1 1 1 1 16 1 15 11 12 16 15 11 12 15 10 100 12 1 1 1 1 1 100 1 100 1 1 100 1 1 100 1 100 1 1
ciInstanceKlass java/lang/constant/Constable 1 0 11 100 1 100 1 1 1 1 1 1 1
ciInstanceKlass java/lang/constant/ConstantDesc 1 0 37 100 1 100 1 1 1 1 100 1 1 1 1 100 1 100 1 100 1 100 1 100 1 100 1 100 1 100 1 100 1 1 100 1 100 1 1
ciInstanceKlass java/lang/String 1 1 1451 10 7 12 1 1 1 8 1 9 7 12 1 1 1 9 12 1 1 9 12 1 1 9 12 1 1 10 12 1 10 12 1 1 10 12 1 1 9 12 1 10 7 12 1 1 1 10 12 1 1 10 12 1 10 7 12 1 1 1 10 12 1 1 10 12 1 1 10 12 1 10 12 1 1 10 12 1 10 7 12 1 1 1 7 1 9 7 12 1 1 1 10 7 12 1 1 1 10 12 1 1 10 12 1 1 10 7 12 1 1 1 10 12 1 1 9 7 12 1 1 10 12 9 7 12 1 1 10 12 1 1 3 10 12 1 1 7 1 11 12 1 1 11 12 1 11 12 1 1 10 7 12 1 1 1 10 12 1 1 9 100 12 1 1 1 10 12 1 1 10 12 1 11 12 1 1 10 12 1 10 12 10 12 1 1 10 100 12 1 1 1 10 7 12 1 1 1 10 12 1 1 100 1 100 1 10 12 1 10 12 1 10 12 1 1 10 12 1 1 7 1 10 12 1 1 7 1 10 12 1 1 10 12 1 1 10 12 1 10 10 12 1 100 1 100 1 100 1 10 12 1 10 12 1 1 10 12 1 1 10 12 1 10 12 1 1 10 12 1 1 10 100 12 1 1 100 1 11 10 7 12 1 1 11 12 1 11 12 1 10 12 1 1 10 12 1 10 12 10 12 1 1 10 10 7 12 1 1 1 10 7 12 1 1 10 12 1 1 10 7 12 1 1 10 12 1 10 12 1 1 10 12 1 1 10 12 1 10 12 1 10 12 1 1 100 1 10 12 1 1 10 12 10 12 1 10 12 1 1 10 12 1 1 10 100 12 1 1 1 10 12 1 10 12 1 1 10 12 1 10 12 1 3 3 10 12 1 1 10 12 1 10 12 1 1 10 12 1 1 10 12 1 1 10 12 1 10 12 1 1 10 12 1 1 10 12 1 10 12 1 10 12 1 10 12 1 1 10 12 1 10 12 1 10 12 1 10 12 1 10 12 1 10 12 1 10 7 1 10 8 1 10 12 1 1 10 12 1 8 1 10 12 1 1 10 12 10 12 1 8 1 10 10 12 1 1 10 12 1 1 10 12 1 1 10 7 1 10 10 12 1 10 12 1 10 12 1 10 10 12 1 10 12 1 10 12 1 10 12 1 10 12 1 10 12 1 10 12 1 1 10 12 1 1 10 12 1 1 10 10 12 1 1 10 10 12 1 100 1 10 10 12 1 1 10 12 1 1 10 7 1 10 12 1 10 12 1 10 7 12 1 1 1 10 12 1 10 12 1 1 10 12 1 11 7 1 11 12 10 12 1 10 12 1 1 10 12 1 1 10 10 12 1 10 12 1 9 12 1 1 11 7 12 1 1 1 10 12 10 10 12 1 10 12 1 1 10 10 12 1 10 12 1 10 12 1 1 10 12 1 1 10 10 12 1 1 10 12 1 10 10 12 1 10 12 10 10 12 10 10 12 1 10 12 1 10 10 12 10 7 12 1 1 1 10 12 10 10 12 10 12 1 10 12 10 12 10 10 12 1 10 12 1 1 10 12 1 1 10 10 12 1 10 7 12 1 1 1 10 12 1 1 10 10 7 12 1 1 1 11 10 12 1 10 12 1 1 10 12 1 1 10 7 12 1 1 1 10 12 1 10 12 1 10 12 1 10 12 1 10 12 1 10 12 1 100 1 100 1 8 1 10 10 10 12 1 10 12 1 1 8 1 10 12 1 3 3 10 12 1 10 12 1 1 10 12 7 1 10 10 12 1 1 10 12 1 10 12 1 10 12 1 1 10 12 1 1 11 7 12 1 1 1 7 1 10 12 1 10 12 1 1 8 1 10 12 1 1 10 12 1 11 100 12 1 1 1 11 100 12 1 1 11 12 1 10 12 1 10 12 1 1 10 10 7 12 1 1 1 10 12 1 10 12 1 10 10 12 10 12 1 1 10 10 12 1 10 10 12 1 10 10 12 1 10 10 12 1 10 12 1 1 10 10 12 1 8 1 10 12 1 1 18 12 1 1 11 100 12 1 1 1 7 1 3 18 12 1 18 12 1 8 1 10 100 12 1 1 1 11 12 1 1 10 12 10 10 12 1 10 11 12 1 1 10 12 1 1 11 12 1 18 3 11 10 12 1 11 11 10 12 1 10 12 1 1 8 1 10 12 1 10 12 1 10 12 1 1 10 10 12 1 11 100 12 1 7 1 100 1 10 12 100 1 10 10 7 12 1 1 1 100 1 10 7 1 10 10 12 1 10 10 12 1 8 1 10 10 12 1 8 1 8 1 10 12 1 10 12 1 10 10 12 10 100 12 1 1 10 100 12 1 1 10 100 12 1 1 8 1 10 12 1 10 12 1 10 9 12 1 10 12 9 7 12 1 1 1 10 12 1 10 12 1 10 12 1 10 12 10 12 1 10 12 1 8 1 10 100 12 1 1 1 10 12 10 12 1 1 10 12 10 10 12 10 12 7 1 9 12 1 1 7 1 10 100 1 100 1 100 1 100 1 1 1 1 1 1 5 0 1 1 1 1 1 3 1 3 1 1 1 1 1 1 1 1 1 1 1 1 1 1 1 100 1 1 1 1 1 1 1 1 1 1 1 1 1 1 1 1 1 1 1 1 1 1 1 1 1 1 1 1 1 1 1 100 1 1 1 1 1 1 1 1 1 1 1 1 100 1 1 1 1 1 1 1 1 1 1 1 1 1 1 1 1 1 1 1 1 1 1 1 1 1 1 1 1 1 1 1 1 1 1 1 1 1 1 1 1 1 1 1 1 1 1 1 1 1 1 1 1 1 1 1 1 1 1 1 1 1 1 1 1 1 1 1 1 1 1 1 1 1 1 1 1 1 1 1 1 1 1 1 1 1 1 1 1 1 1 1 1 1 1 1 1 1 1 1 1 1 1 1 1 1 1 1 1 1 1 1 1 1 1 1 1 1 1 1 1 1 1 1 1 1 1 1 1 1 1 1 1 1 1 1 1 1 1 1 1 1 1 1 1 1 1 1 1 1 1 1 1 1 1 1 1 1 1 1 1 1 1 1 1 1 1 1 1 1 1 1 1 1 1 100 1 1 1 1 1 1 1 1 1 1 1 1 1 1 1 1 1 1 1 1 1 1 1 100 1 1 1 1 1 1 1 1 1 1 1 1 1 1 1 100 1 1 1 1 1 1 1 1 1 1 1 1 1 1 1 16 15 10 12 16 15 10 12 15 10 12 15 10 12 15 10 100 12 1 1 1 1 1 1 1 100 1 100 1 1 1
staticfield java/lang/String COMPACT_STRINGS Z 1
staticfield java/lang/String serialPersistentFields [Ljava/io/ObjectStreamField; 0 [Ljava/io/ObjectStreamField;
staticfield java/lang/String CASE_INSENSITIVE_ORDER Ljava/util/Comparator; java/lang/String$CaseInsensitiveComparator
ciInstanceKlass java/lang/reflect/AnnotatedElement 1 1 164 11 7 12 1 1 1 11 12 1 1 100 1 10 100 12 1 1 1 10 12 1 1 10 12 1 1 10 12 1 10 100 12 1 1 1 11 12 1 1 11 100 12 1 1 10 100 12 1 1 1 10 12 1 10 100 12 1 1 1 18 12 1 1 11 100 12 1 1 18 12 1 18 12 1 1 10 100 12 1 1 1 11 100 12 1 1 1 100 1 10 100 12 1 1 1 1 1 1 1 1 1 1 1 1 1 1 1 1 1 1 1 1 1 1 1 1 1 100 1 1 1 1 1 1 1 1 1 1 1 16 15 16 1 16 1 15 11 12 16 16 1 15 10 100 12 1 1 1 16 1 15 10 100 12 1 1 1 1 100 1 100 1 1
ciInstanceKlass java/lang/reflect/GenericDeclaration 1 0 30 100 1 100 1 100 1 1 1 1 1 1 1 1 100 1 8 1 1 12 10 1 1 1 8 1 1 1 8 1
ciInstanceKlass java/lang/reflect/Type 1 1 17 11 100 12 1 1 1 100 1 1 1 1 1 1 1 1 1
ciInstanceKlass java/lang/invoke/TypeDescriptor 1 0 17 100 1 100 1 1 1 1 1 1 100 1 100 1 1 1 1
ciInstanceKlass java/lang/invoke/TypeDescriptor$OfField 1 0 21 100 1 100 1 100 1 1 1 1 1 1 1 1 1 1 1 1 1 1 1
ciInstanceKlass java/lang/Class 1 1 1687 10 7 12 1 1 1 9 7 12 1 1 1 9 12 1 1 10 12 1 1 8 1 10 12 1 8 1 8 1 10 12 1 1 10 7 12 1 1 1 10 12 1 7 1 10 10 12 1 10 12 1 1 10 12 1 1 10 12 1 1 10 7 12 1 1 10 12 1 10 12 1 10 12 1 8 1 10 12 1 8 1 10 12 1 8 1 8 1 10 12 1 1 10 7 12 1 1 1 18 12 1 1 11 7 12 1 1 1 8 1 8 1 8 1 10 7 12 1 1 1 11 12 1 1 8 1 10 12 1 10 11 100 12 1 1 1 11 100 12 1 1 1 11 8 1 18 8 1 10 12 1 10 7 12 1 1 10 12 1 1 10 7 12 1 1 1 10 12 1 1 10 12 1 1 10 7 12 1 1 1 10 12 9 100 12 1 1 1 10 100 12 1 1 1 10 12 1 10 7 12 1 1 1 10 12 1 1 18 12 1 1 10 7 12 1 1 1 10 7 12 1 10 12 1 1 10 7 1 100 1 10 12 1 1 9 12 1 1 7 1 8 1 10 12 1 10 12 1 1 10 12 1 1 10 7 12 1 1 1 7 1 10 12 1 7 1 7 1 10 10 12 1 1 10 12 1 1 100 1 10 100 12 1 1 1 10 12 1 1 10 12 1 1 9 12 1 1 10 12 1 10 12 1 1 9 12 1 1 9 12 1 1 10 12 1 1 10 7 1 10 12 1 10 12 1 10 12 1 1 10 9 12 1 10 12 1 8 1 10 12 1 1 10 12 1 1 10 12 1 10 12 1 1 10 12 1 1 10 12 1 1 9 7 12 1 1 1 10 7 12 1 1 10 12 10 12 1 10 12 1 10 12 1 10 12 1 9 100 12 1 1 1 9 12 1 10 12 1 10 100 12 1 1 1 10 12 1 1 10 100 12 1 1 10 12 1 10 12 1 1 10 100 12 1 1 1 10 12 1 10 12 1 1 10 12 1 10 12 1 10 12 1 1 10 7 1 10 10 10 12 1 1 10 12 1 1 10 12 10 10 12 1 1 100 1 8 1 10 10 12 1 1 10 12 1 100 1 11 12 1 10 100 12 1 1 10 12 1 10 12 1 10 100 12 1 1 10 10 12 1 1 8 1 10 12 1 10 12 1 1 8 1 10 12 1 9 12 1 10 12 1 10 12 1 10 12 1 10 12 100 1 9 12 1 10 12 1 9 12 1 10 12 1 10 12 1 10 12 1 10 10 12 1 10 12 1 10 7 12 1 1 10 12 1 10 12 1 10 12 1 1 10 12 1 10 12 1 10 12 1 100 1 10 12 1 10 12 1 1 10 12 1 1 10 12 1 1 10 12 1 1 10 12 1 1 10 12 1 1 7 1 10 10 12 1 1 10 12 1 1 10 12 1 1 10 10 12 1 10 12 1 1 10 12 1 1 10 12 1 1 10 12 1 1 7 1 10 10 12 11 100 12 1 1 10 12 1 10 12 1 10 7 12 1 1 1 10 12 1 1 10 10 12 1 1 100 1 10 10 12 1 1 10 100 12 1 1 1 100 1 7 1 10 12 1 1 10 12 1 10 10 12 1 1 10 12 1 10 12 1 10 12 1 10 100 12 1 1 1 11 7 12 1 1 10 12 1 10 12 1 9 12 1 10 12 1 1 10 12 1 9 7 12 1 1 1 9 12 1 10 100 12 1 1 1 10 12 1 10 12 1 10 100 12 1 1 1 10 12 1 10 12 10 12 1 1 100 1 10 8 1 10 12 1 11 11 12 1 1 11 7 12 1 1 11 12 1 8 1 10 12 1 10 12 1 1 9 12 1 9 12 1 1 10 7 12 1 1 9 12 1 10 12 1 1 10 10 12 1 10 7 12 1 1 1 10 7 12 1 1 10 7 12 1 1 9 12 1 1 10 12 1 9 12 1 10 12 1 10 12 1 1 9 12 1 1 9 12 1 10 12 1 10 12 1 1 9 12 1 100 1 10 10 12 1 1 7 1 10 12 1 1 100 11 100 1 9 12 1 1 9 12 1 100 1 10 12 1 9 12 1 1 9 12 1 10 12 1 10 12 1 1 9 12 1 7 1 10 10 12 1 1 10 10 12 1 10 12 10 10 12 1 9 12 1 10 12 1 1 10 7 12 1 1 1 10 12 1 1 10 12 1 8 10 100 8 1 18 8 1 8 1 10 12 1 9 12 1 9 12 1 1 10 12 1 7 1 7 1 10 12 1 9 12 1 1 7 1 10 10 12 1 10 7 1 9 12 1 8 1 10 12 1 7 1 10 12 1 10 12 1 1 100 1 100 1 9 12 1 100 1 8 1 10 10 7 12 1 1 1 10 12 11 7 12 1 1 1 10 12 1 10 12 1 1 10 8 1 8 1 10 12 1 1 9 7 12 1 1 11 12 7 1 11 7 12 1 1 9 12 1 10 100 12 1 1 1 10 7 12 1 1 10 12 1 1 9 12 1 9 10 12 1 1 10 12 1 1 10 12 1 1 10 12 1 1 10 12 1 1 11 12 1 7 1 11 12 1 10 7 12 1 1 1 10 12 1 11 12 1 10 100 12 1 1 1 10 12 1 10 100 12 1 1 1 11 12 1 11 12 1 1 10 12 1 10 12 1 1 9 12 1 1 9 100 12 1 1 10 12 1 10 100 12 1 1 1 10 12 1 1 10 12 1 10 12 1 10 12 1 10 7 12 1 1 1 10 12 1 8 1 10 12 1 10 12 1 10 12 1 100 1 10 12 10 100 12 1 1 1 11 100 12 1 1 1 10 12 1 1 10 12 1 18 12 1 1 11 12 1 1 18 11 12 1 18 12 1 11 12 1 10 12 1 1 10 12 1 10 12 1 10 12 1 10 12 1 10 12 10 12 1 8 1 10 12 1 7 1 9 12 1 1 100 1 100 1 100 1 100 1 1 1 3 1 3 1 3 1 1 1 1 1 1 1 5 0 1 1 1 1 1 1 1 1 1 1 1 1 1 1 1 1 1 1 1 1 1 1 1 1 100 1 1 1 1 1 1 1 100 1 1 1 1 1 7 1 1 1 1 1 1 1 1 1 1 1 1 1 1 1 1 1 1 1 1 1 1 1 1 1 1 1 1 1 1 1 1 1 1 1 1 1 1 1 1 1 1 100 1 1 1 1 1 1 1 1 1 1 1 1 1 1 1 1 1 1 1 1 1 1 1 1 1 1 1 1 1 1 1 100 1 1 1 1 1 1 1 1 1 1 1 1 1 1 1 1 1 1 1 1 3 1 1 1 1 1 1 1 1 1 1 1 1 1 1 1 1 1 1 1 1 1 1 1 1 1 1 1 1 1 1 1 1 1 1 1 100 1 100 1 1 1 1 1 1 1 100 1 1 1 1 1 1 1 1 1 1 1 1 1 1 1 1 1 1 1 1 1 1 1 1 1 1 1 1 1 1 1 1 1 1 1 1 1 1 1 1 1 1 1 1 1 1 1 1 1 1 1 1 1 1 1 1 1 1 1 1 1 1 1 1 1 1 1 1 1 1 1 1 1 1 1 1 1 1 1 1 1 1 1 1 1 1 1 1 1 1 1 1 1 1 1 1 1 1 1 1 1 1 1 1 1 1 1 1 1 1 1 1 1 1 1 1 1 1 1 1 1 1 1 1 16 15 10 12 16 15 11 12 16 1 16 15 16 15 10 12 16 16 15 10 12 16 15 16 1 15 10 12 16 15 10 7 12 1 1 1 1 1 1 1 1 1 1 1 1 1 100 1 1 100 1 100 1 1 100 1 100 1 1 100 1 100 1 1
staticfield java/lang/Class EMPTY_CLASS_ARRAY [Ljava/lang/Class; 0 [Ljava/lang/Class;
staticfield java/lang/Class serialPersistentFields [Ljava/io/ObjectStreamField; 0 [Ljava/io/ObjectStreamField;
ciInstanceKlass java/lang/Cloneable 1 0 7 100 1 100 1 1 1
instanceKlass docking/help/GHelpClassLoader
instanceKlass org/apache/felix/framework/BundleWiringImpl$1
instanceKlass jdk/internal/reflect/DelegatingClassLoader
instanceKlass java/security/SecureClassLoader
ciInstanceKlass java/lang/ClassLoader 1 1 1108 9 7 12 1 1 1 10 7 12 1 1 1 9 12 1 1 10 7 12 1 1 1 7 1 10 12 1 1 10 12 1 1 9 12 1 1 10 12 1 1 100 1 10 12 1 10 12 1 1 10 7 12 1 1 1 100 1 8 1 10 12 1 10 7 12 1 1 1 10 100 12 1 10 7 1 10 7 1 7 1 7 1 10 12 1 10 12 1 9 12 1 1 10 10 7 12 1 1 1 9 12 1 1 9 12 1 9 12 1 1 9 12 1 9 12 1 1 9 12 1 1 7 1 10 12 1 9 12 1 1 10 12 1 1 10 7 12 1 1 1 9 12 1 9 12 1 1 9 12 1 10 12 1 1 9 12 10 12 1 1 7 1 10 8 1 10 12 1 1 10 12 1 10 7 1 7 1 10 12 1 1 10 7 12 1 1 1 8 1 10 12 1 10 12 1 10 12 1 1 10 12 1 1 10 12 1 1 10 12 1 1 10 12 1 1 10 12 1 7 1 10 12 1 10 7 12 1 1 1 10 12 1 1 10 12 1 10 12 1 10 12 1 10 12 1 10 12 1 1 10 10 12 1 10 12 1 10 100 12 1 1 10 12 1 1 10 12 1 1 10 12 1 100 1 10 12 1 100 1 10 12 1 10 100 12 1 1 1 10 10 12 1 1 10 12 1 1 100 1 8 1 10 8 1 10 12 1 10 12 1 100 1 8 1 10 12 1 1 10 12 1 1 10 10 12 1 1 10 12 1 1 10 12 1 1 10 7 1 10 12 1 1 10 12 1 1 10 12 1 1 10 12 1 1 10 12 1 1 10 12 1 1 10 12 1 10 7 12 1 1 1 10 12 1 10 12 1 10 12 1 1 10 12 1 10 12 1 10 12 1 10 12 1 1 10 12 1 10 12 1 1 8 1 9 12 1 10 12 1 1 8 1 8 1 10 7 12 1 1 100 1 10 10 12 10 12 1 10 12 1 10 12 1 10 12 1 1 10 7 12 1 1 10 12 1 10 7 1 7 1 10 12 1 1 10 12 1 10 7 1 10 12 1 100 1 18 12 1 10 100 12 1 1 1 10 100 12 1 1 1 10 7 12 1 1 10 12 1 10 12 1 100 1 10 12 1 8 1 10 10 12 1 1 10 12 1 10 12 1 1 7 1 10 12 1 10 12 1 1 10 7 12 1 1 10 12 1 8 1 100 1 10 10 12 1 9 12 1 10 7 12 1 1 10 12 1 100 1 8 1 10 12 1 10 8 1 8 1 10 12 1 1 10 12 1 1 10 12 1 1 10 7 12 1 1 100 1 100 1 10 12 1 1 100 1 100 1 10 100 12 1 1 10 12 1 10 12 1 1 10 12 1 10 12 1 1 10 12 1 1 9 100 12 1 1 1 10 12 1 1 10 12 1 10 12 1 10 12 1 1 10 12 1 8 1 7 1 18 12 1 1 10 12 1 1 10 12 1 10 12 1 10 12 1 8 1 10 12 1 10 12 1 18 12 1 11 100 12 1 1 1 100 1 10 12 1 1 10 12 1 10 11 12 1 1 10 18 10 12 1 1 11 100 12 1 18 12 1 11 12 1 1 10 12 10 12 1 1 10 12 1 1 100 1 8 1 10 10 12 1 8 1 8 1 10 100 12 1 1 10 12 1 100 1 10 10 12 1 8 1 8 1 8 1 10 12 1 10 12 1 1 10 12 1 10 100 12 1 1 1 11 100 12 1 1 100 1 10 11 10 12 1 10 12 1 10 12 1 1 9 100 12 1 1 9 12 1 1 9 12 9 12 1 9 12 1 9 12 1 8 10 12 1 1 10 7 12 1 1 1 10 12 1 1 10 12 1 1 10 12 1 10 10 12 1 11 12 1 1 10 100 12 1 1 1 100 1 10 12 1 10 12 1 10 12 1 1 1 1 1 1 1 1 1 1 1 1 1 1 1 1 1 1 1 1 1 1 1 1 1 1 1 1 100 1 1 1 1 1 1 1 1 1 1 1 1 1 1 1 1 1 1 1 1 1 100 1 1 1 1 1 1 1 1 1 1 100 1 1 1 1 1 1 1 1 1 1 1 1 1 1 1 1 1 1 1 1 1 1 1 1 1 1 1 1 1 1 1 1 1 1 1 1 1 1 1 1 1 100 1 1 1 1 1 1 1 1 1 1 1 1 1 1 1 1 1 1 1 100 1 1 1 1 1 1 1 1 1 1 1 1 1 1 1 1 1 1 1 1 1 1 1 1 1 1 1 1 1 1 1 1 1 1 1 1 1 1 1 1 1 1 1 1 1 1 1 1 1 1 100 1 1 1 1 1 1 1 1 1 1 1 1 1 1 1 1 1 1 1 1 1 1 1 1 1 1 1 1 1 1 1 1 1 1 1 1 1 1 1 1 1 1 1 1 1 1 16 1 15 10 12 16 1 16 15 10 12 16 1 16 1 15 10 12 16 15 10 12 16 15 10 12 16 15 10 7 12 1 1 1 1 1 100 1 100 1 1
staticfield java/lang/ClassLoader nocerts [Ljava/security/cert/Certificate; 0 [Ljava/security/cert/Certificate;
staticfield java/lang/ClassLoader $assertionsDisabled Z 1
ciInstanceKlass java/lang/System 1 1 834 10 100 12 1 1 1 9 7 12 1 1 1 10 12 1 10 12 1 1 10 12 1 1 10 12 1 9 12 1 1 10 7 12 1 1 1 11 100 12 1 1 1 10 100 12 1 1 1 10 12 1 1 10 12 1 1 100 1 8 1 10 12 1 10 100 12 1 1 1 10 7 12 1 1 1 18 12 1 1 10 100 12 1 1 1 100 1 10 12 1 1 10 100 12 1 1 1 10 12 1 10 7 12 1 1 1 9 100 12 1 1 1 10 100 12 1 1 1 11 7 12 1 1 1 10 12 1 1 10 7 12 1 1 1 100 1 10 10 12 1 1 8 1 10 12 1 8 1 10 12 1 9 12 1 1 8 1 10 7 12 1 1 1 10 12 1 1 100 1 8 1 10 9 12 1 1 8 1 10 12 1 1 10 100 12 1 1 1 8 1 10 12 1 100 1 10 12 1 8 1 10 12 1 10 12 1 1 100 1 10 12 10 12 1 9 12 1 1 9 12 1 1 10 7 12 1 1 1 10 7 12 1 1 1 10 12 1 1 10 12 1 10 12 1 10 7 12 1 1 1 10 12 1 100 1 100 1 8 1 10 12 1 10 12 1 1 7 1 10 12 1 100 1 8 1 10 10 12 1 100 1 8 1 10 8 1 10 7 12 1 1 8 1 10 12 100 1 8 1 10 10 12 1 1 10 7 12 1 1 1 100 1 18 12 1 100 1 9 100 12 1 1 1 10 12 1 100 1 10 12 1 1 10 12 1 1 10 7 12 1 1 1 10 12 1 1 10 12 1 10 12 1 10 12 1 1 10 12 1 7 1 10 12 1 9 7 12 1 1 1 10 7 12 1 1 1 10 12 1 10 12 1 10 7 12 1 1 1 100 1 8 1 10 9 12 1 9 12 1 10 12 1 10 100 12 1 1 10 12 1 10 12 1 1 8 1 10 12 1 1 8 1 11 12 1 10 12 11 12 1 1 11 7 12 1 1 1 11 7 12 1 1 11 12 1 1 7 1 11 12 1 10 12 1 8 1 10 12 1 1 8 1 8 1 8 1 8 1 11 12 1 10 12 1 10 12 1 10 12 1 8 1 10 12 1 1 8 1 9 12 1 8 1 10 7 12 1 1 8 1 7 1 9 7 12 1 1 1 10 12 1 7 1 9 12 10 9 12 7 1 10 12 9 12 1 1 8 1 10 12 1 1 8 1 10 7 12 1 1 10 12 1 10 12 1 1 11 7 12 1 1 10 12 10 7 12 1 1 1 9 12 1 1 100 1 8 1 10 12 1 1 10 7 12 1 1 1 7 1 10 12 1 1 10 12 1 8 1 8 1 10 8 1 8 1 8 1 8 1 10 10 7 12 1 1 10 12 1 10 12 1 1 10 12 1 1 10 12 1 10 100 12 1 1 1 10 100 1 8 1 10 10 10 12 1 1 10 12 1 1 8 1 10 12 1 8 1 8 1 10 12 1 10 7 12 1 1 1 10 12 1 1 7 1 10 10 12 1 10 12 1 9 12 1 1 3 1 3 1 1 1 1 1 1 1 1 1 1 1 1 100 1 1 100 1 1 1 1 1 1 1 1 1 1 1 100 1 100 1 1 1 1 1 1 1 1 1 1 1 1 1 1 1 1 1 1 1 1 1 1 1 1 1 1 1 1 1 1 1 1 1 1 1 1 1 1 1 1 1 1 1 1 1 1 1 1 1 1 1 1 1 1 1 1 1 1 100 1 1 1 1 1 1 1 1 1 1 1 1 1 1 1 1 1 1 1 1 1 1 1 1 1 1 1 1 1 1 1 1 1 100 1 1 16 15 10 12 1 1 16 15 10 12 16 1 15 10 100 12 1 1 1 1 1 1 1 1 1 100 1 100 1 1
staticfield java/lang/System in Ljava/io/InputStream; java/io/BufferedInputStream
staticfield java/lang/System out Ljava/io/PrintStream; java/io/PrintStream
staticfield java/lang/System err Ljava/io/PrintStream; java/io/PrintStream
instanceKlass java/lang/Exception
instanceKlass java/lang/Error
ciInstanceKlass java/lang/Throwable 1 1 404 10 7 12 1 1 1 9 7 12 1 1 1 9 12 1 1 9 12 1 9 12 1 1 9 12 1 10 12 1 1 9 12 1 1 10 12 1 1 10 12 1 100 1 7 1 10 8 1 10 12 1 1 8 1 10 100 12 1 1 10 10 12 1 100 1 8 1 10 10 12 1 1 10 7 12 1 1 10 12 1 8 1 9 100 12 1 1 1 10 12 1 1 100 1 10 12 10 12 1 10 100 12 1 1 1 100 1 10 12 10 12 1 10 12 1 100 1 10 10 7 12 1 1 1 11 100 12 1 1 1 10 12 1 1 10 12 1 1 8 1 10 12 1 10 12 1 1 8 1 8 1 10 12 1 1 10 12 1 8 1 8 1 9 12 1 1 10 12 1 1 100 1 10 11 12 1 8 1 8 1 10 7 12 1 1 8 1 10 12 1 8 1 100 1 10 12 1 9 12 1 1 10 12 1 10 7 12 1 9 12 1 1 10 12 1 1 100 1 8 1 10 12 1 10 100 12 1 1 10 12 1 1 100 1 10 100 12 1 1 1 10 12 1 11 100 12 1 1 1 11 100 12 1 1 11 12 1 8 1 10 12 1 1 8 1 10 10 9 100 12 1 1 1 8 1 10 12 1 1 11 10 100 1 8 1 10 11 12 1 1 8 1 9 12 1 10 100 12 1 1 11 9 12 1 1 11 12 1 1 100 10 12 1 10 12 1 1 100 1 1 1 1 5 0 1 1 1 1 1 1 1 1 1 1 1 1 1 100 1 1 1 1 1 1 1 1 1 1 1 1 1 1 1 1 1 1 1 1 1 1 1 1 1 1 1 1 1 1 1 1 1 1 1 1 1 1 1 1 1 1 1 1 100 1 100 1 1 1 1 1 1 1 1 1 1 1 1 1 1 1 1 1 1
staticfield java/lang/Throwable UNASSIGNED_STACK [Ljava/lang/StackTraceElement; 0 [Ljava/lang/StackTraceElement;
staticfield java/lang/Throwable SUPPRESSED_SENTINEL Ljava/util/List; java/util/Collections$EmptyList
staticfield java/lang/Throwable EMPTY_THROWABLE_ARRAY [Ljava/lang/Throwable; 0 [Ljava/lang/Throwable;
staticfield java/lang/Throwable $assertionsDisabled Z 1
instanceKlass java/lang/ThreadDeath
instanceKlass java/util/ServiceConfigurationError
instanceKlass java/lang/AssertionError
instanceKlass java/awt/AWTError
instanceKlass java/lang/VirtualMachineError
instanceKlass java/lang/LinkageError
ciInstanceKlass java/lang/Error 1 1 40 10 7 12 1 1 1 10 12 1 10 12 1 10 12 1 10 12 1 100 1 1 1 1 5 0 1 1 1 1 1 1 1 1 1 1 1 1 1 1
instanceKlass ghidra/app/plugin/core/datamgr/archive/DuplicateIdException
instanceKlass ghidra/app/util/bin/format/dwarf/expression/DWARFExpressionException
instanceKlass ghidra/app/util/bin/format/pdb2/pdbreader/PdbReaderOptions
instanceKlass mdemangler/MDException
instanceKlass ghidra/app/util/demangler/DemangledException
instanceKlass ghidra/app/util/bin/format/macos/MacException
instanceKlass ghidra/app/util/bin/format/pdb/PdbException
instanceKlass ghidra/app/plugin/exceptionhandlers/gcc/structures/ehFrame/ExceptionHandlerFrameException
instanceKlass ghidra/file/formats/android/oat/UnsupportedOatVersionException
instanceKlass ghidra/app/util/bin/format/pdb2/pdbreader/PdbException
instanceKlass ghidra/file/formats/android/art/UnsupportedArtVersionException
instanceKlass ghidra/program/database/data/merge/DataTypeMergeException
instanceKlass ghidra/program/model/data/DataTypeDependencyException
instanceKlass ghidra/program/database/symbol/OverlappingNamespaceException
instanceKlass ghidra/program/database/util/DatabaseVersionException
instanceKlass java/util/zip/DataFormatException
instanceKlass db/DBRollbackException
instanceKlass ghidra/program/model/listing/IncompatibleLanguageException
instanceKlass ghidra/sleigh/grammar/PreprocessorException
instanceKlass org/antlr/runtime/RecognitionException
instanceKlass ghidra/app/util/bin/format/pe/InvalidNTHeaderException
instanceKlass ghidra/app/util/bin/format/ne/InvalidWindowsHeaderException
instanceKlass org/relaxng/datatype/DatatypeException
instanceKlass com/sun/msv/reader/trex/ng/RELAXNGReader$AbortException
instanceKlass com/sun/msv/reader/AbortException
instanceKlass org/iso_relax/verifier/VerifierConfigurationException
instanceKlass ghidra/program/model/pcode/PcodeException
instanceKlass ghidra/app/util/bin/format/elf/ElfException
instanceKlass ghidra/app/util/OptionException
instanceKlass ghidra/app/util/bin/format/pef/PefException
instanceKlass ghidra/xml/XmlParseException
instanceKlass ghidra/app/util/bin/format/ubi/UbiException
instanceKlass ghidra/app/util/bin/format/RelocationException
instanceKlass ghidra/program/database/function/OverlappingFunctionException
instanceKlass org/apache/felix/framework/resolver/ResourceNotFoundException
instanceKlass java/util/concurrent/ExecutionException
instanceKlass org/osgi/service/resolver/ResolutionException
instanceKlass org/osgi/framework/BundleException
instanceKlass ghidra/app/util/bin/format/omf/OmfException
instanceKlass org/jdom2/JDOMException
instanceKlass ghidra/app/util/bin/format/coff/CoffException
instanceKlass ghidra/app/util/bin/format/macho/MachException
instanceKlass ghidra/file/formats/cart/CartConfigurationException
instanceKlass ghidra/file/formats/cart/CartInvalidCartException
instanceKlass ghidra/file/formats/android/vdex/UnsupportedVdexVersionException
instanceKlass sun/security/pkcs11/wrapper/PKCS11Exception
instanceKlass sun/security/ec/ECOperations$IntermediateValueException
instanceKlass javax/security/auth/DestroyFailedException
instanceKlass java/awt/datatransfer/UnsupportedFlavorException
instanceKlass net/sf/sevenzipjbinding/SevenZipNativeInitializationException
instanceKlass ghidra/util/exception/UnableToSwingException
instanceKlass java/util/concurrent/TimeoutException
instanceKlass java/util/concurrent/BrokenBarrierException
instanceKlass java/security/GeneralSecurityException
instanceKlass sun/nio/fs/WindowsException
instanceKlass java/text/ParseException
instanceKlass javax/xml/parsers/ParserConfigurationException
instanceKlass org/xml/sax/SAXException
instanceKlass javax/naming/NamingException
instanceKlass org/osgi/framework/InvalidSyntaxException
instanceKlass java/lang/InterruptedException
instanceKlass java/lang/CloneNotSupportedException
instanceKlass java/security/PrivilegedActionException
instanceKlass ghidra/util/exception/UsrException
instanceKlass java/net/URISyntaxException
instanceKlass java/io/IOException
instanceKlass java/lang/ReflectiveOperationException
instanceKlass java/lang/RuntimeException
ciInstanceKlass java/lang/Exception 1 1 40 10 7 12 1 1 1 10 12 1 10 12 1 10 12 1 10 12 1 100 1 1 1 1 5 0 1 1 1 1 1 1 1 1 1 1 1 1 1 1
instanceKlass ghidra/util/state/analysis/MySwitchAnalyzer$MultipleRegInputsException
instanceKlass ghidra/util/bean/opteditor/OptionsVetoException
instanceKlass ghidra/pcode/error/LowlevelError
instanceKlass ghidra/util/exception/NotYetImplementedException
instanceKlass ghidra/util/exception/PropertyTypeMismatchException
instanceKlass ghidra/util/map/TypeMismatchException
instanceKlass ghidra/framework/model/RuntimeIOException
instanceKlass db/IllegalFieldAccessException
instanceKlass db/NoTransactionException
instanceKlass db/TerminatedTransactionException
instanceKlass ghidra/util/exception/RollbackException
instanceKlass ghidra/framework/model/DomainObjectLockedException
instanceKlass ghidra/framework/model/DomainObjectException
instanceKlass org/antlr/runtime/tree/RewriteCardinalityException
instanceKlass ghidra/sleigh/grammar/BailoutException
instanceKlass ghidra/pcodeCPort/error/LowlevelError
instanceKlass ghidra/app/util/opinion/LoaderOpinionException
instanceKlass javax/help/UnsupportedOperationException
instanceKlass ghidra/program/model/lang/ProcessorNotFoundException
instanceKlass com/sun/msv/reader/trex/ng/comp/DefAttCompatibilityChecker$Abort
instanceKlass com/sun/msv/reader/util/GrammarLoader$GrammarLoaderException
instanceKlass com/sun/msv/verifier/jarv/FactoryImpl$WrapperException
instanceKlass ghidra/app/plugin/processors/sleigh/SleighException
instanceKlass ghidra/util/datastruct/AccumulatorSizeException
instanceKlass ghidra/xml/XmlException
instanceKlass ghidra/program/model/address/AddressOutOfBoundsException
instanceKlass ghidra/util/xml/XmlAttributeException
instanceKlass com/sun/tools/javac/util/ClientCodeException
instanceKlass com/sun/tools/javac/util/PropagatedException
instanceKlass org/osgi/framework/ServiceException
instanceKlass org/bouncycastle/crypto/CryptoServiceConstraintsException
instanceKlass java/lang/IndexOutOfBoundsException
instanceKlass ghidra/pcode/exec/PcodeExecutionException
instanceKlass java/security/ProviderException
instanceKlass com/google/gson/JsonParseException
instanceKlass ghidra/framework/PluggableServiceRegistryException
instanceKlass java/util/ConcurrentModificationException
instanceKlass java/time/DateTimeException
instanceKlass java/lang/TypeNotPresentException
instanceKlass com/sun/org/apache/xerces/internal/xni/XNIException
instanceKlass java/lang/reflect/UndeclaredThrowableException
instanceKlass org/apache/logging/log4j/core/config/ConfigurationException
instanceKlass java/util/MissingResourceException
instanceKlass org/apache/logging/log4j/util/InternalException
instanceKlass java/lang/SecurityException
instanceKlass java/util/NoSuchElementException
instanceKlass org/apache/logging/log4j/LoggingException
instanceKlass java/lang/UnsupportedOperationException
instanceKlass java/nio/file/FileSystemNotFoundException
instanceKlass ghidra/util/exception/AssertException
instanceKlass java/lang/IllegalStateException
instanceKlass java/lang/IllegalArgumentException
instanceKlass java/lang/ArithmeticException
instanceKlass java/lang/NullPointerException
instanceKlass java/lang/IllegalMonitorStateException
instanceKlass java/lang/ArrayStoreException
instanceKlass java/lang/ClassCastException
ciInstanceKlass java/lang/RuntimeException 1 1 40 10 7 12 1 1 1 10 12 1 10 12 1 10 12 1 10 12 1 100 1 1 1 1 5 0 1 1 1 1 1 1 1 1 1 1 1 1 1 1
instanceKlass org/apache/felix/framework/util/SecurityManagerEx
ciInstanceKlass java/lang/SecurityManager 1 1 576 10 7 12 1 1 1 9 7 12 1 1 1 10 7 12 1 1 1 100 1 8 1 10 12 1 10 12 1 1 10 100 12 1 1 1 10 100 1 10 100 1 10 9 100 12 1 1 1 10 7 12 1 1 1 10 12 1 1 10 7 12 1 1 100 1 8 1 10 9 12 1 1 9 12 1 8 1 9 12 1 100 1 10 8 1 10 12 1 1 10 12 1 10 12 1 1 100 1 10 10 12 1 1 100 1 8 1 10 12 1 8 1 8 1 8 1 8 1 8 1 8 1 10 12 1 8 1 8 1 8 1 8 1 8 1 10 100 12 1 1 1 10 12 1 1 8 1 100 1 8 1 10 8 1 8 1 8 1 8 1 8 1 10 100 12 1 1 8 1 100 1 8 1 8 1 10 8 1 10 12 1 100 1 8 1 10 10 12 1 1 10 12 1 10 12 1 10 12 1 10 7 12 1 1 1 10 12 1 10 7 12 1 1 11 7 12 1 1 1 18 12 1 1 11 7 12 1 1 1 18 12 1 1 11 12 1 1 18 18 11 12 1 18 12 1 11 12 1 1 9 12 1 1 9 12 1 9 12 1 9 12 1 7 1 10 7 12 1 1 10 12 1 10 12 1 18 12 1 18 10 7 12 1 1 1 18 12 1 10 12 1 18 18 8 1 10 12 1 9 12 1 1 11 7 12 1 1 1 8 1 100 1 10 12 1 10 12 1 1 10 12 1 1 9 12 1 1 10 12 1 10 12 1 1 8 1 100 1 10 9 12 1 8 1 10 12 1 8 1 100 1 10 10 7 12 1 1 10 7 1 9 7 12 1 1 1 11 12 1 1 10 12 1 11 12 1 10 12 1 7 1 10 10 12 1 1 10 12 1 1 1 1 1 1 1 1 1 1 1 100 1 1 1 1 1 1 1 1 1 1 1 1 1 1 1 1 1 1 1 1 1 1 1 1 1 1 1 1 1 1 1 1 1 1 1 1 1 1 1 1 1 1 1 1 1 1 1 1 1 1 1 1 1 1 1 1 3 1 1 1 1 1 1 1 1 1 1 100 1 1 1 1 1 1 1 1 1 1 1 1 1 1 1 1 1 1 1 1 1 1 1 1 1 1 1 1 1 1 1 1 1 1 1 1 1 1 16 15 10 7 12 1 1 1 16 1 16 15 10 12 16 1 15 10 12 16 15 11 7 1 16 1 16 1 15 10 12 16 15 10 12 16 15 10 12 1 16 1 15 11 12 1 15 10 12 16 15 10 16 1 15 10 7 12 1 1 1 1 1 1 100 1 100 1 1
staticfield java/lang/SecurityManager packageAccessLock Ljava/lang/Object; java/lang/Object
staticfield java/lang/SecurityManager packageDefinitionLock Ljava/lang/Object; java/lang/Object
staticfield java/lang/SecurityManager nonExportedPkgs Ljava/util/Map; java/util/concurrent/ConcurrentHashMap
instanceKlass org/apache/felix/framework/BundleProtectionDomain
ciInstanceKlass java/security/ProtectionDomain 1 1 348 10 7 12 1 1 1 9 7 12 1 1 1 7 1 10 9 12 1 1 9 12 1 1 9 12 1 1 10 7 12 1 1 7 1 9 12 1 9 12 1 1 7 1 9 12 1 1 9 12 1 10 100 12 1 1 10 100 12 1 1 1 10 12 1 1 10 12 1 9 12 1 9 100 12 1 1 10 12 1 1 10 100 1 10 12 1 1 8 1 100 1 8 1 10 12 1 10 11 10 100 12 1 1 1 10 12 1 1 8 1 11 8 1 10 12 1 8 1 8 1 10 12 1 1 10 12 1 10 12 1 1 10 12 1 8 1 10 12 1 8 1 8 1 10 100 12 1 1 1 9 100 12 1 1 1 10 12 1 1 9 100 12 1 1 1 10 100 12 1 1 1 100 1 18 12 1 1 10 100 12 1 1 1 10 100 1 10 12 1 10 12 1 1 11 100 12 1 1 11 12 1 100 1 11 100 12 1 1 1 10 12 1 10 11 12 1 1 11 12 1 1 10 12 1 10 7 12 1 1 10 100 12 1 1 11 12 1 10 12 10 12 1 8 1 8 1 10 7 12 1 1 1 7 1 10 10 7 12 1 1 1 1 1 1 1 1 1 1 100 1 1 100 1 1 1 1 1 1 1 1 1 1 1 1 1 1 1 1 1 1 1 1 1 1 1 1 1 1 1 1 1 1 1 1 1 1 1 1 1 1 1 1 1 1 1 1 100 1 1 1 1 1 1 100 1 1 16 15 10 12 16 15 10 100 12 1 1 1 1 1 1 1 100 1 100 1 1
staticfield java/security/ProtectionDomain filePermCompatInPD Z 0
ciInstanceKlass java/security/AccessControlContext 1 1 374 9 7 12 1 1 1 9 12 1 1 10 100 12 1 1 1 8 1 10 100 12 1 1 1 10 7 12 1 1 1 9 12 1 9 12 1 1 9 12 1 1 10 7 12 1 1 100 1 10 12 1 11 100 12 1 1 1 11 12 1 11 12 1 11 12 1 1 7 1 11 12 1 1 10 12 1 10 7 12 1 1 1 9 100 12 1 1 1 10 100 12 1 1 1 11 100 12 1 1 1 10 7 1 100 1 8 1 10 12 1 10 12 1 1 7 1 10 7 12 1 1 1 9 12 1 9 12 1 9 12 1 9 12 1 1 9 12 1 1 9 12 1 9 12 1 10 7 12 1 1 1 9 12 1 10 12 1 1 10 12 1 1 8 1 10 12 1 1 10 12 1 1 10 100 12 1 1 1 100 1 10 10 12 1 1 10 100 12 1 1 1 10 8 1 10 100 12 1 1 8 1 10 100 12 1 1 8 1 8 1 10 12 1 8 1 10 12 1 8 1 10 12 1 10 12 1 10 12 1 1 8 1 8 1 100 1 10 12 1 10 12 1 1 100 1 10 12 1 8 1 10 12 1 10 12 1 10 8 1 10 12 1 1 10 12 1 1 10 12 1 1 10 12 1 1 10 12 1 10 12 1 11 10 12 1 10 12 1 1 10 10 10 12 1 1 1 1 1 1 1 1 1 1 1 1 1 1 1 1 1 1 1 1 1 1 1 1 100 1 1 1 1 1 1 1 1 1 1 1 1 1 1 1 1 1 1 1 1 1 1 1 1 1 1 1 1 1 1 1 1 1 1 1 1 1 1 1 1 1 1 1 1 1 1 1 1 1 1 1 1 3 1 1
ciInstanceKlass java/security/AccessController 1 1 295 10 100 12 1 1 1 10 7 12 1 1 1 10 7 12 1 1 1 10 12 1 1 10 12 1 1 10 7 12 1 1 1 10 12 1 1 10 12 1 10 12 1 1 10 12 1 100 1 8 1 10 12 1 10 12 1 10 12 1 1 10 12 1 7 1 7 1 10 12 1 1 10 12 1 10 12 1 10 12 1 1 10 7 12 1 1 1 10 12 1 1 9 100 12 1 1 1 10 100 12 1 1 1 10 12 1 10 12 1 9 100 12 1 1 1 10 12 1 10 12 1 1 9 12 1 1 10 100 1 10 11 7 12 1 1 1 10 7 12 1 1 11 7 1 7 1 10 12 1 10 12 1 10 12 1 8 1 10 12 1 1 8 1 10 100 12 1 1 1 8 1 100 1 10 10 12 1 1 10 12 1 10 7 12 1 1 1 10 12 1 8 1 10 100 12 1 1 8 1 8 1 10 12 1 8 1 10 12 1 10 12 1 1 10 12 1 1 1 1 1 1 1 1 1 1 1 1 1 1 1 1 1 1 1 1 1 1 1 1 1 1 1 1 100 1 1 1 1 1 1 1 1 1 1 1 1 1 1 1 1 1 1 1 1 1 1 1 1 1 1 1 1 1 1 1 1 1 1 100 1 100 1 1 1 1 1 1 1 1 1 3 1 1 1
staticfield java/security/AccessController $assertionsDisabled Z 1
instanceKlass java/net/URLClassLoader
instanceKlass jdk/internal/loader/BuiltinClassLoader
ciInstanceKlass java/security/SecureClassLoader 1 1 102 10 7 12 1 1 1 7 1 10 12 1 9 7 12 1 1 1 10 12 1 10 12 1 10 12 1 1 10 12 1 1 10 12 1 7 1 10 7 1 10 12 1 7 1 10 12 1 11 7 12 1 1 1 7 1 11 12 1 10 12 1 1 1 1 1 1 1 1 1 1 1 1 1 1 1 1 1 1 1 1 1 1 1 1 1 1 1 1 1 1 1 1 1 1 1 1 100 1 1 1 1
instanceKlass java/lang/reflect/InvocationTargetException
instanceKlass java/lang/IllegalAccessException
instanceKlass java/lang/InstantiationException
instanceKlass java/lang/NoSuchFieldException
instanceKlass java/lang/NoSuchMethodException
instanceKlass java/lang/ClassNotFoundException
ciInstanceKlass java/lang/ReflectiveOperationException 1 1 34 10 7 12 1 1 1 10 12 1 10 12 1 10 12 1 100 1 1 1 1 5 0 1 1 1 1 1 1 1 1 1 1 1
ciInstanceKlass java/lang/ClassNotFoundException 1 1 96 7 1 10 7 12 1 1 1 10 12 1 10 12 1 1 10 100 12 1 1 1 8 1 10 100 12 1 1 1 10 7 12 1 1 10 100 12 1 1 1 10 100 12 1 1 1 10 12 1 1 7 1 10 12 1 9 12 1 1 1 1 1 5 0 1 1 1 1 1 1 1 1 1 1 1 1 1 1 1 1 1 1 100 1 1 1 1 1 1 1 1 1 1 1 1
staticfield java/lang/ClassNotFoundException serialPersistentFields [Ljava/io/ObjectStreamField; 1 [Ljava/io/ObjectStreamField;
instanceKlass ghidra/app/plugin/core/datamgr/archive/DefaultDataTypeArchiveService$DataTypeManagerInfo
instanceKlass ghidra/app/util/opinion/AbstractLibrarySupportLoader$LibrarySearchPath
instanceKlass ghidra/app/util/opinion/AbstractLibrarySupportLoader$UnprocessedLibrary
instanceKlass ghidra/app/util/bin/format/golang/GoVer
instanceKlass ghidra/app/util/bin/format/golang/GoVerRange
instanceKlass ghidra/app/util/bin/format/pe/ImageRuntimeFunctionEntries_X86$ImageRuntimeFunctionEntry_X86
instanceKlass ghidra/app/util/opinion/Loader$ImporterSettings
instanceKlass ghidra/program/model/pcode/ElementId
instanceKlass ghidra/program/model/pcode/AttributeId
instanceKlass ghidra/trace/model/target/info/TraceObjectInterfaceFactory$Constructor
instanceKlass ghidra/trace/model/target/schema/TraceObjectSchema$SchemaName
instanceKlass ghidra/formats/gfilesystem/LocalFileSystem$FileFingerprintRec
instanceKlass ghidra/util/PropertyFile$PropertyMapEntry
instanceKlass sun/security/pkcs/SignerInfo$AlgorithmInfo
instanceKlass jdk/internal/misc/ThreadTracker$ThreadRef
instanceKlass java/nio/DirectByteBuffer$Deallocator
instanceKlass ghidra/util/classfinder/ClassFileInfo
instanceKlass java/lang/reflect/Proxy$ProxyBuilder$ProxyClassContext
instanceKlass java/util/stream/Collectors$CollectorImpl
instanceKlass java/security/SecureClassLoader$CodeSourceKey
instanceKlass jdk/internal/reflect/ReflectionFactory$Config
instanceKlass jdk/internal/foreign/abi/UpcallLinker$CallRegs
instanceKlass jdk/internal/foreign/abi/VMStorage
ciInstanceKlass java/lang/Record 1 1 22 10 7 12 1 1 1 100 1 1 1 1 1 1 1 1 1 1 1 1 1 1
instanceKlass java/lang/ExceptionInInitializerError
instanceKlass java/lang/IncompatibleClassChangeError
instanceKlass java/lang/BootstrapMethodError
instanceKlass java/lang/NoClassDefFoundError
ciInstanceKlass java/lang/LinkageError 1 1 31 10 7 12 1 1 1 10 12 1 10 12 1 100 1 1 1 1 5 0 1 1 1 1 1 1 1 1 1 1 1
ciInstanceKlass java/lang/NoClassDefFoundError 0 0 26 10 100 12 1 1 1 10 12 1 100 1 1 1 1 5 0 1 1 1 1 1 1 1 1 1
ciInstanceKlass java/lang/ClassCastException 1 1 26 10 100 12 1 1 1 10 12 1 100 1 1 1 1 5 0 1 1 1 1 1 1 1 1 1
ciInstanceKlass java/lang/ArrayStoreException 1 1 26 10 100 12 1 1 1 10 12 1 100 1 1 1 1 5 0 1 1 1 1 1 1 1 1 1
instanceKlass java/lang/StackOverflowError
instanceKlass java/lang/OutOfMemoryError
instanceKlass java/lang/InternalError
ciInstanceKlass java/lang/VirtualMachineError 1 1 34 10 100 12 1 1 1 10 12 1 10 12 1 10 12 1 100 1 1 1 1 5 0 1 1 1 1 1 1 1 1 1 1 1
ciInstanceKlass java/lang/InternalError 0 0 34 10 100 12 1 1 1 10 12 1 10 12 1 10 12 1 100 1 1 1 1 5 0 1 1 1 1 1 1 1 1 1 1 1
ciInstanceKlass java/lang/OutOfMemoryError 1 1 26 10 100 12 1 1 1 10 12 1 100 1 1 1 1 5 0 1 1 1 1 1 1 1 1 1
ciInstanceKlass java/lang/StackOverflowError 1 1 26 10 100 12 1 1 1 10 12 1 100 1 1 1 1 5 0 1 1 1 1 1 1 1 1 1
ciInstanceKlass java/lang/IllegalMonitorStateException 1 1 26 10 100 12 1 1 1 10 12 1 100 1 1 1 1 5 0 1 1 1 1 1 1 1 1 1
instanceKlass java/lang/ref/PhantomReference
instanceKlass java/lang/ref/FinalReference
instanceKlass java/lang/ref/WeakReference
instanceKlass java/lang/ref/SoftReference
ciInstanceKlass java/lang/ref/Reference 1 1 190 9 7 12 1 1 1 9 7 12 1 1 10 12 1 1 10 12 1 1 9 12 1 1 10 12 1 1 9 12 1 1 9 12 1 1 7 1 10 12 1 10 7 12 1 1 10 12 1 10 12 1 1 10 12 1 7 1 8 1 10 12 1 1 7 1 10 12 1 1 10 12 1 1 10 12 1 9 12 1 10 12 1 1 10 12 1 10 12 1 9 12 1 100 1 100 1 10 12 9 12 1 9 12 1 100 1 10 10 12 1 10 10 7 12 1 1 7 1 10 10 7 12 1 1 1 1 1 1 1 1 1 1 1 1 1 1 1 1 1 1 1 100 1 1 1 100 1 1 1 1 1 1 1 1 1 1 1 1 1 1 1 1 1 1 1 1 1 1 1 1 1 1 1 1 1 1 1 1 1 1 1 100 1 100 1 100 1 1 1
staticfield java/lang/ref/Reference processPendingLock Ljava/lang/Object; java/lang/Object
staticfield java/lang/ref/Reference $assertionsDisabled Z 1
instanceKlass ghidra/util/datastruct/SoftCacheMap$MySoftReference
instanceKlass org/apache/commons/collections4/map/AbstractReferenceMap$SoftRef
instanceKlass sun/security/util/MemoryCache$SoftCacheEntry
instanceKlass sun/util/locale/provider/LocaleResources$ResourceReference
instanceKlass sun/util/resources/Bundles$BundleReference
instanceKlass java/util/ResourceBundle$BundleReference
instanceKlass sun/util/locale/LocaleObjectCache$CacheEntry
instanceKlass java/lang/invoke/LambdaFormEditor$Transform
ciInstanceKlass java/lang/ref/SoftReference 1 1 47 10 7 12 1 1 1 9 7 12 1 1 1 9 12 1 10 12 1 10 12 1 1 1 1 1 1 1 1 1 1 1 1 1 1 1 1 1 1 1 1 100 1 1 1 1 1
instanceKlass ghidra/util/datastruct/ObjectCache$KeyedSoftReference
instanceKlass ghidra/program/database/DBObjectCache$KeyedSoftReference
instanceKlass ghidra/util/datastruct/WeakStore$Link
instanceKlass sun/nio/ch/FileLockTable$FileLockReference
instanceKlass java/util/logging/LogManager$LoggerWeakRef
instanceKlass java/util/logging/Level$KnownLevel
instanceKlass javax/crypto/JceSecurity$WeakIdentityWrapper
instanceKlass java/beans/WeakIdentityMap$Entry
instanceKlass java/lang/WeakPairMap$WeakRefPeer
instanceKlass java/lang/ClassValue$Entry
instanceKlass java/util/ResourceBundle$KeyElementReference
instanceKlass jdk/internal/util/WeakReferenceKey
instanceKlass java/lang/ThreadLocal$ThreadLocalMap$Entry
instanceKlass java/util/WeakHashMap$Entry
ciInstanceKlass java/lang/ref/WeakReference 1 1 31 10 7 12 1 1 1 10 12 1 100 1 1 1 1 1 1 1 1 1 1 1 1 1 1 1 1 1 1 1 1
instanceKlass java/lang/ref/Finalizer
ciInstanceKlass java/lang/ref/FinalReference 1 1 50 10 7 12 1 1 1 10 7 12 1 1 1 10 12 1 1 100 1 8 1 10 12 1 1 1 1 1 1 1 1 1 1 1 1 1 1 1 1 1 1 1 1 1 1 1 1 1 100 1
instanceKlass jdk/internal/ref/PhantomCleanable
instanceKlass jdk/internal/ref/Cleaner
ciInstanceKlass java/lang/ref/PhantomReference 1 1 39 10 100 12 1 1 1 10 7 12 1 1 1 1 1 1 1 1 1 1 1 1 1 1 1 1 1 1 1 1 1 1 1 1 1 1 1 1 1
ciInstanceKlass java/lang/ref/Finalizer 1 1 155 9 7 12 1 1 1 10 7 12 1 1 1 9 12 1 1 9 12 1 1 9 12 1 9 12 1 9 12 1 1 10 12 1 100 1 8 1 10 12 1 10 12 1 1 9 12 1 100 1 10 12 1 7 1 11 7 12 1 1 10 12 1 100 1 10 12 1 100 1 10 12 1 10 100 12 1 1 1 10 100 12 1 1 1 100 1 10 10 12 1 7 1 10 12 1 7 1 10 12 1 1 10 12 1 1 10 12 1 10 7 12 1 1 1 7 1 10 7 1 10 10 12 1 1 1 1 1 1 1 1 1 1 1 1 1 1 1 1 1 1 1 1 1 1 1 1 1 1 1 1 1 1 1 1
staticfield java/lang/ref/Finalizer lock Ljava/lang/Object; java/lang/Object
staticfield java/lang/ref/Finalizer ENABLED Z 1
staticfield java/lang/ref/Finalizer $assertionsDisabled Z 1
ciInstanceKlass java/lang/Runnable 1 0 11 100 1 100 1 1 1 1 1 1 1
instanceKlass ghidra/framework/store/FileSystemEventManager$FileSystemEventProcessingThread
instanceKlass sun/awt/image/ImageFetcher
instanceKlass java/util/logging/LogManager$Cleaner
instanceKlass java/util/TimerThread
instanceKlass ghidra/framework/store/db/PackedDatabase$1
instanceKlass org/apache/logging/log4j/core/util/Log4jThread
instanceKlass java/util/concurrent/ForkJoinWorkerThread
instanceKlass jdk/internal/misc/InnocuousThread
instanceKlass java/lang/ref/Finalizer$FinalizerThread
instanceKlass java/lang/ref/Reference$ReferenceHandler
instanceKlass java/lang/BaseVirtualThread
ciInstanceKlass java/lang/Thread 1 1 870 10 7 12 1 1 1 9 12 1 1 10 7 12 1 1 10 12 1 10 100 12 1 1 100 1 8 1 10 12 1 1 9 12 1 9 12 1 1 9 12 1 1 100 1 10 12 1 1 10 12 1 10 100 12 1 1 1 10 12 9 12 1 1 10 12 1 100 1 10 12 1 100 1 8 1 10 9 100 12 1 1 1 10 12 1 1 10 12 1 1 10 12 1 1 10 12 1 10 12 1 1 3 8 1 100 1 5 0 10 7 12 1 1 1 9 12 1 10 12 1 1 10 7 12 1 1 1 10 7 12 1 1 1 10 12 1 1 10 12 1 1 9 12 1 1 10 100 1 8 1 10 7 1 10 12 1 9 12 1 1 10 100 12 1 1 1 10 10 12 1 1 9 100 12 1 1 1 10 12 1 1 10 12 1 1 10 7 12 1 1 10 12 1 10 12 1 10 7 12 1 1 9 12 1 10 7 12 1 1 1 10 12 1 1 9 12 1 1 9 12 1 1 10 7 12 1 1 1 9 12 1 1 10 100 12 1 1 10 100 12 1 1 1 10 12 1 10 12 1 10 7 12 1 1 9 12 1 8 1 9 100 12 1 1 9 12 1 1 5 0 100 1 10 100 1 10 100 1 10 7 1 10 8 1 10 12 1 1 10 7 12 1 10 12 1 10 12 1 100 1 8 1 10 10 12 1 10 12 1 1 10 100 12 1 1 1 10 100 12 1 1 1 10 12 1 7 1 9 12 1 1 100 1 10 10 12 1 9 12 1 1 10 12 1 1 10 12 1 1 10 12 1 10 12 1 9 12 1 1 10 10 12 1 1 10 12 1 1 11 7 12 1 1 10 7 12 1 1 9 12 1 9 12 1 1 9 12 1 1 10 100 12 1 1 10 12 1 1 9 7 12 1 1 1 10 7 12 1 1 10 12 1 10 12 1 100 1 10 10 12 9 12 1 1 10 12 1 11 100 12 1 1 10 12 1 10 12 1 10 12 1 9 12 1 10 10 12 1 10 12 1 1 9 12 1 9 12 10 12 1 8 1 10 12 1 10 12 1 10 12 1 10 12 1 10 12 1 1 10 12 1 10 12 1 1 10 12 1 10 12 1 10 12 1 10 12 1 10 12 1 1 9 7 12 1 1 1 8 1 10 9 12 1 10 12 1 100 1 8 1 10 10 12 1 8 1 10 12 1 1 9 12 10 12 8 1 10 10 12 1 10 12 1 8 1 10 12 1 10 8 1 10 100 12 1 1 10 12 1 1 100 1 8 1 10 9 12 1 9 12 1 1 10 12 1 1 10 10 12 1 10 12 1 100 10 7 12 1 1 1 9 12 1 10 12 1 1 10 12 1 1 10 100 12 1 1 1 11 100 12 1 1 1 9 100 12 1 1 1 10 100 12 1 1 1 100 1 10 12 1 100 1 10 12 1 10 12 1 1 10 12 1 1 8 1 9 12 1 10 12 1 10 12 1 1 11 100 12 1 1 1 10 12 1 1 1 1 3 1 3 1 3 1 3 1 1 1 1 1 1 1 1 1 1 1 1 1 1 1 1 1 1 1 1 1 100 1 1 1 1 1 1 1 1 1 1 1 1 1 1 1 1 1 1 1 1 1 1 100 1 1 1 1 1 1 1 1 1 1 1 1 1 1 1 1 100 1 100 1 1 1 1 1 1 1 1 1 1 1 1 1 1 1 1 1 1 1 1 1 1 1 1 1 1 1 1 1 1 1 1 1 1 1 1 1 1 1 1 1 1 1 1 1 1 1 1 1 1 1 1 1 1 1 1 1 1 1 1 1 1 1 1 1 1 1 1 1 1 1 1 1 1 1 1 100 100 1 1 1 1 1 1 1 1 1 1 1 1 1 1 1 1 1 1 1 1 1 1 1 1 1 1 100 1 100 1 100 1 100 1 100 1 1 100 1 1 1 1 1 1 1 1 1 1 1 1 1 1 1
staticfield java/lang/Thread NEW_THREAD_BINDINGS Ljava/lang/Object; java/lang/Class
staticfield java/lang/Thread EMPTY_STACK_TRACE [Ljava/lang/StackTraceElement; 0 [Ljava/lang/StackTraceElement;
ciInstanceKlass java/lang/Thread$FieldHolder 1 1 48 10 7 12 1 1 1 9 7 12 1 1 1 9 12 1 1 9 12 1 1 9 12 1 1 9 12 1 1 1 1 1 1 1 1 1 1 100 1 100 1 1 1 1 100 1 1 1
ciInstanceKlass java/lang/Thread$Constants 0 0 59 100 1 10 100 12 1 1 1 100 1 10 10 100 12 1 1 1 100 1 8 1 10 12 1 9 100 12 1 1 1 100 1 100 1 10 12 1 10 12 1 9 12 1 1 1 1 1 1 1 1 1 1 1 1 1 1 1 1
ciInstanceKlass java/lang/Thread$UncaughtExceptionHandler 1 0 16 100 1 100 1 1 1 1 1 1 1 1 100 1 1 1
ciInstanceKlass java/lang/ThreadGroup 1 1 411 10 7 12 1 1 1 9 7 12 1 1 1 8 1 9 12 1 1 100 1 9 12 1 1 9 12 1 1 10 7 12 1 1 1 10 12 1 1 10 12 1 10 12 1 10 12 1 10 12 1 1 10 12 1 1 10 12 1 10 12 1 1 10 12 1 10 12 1 10 100 12 1 1 1 10 12 1 1 18 12 1 1 11 100 12 1 1 1 10 7 12 1 1 1 10 100 12 1 10 12 1 1 10 12 1 1 10 12 1 1 10 100 12 1 1 1 10 12 1 11 12 1 1 11 100 12 1 1 11 12 1 1 10 12 1 1 10 12 1 10 12 1 11 12 1 11 12 1 1 100 1 10 10 12 1 100 1 10 18 12 1 1 11 100 12 1 1 1 11 12 1 1 9 12 1 1 10 12 1 1 8 1 10 100 12 1 1 1 10 100 12 1 1 1 10 12 1 1 11 12 10 12 1 1 10 12 1 1 11 100 1 9 12 1 100 1 10 8 1 10 12 1 1 10 12 1 1 8 1 10 12 1 10 100 12 1 1 1 10 12 1 1 10 7 1 8 1 10 8 1 10 12 1 10 12 1 8 1 9 12 1 1 9 12 1 10 100 12 1 1 1 100 9 12 1 1 100 1 9 12 1 10 12 10 12 1 1 100 10 12 9 12 1 10 12 1 100 1 10 11 12 1 1 100 1 10 10 12 1 10 12 1 1 1 1 1 1 1 1 1 1 1 1 1 1 1 1 1 1 3 1 1 1 1 1 1 1 1 1 1 1 1 100 1 1 1 1 1 1 1 1 1 1 1 1 1 1 1 1 1 1 1 1 1 1 1 1 1 1 1 1 1 1 1 1 1 1 1 1 1 1 1 1 1 1 1 16 15 10 12 16 16 15 10 12 16 15 10 100 12 1 1 1 1 1 100 1 100 1 1
staticfield java/lang/ThreadGroup $assertionsDisabled Z 1
instanceKlass java/lang/ThreadBuilders$BoundVirtualThread
instanceKlass java/lang/VirtualThread
ciInstanceKlass java/lang/BaseVirtualThread 0 0 36 10 100 12 1 1 1 100 1 1 1 1 1 1 1 1 1 1 1 1 1 1 1 1 1 1 1 1 100 1 100 1 1 100 1 1
ciInstanceKlass java/lang/VirtualThread 0 0 907 9 100 12 1 1 1 10 100 12 1 1 1 10 100 12 1 1 1 10 100 12 1 1 1 9 12 1 1 9 12 1 1 100 1 10 12 1 9 12 1 1 18 12 1 1 9 12 1 1 10 12 1 1 100 1 10 12 1 10 12 1 1 10 12 1 1 10 12 1 1 10 12 1 10 100 12 1 10 12 1 10 12 1 10 12 1 10 12 1 11 100 12 1 1 1 100 1 10 12 1 1 10 100 12 1 1 1 10 100 12 1 1 1 10 12 1 100 1 10 10 12 1 10 12 1 1 9 12 1 1 10 12 1 1 9 12 1 1 10 12 1 9 12 1 1 9 12 1 100 1 10 10 12 1 10 100 12 1 1 10 9 10 10 12 1 1 10 12 1 1 10 100 12 1 1 10 100 1 10 9 10 10 12 1 100 1 10 12 1 1 10 12 1 10 12 1 10 12 1 1 9 12 1 10 12 1 10 12 1 9 12 1 1 10 12 1 10 12 1 9 12 1 1 10 12 1 10 12 1 10 12 1 11 100 12 1 1 10 12 1 1 10 12 1 1 10 12 1 1 9 12 1 10 100 1 10 12 1 1 10 12 1 1 10 12 1 10 12 1 10 12 1 10 12 9 12 1 1 10 100 12 1 1 10 12 1 10 12 1 1 10 100 12 1 1 10 12 1 100 1 8 1 10 12 1 10 12 1 1 10 12 1 10 12 1 10 100 12 1 1 10 12 1 10 12 1 1 10 12 1 10 12 1 1 10 100 12 1 1 10 12 1 1 10 12 1 1 100 1 10 10 12 1 100 1 9 12 1 1 10 100 12 1 1 10 9 12 1 1 18 9 100 12 1 1 1 11 100 12 1 1 1 11 100 1 11 12 10 12 1 10 12 1 1 10 12 1 100 1 10 10 12 1 10 12 1 1 10 12 1 1 10 12 1 10 12 1 10 12 1 9 12 1 1 11 100 12 1 1 10 12 9 100 12 1 1 1 9 12 1 10 12 1 1 9 12 1 9 12 1 9 12 1 100 1 10 10 12 1 1 10 12 1 10 12 100 1 100 1 10 8 1 10 12 1 1 10 12 1 10 12 1 10 10 12 1 8 1 10 10 12 1 10 12 1 10 100 12 1 1 8 1 8 1 10 9 100 12 1 1 1 10 12 1 1 10 12 1 10 10 10 12 9 12 1 10 12 1 1 9 12 1 10 12 1 1 9 12 1 10 12 1 1 18 12 1 1 18 12 1 10 100 12 1 1 1 8 1 10 100 12 1 1 1 10 100 12 1 1 1 18 12 1 10 100 12 1 1 1 100 1 10 12 1 8 1 10 12 1 8 1 10 12 1 1 8 1 8 1 10 100 12 1 1 8 1 10 12 1 8 1 8 1 10 100 12 1 1 1 10 12 1 10 12 1 1 10 12 1 18 12 1 1 18 12 1 1 5 0 9 12 1 10 12 1 18 12 1 100 1 10 12 10 100 12 1 1 10 12 1 1 100 1 8 1 10 10 12 1 10 12 1 1 10 12 1 9 12 1 8 10 12 1 1 8 8 9 12 1 8 10 12 1 1 3 1 3 1 3 1 3 1 3 1 3 1 3 1 3 1 3 1 3 1 3 1 3 3 1 3 1 1 1 1 1 1 1 1 1 1 1 1 1 1 100 1 1 1 1 1 1 1 1 1 1 1 1 1 1 100 1 1 1 1 1 1 1 1 1 1 1 100 1 1 1 1 1 1 1 1 1 1 1 1 1 1 1 1 1 1 1 1 1 1 1 1 1 1 1 1 1 1 1 1 1 1 1 1 1 1 1 100 1 1 1 1 1 1 1 1 1 1 1 1 1 1 1 1 1 1 1 1 1 1 1 1 1 1 1 1 1 1 1 1 1 1 1 100 1 1 1 1 1 1 1 1 1 1 1 1 1 1 100 1 1 16 15 10 12 15 16 15 10 12 16 15 10 12 16 16 15 10 12 16 15 10 12 16 15 10 12 16 15 10 12 16 1 15 10 100 12 1 1 1 1 1 1 1 100 1 1 100 1 100 1 1
ciInstanceKlass java/lang/ThreadBuilders$BoundVirtualThread 0 0 132 10 100 12 1 1 1 9 100 12 1 1 1 10 100 12 1 1 1 9 12 1 1 10 12 1 1 10 12 1 1 9 12 1 1 10 100 12 1 1 1 10 12 1 1 100 1 8 1 10 12 1 10 12 1 1 10 12 1 1 10 12 1 1 10 100 12 1 1 1 8 1 10 12 1 8 1 10 12 1 1 10 100 12 1 1 9 100 12 1 1 1 10 12 1 1 10 10 12 1 1 1 1 1 1 1 1 1 1 1 1 1 1 1 1 1 1 1 1 1 1 1 1 1 1 1 1 100 1 1 1 1
ciInstanceKlass java/util/Map 1 1 263 11 7 12 1 1 1 11 12 1 1 10 100 12 1 1 11 12 1 1 11 7 12 1 1 1 11 100 12 1 1 1 11 12 1 1 7 1 11 12 1 11 12 1 100 1 100 1 10 12 1 1 11 100 12 1 1 1 11 100 12 1 1 1 11 12 1 11 12 1 10 12 1 1 11 12 1 11 100 12 1 9 7 12 1 1 1 100 1 10 12 7 1 7 1 10 12 1 7 1 10 7 1 11 12 1 11 12 1 1 11 12 1 1 7 1 11 12 1 1 1 1 1 1 1 1 1 1 1 1 1 1 1 1 1 1 1 1 1 1 1 1 1 1 1 1 1 1 1 1 1 1 1 1 1 1 1 1 1 1 1 1 1 1 1 1 1 1 1 1 1 1 1 1 1 1 1 1 1 1 1 1 1 1 1 1 1 1 1 1 1 1 1 1 1 1 1 1 1 1 1 1 1 1 1 1 1 1 1 1 1 1 1 1 1 1 1 1 1 1 1 1 1 1 1 1 1 1 1 1 1 1 1 1 1 1 1 1 1 1 1 1 1 1 100 1 1 1 1 1 1 1 1 1 1 1 1 1 1 1 1 1 1
instanceKlass org/apache/felix/framework/util/MapToDictionary
instanceKlass org/osgi/framework/FrameworkUtil$MapAsDictionary
instanceKlass java/util/Hashtable
ciInstanceKlass java/util/Dictionary 1 1 36 10 7 12 1 1 1 100 1 1 1 1 1 1 1 1 1 1 1 1 1 1 1 1 1 1 1 1 1 1 1 1 1 1 1 1
instanceKlass java/util/Properties
ciInstanceKlass java/util/Hashtable 1 1 516 100 1 10 7 12 1 1 1 9 7 12 1 1 1 100 1 100 1 10 8 1 10 12 1 1 10 12 1 10 12 1 1 10 12 1 10 7 12 1 1 1 8 1 10 12 1 9 12 1 1 7 1 9 12 1 1 4 10 7 12 1 1 1 9 12 1 4 10 12 1 11 100 12 1 1 1 10 12 1 1 10 12 1 1 9 12 1 10 12 1 1 100 1 10 9 12 1 1 10 7 12 1 1 1 9 12 1 1 10 12 1 10 12 1 3 9 12 1 9 12 1 3 10 12 1 10 12 1 10 12 1 1 11 12 1 1 11 100 12 1 1 1 11 100 12 1 1 1 11 12 1 100 1 11 12 1 11 12 1 10 12 1 1 10 12 1 1 10 12 1 9 12 1 1 9 12 9 12 1 1 10 100 1 100 1 10 12 1 10 8 1 10 10 12 1 8 1 10 8 1 10 7 12 1 1 1 7 1 10 12 1 10 12 1 100 1 10 12 1 10 12 1 1 100 1 10 7 1 10 10 12 1 1 11 12 1 1 11 12 1 100 1 10 10 10 100 12 1 1 11 100 12 1 1 1 100 1 10 11 100 12 1 1 11 100 12 1 10 12 1 10 12 1 1 10 100 12 1 1 10 12 1 1 10 12 1 1 10 12 1 1 10 100 12 1 1 1 8 10 100 12 1 1 100 1 8 1 10 4 4 10 12 1 1 10 12 1 8 1 4 10 12 10 100 12 1 1 1 100 1 11 100 12 1 1 1 10 100 12 1 1 1 10 12 1 10 12 1 1 10 100 1 100 1 1 1 1 1 1 5 0 1 1 1 1 1 3 1 3 1 3 1 1 1 1 1 1 1 1 1 1 1 1 1 1 1 1 1 1 1 1 1 1 1 1 1 100 1 1 1 1 1 1 1 1 1 1 1 1 1 1 1 1 1 1 1 1 1 1 1 1 1 1 1 1 1 100 1 1 1 1 1 1 1 1 1 1 1 1 1 1 100 1 1 1 1 1 1 1 1 1 1 1 1 1 1 1 1 1 1 1 1 1 1 1 1 1 1 1 1 1 1 1 1 1 1 1 1 1 1 1 1 1 1 1 1 100 1 1 1 100 1 1 1 1 1 100 1 1 1 1 1 1 1 1 1 1 1 1 1 1 1 1 1 1
instanceKlass java/security/Provider
instanceKlass ghidra/framework/ApplicationProperties
ciInstanceKlass java/util/Properties 1 1 690 10 7 12 1 1 1 100 1 10 7 12 1 1 7 1 10 12 1 9 12 1 1 9 12 1 1 9 12 1 1 10 7 12 1 1 1 10 12 1 1 8 1 10 7 12 1 1 1 7 1 10 12 1 10 12 1 1 8 1 10 12 1 7 1 10 12 10 12 1 1 9 12 1 1 10 12 1 1 7 1 10 12 1 10 12 1 10 12 1 1 100 1 8 1 10 12 1 10 12 1 10 12 1 1 10 12 1 100 1 3 10 10 7 12 1 1 1 10 12 1 10 12 1 1 8 1 10 12 1 10 12 1 1 8 1 10 7 12 1 1 10 12 1 1 10 12 1 10 12 1 1 100 1 10 12 1 10 12 1 1 7 1 9 7 12 1 1 1 10 12 1 10 12 1 1 10 12 1 1 10 12 1 1 7 1 9 12 1 1 7 1 7 1 10 12 1 7 1 11 7 12 1 1 1 11 12 1 1 11 7 12 1 1 1 11 7 12 1 1 1 11 12 1 1 11 12 1 11 12 1 10 12 1 1 8 1 10 12 1 10 7 12 1 1 10 12 1 7 1 10 10 12 1 10 12 1 100 1 10 10 12 1 1 10 100 12 1 1 9 100 12 1 1 10 12 1 1 10 100 12 1 1 1 100 1 100 1 100 1 10 8 1 8 1 10 12 1 10 12 1 10 12 1 1 10 10 12 1 1 10 12 1 1 7 1 10 10 12 1 11 7 12 1 1 10 7 12 1 1 1 8 1 10 100 12 1 1 11 11 7 1 8 1 10 100 1 11 10 12 1 10 10 12 1 10 12 1 1 10 12 1 1 10 12 1 1 10 12 1 10 12 1 10 10 12 1 10 12 1 10 12 1 10 10 12 1 1 10 12 1 1 10 10 12 1 10 12 1 10 12 1 10 12 1 10 12 1 1 10 12 1 1 10 12 1 10 12 1 10 12 1 1 10 12 10 12 1 1 10 12 1 1 10 12 1 10 12 1 1 10 12 1 1 10 12 10 11 12 1 4 11 10 12 1 1 10 100 12 1 1 11 12 1 10 12 1 1 10 100 12 1 1 10 12 1 100 1 8 1 10 12 1 10 10 100 12 1 1 1 100 1 6 0 10 12 1 1 11 100 12 1 1 1 10 12 1 10 12 1 1 1 1 1 5 0 1 1 1 1 1 1 1 1 1 1 1 1 1 1 1 1 1 1 1 1 1 1 1 1 1 1 1 1 1 1 1 1 1 1 1 1 1 1 1 100 1 1 1 1 1 1 1 1 1 1 1 1 1 1 1 1 1 1 1 1 100 1 1 1 1 1 1 1 1 1 1 1 1 100 1 100 1 1 1 1 1 100 1 1 1 1 1 1 1 1 1 1 1 1 1 1 1 1 1 1 1 1 1 1 1 1 1 1 1 1 1 1 1 1 1 1 1 1 1 1 1 1 1 1 1 1 1 1 1 1 1 1 1 1 1 1 1 1 1 1 1 1 1 1 1 1 1 1 1 1 1 1 1 1 1 1 1 1 1 100 1 1 1 1 1 1 1 1 1 1 1 100 1 1
staticfield java/util/Properties UNSAFE Ljdk/internal/misc/Unsafe; jdk/internal/misc/Unsafe
ciInstanceKlass java/lang/Module 1 1 1070 10 7 12 1 1 1 9 7 12 1 1 1 10 7 12 1 1 1 9 12 1 9 12 1 1 9 12 1 1 10 12 1 1 10 12 1 10 12 1 1 10 7 12 1 1 1 7 1 10 7 12 1 1 1 10 12 1 1 11 7 12 1 1 1 10 12 1 1 10 7 12 1 1 1 10 12 1 1 10 7 12 1 1 1 9 100 12 1 1 1 10 100 12 1 1 1 10 12 1 8 1 10 7 12 1 1 1 10 7 12 1 1 1 10 7 12 1 1 1 10 12 1 10 12 1 9 12 1 1 10 100 12 1 1 100 1 100 1 10 8 1 10 12 1 1 10 12 1 10 12 10 12 1 10 7 12 1 1 8 1 8 1 10 8 1 8 1 9 12 1 1 8 1 10 100 12 1 1 1 10 12 1 9 12 1 1 11 12 1 9 7 12 1 1 10 7 12 1 1 1 10 7 12 1 1 1 10 12 1 1 8 1 10 12 1 1 10 12 1 10 12 1 1 9 7 12 1 1 1 10 12 1 1 10 12 1 1 9 12 1 10 12 1 10 12 1 9 12 1 1 11 7 12 1 1 10 12 1 1 9 12 1 9 12 1 10 12 1 10 12 1 100 1 8 1 10 10 12 1 1 10 12 1 8 1 10 12 1 1 8 1 8 1 10 12 1 1 10 12 1 10 12 1 1 18 12 1 1 10 12 1 1 11 12 1 9 12 1 11 12 10 100 12 1 1 100 1 8 1 10 11 12 1 1 10 7 12 1 1 1 10 12 1 10 12 1 1 11 12 1 1 11 7 12 1 1 11 12 1 1 9 12 1 11 12 1 10 12 1 1 10 12 1 1 9 12 1 10 12 10 7 12 1 1 10 7 1 18 12 1 1 11 100 12 1 1 1 18 12 1 11 12 1 1 10 100 12 1 1 1 11 12 1 1 10 7 12 1 1 7 1 11 12 1 7 1 7 1 10 12 1 10 7 12 1 1 1 10 11 7 12 1 8 1 10 10 12 1 1 10 7 12 1 1 10 12 1 10 12 1 7 1 10 12 1 10 11 12 1 1 10 12 10 12 1 1 9 12 1 1 100 1 10 10 12 1 1 11 100 1 10 12 1 1 11 12 1 10 10 12 1 11 10 12 1 1 10 12 1 1 10 12 1 1 10 7 12 1 1 10 12 1 10 12 1 1 10 10 12 1 1 10 12 1 18 12 1 11 12 1 18 12 1 10 12 1 10 12 1 10 12 7 1 10 12 1 10 12 1 10 12 1 9 12 1 7 1 10 10 10 10 12 1 10 12 1 10 12 1 10 12 1 1 10 12 1 1 10 12 1 9 12 1 18 12 1 1 10 100 12 1 1 1 100 1 8 1 10 12 1 1 10 12 1 1 10 100 12 1 1 100 1 10 12 1 1 100 1 8 1 10 12 1 1 100 1 11 12 1 1 10 100 12 1 1 1 18 12 1 1 11 100 12 1 1 1 100 1 10 12 1 10 12 1 1 100 1 100 1 10 12 8 1 10 12 1 1 10 12 1 1 10 7 12 1 1 10 12 1 1 10 12 1 10 12 10 12 1 1 100 1 10 10 12 1 1 10 100 12 1 1 1 100 1 10 12 1 1 10 100 12 1 1 8 1 18 12 1 1 100 1 100 1 9 12 1 1 9 12 1 9 12 1 11 100 12 1 1 1 100 1 11 12 1 1 100 1 10 12 1 8 1 10 12 1 10 12 10 12 1 8 1 10 10 100 12 1 1 7 1 10 10 12 1 10 7 12 1 1 9 12 1 9 12 1 9 12 1 9 12 1 10 12 11 12 1 10 12 1 100 1 1 1 1 1 1 1 1 1 1 1 1 1 1 1 1 1 1 1 100 1 1 1 1 1 1 1 1 1 1 1 1 1 1 1 1 1 1 1 1 1 1 1 1 1 1 1 1 1 1 1 1 1 1 1 1 1 1 1 1 1 1 1 1 1 1 1 1 1 1 1 1 1 1 1 1 1 1 1 1 1 1 1 1 1 1 1 1 1 1 1 1 1 1 1 1 1 1 1 1 1 1 1 1 1 1 1 1 1 1 1 1 1 1 1 100 100 1 1 1 1 1 1 1 1 1 1 1 1 1 1 1 1 1 1 1 1 1 1 1 1 1 1 1 100 1 7 1 1 1 1 1 1 1 1 1 1 1 1 1 1 1 1 1 1 1 1 100 1 1 1 1 1 1 1 1 1 1 1 1 1 1 1 1 1 1 1 1 1 1 1 16 15 10 12 16 16 15 10 12 16 16 15 10 16 1 15 10 12 16 1 15 10 12 16 1 16 15 10 12 16 16 1 15 10 12 16 15 10 7 12 1 1 1 15 10 100 12 1 1 1 1 1 1 1 1 1 1 1 100 1 100 1 1 100 1 100 1 1
staticfield java/lang/Module ALL_UNNAMED_MODULE Ljava/lang/Module; java/lang/Module
staticfield java/lang/Module ALL_UNNAMED_MODULE_SET Ljava/util/Set; java/util/ImmutableCollections$Set12
staticfield java/lang/Module EVERYONE_MODULE Ljava/lang/Module; java/lang/Module
staticfield java/lang/Module EVERYONE_SET Ljava/util/Set; java/util/ImmutableCollections$Set12
staticfield java/lang/Module $assertionsDisabled Z 1
instanceKlass java/lang/reflect/Executable
instanceKlass java/lang/reflect/Field
ciInstanceKlass java/lang/reflect/AccessibleObject 1 1 400 10 7 12 1 1 1 9 100 12 1 1 1 10 100 12 1 1 1 10 7 12 1 1 10 7 12 1 1 1 10 7 12 1 1 1 10 12 1 1 10 12 1 1 9 12 1 1 7 1 10 7 12 1 1 1 11 12 1 100 1 10 12 1 7 1 100 1 10 12 1 10 12 1 1 10 12 1 1 10 12 1 1 10 12 1 1 7 1 10 7 12 1 1 1 10 12 1 1 11 10 7 12 1 1 1 10 12 1 1 10 12 1 10 12 1 10 12 1 1 10 12 1 8 1 100 1 100 1 10 10 12 1 1 8 1 10 12 1 10 12 1 8 1 8 1 8 1 8 1 8 1 8 1 8 1 8 1 8 1 100 1 10 12 1 10 12 1 9 12 1 1 10 12 1 1 10 12 1 10 100 1 100 1 8 1 10 8 1 10 12 1 8 1 10 12 1 10 12 1 1 10 100 1 8 1 10 11 7 12 1 1 1 10 12 1 1 10 12 1 1 10 12 1 1 9 12 1 1 100 1 10 12 1 7 1 10 12 1 10 12 1 1 10 100 1 10 12 1 10 12 10 12 1 10 12 1 10 12 1 1 10 12 1 9 12 1 10 100 12 1 1 8 1 10 100 12 1 1 1 8 1 10 100 12 1 1 1 9 12 1 100 1 10 7 1 10 10 7 12 1 1 1 7 1 10 10 7 12 1 1 1 7 1 9 12 1 1 1 1 1 1 1 1 1 1 1 1 1 1 1 1 1 1 1 1 1 1 1 1 1 1 1 1 1 1 1 1 1 1 1 1 1 1 1 1 1 1 1 1 1 1 1 1 1 1 1 1 1 1 1 1 1 1 1 1 1 1 1 1 1 1 1 1 1 1 1 1 1 1 1 1 1 1 1 1 1 1 1 1
staticfield java/lang/reflect/AccessibleObject reflectionFactory Ljdk/internal/reflect/ReflectionFactory; jdk/internal/reflect/ReflectionFactory
ciInstanceKlass java/lang/reflect/Member 1 1 37 100 1 10 12 1 1 100 1 100 1 1 1 1 3 1 3 1 1 1 1 1 1 1 1 1 1 1 1 1 1 1 1 1 1 1 1
ciInstanceKlass java/lang/reflect/Field 1 1 457 9 7 12 1 1 1 10 12 1 1 10 7 12 1 1 1 10 7 12 1 1 9 12 1 1 10 12 1 1 10 12 1 1 10 7 12 1 1 10 7 12 1 1 1 9 12 1 1 9 12 1 9 12 1 9 12 1 1 9 12 1 1 9 12 1 9 12 1 1 9 12 1 1 100 1 8 1 10 12 1 10 12 1 9 12 1 1 9 12 1 10 12 1 10 7 12 1 1 10 12 1 1 10 12 1 1 10 12 1 10 12 1 1 9 100 12 1 1 1 10 100 12 1 1 1 7 1 10 12 1 1 10 12 1 1 10 12 1 1 10 12 1 10 12 1 10 7 1 10 100 12 1 1 100 1 10 8 1 10 12 1 1 10 12 1 1 8 1 10 12 10 12 1 8 1 8 1 10 11 100 1 9 12 1 10 12 1 1 10 12 1 1 11 7 12 1 1 1 10 12 1 11 12 1 1 11 12 1 1 11 12 1 1 11 12 1 1 11 12 1 1 11 12 1 1 11 12 1 1 11 12 1 1 11 12 1 1 11 12 1 1 11 12 1 1 11 12 1 1 11 12 1 1 11 12 1 1 11 12 1 1 11 12 1 1 11 12 1 1 10 12 1 10 100 12 1 1 10 12 1 10 12 1 10 12 1 9 12 1 1 10 7 12 1 1 1 10 12 1 1 10 12 1 10 7 12 1 1 10 12 1 1 11 7 1 10 12 1 100 1 10 100 12 1 1 1 10 7 12 1 1 1 9 12 1 10 7 12 1 1 1 11 7 12 1 1 1 10 12 1 1 10 12 1 1 9 100 12 1 1 10 100 12 1 1 1 10 12 1 1 100 1 1 1 1 1 1 1 1 1 1 1 1 1 1 1 1 1 1 1 1 1 1 1 1 1 1 1 1 1 1 1 1 1 1 1 1 1 1 1 100 1 1 1 1 1 1 1 1 1 1 1 1 1 1 1 1 1 1 1 1 1 1 1 1 1 1 1 1 1 1 1 1 100 1 1 1 1 1 1 1 1 1 100 1 1
ciInstanceKlass java/lang/reflect/Parameter 0 0 243 10 100 12 1 1 1 9 100 12 1 1 1 9 12 1 1 9 12 1 1 9 12 1 10 12 1 1 10 12 1 1 10 100 12 1 1 1 100 1 10 10 12 1 1 11 100 12 1 1 1 10 12 1 10 100 12 1 1 1 10 12 1 1 10 12 1 10 12 1 8 1 8 1 10 100 12 1 1 1 10 12 1 10 12 9 100 12 1 1 1 10 100 12 1 1 1 10 12 1 8 1 10 12 1 9 12 1 1 10 12 1 1 9 12 1 1 10 12 1 1 10 12 1 1 10 12 1 1 10 12 1 10 10 12 1 10 100 12 1 1 1 10 12 1 1 11 100 12 1 1 10 100 12 1 1 100 1 10 100 12 1 1 1 10 12 1 1 10 12 1 1 10 12 1 1 10 12 1 1 9 12 1 100 1 10 11 12 1 1 11 12 1 1 100 1 1 1 1 1 1 1 1 1 1 1 1 1 1 1 1 1 1 1 1 1 1 1 1 1 1 1 1 1 1 1 1 1 1 1 1 1 1 1 1 1 100 1 1 1 1 1 1
instanceKlass java/lang/reflect/Constructor
instanceKlass java/lang/reflect/Method
ciInstanceKlass java/lang/reflect/Executable 1 1 581 10 7 12 1 1 1 10 7 12 1 1 1 10 7 12 1 1 1 11 7 12 1 1 1 10 7 12 1 1 1 10 12 1 1 10 7 12 1 1 1 10 100 12 1 1 1 10 12 1 8 1 10 10 12 1 1 10 12 1 1 10 100 12 1 1 1 18 12 1 1 11 100 12 1 1 1 8 1 8 1 8 1 10 100 12 1 1 1 11 12 1 1 100 1 8 1 8 1 10 12 1 100 1 8 1 10 12 1 8 1 11 100 12 1 1 1 100 1 11 100 12 1 1 1 11 12 1 8 1 18 8 1 10 12 1 10 12 1 1 18 8 1 10 12 1 100 1 10 12 1 10 12 1 11 12 1 10 12 1 1 8 1 8 1 10 12 1 1 10 12 1 1 10 10 12 1 9 100 12 1 1 1 10 100 12 1 1 1 10 12 1 10 12 1 1 10 100 12 1 1 10 12 1 10 12 1 10 12 1 10 7 12 1 1 100 1 10 100 12 1 1 1 10 12 1 1 10 100 12 1 1 10 12 1 10 12 1 1 9 100 12 1 1 1 10 100 10 12 1 8 1 10 12 1 10 12 1 3 100 1 8 1 10 12 1 10 12 1 10 10 12 1 10 12 1 1 8 1 8 1 8 1 9 12 1 1 9 12 1 10 12 1 100 1 8 1 10 12 1 10 12 1 10 12 1 1 10 12 1 1 10 12 1 10 12 10 12 1 100 1 10 12 1 10 12 1 1 100 1 10 100 12 1 1 1 7 1 10 7 12 1 1 1 10 12 1 1 11 7 12 1 1 10 12 1 10 100 12 1 1 1 10 12 1 1 9 12 1 10 12 1 1 10 12 1 10 12 1 1 9 100 12 1 1 1 10 100 12 1 1 1 10 12 1 10 12 1 1 9 12 1 10 10 10 10 100 12 1 1 1 10 12 1 9 12 1 10 12 1 1 9 12 1 100 1 100 1 1 1 1 1 1 1 1 1 1 1 1 1 1 1 1 1 1 1 1 1 1 1 1 1 1 1 1 1 1 1 1 1 1 1 1 100 1 1 1 1 1 1 1 1 1 1 1 1 1 1 1 1 1 1 1 100 1 1 1 1 1 1 1 1 1 1 1 1 1 1 1 1 1 1 1 1 1 1 1 1 1 1 1 1 1 1 1 1 1 1 1 1 1 1 1 1 1 1 1 100 1 1 1 1 1 1 1 1 1 1 1 1 1 1 1 1 1 1 1 1 1 1 100 1 1 16 15 16 1 16 1 15 10 12 16 15 10 100 12 1 1 1 1 1 1 100 1 1 100 1 100 1 1
ciInstanceKlass java/lang/reflect/Method 1 1 472 9 7 12 1 1 1 10 100 12 1 1 1 10 100 12 1 1 9 12 1 1 10 12 1 1 10 12 1 1 10 100 12 1 1 10 7 12 1 1 1 9 12 1 1 9 12 1 9 12 1 1 9 12 1 9 12 1 9 12 1 1 9 12 1 9 12 1 1 9 12 1 9 12 1 9 12 1 1 100 1 8 1 10 12 1 10 12 1 9 12 1 1 8 1 10 7 12 1 1 10 7 12 1 1 1 10 12 1 1 10 12 1 1 10 12 1 10 12 1 1 10 12 1 1 9 100 12 1 1 1 10 12 1 1 10 12 10 7 12 1 1 10 12 1 1 10 12 1 10 12 1 10 12 1 10 7 12 1 1 1 10 12 1 1 10 7 1 10 100 12 1 1 1 10 7 12 1 1 10 12 1 1 10 12 1 1 10 12 1 10 7 12 1 1 1 10 12 1 10 8 1 10 12 1 10 12 1 7 1 8 1 8 1 8 1 10 12 1 10 12 1 1 10 12 1 1 10 10 12 1 1 10 12 1 11 100 1 10 12 1 9 12 1 1 10 12 1 1 10 12 1 10 12 1 1 10 12 1 1 11 7 12 1 1 1 11 12 1 9 12 1 1 10 12 1 10 12 1 10 12 1 10 12 1 10 12 1 10 12 1 9 12 1 1 10 7 12 1 1 1 10 7 12 1 1 10 12 1 1 10 7 12 1 1 1 10 7 12 1 1 1 10 7 12 1 1 1 11 7 12 1 1 1 10 7 12 1 1 1 7 1 100 1 100 1 10 12 1 10 12 1 1 10 12 1 100 1 8 1 10 12 1 10 10 12 1 1 10 12 1 1 10 12 1 1 10 12 1 1 8 1 10 12 1 1 1 1 1 1 1 1 1 1 1 1 1 1 1 1 1 1 1 1 1 1 1 1 1 1 1 1 1 1 1 1 1 1 1 1 1 1 1 1 1 1 1 1 1 1 1 1 1 1 1 1 1 100 1 100 1 100 1 1 1 1 1 1 1 1 1 1 1 1 1 1 1 1 1 1 1 1 1 1 1 1 1 1 1 1 1 1
ciInstanceKlass java/lang/reflect/Constructor 1 1 439 10 100 12 1 1 1 10 100 12 1 1 9 7 12 1 1 1 10 12 1 1 10 12 1 1 10 100 12 1 1 9 12 1 1 10 7 12 1 1 1 9 12 1 1 9 12 1 1 9 12 1 9 12 1 1 9 12 1 9 12 1 1 9 12 1 1 9 12 1 100 1 8 1 10 12 1 10 12 1 9 12 1 1 10 7 12 1 1 10 7 12 1 1 1 10 12 1 1 10 12 1 1 10 12 1 7 1 100 1 8 1 10 10 12 1 10 12 1 10 12 1 1 10 12 1 1 9 100 12 1 1 1 10 7 12 1 1 10 12 1 1 10 12 1 10 12 1 1 10 100 12 1 1 1 10 100 12 1 1 10 12 1 1 10 12 1 10 100 12 1 1 1 8 1 10 10 12 1 100 1 8 1 10 12 1 10 12 1 1 10 12 1 1 10 12 1 10 12 1 10 12 1 1 10 12 1 1 9 12 1 1 10 12 1 1 10 12 1 1 10 12 1 1 11 7 12 1 1 1 10 12 1 1 10 12 1 10 12 1 10 12 1 8 1 9 12 1 1 10 7 12 1 1 1 10 7 12 1 1 10 12 1 1 10 12 1 1 10 12 1 1 10 12 1 1 10 12 1 9 100 12 1 1 10 12 1 10 12 1 10 12 1 100 1 8 1 10 10 12 1 1 10 12 1 10 10 12 1 1 10 12 1 1 10 100 12 1 1 1 11 100 12 1 1 1 10 12 1 1 9 100 12 1 1 1 10 100 12 1 1 1 10 12 1 1 1 1 1 1 1 1 1 1 1 1 1 1 1 1 1 1 1 1 1 1 1 1 1 1 1 1 1 1 1 1 1 1 1 1 1 1 1 1 1 1 1 1 1 1 1 1 1 1 1 1 100 1 100 1 100 1 100 1 1 1 1 1 1 1 1 1 1 1 1 1 1 1 1 1 1 1 1 1 1 1 1 1 1 1 1 1 1 1 1 1 100 1 1
ciInstanceKlass jdk/internal/vm/ContinuationScope 0 0 50 10 100 12 1 1 1 10 100 12 1 1 1 100 1 9 100 12 1 1 1 10 12 1 1 10 100 12 1 1 1 10 12 1 1 10 12 1 1 1 1 1 1 1 1 1 1 1 1 1
ciInstanceKlass jdk/internal/vm/Continuation 0 0 549 9 100 12 1 1 1 9 12 1 9 12 1 100 1 100 1 10 12 1 1 8 1 10 12 1 1 10 12 1 10 12 1 1 10 12 1 9 100 12 1 1 1 11 100 12 1 1 1 10 100 1 9 12 1 1 9 12 1 1 10 8 1 10 12 1 9 12 1 1 10 11 12 1 1 100 1 10 100 12 1 1 1 10 12 1 1 10 12 1 10 12 1 1 11 12 1 1 9 12 1 1 10 12 1 1 18 12 1 1 10 100 12 1 1 1 100 1 10 12 1 11 100 12 1 1 1 10 12 1 9 12 1 10 12 1 1 100 1 8 1 10 12 1 10 12 1 1 9 12 1 1 11 12 1 1 9 12 1 1 8 1 10 11 12 1 1 11 12 1 1 10 12 1 1 10 12 1 1 9 12 1 10 12 1 10 10 12 1 8 1 10 12 1 8 1 8 1 10 100 12 1 1 1 10 100 12 1 1 1 10 12 1 9 12 1 11 12 1 100 1 10 12 1 10 12 1 1 9 12 1 1 100 1 10 12 1 1 9 12 1 1 10 12 1 10 12 1 11 100 12 1 1 10 100 1 10 12 1 8 1 9 12 1 10 12 1 1 9 12 1 1 10 100 12 1 1 8 1 8 1 8 1 8 1 10 12 1 1 10 12 1 10 12 1 10 12 1 10 12 1 1 10 12 1 1 8 1 10 12 1 1 9 12 1 1 10 12 1 1 9 12 1 8 1 10 100 12 1 1 1 10 12 1 8 1 100 1 8 1 10 9 12 1 1 8 1 10 100 12 1 1 10 100 12 1 1 8 1 8 1 10 12 10 100 12 1 1 1 10 100 1 10 100 12 1 1 1 18 11 100 12 1 1 1 18 12 1 11 12 1 1 100 1 10 100 12 1 1 10 12 1 1 8 10 12 1 1 10 100 12 1 1 1 10 100 12 1 1 10 12 1 8 1 10 12 1 100 1 100 1 10 12 1 1 1 1 1 1 1 1 1 1 1 1 1 1 1 1 1 1 1 1 1 1 1 1 1 1 1 1 1 1 1 1 1 1 1 1 1 1 1 1 1 1 1 1 1 1 1 1 1 1 1 1 1 1 1 1 1 1 1 1 1 1 1 1 1 1 1 1 1 1 1 1 1 1 1 100 1 1 16 1 15 10 12 16 15 11 100 12 1 1 1 16 1 16 1 15 10 12 16 15 10 100 12 1 1 1 1 1 1 1 1 100 1 100 1 1
ciInstanceKlass jdk/internal/vm/StackChunk 0 0 32 10 100 12 1 1 1 9 100 12 1 1 1 9 12 1 1 9 12 1 1 1 1 1 1 1 1 1 1 1 1 1
instanceKlass jdk/internal/reflect/FieldAccessorImpl
instanceKlass jdk/internal/reflect/ConstructorAccessorImpl
instanceKlass jdk/internal/reflect/MethodAccessorImpl
ciInstanceKlass jdk/internal/reflect/MagicAccessorImpl 1 1 16 10 7 12 1 1 1 100 1 1 1 1 1 1 1 1
ciInstanceKlass jdk/internal/reflect/MethodAccessor 1 0 17 100 1 100 1 1 1 1 100 1 100 1 1 1 1 1 1
instanceKlass jdk/internal/reflect/DirectMethodHandleAccessor
ciInstanceKlass jdk/internal/reflect/MethodAccessorImpl 1 1 38 10 7 12 1 1 1 10 100 12 1 1 1 100 1 1 1 1 1 1 1 100 1 100 1 1 1 1 1 1 1 1 1 1 1 1 1 1
ciInstanceKlass jdk/internal/reflect/ConstructorAccessor 1 0 16 100 1 100 1 1 1 1 100 1 100 1 100 1 1 1
instanceKlass jdk/internal/reflect/DirectConstructorHandleAccessor$NativeAccessor
instanceKlass jdk/internal/reflect/DirectConstructorHandleAccessor
instanceKlass jdk/internal/reflect/NativeConstructorAccessorImpl
ciInstanceKlass jdk/internal/reflect/ConstructorAccessorImpl 1 1 27 10 7 12 1 1 1 100 1 100 1 1 1 1 1 1 1 1 1 100 1 100 1 100 1 1 1
ciInstanceKlass jdk/internal/reflect/DelegatingClassLoader 0 0 18 10 100 12 1 1 1 100 1 1 1 1 1 1 1 1 1 1
ciInstanceKlass jdk/internal/reflect/ConstantPool 1 1 142 10 100 12 1 1 1 9 7 12 1 1 1 10 12 1 1 10 12 1 1 10 12 1 10 12 1 1 10 12 1 1 10 12 1 10 12 1 1 10 12 1 10 12 1 1 10 12 1 10 12 1 10 12 1 10 12 1 1 10 12 1 1 10 12 1 1 10 12 1 1 10 12 1 10 12 1 1 10 100 12 1 1 1 8 11 7 12 1 1 1 10 7 12 1 1 1 1 1 1 1 1 1 1 1 1 1 1 1 1 1 1 1 1 1 1 1 1 1 1 1 1 1 1 1 1 1 1 1 1 1 1 1 1 1 1 1 1 1 1 1 1
ciInstanceKlass jdk/internal/reflect/FieldAccessor 1 0 48 100 1 100 1 1 1 1 100 1 1 1 1 1 1 1 1 1 1 1 1 1 1 1 1 1 1 1 100 1 1 1 1 1 1 1 1 1 1 1 1 1 1 1 1 1 1 1
instanceKlass jdk/internal/reflect/MethodHandleFieldAccessorImpl
instanceKlass jdk/internal/reflect/UnsafeFieldAccessorImpl
ciInstanceKlass jdk/internal/reflect/FieldAccessorImpl 1 1 269 10 7 12 1 1 1 9 7 12 1 1 1 10 7 12 1 1 1 10 100 12 1 1 10 7 12 1 1 1 10 12 1 1 7 1 10 10 12 1 1 10 12 1 1 8 1 10 10 12 1 100 1 8 1 10 12 1 8 1 10 12 1 8 1 10 12 1 7 1 10 12 1 1 10 8 1 10 12 1 1 8 1 10 100 12 1 1 8 1 10 100 12 1 1 8 1 10 100 12 1 1 8 1 10 100 12 1 1 8 1 10 100 12 1 1 8 1 10 100 12 1 1 8 1 10 100 12 1 1 8 1 10 100 12 1 1 10 12 1 1 8 1 10 12 1 1 10 7 12 1 1 1 8 1 10 12 1 8 1 8 1 8 1 8 1 10 7 12 1 1 1 8 1 8 1 8 1 10 12 100 1 1 1 1 1 1 1 1 1 1 1 1 1 1 1 1 1 1 1 1 1 1 1 1 1 1 1 1 1 1 1 1 1 1 1 1 1 1 1 1 1 1 1 1 1 1 1 1 1 1 1 1 1 1 1 1 1 1 1 1 1 1 1 1 1 1 1 1 1 1 1 1 1 1 1 1 1 1 1 1 1 1 1 1 1 1 1 1
instanceKlass jdk/internal/reflect/UnsafeStaticFieldAccessorImpl
ciInstanceKlass jdk/internal/reflect/UnsafeFieldAccessorImpl 0 0 62 10 100 12 1 1 1 10 100 12 1 1 1 10 100 12 1 1 1 9 100 12 1 1 10 12 1 9 12 1 1 10 100 12 1 1 1 9 12 1 1 10 12 1 10 12 1 1 1 1 1 1 1 1 1 1 1 1 1 1 1 1
ciInstanceKlass jdk/internal/reflect/UnsafeStaticFieldAccessorImpl 0 0 47 10 100 12 1 1 1 9 100 12 1 1 1 10 100 12 1 1 1 9 12 1 1 8 11 100 12 1 1 1 10 100 12 1 1 1 1 1 1 1 1 1 1 1 1 1 1
ciInstanceKlass java/lang/annotation/Annotation 1 0 17 100 1 100 1 1 1 1 1 1 1 1 1 1 1 1 1
ciInstanceKlass jdk/internal/reflect/CallerSensitive 1 0 17 100 1 100 1 100 1 1 1 1 1 1 1 1 1 1 1
ciInstanceKlass jdk/internal/reflect/NativeConstructorAccessorImpl 0 0 125 10 100 12 1 1 1 9 100 12 1 1 1 100 1 10 12 1 9 12 1 1 9 12 1 1 10 100 12 1 1 1 10 100 12 1 1 1 10 100 12 1 1 1 9 12 1 9 12 1 1 9 12 1 1 10 100 12 1 1 1 100 1 10 10 12 1 1 10 12 1 10 12 1 1 10 12 1 100 1 10 12 1 1 10 12 1 1 8 10 12 1 1 1 1 1 1 1 1 1 1 1 1 1 1 1 1 1 1 1 1 1 1 100 1 100 1 100 1 1 1 1 1 1 1
instanceKlass java/lang/invoke/DelegatingMethodHandle
instanceKlass java/lang/invoke/BoundMethodHandle
instanceKlass java/lang/invoke/DirectMethodHandle
ciInstanceKlass java/lang/invoke/MethodHandle 1 1 733 100 1 9 7 12 1 1 1 10 7 12 1 1 1 10 7 12 1 1 1 7 1 7 1 10 12 1 1 9 12 1 1 10 12 1 10 12 1 1 10 12 1 1 10 100 12 1 1 1 10 12 1 1 10 12 1 1 11 100 12 1 1 1 10 12 1 1 10 12 1 10 12 1 10 12 1 1 9 12 1 1 9 12 1 1 10 7 12 1 1 1 10 12 1 1 10 12 1 10 12 1 100 1 100 1 10 8 1 10 12 1 1 10 12 1 8 1 10 12 1 1 10 12 1 10 7 12 1 1 1 10 12 1 1 10 12 1 1 10 12 1 1 10 7 12 1 1 1 10 12 1 1 10 12 1 1 10 12 1 10 12 1 1 10 100 12 1 1 10 7 12 1 1 10 12 1 10 12 1 10 12 1 1 10 12 1 1 10 12 1 1 10 12 1 1 10 7 12 1 1 1 10 7 12 1 1 1 10 12 1 1 10 12 1 1 10 12 1 1 8 1 10 7 12 1 1 1 8 1 10 12 1 10 12 1 1 10 12 1 1 10 12 1 8 1 10 12 1 1 8 1 10 12 1 8 1 10 100 12 1 1 1 9 12 1 1 100 1 10 9 100 12 1 1 1 9 100 1 8 1 10 12 1 1 10 12 1 10 12 1 1 10 12 1 10 12 1 1 10 12 1 10 12 1 1 10 12 1 10 12 1 1 10 12 1 1 8 1 10 12 1 1 8 1 10 12 1 10 12 1 1 10 12 1 10 12 1 10 12 1 1 9 100 12 1 1 1 10 12 1 1 11 12 1 10 12 1 10 12 1 1 10 100 12 1 1 100 1 11 12 1 10 100 1 11 12 1 100 1 10 12 1 11 12 1 9 100 12 1 1 1 11 12 1 1 11 100 12 1 1 1 10 12 1 1 9 12 1 11 12 1 9 12 1 9 12 1 9 12 1 11 12 1 1 9 12 1 9 12 1 9 12 1 9 12 1 9 12 1 9 12 1 9 12 1 8 1 10 12 1 10 12 1 8 1 10 12 1 10 12 1 10 12 1 1 10 10 10 7 12 1 1 10 12 1 1 100 1 100 1 8 1 8 1 10 10 12 1 1 10 12 1 10 12 1 100 1 10 100 12 1 1 1 10 9 7 12 1 1 1 10 12 1 1 10 12 1 1 8 1 8 1 10 100 12 1 1 9 12 1 9 12 1 1 9 12 1 1 10 12 1 7 1 10 12 1 10 12 1 1 9 12 1 1 9 12 1 1 10 7 12 1 1 1 11 7 12 1 1 9 12 1 10 12 1 1 9 12 1 10 12 1 8 10 12 1 1 8 1 1 1 1 1 1 1 1 100 1 1 1 1 1 1 1 1 1 1 1 1 1 1 1 1 1 1 1 1 1 1 1 1 1 1 1 1 1 1 100 1 1 1 1 1 1 1 1 1 1 1 1 1 1 1 1 1 1 1 1 1 1 1 1 1 1 1 1 1 1 1 1 1 1 1 1 1 1 1 1 1 1 1 1 1 1 1 1 1 1 1 1 1 1 1 1 1 1 1 1 1 1 1 1 1 1 1 1 1 1 1 1 1 1 1 1 1 1 1 1 1 1 1 1 1 1 100 1 1 100 1 100 1 100 1 1 100 1 1 100 1 1 1 1
staticfield java/lang/invoke/MethodHandle FORM_OFFSET J 20
staticfield java/lang/invoke/MethodHandle UPDATE_OFFSET J 13
staticfield java/lang/invoke/MethodHandle $assertionsDisabled Z 1
instanceKlass java/lang/invoke/DirectMethodHandle$StaticAccessor
instanceKlass java/lang/invoke/DirectMethodHandle$Special
instanceKlass java/lang/invoke/DirectMethodHandle$Interface
instanceKlass java/lang/invoke/DirectMethodHandle$Accessor
instanceKlass java/lang/invoke/DirectMethodHandle$Constructor
ciInstanceKlass java/lang/invoke/DirectMethodHandle 1 1 923 7 1 7 1 100 1 7 1 7 1 10 7 12 1 1 1 10 7 12 1 1 1 100 1 10 12 1 10 12 1 1 10 7 12 1 1 10 12 1 1 10 12 1 10 12 1 7 1 10 12 1 1 10 12 1 1 10 12 1 10 12 1 1 10 7 12 1 1 1 10 12 1 9 12 1 1 100 1 10 9 12 1 1 9 12 1 10 12 1 10 12 1 10 12 1 1 10 12 1 10 12 1 10 12 1 10 7 12 1 1 1 10 12 1 10 12 1 1 8 1 10 12 1 1 7 1 10 12 1 7 1 10 10 12 1 10 12 1 10 12 1 10 7 12 1 1 1 10 12 1 1 7 1 10 12 1 10 12 1 7 1 10 12 1 10 12 1 1 10 12 1 1 10 12 1 8 10 100 12 1 1 1 10 12 1 10 12 1 10 12 1 1 10 12 1 9 7 12 1 1 1 7 1 10 12 1 10 7 12 1 1 1 10 12 1 10 12 1 1 9 12 1 1 100 1 10 8 1 10 12 1 1 10 12 1 1 8 1 10 12 1 10 12 1 10 10 12 1 10 12 1 10 12 1 10 12 1 10 12 1 1 10 12 1 10 12 1 1 10 12 1 10 12 1 1 10 10 7 12 1 1 1 10 12 1 10 12 1 1 10 12 1 10 12 1 1 8 1 9 7 12 1 1 1 8 1 9 12 1 9 12 1 8 1 9 12 1 9 12 1 8 1 9 12 1 9 12 1 8 1 10 12 1 10 12 1 1 9 12 1 1 7 1 10 12 1 1 100 1 10 7 12 1 1 1 10 12 1 1 10 12 1 10 12 1 1 7 1 10 12 1 1 10 12 1 10 12 1 1 7 1 10 12 1 1 10 12 1 10 7 12 1 1 1 10 12 1 10 12 1 1 10 12 1 9 12 1 1 10 7 1 9 12 9 12 1 10 7 12 1 1 1 10 12 1 7 1 7 1 7 1 9 12 1 1 10 7 12 1 1 1 10 12 10 12 1 7 1 10 12 1 10 12 1 1 8 1 9 12 1 9 12 1 10 12 1 1 9 12 1 1 10 7 12 1 1 1 9 12 1 1 9 12 1 1 10 12 1 10 12 1 10 12 1 10 12 1 1 10 12 1 9 12 1 10 12 1 10 12 1 10 12 1 10 12 1 1 10 12 1 1 9 12 1 1 10 12 1 1 9 7 12 1 1 1 9 12 1 9 12 1 9 12 1 9 12 1 9 12 1 9 12 1 9 12 1 9 12 1 9 12 1 9 12 1 9 12 1 9 12 1 9 12 1 9 12 1 9 12 1 9 12 1 9 12 1 9 12 1 9 12 1 9 12 1 9 12 1 9 12 1 9 12 1 9 12 1 9 12 1 9 12 1 9 12 1 9 12 1 9 12 1 9 12 1 9 12 1 9 12 1 9 12 1 9 12 1 9 12 1 9 12 1 8 1 9 12 1 1 9 12 1 1 10 12 1 10 12 1 1 9 7 1 10 12 1 9 12 1 1 10 12 10 12 1 10 12 1 10 12 1 10 12 1 10 8 1 8 1 8 1 8 1 10 12 1 1 9 12 1 1 10 12 1 10 100 12 1 1 1 8 9 12 1 1 10 12 1 1 8 1 8 8 9 12 1 8 1 8 8 8 8 8 1 8 10 12 1 7 1 10 12 1 8 1 8 1 10 12 1 10 12 1 10 12 1 10 12 1 1 7 1 1 1 1 3 1 3 1 3 1 3 1 3 1 3 1 3 1 3 1 3 1 3 1 1 1 1 1 1 1 1 1 1 3 1 3 1 1 1 1 3 1 1 1 1 1 1 1 1 1 1 1 1 1 1 1 1 1 1 1 1 1 1 1 1 1 1 1 1 1 1 1 1 1 1 1 1 1 1 1 1 1 1 1 1 1 1 1 1 1 1 1 1 1 1 1 1 1 100 1 1 1 1 1 1 1 1 1 100 1 1 1 1 1 1 1 1 1 1 1 1 1 1 1 1 1 1 1 1 1 1 1 1 1 1 1 1 1 1 1 1 1 1 1 1 1 1 1 1 1 1 1 1 1 1 1 1 1 1 1 1
staticfield java/lang/invoke/DirectMethodHandle IMPL_NAMES Ljava/lang/invoke/MemberName$Factory; java/lang/invoke/MemberName$Factory
staticfield java/lang/invoke/DirectMethodHandle FT_UNCHECKED_REF I 8
staticfield java/lang/invoke/DirectMethodHandle ACCESSOR_FORMS [Ljava/lang/invoke/LambdaForm; 132 [Ljava/lang/invoke/LambdaForm;
staticfield java/lang/invoke/DirectMethodHandle ALL_WRAPPERS [Lsun/invoke/util/Wrapper; 10 [Lsun/invoke/util/Wrapper;
staticfield java/lang/invoke/DirectMethodHandle NFS [Ljava/lang/invoke/LambdaForm$NamedFunction; 12 [Ljava/lang/invoke/LambdaForm$NamedFunction;
staticfield java/lang/invoke/DirectMethodHandle OBJ_OBJ_TYPE Ljava/lang/invoke/MethodType; java/lang/invoke/MethodType
staticfield java/lang/invoke/DirectMethodHandle LONG_OBJ_TYPE Ljava/lang/invoke/MethodType; java/lang/invoke/MethodType
staticfield java/lang/invoke/DirectMethodHandle $assertionsDisabled Z 1
instanceKlass java/lang/invoke/VarHandleReferences$FieldStaticReadOnly
instanceKlass java/lang/invoke/VarHandleLongs$FieldInstanceReadOnly
instanceKlass java/lang/invoke/VarHandleByteArrayAsDoubles$ByteArrayViewVarHandle
instanceKlass java/lang/invoke/VarHandleByteArrayAsLongs$ByteArrayViewVarHandle
instanceKlass java/lang/invoke/VarHandleByteArrayAsFloats$ByteArrayViewVarHandle
instanceKlass java/lang/invoke/VarHandleByteArrayAsInts$ByteArrayViewVarHandle
instanceKlass java/lang/invoke/VarHandleByteArrayAsChars$ByteArrayViewVarHandle
instanceKlass java/lang/invoke/VarHandleByteArrayAsShorts$ByteArrayViewVarHandle
instanceKlass java/lang/invoke/VarHandleInts$FieldInstanceReadOnly
instanceKlass java/lang/invoke/VarHandleBooleans$FieldInstanceReadOnly
instanceKlass java/lang/invoke/VarHandleReferences$FieldInstanceReadOnly
ciInstanceKlass java/lang/invoke/VarHandle 1 1 474 10 7 12 1 1 1 10 7 12 1 1 9 12 1 1 9 12 1 1 100 1 10 8 1 10 12 1 1 10 7 12 1 1 1 10 12 1 1 10 100 12 1 1 1 9 100 12 1 1 1 10 12 1 1 10 100 12 1 1 1 10 12 1 1 9 12 1 10 12 1 9 12 1 1 10 100 12 1 1 10 12 1 9 100 12 1 1 1 9 12 1 1 10 12 1 1 100 1 100 1 10 8 1 10 12 1 1 10 12 1 8 1 10 12 1 10 12 1 9 12 1 1 9 12 1 10 12 1 10 12 1 1 10 12 1 10 10 100 12 1 1 1 10 12 1 1 10 12 1 1 10 100 12 1 1 1 10 100 12 1 1 1 10 100 12 1 1 1 9 12 1 1 9 10 12 1 10 12 1 1 10 12 1 1 10 12 1 10 100 12 1 1 1 9 12 1 1 10 12 1 1 9 12 1 10 12 1 10 12 1 10 100 12 1 1 100 1 10 9 7 12 1 1 1 9 12 1 1 10 7 12 1 1 1 10 12 1 10 12 1 10 12 1 10 12 1 10 12 1 10 12 1 1 8 10 12 1 1 7 1 10 12 1 1 100 1 1 1 1 1 1 1 1 1 1 1 1 1 1 1 1 1 1 1 1 1 1 1 1 1 1 1 1 1 1 1 1 1 1 1 1 1 1 1 1 1 1 1 1 1 1 1 1 1 1 1 1 1 1 1 1 1 1 1 1 1 1 1 1 1 1 1 1 100 1 1 1 1 1 1 1 1 100 1 1 1 1 1 1 1 1 1 1 1 1 100 1 100 1 1 100 1 100 1 100 1 100 1 100 1 100 1 100 1 100 1 100 1 100 1 100 1 100 1 100 1 100 1 100 1 100 1 100 1 100 1 100 1 100 1 100 1 100 1 100 1 100 1 100 1 100 1 100 1 100 1 100 1 100 1 100 1 100 1 100 1 100 1 100 1 1 1 1 1 1 100 1 1 1 100 1 1 100 1 100 1 100 1 100 1 100 1 100 1 1 1 1 100 1 100 1 100 1 100 1 100 1 100 1 100 1 100 1
staticfield java/lang/invoke/VarHandle VFORM_OFFSET J 16
staticfield java/lang/invoke/VarHandle $assertionsDisabled Z 1
ciInstanceKlass java/lang/invoke/MemberName 1 1 724 7 1 7 1 100 1 9 12 1 1 10 7 12 1 1 1 9 12 1 1 10 12 1 1 10 12 1 1 10 12 1 1 10 12 1 10 12 1 1 10 7 12 1 1 1 10 12 1 9 7 12 1 1 10 12 1 100 1 7 1 10 12 1 8 1 10 12 1 1 10 12 1 10 12 1 1 10 12 1 9 12 1 1 8 1 10 100 12 1 1 1 7 1 10 10 12 1 1 7 1 7 1 10 12 1 9 12 1 1 100 1 8 1 10 12 1 10 12 1 10 12 1 10 12 1 10 12 1 1 10 12 1 10 12 1 10 12 1 1 8 1 8 1 10 12 1 8 1 9 12 1 1 3 10 12 1 10 12 1 10 12 1 10 10 7 12 1 1 1 10 12 1 10 12 1 10 12 1 10 12 1 7 1 8 10 12 1 1 10 12 1 1 8 1 9 100 1 8 9 100 1 10 12 1 1 10 12 1 10 12 1 8 1 10 12 1 1 10 12 1 10 12 1 10 12 1 10 12 1 1 100 1 10 12 1 1 10 12 1 8 1 10 12 1 10 12 1 8 1 10 12 1 1 10 12 1 1 100 1 10 12 1 1 10 12 8 1 8 1 100 1 10 12 1 10 100 12 1 1 1 100 1 10 12 10 12 1 10 12 1 10 12 1 10 12 1 10 10 12 1 10 12 1 10 12 1 3 10 12 1 3 10 12 1 3 3 3 3 3 3 10 12 1 3 9 12 1 10 12 1 1 3 10 12 1 10 10 7 12 1 1 1 10 12 1 1 10 7 12 1 1 10 10 12 1 10 12 1 1 10 12 1 10 10 12 1 1 10 12 1 10 12 1 10 12 1 100 1 10 10 10 12 100 1 10 10 10 12 1 1 10 12 1 1 10 10 12 1 8 10 7 1 10 12 1 10 7 1 10 12 1 10 12 1 10 12 1 10 10 12 1 10 12 1 1 10 12 1 1 10 12 1 10 12 1 10 12 1 100 1 10 12 1 1 100 1 8 1 10 7 1 10 12 1 10 12 10 12 1 1 10 12 1 10 12 1 8 1 8 1 8 1 8 1 10 12 1 10 12 1 10 7 12 1 1 1 8 1 8 1 10 12 1 8 1 10 10 10 12 1 10 12 1 8 1 8 1 10 10 12 1 8 1 10 100 12 1 1 1 8 1 100 1 10 12 1 10 12 1 1 10 12 1 8 1 8 1 8 1 8 1 100 1 10 8 1 8 1 8 1 8 1 10 12 1 7 1 100 1 7 1 10 100 1 10 7 1 10 7 12 1 1 1 9 7 12 1 1 1 100 1 100 1 1 1 1 1 1 1 3 1 3 1 3 1 3 1 3 1 3 1 1 1 1 1 1 1 1 3 1 3 1 1 1 1 1 1 1 1 1 1 1 1 1 1 1 1 1 1 1 1 1 1 1 1 1 1 1 1 1 1 1 1 1 1 1 1 1 1 1 1 1 1 1 1 1 1 1 1 1 1 1 1 1 1 1 1 1 1 1 1 1 1 1 1 1 1 1 1 1 1 1 1 1 1 1 1 1 1 1 1 1 1 1 1 1 1 1 1 1 1 1 1 1 1 1 1 100 1 1 1 1 1 1 1 1 1 1 1 1 1 1 1
staticfield java/lang/invoke/MemberName $assertionsDisabled Z 1
ciInstanceKlass java/lang/invoke/ResolvedMethodName 1 1 16 10 100 12 1 1 1 100 1 1 1 1 1 1 1 1
ciInstanceKlass java/lang/invoke/MethodHandleNatives 1 1 685 100 1 10 7 12 1 1 1 9 7 12 1 1 1 10 12 1 1 100 1 10 10 12 1 1 10 12 1 10 12 1 8 1 8 1 8 1 8 1 8 1 8 1 8 1 8 1 8 1 8 1 10 12 1 1 7 1 10 7 12 1 1 1 10 100 12 1 1 1 7 1 10 10 12 1 1 8 1 10 12 1 8 1 10 12 1 1 8 1 10 12 1 1 9 100 12 1 1 1 8 1 10 100 12 1 1 1 100 1 10 12 100 1 100 1 8 1 7 1 10 10 12 1 7 1 9 7 12 1 1 10 12 1 1 10 12 1 10 7 12 1 1 1 10 12 1 1 9 12 1 8 1 10 12 1 1 10 12 1 8 1 10 12 1 1 7 1 10 12 1 10 7 12 1 1 1 10 12 1 10 12 1 1 10 12 1 1 8 1 10 12 1 1 8 1 10 12 1 8 1 8 1 8 1 100 1 10 12 1 8 1 10 100 12 1 1 1 10 12 1 1 10 100 12 1 1 10 10 12 1 1 10 12 1 10 100 12 1 1 1 100 1 8 1 10 100 12 1 1 1 7 1 8 1 10 12 1 8 1 8 1 8 1 8 1 8 1 10 12 1 1 10 12 1 1 10 12 1 10 12 1 1 10 12 1 1 7 1 10 12 1 100 1 100 1 10 12 1 10 12 1 8 1 8 1 10 10 12 1 1 10 12 1 1 8 1 10 100 12 1 1 8 1 8 1 10 12 1 1 10 7 12 1 1 1 100 1 10 12 1 1 7 1 9 12 1 1 10 7 12 1 1 1 10 10 12 1 9 12 1 10 12 1 9 12 1 9 12 1 10 12 1 1 10 12 1 10 12 1 1 7 1 7 1 10 12 1 1 10 12 1 10 12 1 1 10 7 12 1 1 1 10 12 1 8 1 10 12 1 10 12 1 10 12 1 1 10 12 1 10 7 12 1 1 1 10 12 1 1 100 1 8 1 10 9 7 12 1 1 1 10 12 1 1 10 12 1 1 100 1 10 12 1 1 10 12 1 1 100 1 100 1 10 10 100 1 100 1 10 100 1 10 10 12 1 1 10 100 1 10 12 1 10 12 1 1 10 12 1 1 10 12 1 1 10 12 1 10 12 1 1 10 8 1 10 12 1 10 12 1 10 12 1 10 12 1 10 12 1 1 10 12 1 10 12 1 10 12 1 10 10 7 12 1 1 10 12 1 1 1 1 1 1 1 1 1 1 1 1 1 100 1 1 1 1 1 1 1 1 1 1 1 1 1 1 1 1 1 1 1 1 1 1 1 1 1 1 1 1 1 1 1 1 1 1 1 1 1 1 1 1 1 1 1 1 1 1 1 1 1 1 1 1 1 1 1 1 1 1 1 1 1 1 1 100 1 1 1 1 1 1 1 1 1 1 1 1 1 1 1 1 1 1 1 1 1 1 1 1 1 1 1 1 1 1 1 1 1 100 1 1 1 1 1 1 1 1 1 1 1 1 1 1 1 1 1 1 1 1 1 1 1 1 1 1 1 1 1 1 1 1 100 1 1
staticfield java/lang/invoke/MethodHandleNatives $assertionsDisabled Z 1
ciInstanceKlass java/lang/invoke/LambdaForm 1 1 1059 7 1 100 1 10 7 12 1 1 1 9 12 1 1 9 12 1 9 12 1 9 12 1 1 9 12 1 1 9 12 1 1 9 12 1 1 9 12 1 1 9 12 1 10 7 12 1 1 9 12 1 10 12 1 1 100 1 10 10 12 1 1 10 12 1 10 12 1 10 12 1 1 10 12 1 9 12 1 9 12 1 10 12 1 1 10 7 12 1 1 1 10 12 1 1 9 100 12 1 1 1 10 12 1 1 9 7 12 1 1 10 12 1 10 12 1 1 10 12 1 1 10 12 1 1 7 1 10 7 12 1 1 1 10 12 1 1 10 12 1 10 12 1 1 9 12 1 1 9 12 1 9 12 1 1 10 12 1 9 12 1 10 100 12 1 1 1 10 12 1 1 100 1 10 12 1 9 12 1 1 10 100 12 1 1 1 10 12 1 10 12 1 7 1 10 12 1 10 12 1 10 12 1 1 10 12 1 1 10 12 1 10 12 1 10 12 1 10 12 1 1 8 1 10 12 1 10 12 1 10 10 12 1 8 1 8 1 9 12 1 9 12 1 1 10 12 1 1 10 12 1 9 12 1 10 12 1 1 10 7 12 1 1 1 10 12 1 1 10 12 1 10 12 1 10 100 12 1 1 1 9 12 1 10 12 1 8 1 8 1 8 1 8 1 8 1 8 1 8 1 8 1 10 12 1 9 12 1 7 1 10 12 1 1 9 12 1 10 12 1 10 12 1 1 10 12 10 12 1 10 12 1 1 10 12 1 1 10 10 12 1 1 10 12 1 1 7 1 8 1 10 12 1 1 10 12 1 10 12 1 1 10 8 1 10 12 1 1 8 1 8 1 8 1 10 12 1 10 12 1 10 12 1 1 100 1 10 12 1 1 10 12 1 1 10 7 12 1 1 1 10 12 1 1 9 12 1 1 8 1 10 100 12 1 1 1 10 7 12 1 1 10 12 10 12 1 1 10 12 1 1 9 12 1 8 10 12 1 1 100 1 10 12 1 1 10 12 1 9 7 12 1 1 9 100 12 1 1 1 8 1 10 100 12 1 1 10 12 1 1 100 1 100 1 10 10 12 1 1 10 12 1 1 8 1 8 1 100 1 8 1 10 12 10 12 1 10 12 1 10 12 1 1 8 1 8 1 10 12 1 10 12 1 1 8 1 8 1 8 1 100 1 8 1 100 1 8 1 100 1 8 1 10 12 1 8 1 9 10 7 12 1 1 1 10 12 1 9 12 1 1 10 12 1 10 10 12 1 10 12 1 10 12 1 10 12 1 1 10 12 1 10 12 1 1 10 12 1 1 10 12 1 1 10 12 1 1 8 1 100 10 12 1 10 12 1 9 12 1 1 10 7 12 1 1 8 1 8 1 100 1 8 1 8 1 8 1 8 1 8 1 8 1 8 1 8 1 10 12 1 1 10 12 1 1 10 12 1 10 12 1 10 12 1 10 12 1 8 1 8 1 8 1 10 12 1 8 1 10 12 1 8 1 8 1 8 1 8 1 8 1 10 12 1 10 12 1 10 12 1 1 10 7 12 1 1 1 10 12 1 10 12 1 10 12 1 10 12 1 10 12 1 10 12 1 10 12 1 9 12 1 1 8 1 10 12 1 1 9 12 1 1 10 12 1 1 9 12 1 9 12 1 1 9 12 1 9 12 1 1 7 1 10 7 12 1 1 1 9 12 1 10 12 1 10 12 1 8 1 10 12 1 9 12 1 1 7 1 10 7 12 1 1 1 8 1 100 1 10 12 1 9 12 1 9 12 1 10 12 1 10 12 1 10 7 12 1 1 1 10 12 1 9 7 12 1 1 10 12 1 1 10 12 1 10 12 1 10 12 1 9 12 10 12 1 10 10 12 1 9 12 1 9 9 12 1 7 9 12 1 1 10 12 1 1 9 12 1 10 12 1 10 7 1 9 1 1 1 1 3 1 3 1 1 3 1 3 1 1 1 1 1 1 1 1 1 1 1 1 1 1 1 1 1 1 1 1 1 1 1 1 1 1 1 1 1 1 1 1 1 1 1 1 1 1 1 1 1 1 1 1 1 1 1 1 1 1 1 100 1 1 1 1 1 1 1 1 1 1 1 1 1 1 1 1 1 1 1 1 1 1 1 1 1 1 1 1 1 1 1 1 1 1 1 1 1 1 1 1 1 1 1 1 1 1 1 1 1 1 1 1 1 1 1 1 1 1 1 1 1 1 100 1 1 1 1 1 1 1 1 1 1 1 1 1 1 1 1 1 1 1 1 1 1 1 1 1 1 1 1 1 1 1 1 1 1 100 1 1 1 1 1 1 1 1 1 1 1 1 1 1 1 1 1 1 1 1 1 1 100 1 1 1 100 1 1 100 1 1 1 1 1 1 1 1 1 1 1
staticfield java/lang/invoke/LambdaForm DEFAULT_CUSTOMIZED Ljava/lang/invoke/MethodHandle; 
staticfield java/lang/invoke/LambdaForm DEFAULT_KIND Ljava/lang/invoke/LambdaForm$Kind; java/lang/invoke/LambdaForm$Kind
staticfield java/lang/invoke/LambdaForm COMPILE_THRESHOLD I 0
staticfield java/lang/invoke/LambdaForm INTERNED_ARGUMENTS [[Ljava/lang/invoke/LambdaForm$Name; 5 [[Ljava/lang/invoke/LambdaForm$Name;
staticfield java/lang/invoke/LambdaForm IMPL_NAMES Ljava/lang/invoke/MemberName$Factory; java/lang/invoke/MemberName$Factory
staticfield java/lang/invoke/LambdaForm LF_identity [Ljava/lang/invoke/LambdaForm; 6 [Ljava/lang/invoke/LambdaForm;
staticfield java/lang/invoke/LambdaForm LF_zero [Ljava/lang/invoke/LambdaForm; 6 [Ljava/lang/invoke/LambdaForm;
staticfield java/lang/invoke/LambdaForm NF_identity [Ljava/lang/invoke/LambdaForm$NamedFunction; 6 [Ljava/lang/invoke/LambdaForm$NamedFunction;
staticfield java/lang/invoke/LambdaForm NF_zero [Ljava/lang/invoke/LambdaForm$NamedFunction; 6 [Ljava/lang/invoke/LambdaForm$NamedFunction;
staticfield java/lang/invoke/LambdaForm createFormsLock Ljava/lang/Object; java/lang/Object
staticfield java/lang/invoke/LambdaForm DEBUG_NAME_COUNTERS Ljava/util/HashMap; 
staticfield java/lang/invoke/LambdaForm DEBUG_NAMES Ljava/util/HashMap; 
staticfield java/lang/invoke/LambdaForm TRACE_INTERPRETER Z 0
staticfield java/lang/invoke/LambdaForm $assertionsDisabled Z 1
ciInstanceKlass java/lang/invoke/TypeDescriptor$OfMethod 1 0 43 100 1 100 1 100 1 1 1 1 1 1 1 1 1 1 1 1 1 1 1 1 1 1 1 1 1 1 1 1 1 1 1 1 1 1 1 1 1 1 100 1 1
ciInstanceKlass java/lang/invoke/MethodType 1 1 780 7 1 10 7 12 1 1 1 9 12 1 1 9 12 1 1 9 12 1 1 10 7 12 1 1 1 9 7 12 1 1 8 1 10 100 12 1 1 1 9 7 1 9 7 1 10 12 1 1 7 1 10 8 1 10 12 1 1 10 12 1 10 12 1 1 100 1 8 1 10 12 1 100 1 10 10 12 1 10 12 1 1 10 12 1 1 11 7 12 1 1 1 9 12 1 11 12 1 1 7 10 12 1 1 10 12 1 1 7 1 7 1 10 7 12 1 1 1 10 12 1 10 12 1 9 12 1 1 10 7 12 1 1 10 12 1 1 10 7 12 1 1 1 10 7 12 1 1 1 10 12 1 9 12 1 1 10 12 1 1 10 12 1 1 10 12 1 1 10 12 1 1 10 12 1 1 10 12 1 10 12 1 10 12 1 1 10 12 1 8 1 8 1 10 12 1 1 9 12 1 1 100 1 10 10 12 1 1 10 12 1 10 12 1 1 10 12 1 1 10 12 1 10 12 1 10 12 1 8 1 10 12 1 1 10 7 12 1 1 1 10 12 1 10 12 1 1 10 12 1 10 12 1 10 12 1 1 10 12 1 10 12 1 9 12 1 10 12 1 10 10 12 1 1 10 12 1 9 12 1 1 10 12 1 1 11 12 1 1 10 12 1 1 10 12 1 10 12 1 7 1 8 1 8 1 8 1 10 12 1 10 12 1 10 12 1 1 10 10 12 1 11 12 1 1 11 12 1 10 100 12 1 1 1 9 12 1 10 12 1 10 12 1 1 10 12 1 1 10 12 1 10 12 1 10 100 12 1 1 1 10 12 1 1 10 12 1 10 12 1 10 12 1 10 9 12 1 1 7 1 10 12 1 10 12 1 1 9 100 12 1 1 1 10 100 12 1 1 1 10 100 12 1 1 1 10 12 1 1 10 7 12 1 1 1 10 12 1 1 8 1 10 7 12 1 1 1 11 12 1 1 9 12 1 1 10 12 1 1 10 12 1 10 12 1 1 10 12 1 1 10 100 12 1 1 100 1 10 12 1 1 11 100 12 1 1 18 12 1 1 11 12 1 1 18 12 1 11 12 1 100 1 11 100 12 1 1 10 12 1 100 1 10 12 1 10 100 12 1 1 10 12 1 1 9 12 1 1 9 100 12 1 1 1 10 100 12 1 1 1 9 12 1 10 100 12 1 1 10 12 1 100 10 12 1 1 10 12 1 7 1 10 10 12 1 1 7 1 7 1 9 12 1 1 100 1 100 1 100 1 1 1 5 0 1 1 1 1 1 1 1 3 1 3 1 3 1 1 1 1 1 1 1 1 1 1 1 1 1 1 1 1 1 1 1 1 1 1 1 1 1 1 1 1 1 1 1 1 1 1 1 1 1 1 1 1 1 1 1 1 1 1 1 1 1 1 1 1 1 1 1 1 1 1 1 1 1 1 1 1 1 1 1 1 1 1 1 1 1 1 1 1 1 1 1 1 1 1 1 1 1 1 1 1 1 1 1 1 1 1 1 1 1 1 1 1 1 1 1 1 1 1 1 1 1 1 1 1 1 1 1 1 1 1 1 1 1 1 1 1 1 1 1 1 1 1 100 1 100 1 1 1 1 1 1 1 1 1 1 1 1 1 100 1 1 1 100 1 1 1 1 1 1 1 1 1 1 1 1 1 1 1 1 1 1 1 1 1 1 16 15 10 12 16 16 15 10 12 16 15 10 100 12 1 1 1 1 1 100 1 1 100 1 1 100 1 100 1 1
staticfield java/lang/invoke/MethodType internTable Ljdk/internal/util/ReferencedKeySet; jdk/internal/util/ReferencedKeySet
staticfield java/lang/invoke/MethodType NO_PTYPES [Ljava/lang/Class; 0 [Ljava/lang/Class;
staticfield java/lang/invoke/MethodType objectOnlyTypes [Ljava/lang/invoke/MethodType; 20 [Ljava/lang/invoke/MethodType;
staticfield java/lang/invoke/MethodType METHOD_HANDLE_ARRAY [Ljava/lang/Class; 1 [Ljava/lang/Class;
staticfield java/lang/invoke/MethodType serialPersistentFields [Ljava/io/ObjectStreamField; 0 [Ljava/io/ObjectStreamField;
staticfield java/lang/invoke/MethodType $assertionsDisabled Z 1
ciInstanceKlass java/lang/BootstrapMethodError 0 0 45 10 100 12 1 1 1 10 12 1 10 12 1 10 100 12 1 1 1 10 100 12 1 1 1 1 1 1 5 0 1 1 1 1 1 1 1 1 1 1 1 100 1 1 1
instanceKlass java/lang/invoke/VolatileCallSite
instanceKlass java/lang/invoke/MutableCallSite
instanceKlass java/lang/invoke/ConstantCallSite
ciInstanceKlass java/lang/invoke/CallSite 1 1 296 10 7 12 1 1 1 10 7 12 1 1 1 9 12 1 1 10 7 12 1 1 1 10 12 1 100 1 10 12 1 1 10 12 1 1 9 100 12 1 1 1 10 100 12 1 1 10 12 1 1 100 1 100 1 10 10 100 12 1 1 1 10 12 1 1 8 1 10 12 1 10 12 1 1 10 12 1 10 12 1 1 10 12 1 1 10 10 100 12 1 1 10 12 1 1 9 12 1 9 100 12 1 1 1 8 1 10 7 12 1 1 1 10 12 1 1 100 1 10 12 1 1 9 12 1 8 1 100 1 10 12 1 10 12 1 100 1 8 1 10 10 12 1 10 12 1 1 100 1 10 12 1 1 10 12 1 10 12 1 10 12 1 1 10 12 1 1 9 12 1 1 8 10 12 1 1 9 12 1 1 100 1 10 10 12 1 10 100 12 1 1 1 10 12 1 1 10 12 1 1 10 12 1 10 7 12 1 1 1 100 1 8 1 10 10 12 10 12 1 1 100 1 100 1 100 1 8 1 10 12 1 10 7 12 1 1 1 1 1 1 1 1 1 1 1 1 1 1 1 1 1 1 1 1 1 1 1 1 1 1 1 1 1 1 1 1 1 1 1 1 1 1 1 1 1 1 1 1 1 1 1 1 1 1 1 1 1 1 1 100 1 100 1 1 1
staticfield java/lang/invoke/CallSite $assertionsDisabled Z 1
ciInstanceKlass jdk/internal/foreign/abi/NativeEntryPoint 0 0 194 10 100 12 1 1 1 9 100 12 1 1 1 9 12 1 1 100 1 8 1 10 12 1 10 12 1 1 100 1 10 100 12 1 1 1 10 12 1 9 12 1 1 18 12 1 1 10 100 12 1 1 1 10 100 12 1 1 1 9 100 12 1 1 1 100 1 10 8 1 10 12 1 1 10 12 1 10 12 1 1 8 1 10 12 1 1 100 1 8 1 10 12 1 10 12 1 1 10 12 1 9 12 1 1 18 12 1 1 10 100 12 1 1 1 10 12 1 1 10 12 1 10 100 12 1 1 1 10 1 1 1 1 1 1 1 1 1 1 1 1 1 1 1 1 1 1 1 1 1 1 1 1 1 1 1 1 1 1 1 1 1 1 1 1 1 16 1 15 10 12 16 1 16 15 10 12 15 10 100 12 1 1 1 1 1 100 1 1 100 1 100 1 1
ciInstanceKlass jdk/internal/foreign/abi/ABIDescriptor 0 0 55 10 100 12 1 1 1 9 100 12 1 1 1 9 12 1 1 9 12 1 9 12 1 9 12 1 1 9 12 1 9 12 1 1 9 12 1 9 12 1 9 12 1 9 12 1 1 1 1 1 1 1 1 1 1
ciInstanceKlass jdk/internal/foreign/abi/VMStorage 0 0 91 10 100 12 1 1 1 9 100 12 1 1 1 9 12 1 1 9 12 1 1 9 12 1 1 100 1 10 8 1 10 12 1 1 10 12 1 10 12 1 1 10 12 1 18 12 1 18 12 1 1 18 12 1 1 1 1 1 1 1 1 1 1 1 1 1 1 1 1 1 1 1 8 1 15 15 15 15 15 10 100 12 1 1 1 1 100 1 100 1 1
ciInstanceKlass jdk/internal/foreign/abi/UpcallLinker$CallRegs 0 0 66 10 100 12 1 1 1 9 100 12 1 1 1 9 12 1 18 12 1 1 18 12 1 1 18 12 1 1 1 1 1 1 1 1 1 1 1 1 1 1 1 1 1 1 100 1 1 1 8 1 15 15 15 10 100 12 1 1 1 1 1 100 1 100 1 1
ciInstanceKlass java/lang/invoke/ConstantCallSite 1 1 65 10 7 12 1 1 1 9 7 12 1 1 1 9 12 1 1 10 7 12 1 1 1 10 12 1 100 1 10 12 9 12 1 1 100 1 10 10 12 1 1 10 12 1 1 1 1 1 1 1 1 1 1 1 1 1 100 1 1 1 1 1 1 1 1
staticfield java/lang/invoke/ConstantCallSite UNSAFE Ljdk/internal/misc/Unsafe; jdk/internal/misc/Unsafe
ciInstanceKlass java/lang/invoke/MutableCallSite 0 0 63 10 100 12 1 1 1 10 12 1 9 100 12 1 1 1 10 12 1 10 12 1 1 9 12 1 1 10 100 12 1 1 1 10 100 12 1 1 1 10 12 1 1 1 1 1 1 1 1 1 1 1 1 1 1 1 1 1 1 100 1 1 1
ciInstanceKlass java/lang/invoke/VolatileCallSite 0 0 37 10 100 12 1 1 1 10 12 1 10 100 12 1 1 1 10 12 1 10 12 1 1 1 1 1 1 1 1 1 1 1 1 1 1 1 1
ciInstanceKlass java/lang/AssertionStatusDirectives 0 0 24 10 100 12 1 1 1 100 1 1 1 1 1 1 1 1 1 1 1 1 1 1 1 1
ciInstanceKlass java/lang/Appendable 1 0 14 100 1 100 1 1 1 1 100 1 1 1 1 1
instanceKlass java/lang/StringBuilder
instanceKlass java/lang/StringBuffer
ciInstanceKlass java/lang/AbstractStringBuilder 1 1 609 7 1 10 7 12 1 1 1 9 7 12 1 1 1 9 12 1 9 12 1 1 9 12 1 1 10 7 12 1 1 1 10 12 1 1 7 1 3 3 10 12 1 10 12 1 1 11 7 1 100 1 100 1 10 8 1 10 12 1 10 12 1 10 12 1 1 10 12 1 10 12 1 9 12 1 10 12 1 9 12 1 1 10 12 1 1 10 7 12 1 1 1 10 10 12 1 10 12 1 10 12 1 1 10 12 1 1 10 7 12 1 1 1 10 7 12 1 1 1 100 1 8 1 10 10 12 1 1 100 1 10 12 10 12 1 1 10 10 7 12 1 1 1 10 12 1 1 10 12 1 1 10 12 1 1 10 12 1 1 10 10 7 12 1 1 1 10 12 1 100 1 10 10 7 12 1 1 1 9 12 1 1 9 12 1 10 12 1 1 10 10 12 1 1 10 12 10 12 1 10 12 1 1 10 12 1 1 10 12 1 1 10 12 1 10 12 1 1 10 12 1 1 10 12 1 10 12 1 1 8 1 10 12 1 1 10 12 1 10 12 1 10 12 1 10 12 1 10 12 1 10 12 1 10 7 12 1 1 10 12 1 10 12 1 10 100 12 1 1 1 100 1 100 1 10 12 1 10 100 12 1 1 10 12 1 10 12 1 1 10 12 1 10 12 1 1 10 12 1 10 12 1 1 10 12 1 1 10 10 7 12 1 1 1 10 12 1 10 12 1 10 12 1 1 10 12 1 10 12 1 10 12 1 10 12 1 10 12 1 10 12 1 10 12 1 10 12 1 1 10 12 1 10 12 1 10 12 10 12 1 1 18 12 1 1 100 1 10 100 12 1 1 1 18 10 12 1 1 10 12 1 1 10 12 1 10 12 1 1 11 12 1 1 10 12 1 10 12 10 10 10 12 1 10 5 0 10 10 12 1 1 100 1 8 1 10 10 12 1 1 10 100 12 1 1 1 10 12 1 10 12 1 1 100 1 10 12 100 1 10 100 1 10 100 1 1 1 1 1 1 1 1 1 1 1 100 1 1 1 1 1 1 1 1 1 1 1 1 1 1 1 1 1 1 1 1 1 1 1 1 1 1 1 1 1 1 1 1 1 1 1 1 1 1 1 1 1 1 1 1 1 1 1 1 1 1 1 1 1 1 1 1 1 1 1 1 1 1 1 1 1 1 1 1 1 1 1 1 1 1 1 1 1 1 1 1 1 1 1 1 1 1 1 1 1 1 1 1 1 1 1 1 1 1 1 100 1 1 1 1 1 1 1 1 1 1 1 1 1 1 1 1 1 100 1 1 1 1 1 1 100 1 1 16 1 15 10 12 16 15 10 12 15 10 100 12 1 1 1 1 1 1 1 100 1 100 1 1
staticfield java/lang/AbstractStringBuilder EMPTYVALUE [B 0
ciInstanceKlass java/lang/StringBuffer 1 1 483 10 7 12 1 1 1 10 12 1 10 12 1 10 12 1 1 9 7 12 1 1 1 10 12 1 1 10 12 1 10 12 1 1 9 12 1 1 10 12 1 10 12 1 1 10 12 1 1 10 12 1 10 12 1 1 10 12 1 10 12 1 1 10 12 1 1 10 7 12 1 1 1 10 12 1 1 10 12 1 10 12 1 10 12 1 10 12 1 10 12 1 10 12 1 10 12 1 10 12 1 10 12 1 10 12 1 10 12 1 10 12 1 10 12 1 10 12 1 1 10 12 1 10 12 1 1 10 12 1 1 10 10 12 1 1 10 12 1 10 12 1 10 12 1 10 12 1 10 12 1 10 12 1 10 12 10 12 1 10 12 1 10 12 1 10 12 1 1 10 12 1 10 12 1 10 10 12 1 1 10 12 1 10 12 1 10 12 1 10 10 100 12 1 1 1 10 10 12 1 1 9 12 1 1 10 100 12 1 1 10 100 1 8 10 100 12 1 1 1 8 10 12 1 8 1 10 12 1 10 12 1 10 100 12 1 1 1 10 100 12 1 1 1 7 1 10 12 100 1 8 1 10 10 12 1 1 10 12 1 1 10 12 1 10 12 1 10 12 1 1 10 12 1 10 12 1 10 12 1 10 12 1 10 12 1 10 12 10 12 1 10 12 1 10 12 1 10 12 1 10 12 1 10 12 1 10 12 1 10 12 1 10 12 1 10 12 1 10 12 10 12 10 12 1 10 12 1 10 12 1 10 12 10 12 1 10 12 1 10 12 1 10 12 1 10 12 1 10 12 1 10 12 1 10 12 1 10 12 1 10 12 1 10 12 1 7 1 10 12 1 9 7 12 1 1 1 9 7 1 9 12 1 1 100 1 100 1 100 1 100 1 1 1 1 5 0 1 1 1 1 1 1 1 1 1 1 1 1 1 1 1 1 1 1 1 1 1 1 1 1 1 1 1 1 1 1 1 1 1 1 1 1 1 1 1 1 1 1 1 1 1 1 1 1 1 1 1 1 1 1 1 1 1 1 1 1 1 100 1 1 1 1 1 100 1 1 1 1 1 1 1 1 1 1 1 1 1 1 1 1 1 1
staticfield java/lang/StringBuffer serialPersistentFields [Ljava/io/ObjectStreamField; 3 [Ljava/io/ObjectStreamField;
ciInstanceKlass java/lang/StringBuilder 1 1 422 10 7 12 1 1 1 10 12 1 10 12 1 10 12 1 1 10 7 12 1 1 1 10 7 12 1 1 1 10 12 1 10 12 1 10 12 1 10 12 1 10 12 1 10 12 1 10 12 1 10 12 1 10 12 1 10 12 1 10 12 1 10 12 1 10 12 1 10 12 1 1 10 12 1 10 12 1 1 10 12 1 1 10 12 1 10 12 1 10 12 1 10 12 1 10 12 1 10 12 1 10 12 1 10 12 10 12 1 10 12 1 10 12 1 10 12 1 1 10 12 1 10 12 1 10 12 10 12 1 1 10 12 1 10 12 1 10 12 1 10 100 12 1 1 1 9 12 1 1 10 12 1 10 12 1 1 10 12 1 1 9 12 1 1 10 100 12 1 1 1 10 100 1 10 12 1 1 10 100 12 1 1 10 12 1 10 12 1 1 100 1 100 1 8 1 10 10 12 1 1 10 12 1 10 12 1 10 12 1 1 10 12 1 10 12 1 10 12 1 10 12 1 10 12 1 10 12 10 12 1 10 12 1 10 12 1 10 12 1 10 12 1 10 12 1 10 12 1 10 12 1 10 12 1 1 10 12 1 1 10 12 1 10 12 1 10 12 1 10 12 10 12 10 12 1 10 12 1 10 12 1 10 12 10 12 1 10 12 1 10 12 1 10 12 1 10 12 1 10 12 1 10 12 1 10 12 1 10 12 1 1 10 12 1 10 12 1 1 10 12 1 10 12 1 1 10 12 1 10 12 1 1 10 12 1 10 12 1 10 12 1 10 10 12 1 10 12 1 100 1 100 1 100 1 100 1 1 1 1 5 0 1 1 1 1 1 1 1 1 1 1 1 1 1 1 1 1 1 1 1 1 1 1 1 1 1 1 1 1 1 1 1 1 1 1 1 1 1 1 1 1 1 1 1 1 100 1 1 1 100 1 1 1 1 1 1 1 1 1 1 1
ciInstanceKlass jdk/internal/misc/UnsafeConstants 1 1 34 10 100 12 1 1 1 9 7 12 1 1 1 9 12 1 9 12 1 1 9 12 1 9 12 1 1 1 1 1 1 1 1 1
staticfield jdk/internal/misc/UnsafeConstants ADDRESS_SIZE0 I 8
staticfield jdk/internal/misc/UnsafeConstants PAGE_SIZE I 4096
staticfield jdk/internal/misc/UnsafeConstants BIG_ENDIAN Z 0
staticfield jdk/internal/misc/UnsafeConstants UNALIGNED_ACCESS Z 1
staticfield jdk/internal/misc/UnsafeConstants DATA_CACHE_LINE_FLUSH_SIZE I 0
ciInstanceKlass jdk/internal/misc/Unsafe 1 1 1287 10 7 12 1 1 1 9 7 12 1 1 1 9 12 1 1 10 12 1 1 10 7 12 1 1 1 10 12 1 1 10 12 1 1 10 12 1 1 10 12 1 1 10 12 1 1 10 12 1 1 10 12 1 1 10 12 1 1 10 12 1 1 10 12 1 1 10 12 1 1 10 12 1 1 10 12 1 1 10 12 1 10 12 1 100 1 10 10 12 1 1 10 12 1 1 5 0 10 12 1 1 10 12 1 1 10 7 12 1 1 1 10 12 1 1 10 12 1 10 12 1 10 12 1 1 10 12 1 1 10 12 1 10 12 1 100 1 100 1 10 8 1 10 12 1 1 10 12 1 8 1 10 12 1 1 10 12 1 10 12 1 10 12 1 1 10 12 1 10 12 1 1 10 12 1 1 10 12 1 10 12 1 10 12 1 10 12 1 1 10 12 1 10 12 1 10 12 1 1 10 12 1 5 0 5 0 5 0 10 12 1 10 12 1 10 12 1 10 12 1 10 12 1 10 12 1 10 12 1 10 12 1 10 12 1 1 10 12 1 10 12 1 100 1 8 1 10 100 1 10 10 12 1 1 10 12 1 1 10 12 1 10 12 1 1 10 12 1 1 10 12 1 10 12 1 1 10 12 1 9 7 12 1 1 9 12 1 100 1 10 10 12 1 1 8 1 10 8 1 8 1 10 12 1 1 9 7 12 1 1 1 9 100 1 9 7 1 9 100 1 9 9 100 1 9 7 1 9 100 1 10 12 1 1 10 12 1 1 10 12 1 1 10 12 1 1 5 0 5 0 9 12 1 1 10 12 1 10 12 1 10 12 1 1 10 12 1 1 10 12 1 8 1 3 10 12 1 1 10 12 1 1 10 12 1 10 12 1 1 10 12 1 1 10 12 1 10 12 1 10 12 1 10 12 1 10 12 1 10 12 1 1 10 12 1 1 10 12 1 10 12 1 10 12 1 10 12 1 10 12 1 10 12 1 1 10 12 1 1 10 12 1 10 12 1 10 12 1 10 12 1 10 12 1 10 12 1 1 10 12 1 1 10 12 1 1 10 12 1 1 10 12 1 10 12 1 10 12 1 10 12 1 10 12 1 10 12 1 10 12 1 1 10 12 1 1 10 12 1 10 12 1 10 12 1 10 12 1 10 12 1 10 12 1 10 12 1 1 10 12 1 1 10 12 1 10 12 1 10 12 1 10 12 1 10 12 1 10 12 1 10 12 1 10 12 1 1 10 12 1 10 12 1 10 12 1 10 12 1 10 12 1 1 10 12 1 10 12 1 10 12 1 10 12 1 10 12 1 10 12 1 10 12 1 10 12 1 1 10 12 1 10 12 1 10 12 1 10 12 1 10 12 1 10 12 1 1 10 12 1 10 12 1 10 12 1 1 10 12 1 10 12 1 10 12 1 10 12 1 10 12 1 10 12 1 10 12 1 10 12 1 10 12 1 10 12 1 10 12 1 10 12 1 10 12 1 10 12 1 10 12 1 10 12 1 10 12 1 10 12 1 10 12 1 10 12 1 10 12 1 10 12 1 10 12 1 100 1 10 100 1 10 9 12 1 5 0 10 12 1 1 5 0 10 12 1 5 0 10 12 1 10 12 1 10 12 1 1 10 12 1 1 10 12 1 10 12 1 10 12 1 10 12 1 1 10 12 1 10 12 1 10 12 1 10 12 1 10 12 1 1 10 12 1 10 12 1 10 12 1 10 12 1 1 10 12 1 10 12 1 10 12 1 1 10 12 1 10 12 1 10 12 1 10 12 1 1 10 12 1 10 10 12 1 1 10 12 1 10 12 1 1 10 12 1 10 12 5 0 5 0 5 0 10 12 1 1 10 12 1 10 12 1 10 12 10 100 12 1 1 8 1 100 1 11 12 1 1 8 1 11 12 1 1 10 100 12 1 1 10 12 1 10 12 1 10 12 1 10 12 1 10 12 1 1 10 12 1 10 12 1 10 12 1 10 12 1 10 12 1 10 12 1 10 7 1 10 12 1 9 12 1 7 1 9 12 1 7 1 9 12 1 7 1 9 12 1 7 1 9 12 1 7 1 9 12 1 7 1 9 12 1 7 1 9 12 1 7 1 9 12 1 10 12 1 9 12 1 9 12 1 9 12 1 9 12 1 9 12 1 9 12 1 9 12 1 9 12 1 9 12 1 9 12 1 1 1 3 1 1 1 1 1 1 1 1 1 1 1 1 1 1 1 1 1 1 1 1 1 1 1 1 1 1 1 1 1 1 1 1 1 1 1 1 1 1 1 1 1 1 1 1 1 1 1 1 1 1 1 1 1 1 1 1 1 1 1 1 1 1 1 1 1 1 1 1 1 1 1 1 1 1 1 1 1 1 1 1 1 1 1 1 1 1 1 1 1 100 1 1 1 1 1 1 1 1 1 1 1 1 1 1 1 1 1 1 1 1 1 1 1 1 1 1 1 1 1 1 1 1 1 1 1 1 1 1 1 1 1 1 1 1 1 1 1 1 1 1 1 1 1 1 1 1 1 1 1 1 1 1 1 1 1 1 1 1 1 1 1 1 1 1 1 1 1 1 1 1 1 1 1 1 1 1 1 1 1 1 1 1 1 1 1 1 1 1 1 1 1 1 1 1 1 1 1 1 1 1 1 1 1 1 1 1 1 1 1 1 1 1 1 1 1 1 1 1 1 1 1 1 1 1 1 1 1 1 1 1 1 1 1 1 1 1 1 1 1 1 1 1 1 1 1 1 1 1 1 1 1 1 1 1 1 1 1 1 1 1 1 1 1 1 1 1 1 1 1 1 1 1 1 1 1 1 1 1 1 1 1 1 1 1 1 1 1 1 1 1 1 1 1 1 1 1 3 1 1 1 1 1 1 1 1 1 1 1 1 1 1 1 1 1 1 1 1 1
staticfield jdk/internal/misc/Unsafe theUnsafe Ljdk/internal/misc/Unsafe; jdk/internal/misc/Unsafe
staticfield jdk/internal/misc/Unsafe ARRAY_BOOLEAN_BASE_OFFSET I 16
staticfield jdk/internal/misc/Unsafe ARRAY_BYTE_BASE_OFFSET I 16
staticfield jdk/internal/misc/Unsafe ARRAY_SHORT_BASE_OFFSET I 16
staticfield jdk/internal/misc/Unsafe ARRAY_CHAR_BASE_OFFSET I 16
staticfield jdk/internal/misc/Unsafe ARRAY_INT_BASE_OFFSET I 16
staticfield jdk/internal/misc/Unsafe ARRAY_LONG_BASE_OFFSET I 16
staticfield jdk/internal/misc/Unsafe ARRAY_FLOAT_BASE_OFFSET I 16
staticfield jdk/internal/misc/Unsafe ARRAY_DOUBLE_BASE_OFFSET I 16
staticfield jdk/internal/misc/Unsafe ARRAY_OBJECT_BASE_OFFSET I 16
staticfield jdk/internal/misc/Unsafe ARRAY_BOOLEAN_INDEX_SCALE I 1
staticfield jdk/internal/misc/Unsafe ARRAY_BYTE_INDEX_SCALE I 1
staticfield jdk/internal/misc/Unsafe ARRAY_SHORT_INDEX_SCALE I 2
staticfield jdk/internal/misc/Unsafe ARRAY_CHAR_INDEX_SCALE I 2
staticfield jdk/internal/misc/Unsafe ARRAY_INT_INDEX_SCALE I 4
staticfield jdk/internal/misc/Unsafe ARRAY_LONG_INDEX_SCALE I 8
staticfield jdk/internal/misc/Unsafe ARRAY_FLOAT_INDEX_SCALE I 4
staticfield jdk/internal/misc/Unsafe ARRAY_DOUBLE_INDEX_SCALE I 8
staticfield jdk/internal/misc/Unsafe ARRAY_OBJECT_INDEX_SCALE I 4
staticfield jdk/internal/misc/Unsafe ADDRESS_SIZE I 8
ciInstanceKlass jdk/internal/module/Modules 1 1 504 10 100 12 1 1 1 9 7 12 1 1 1 11 7 12 1 1 1 11 12 1 1 11 12 1 1 11 12 1 1 11 12 1 11 12 1 11 12 1 11 12 1 11 12 1 1 10 100 12 1 1 1 10 100 12 1 1 1 18 12 1 1 10 100 12 1 1 1 100 1 10 100 12 1 1 1 10 100 12 1 1 1 10 100 12 1 1 10 12 1 1 11 12 1 9 12 1 1 11 100 12 1 1 1 10 12 1 1 10 10 12 1 10 9 12 1 1 10 7 12 1 1 10 12 1 1 10 100 12 1 1 100 1 11 100 12 1 1 1 10 100 12 1 1 1 11 100 12 1 1 10 12 1 1 10 100 12 1 1 10 100 12 1 1 1 10 12 1 1 10 12 1 1 11 12 1 1 18 12 1 1 11 100 12 1 1 10 100 12 1 1 1 11 100 12 1 1 1 100 1 11 12 1 1 11 100 12 1 1 1 11 12 1 1 10 12 1 1 10 100 12 1 1 18 12 1 1 11 12 1 1 18 12 1 1 11 12 1 1 10 12 1 18 18 10 12 1 1 9 12 1 1 11 100 12 1 1 1 100 1 10 11 12 1 11 12 1 1 11 12 1 1 10 100 1 10 12 1 1 10 100 12 1 1 10 12 1 1 11 12 10 12 1 1 100 1 10 18 12 1 10 12 1 1 100 1 8 1 10 12 1 10 100 12 1 1 18 12 1 11 11 12 10 12 1 10 10 100 1 18 12 1 10 10 10 7 12 1 1 10 7 12 1 1 1 10 12 1 1 1 1 1 1 1 1 1 1 1 1 1 1 1 1 1 1 1 1 1 1 1 1 1 1 1 1 1 1 1 1 1 100 1 1 1 1 1 1 1 1 1 1 1 1 1 1 1 1 1 1 1 1 1 1 1 1 1 1 1 1 1 1 1 1 1 1 1 100 1 1 1 1 1 1 1 1 1 1 1 1 1 1 1 1 1 1 1 1 1 1 1 16 15 10 12 1 16 16 15 10 12 1 16 1 16 1 15 10 12 1 16 1 16 1 15 10 12 16 1 15 10 16 1 15 10 12 16 1 15 10 12 16 15 10 12 16 15 10 12 15 10 100 12 1 1 1 1 1 1 100 1 100 1 1
staticfield jdk/internal/module/Modules JLA Ljdk/internal/access/JavaLangAccess; java/lang/System$2
staticfield jdk/internal/module/Modules JLMA Ljdk/internal/access/JavaLangModuleAccess; java/lang/module/ModuleDescriptor$1
staticfield jdk/internal/module/Modules $assertionsDisabled Z 1
ciInstanceKlass java/lang/AutoCloseable 1 0 12 100 1 100 1 1 1 1 100 1 1 1
ciInstanceKlass java/io/Closeable 1 0 14 100 1 100 1 100 1 1 1 1 100 1 1 1
instanceKlass ghidra/util/bytesearch/BulkPatternSearcher$RestrictedStream
instanceKlass ghidra/program/model/mem/MemBufferInputStream
instanceKlass ghidra/program/database/mem/MemoryBlockInputStream
instanceKlass ghidra/program/database/mem/MemoryMapDB$1
instanceKlass ghidra/app/util/bin/BinaryReader$BinaryReaderInputStream
instanceKlass ghidra/util/MonitoredInputStream
instanceKlass java/io/ObjectInputStream
instanceKlass org/apache/felix/framework/BundleProtectionDomain$BundleInputStream
instanceKlass java/util/jar/JarVerifier$VerifierStream
instanceKlass ghidra/file/formats/ios/dmg/DmgDecryptorStream
instanceKlass ghidra/file/formats/cramfs/LazyCramFsInputStream
instanceKlass org/apache/commons/compress/compressors/CompressorInputStream
instanceKlass ghidra/app/util/bin/ByteProviderInputStream
instanceKlass sun/nio/ch/ChannelInputStream
instanceKlass com/sun/org/apache/xerces/internal/impl/XMLEntityManager$RewindableInputStream
instanceKlass java/util/zip/ZipFile$ZipFileInputStream
instanceKlass java/io/FilterInputStream
instanceKlass java/io/FileInputStream
instanceKlass java/io/ByteArrayInputStream
ciInstanceKlass java/io/InputStream 1 1 195 100 1 10 7 12 1 1 1 100 1 10 10 7 12 1 1 1 10 7 12 1 1 1 10 12 1 100 1 3 10 12 1 1 100 1 8 1 10 12 1 10 7 12 1 1 1 3 100 1 8 1 10 10 7 12 1 1 1 7 1 10 11 7 12 1 1 1 10 12 1 1 11 12 1 1 11 7 12 1 1 1 11 12 1 1 7 1 10 7 12 1 1 1 5 0 10 12 1 10 12 1 1 100 1 10 8 1 10 8 1 8 1 10 12 1 1 10 100 12 1 1 1 100 1 5 0 10 12 1 100 1 100 1 1 1 1 3 1 3 1 1 1 1 1 1 1 1 1 1 1 1 1 1 1 1 1 1 1 1 1 1 1 1 1 1 1 1 1 1 1 1 1 1 1 1 1 1 1 1 1 1 1 1 1 1 1 1 1 1 1 1 1 1 1
ciInstanceKlass java/io/ByteArrayInputStream 1 1 117 10 7 12 1 1 1 9 7 12 1 1 1 9 12 1 1 9 12 1 9 12 1 10 7 12 1 1 1 10 7 12 1 1 1 10 7 12 1 1 1 10 100 12 1 1 1 10 12 1 1 3 10 100 1 10 100 12 1 1 1 9 12 1 1 100 1 10 10 7 12 1 1 1 1 1 1 1 1 1 1 1 1 1 1 1 1 1 1 1 1 1 1 1 1 1 1 1 1 1 1 1 100 1 1 1 1 1 1 1 1 1 1 1 1 1 1
staticfield java/io/ByteArrayInputStream $assertionsDisabled Z 1
ciInstanceKlass java/net/URL 1 1 771 10 7 12 1 1 1 10 12 1 10 7 12 1 1 9 12 1 1 9 12 1 10 7 12 1 1 1 10 12 1 1 10 12 1 1 9 12 1 1 10 7 12 1 1 1 8 1 10 12 1 1 7 1 10 10 12 1 1 8 1 10 12 1 1 9 12 1 7 1 8 1 10 12 1 10 12 1 8 1 9 12 1 10 12 1 1 9 12 1 10 12 1 10 12 1 9 12 1 9 12 1 8 1 9 12 1 10 12 1 1 8 1 9 12 1 1 10 12 1 1 10 7 12 1 1 1 8 1 10 12 1 7 1 10 12 1 10 12 1 10 12 1 10 12 1 1 10 12 1 1 8 1 10 12 1 1 10 12 1 8 1 9 12 1 8 1 10 12 1 10 7 12 1 1 1 7 1 10 12 1 10 12 1 1 10 7 12 1 1 1 100 1 8 1 10 10 12 1 8 1 10 12 1 1 10 12 1 10 12 1 10 12 1 10 12 1 10 12 1 10 12 1 8 1 10 12 1 8 1 10 10 7 1 10 10 12 1 8 1 10 7 12 1 1 1 10 12 1 9 100 12 1 1 1 10 100 12 1 1 1 9 12 1 1 10 12 1 10 100 12 1 1 1 100 1 100 1 10 12 1 10 12 1 10 12 1 10 12 1 10 12 1 10 12 10 10 12 1 10 12 1 10 12 1 1 8 1 9 100 12 1 1 1 10 100 12 1 1 1 10 12 1 1 9 100 12 1 1 1 10 12 1 1 100 1 10 12 1 10 12 1 10 10 12 1 1 10 12 1 1 10 12 1 10 12 1 10 12 1 10 7 12 1 1 1 10 12 1 1 10 12 1 9 12 1 1 9 12 1 1 100 1 8 1 10 10 12 1 9 12 1 1 10 7 12 1 1 8 1 10 7 12 1 1 8 1 10 12 1 1 10 12 1 8 1 8 1 10 7 12 1 1 1 7 1 10 7 12 1 1 1 10 12 1 10 12 1 7 1 10 9 7 12 1 1 1 10 7 12 1 1 10 12 1 1 10 12 1 8 1 7 1 10 10 7 12 1 1 1 10 12 1 8 9 100 12 1 1 1 10 12 1 1 10 12 1 10 12 1 1 10 7 12 1 1 11 7 12 1 1 10 12 1 10 12 1 9 12 1 10 12 1 1 10 100 12 1 1 10 100 12 1 1 1 8 10 100 12 1 1 7 1 10 8 8 10 12 1 8 8 8 100 1 10 12 1 9 12 1 1 10 12 1 10 12 1 1 10 12 1 10 12 10 12 1 1 10 12 1 1 10 10 10 12 1 10 12 1 10 12 1 10 12 1 10 12 1 10 10 12 1 7 1 8 1 10 10 10 12 1 1 10 12 1 10 12 1 1 8 1 7 1 10 10 7 1 10 12 1 9 7 12 1 1 1 9 12 1 1 7 1 10 10 7 12 1 1 1 100 1 1 1 1 1 5 0 1 1 1 1 1 1 1 1 1 1 1 1 1 1 1 1 1 1 1 1 1 1 1 1 1 1 1 1 1 1 1 1 1 1 1 1 1 1 1 1 1 1 1 1 1 1 1 1 100 1 1 1 1 1 1 1 1 1 1 1 1 1 1 1 1 1 1 1 1 1 1 1 1 1 1 1 1 1 1 1 1 1 1 1 1 1 100 1 1 1 1 1 1 1 1 1 1 1 1 1 1 1 1 1 7 1 1 1 1 1 1 1 1 1 1 1 1 1 1 1 1 1 1 1
staticfield java/net/URL defaultFactory Ljava/net/URLStreamHandlerFactory; java/net/URL$DefaultFactory
staticfield java/net/URL streamHandlerLock Ljava/lang/Object; java/lang/Object
staticfield java/net/URL serialPersistentFields [Ljava/io/ObjectStreamField; 7 [Ljava/io/ObjectStreamField;
instanceKlass ghidra/program/model/data/StandAloneDataTypeManager$ArchiveWarningLevel
instanceKlass ghidra/program/model/data/StandAloneDataTypeManager$ArchiveWarning
instanceKlass pdb/symbolserver/FindOption
instanceKlass ghidra/app/util/bin/format/pdb2/pdbreader/Processor
instanceKlass ghidra/app/util/headless/HeadlessScript$HeadlessContinuationOption
instanceKlass ghidra/app/util/bin/format/dwarf/sectionprovider/DWARFSectionId
instanceKlass ghidra/app/util/bin/format/dwarf/attribs/DWARFAttributeClass
instanceKlass ghidra/app/util/bin/format/dwarf/attribs/DWARFAttributeId
instanceKlass ghidra/app/plugin/core/analysis/rust/demangler/RustDemanglerFormat$Version
instanceKlass ghidra/app/util/pdb/pdbapplicator/ObjectOrientedClassLayout
instanceKlass ghidra/app/util/pdb/pdbapplicator/PdbApplicatorControl
instanceKlass ghidra/app/util/demangler/microsoft/MsCInterpretation
instanceKlass ghidra/app/util/demangler/gnu/GnuDemanglerFormat$Version
instanceKlass ghidra/app/util/bin/format/dwarf/DWARFImportOptions$MacroEnumSetting
instanceKlass ghidra/app/plugin/core/analysis/HexagonPrologEpilogAnalyzer$FIXUP_TYPES
instanceKlass ghidra/app/util/demangler/gnu/GnuDemanglerFormat
instanceKlass ghidra/app/util/datatype/microsoft/ThreadEnvironmentBlock$WinVersion
instanceKlass ghidra/app/plugin/core/analysis/rust/demangler/RustDemanglerFormat
instanceKlass ghidra/app/plugin/core/string/StringsAnalyzer$Alignment
instanceKlass ghidra/app/plugin/core/string/StringsAnalyzer$MinStringLen
instanceKlass ghidra/app/services/AnalyzerType
instanceKlass java/time/zone/ZoneOffsetTransitionRule$TimeDefinition
instanceKlass java/time/DayOfWeek
instanceKlass java/time/Month
instanceKlass ghidra/program/util/FunctionChangeRecord$FunctionChangeType
instanceKlass ghidra/program/model/mem/MemoryBlockType
instanceKlass ghidra/app/util/bin/format/pe/dvrt/DvrtType
instanceKlass org/jdom2/output/support/AbstractFormattedWalker$Trim
instanceKlass org/jdom2/output/Format$TextMode
instanceKlass org/jdom2/output/LineSeparator
instanceKlass ghidra/program/model/lang/InstructionBlockFlow$Type
instanceKlass ghidra/program/model/listing/FlowOverride
instanceKlass ghidra/app/plugin/processors/sleigh/SleighDebugLogger$SleighDebugMode
instanceKlass ghidra/framework/store/local/IndexedLocalFileSystem$GetFolderOption
instanceKlass ghidra/app/util/bin/format/golang/rtti/GoRttiMapper$FuncDefFlags
instanceKlass ghidra/program/model/reloc/Relocation$Status
instanceKlass ghidra/program/model/address/AddressSet$RangeCompare
instanceKlass ghidra/program/database/data/BitFieldDBDataType$BaseDatatypeKind
instanceKlass ghidra/program/model/data/AlignmentType
instanceKlass ghidra/program/model/data/MetaDataType
instanceKlass ghidra/program/model/data/RGB16EncodingSettingsDefinition$RGB16Encoding
instanceKlass ghidra/program/model/data/RGB32EncodingSettingsDefinition$RGB32Encoding
instanceKlass ghidra/program/model/data/DataTypeConflictHandler$ConflictResult
instanceKlass ghidra/program/database/data/EnumSignedState
instanceKlass ghidra/program/model/symbol/SourceType
instanceKlass ghidra/app/util/bin/format/pe/rich/MSProductType
instanceKlass ghidra/program/model/data/ArchiveType
instanceKlass ghidra/program/model/data/DataUtilities$ClearDataMode
instanceKlass ghidra/program/model/data/PackingType
instanceKlass ghidra/pcode/floatformat/FloatKind
instanceKlass ghidra/app/util/bin/format/pe/PEx64UnwindInfo$UNWIND_CODE_OPCODE
instanceKlass ghidra/app/util/bin/format/pe/SectionFlags
instanceKlass ghidra/framework/options/OptionType
instanceKlass ghidra/program/util/ProgramEvent
instanceKlass ghidra/program/model/listing/CommentType
instanceKlass ghidra/framework/data/OpenMode
instanceKlass ghidra/framework/model/TransactionInfo$Status
instanceKlass ghidra/program/model/lang/DecompilerLanguage
instanceKlass java/security/DrbgParameters$Capability
instanceKlass db/buffers/BufferMgr$PreCacheStatus
instanceKlass ghidra/framework/model/DomainObjectEvent
instanceKlass ghidra/pcodeCPort/slghsymbol/symbol_type
instanceKlass ghidra/pcodeCPort/opcodes/OpCode
instanceKlass ghidra/pcodeCPort/semantics/ConstTpl$const_type
instanceKlass ghidra/pcodeCPort/semantics/ConstTpl$v_field
instanceKlass generic/stl/RedBlackNode$NodeColor
instanceKlass ghidra/pcodeCPort/space/spacetype
instanceKlass ghidra/program/model/lang/StorageClass
instanceKlass ghidra/program/model/lang/InputListType
instanceKlass ghidra/app/plugin/processors/sleigh/UniqueLayout
instanceKlass ghidra/util/datastruct/RedBlackEntry$NodeColor
instanceKlass ghidra/app/util/bin/format/unixaout/UnixAoutHeader$AoutType
instanceKlass ghidra/program/model/data/StringLayoutEnum
instanceKlass ghidra/program/model/data/RenderUnicodeSettingsDefinition$RENDER_ENUM
instanceKlass ghidra/program/model/data/TranslationSettingsDefinition$TRANSLATION_ENUM
instanceKlass ghidra/program/model/data/PointerType
instanceKlass ghidra/app/util/opinion/PeLoader$CompilerOpinion$CompilerEnum
instanceKlass ghidra/app/util/bin/format/pe/PortableExecutable$SectionLayout
instanceKlass ghidra/program/model/lang/Endian
instanceKlass utilities/util/FileResolutionResult$FileResolutionStatus
instanceKlass utilities/util/reflection/ReflectionUtilities$StackElementMatcher$Content
instanceKlass utilities/util/reflection/ReflectionUtilities$StackElementMatcher$Match
instanceKlass ghidra/trace/model/target/info/TraceObjectInterfaceUtils
instanceKlass ghidra/trace/model/target/schema/TraceObjectSchema$Hidden
instanceKlass ghidra/trace/model/TraceExecutionState
instanceKlass ghidra/trace/model/target/schema/PrimitiveTraceObjectSchema
instanceKlass ghidra/app/util/opinion/LoaderTier
instanceKlass org/apache/commons/io/FileSystem
instanceKlass ghidra/framework/store/FileSystemEventManager$ThreadState
instanceKlass ghidra/util/PropertyFile$PropertyEntryType
instanceKlass generic/theme/LafType
instanceKlass ghidra/framework/Architecture
instanceKlass ghidra/framework/Platform
instanceKlass sun/awt/AppContext$State
instanceKlass org/jdom2/AttributeType
instanceKlass org/jdom2/Content$CType
instanceKlass jdk/xml/internal/JdkProperty$ImplPropMap
instanceKlass org/jdom2/input/sax/XMLReaders
instanceKlass javax/lang/model/SourceVersion
instanceKlass ghidra/app/plugin/core/osgi/GhidraBundle$Type
instanceKlass org/apache/felix/resolver/ResolverImpl$PermutationType
instanceKlass java/nio/file/FileTreeWalker$EventType
instanceKlass java/nio/file/FileVisitOption
instanceKlass java/security/Provider$OPType
instanceKlass jdk/internal/icu/util/CodePointTrie$ValueWidth
instanceKlass jdk/internal/icu/util/CodePointTrie$Type
instanceKlass java/text/Normalizer$Form
instanceKlass sun/security/rsa/RSAUtil$KeyType
instanceKlass org/apache/commons/collections4/map/AbstractReferenceMap$ReferenceStrength
instanceKlass sun/security/ssl/NamedGroup
instanceKlass sun/security/ssl/NamedGroup$NamedGroupSpec
instanceKlass sun/security/ssl/CipherSuite$KeyExchange
instanceKlass sun/security/ssl/CipherSuite$MacAlg
instanceKlass sun/security/ssl/CipherSuite$HashAlg
instanceKlass sun/security/ssl/CipherType
instanceKlass sun/security/ssl/SSLCipher
instanceKlass sun/security/ssl/CipherSuite
instanceKlass java/security/CryptoPrimitive
instanceKlass sun/security/ssl/SSLScope
instanceKlass sun/security/util/DisabledAlgorithmConstraints$Constraint$Operator
instanceKlass sun/security/ssl/ProtocolVersion
instanceKlass sun/security/util/KnownOIDs
instanceKlass com/google/gson/ReflectionAccessFilter$FilterResult
instanceKlass com/google/gson/stream/JsonToken
instanceKlass com/google/gson/ToNumberPolicy
instanceKlass com/google/gson/FieldNamingPolicy
instanceKlass com/google/gson/LongSerializationPolicy
instanceKlass com/google/gson/Strictness
instanceKlass java/lang/Character$UnicodeScript
instanceKlass java/io/ObjectInputFilter$Status
instanceKlass org/apache/logging/log4j/core/config/LoggerConfig$LoggerConfigPredicate
instanceKlass java/lang/invoke/MethodHandleImpl$ArrayAccess
instanceKlass org/apache/logging/log4j/core/Filter$Result
instanceKlass org/apache/logging/log4j/core/appender/rolling/RolloverFrequency
instanceKlass org/apache/logging/log4j/core/appender/rolling/FileExtension
instanceKlass java/nio/file/AccessMode
instanceKlass java/math/RoundingMode
instanceKlass sun/util/locale/provider/LocaleProviderAdapter$Type
instanceKlass java/time/format/TextStyle
instanceKlass java/time/format/DateTimeFormatterBuilder$SettingsParser
instanceKlass java/time/format/ResolverStyle
instanceKlass java/time/format/SignStyle
instanceKlass java/time/temporal/JulianFields$Field
instanceKlass java/time/temporal/IsoFields$Unit
instanceKlass java/time/temporal/IsoFields$Field
instanceKlass java/time/temporal/ChronoField
instanceKlass java/time/temporal/ChronoUnit
instanceKlass org/apache/logging/log4j/core/pattern/NameAbbreviator$MaxElementAbbreviator$Strategy
instanceKlass org/apache/logging/log4j/core/pattern/PatternParser$ParserState
instanceKlass java/lang/annotation/ElementType
instanceKlass java/util/Locale$Category
instanceKlass javax/xml/catalog/CatalogFeatures$State
instanceKlass com/sun/org/apache/xerces/internal/impl/XMLScanner$NameType
instanceKlass com/sun/org/apache/xerces/internal/util/Status
instanceKlass com/sun/org/apache/xerces/internal/utils/XMLSecurityManager$NameMap
instanceKlass com/sun/org/apache/xerces/internal/utils/XMLSecurityManager$Limit
instanceKlass javax/xml/catalog/CatalogFeatures$Feature
instanceKlass com/sun/org/apache/xerces/internal/utils/XMLSecurityPropertyManager$Property
instanceKlass com/sun/org/apache/xerces/internal/utils/XMLSecurityPropertyManager$State
instanceKlass jdk/xml/internal/XMLSecurityManager$NameMap
instanceKlass jdk/xml/internal/JdkProperty$State
instanceKlass jdk/xml/internal/XMLSecurityManager$Processor
instanceKlass jdk/xml/internal/XMLSecurityManager$Limit
instanceKlass java/lang/reflect/ProxyGenerator$PrimitiveTypeInfo
instanceKlass java/lang/annotation/RetentionPolicy
instanceKlass org/apache/logging/log4j/core/appender/ConsoleAppender$Target
instanceKlass org/apache/logging/log4j/core/async/ThreadNameCachingStrategy
instanceKlass org/apache/logging/log4j/core/LifeCycle$State
instanceKlass java/lang/StackStreamFactory$WalkerState
instanceKlass java/lang/StackWalker$ExtendedOption
instanceKlass java/lang/StackWalker$Option
instanceKlass java/util/regex/Pattern$Qtype
instanceKlass org/apache/logging/log4j/spi/StandardLevel
instanceKlass ghidra/app/util/headless/AnalyzeHeadless$Arg
instanceKlass java/util/stream/Collector$Characteristics
instanceKlass java/util/stream/MatchOps$MatchKind
instanceKlass java/util/stream/StreamShape
instanceKlass ghidra/framework/OperatingSystem
instanceKlass java/awt/desktop/UserSessionEvent$Reason
instanceKlass sun/font/EAttribute
instanceKlass sun/awt/OSInfo$OSType
instanceKlass jdk/internal/util/OperatingSystem
instanceKlass sun/java2d/StateTrackable$State
instanceKlass jdk/internal/logger/BootstrapLogger$LoggingBackend
instanceKlass java/util/stream/StreamOpFlag$Type
instanceKlass java/util/stream/StreamOpFlag
instanceKlass java/lang/System$Logger$Level
instanceKlass sun/util/logging/PlatformLogger$Level
instanceKlass java/lang/invoke/MethodHandles$Lookup$ClassOption
instanceKlass java/lang/invoke/VarHandle$AccessType
instanceKlass java/lang/invoke/VarHandle$AccessMode
instanceKlass java/lang/invoke/MethodHandleImpl$Intrinsic
instanceKlass java/lang/invoke/LambdaForm$BasicType
instanceKlass java/lang/invoke/LambdaForm$Kind
instanceKlass sun/invoke/util/Wrapper
instanceKlass java/util/zip/ZipCoder$Comparison
instanceKlass java/nio/file/LinkOption
instanceKlass sun/nio/fs/WindowsPathType
instanceKlass java/nio/file/StandardOpenOption
instanceKlass java/util/concurrent/TimeUnit
instanceKlass java/io/File$PathStatus
instanceKlass java/lang/module/ModuleDescriptor$Requires$Modifier
instanceKlass java/lang/reflect/AccessFlag$Location
instanceKlass java/lang/reflect/AccessFlag
instanceKlass java/lang/module/ModuleDescriptor$Modifier
instanceKlass java/lang/reflect/ClassFileFormatVersion
instanceKlass java/lang/Thread$State
ciInstanceKlass java/lang/Enum 1 1 204 9 7 12 1 1 1 9 12 1 1 10 7 12 1 1 1 9 12 1 10 7 12 1 1 1 100 1 10 10 12 1 1 10 12 1 100 1 10 10 7 12 1 1 10 12 1 1 18 12 1 1 10 100 12 1 1 1 10 12 1 1 11 7 12 1 1 1 100 1 8 1 10 12 1 100 1 100 1 10 8 1 10 12 1 1 10 12 1 1 8 1 10 12 1 10 100 1 8 1 10 10 12 1 1 10 100 12 1 1 1 100 1 100 1 100 1 1 1 1 1 1 1 1 1 1 1 1 1 1 1 1 1 1 1 1 1 1 1 1 1 1 1 1 1 1 1 1 1 1 1 1 1 1 1 1 1 1 1 1 1 1 1 3 1 1 1 1 100 1 100 1 1 100 1 1 1 1 1 1 1 1 1 1 1 16 15 10 12 16 15 10 100 12 1 1 1 1 1 100 1 100 1 1
ciInstanceKlass java/util/jar/Manifest 1 1 339 10 7 12 1 1 1 7 1 10 9 7 12 1 1 1 7 1 10 9 12 1 1 9 12 1 1 10 12 1 10 12 1 1 10 12 1 1 10 12 1 1 10 12 1 1 11 7 1 11 12 1 1 10 12 1 1 10 100 12 1 1 1 100 1 100 1 10 8 1 10 12 1 1 10 12 1 1 10 12 1 10 12 1 11 100 1 10 12 1 10 12 1 1 11 12 1 1 10 12 1 11 12 1 1 11 100 12 1 1 1 11 100 12 1 1 11 12 1 1 100 1 10 12 1 8 1 11 12 1 7 1 10 12 1 1 11 12 1 10 12 1 10 12 1 10 100 12 1 1 1 8 1 10 12 1 1 10 9 7 12 1 1 1 10 12 1 1 10 100 12 1 10 12 1 10 12 1 9 100 12 1 1 1 8 1 10 12 1 8 1 8 1 7 1 10 12 1 10 12 1 10 12 1 1 100 1 8 1 10 12 1 1 8 1 10 10 12 1 1 8 1 10 12 1 1 10 7 12 1 1 1 10 12 1 10 11 12 1 1 10 12 1 10 7 12 1 1 1 10 12 1 1 10 12 1 10 12 1 1 11 10 12 1 11 10 12 1 100 1 1 1 1 1 1 1 1 1 1 1 1 1 1 1 1 1 1 1 1 1 1 1 1 1 1 1 1 1 1 1 1 1 1 1 1 1 1 1 1 1 1 1 100 1 1 1 1 1 1 1 1 1 1 1 1 1 1 100 1 1 1 1 1 1 1 1 1 1 1
instanceKlass jdk/internal/loader/ClassLoaders$BootClassLoader
instanceKlass jdk/internal/loader/ClassLoaders$PlatformClassLoader
instanceKlass jdk/internal/loader/ClassLoaders$AppClassLoader
ciInstanceKlass jdk/internal/loader/BuiltinClassLoader 1 1 737 9 7 12 1 1 1 10 7 12 1 1 1 10 7 12 1 1 1 9 12 1 1 9 12 1 1 7 1 10 12 1 9 12 1 10 12 1 9 12 1 10 7 12 1 1 1 10 7 12 1 1 1 10 7 12 1 1 1 11 7 12 1 1 1 100 1 100 1 10 10 12 1 1 8 1 10 12 1 10 12 7 1 10 12 1 10 12 1 1 11 7 12 1 1 1 11 7 12 1 1 1 11 12 1 1 7 1 8 1 8 1 10 9 12 1 1 10 7 12 1 1 11 12 1 1 10 12 1 1 10 12 1 1 10 12 1 1 10 7 12 1 1 1 10 12 1 10 100 12 1 1 1 10 12 1 1 11 7 12 1 1 1 10 7 12 1 1 7 1 10 7 12 1 1 1 10 12 1 100 1 8 1 10 12 1 1 10 8 1 10 12 1 1 10 12 1 1 10 12 1 1 11 7 12 1 1 11 12 1 7 1 10 11 12 1 1 11 10 12 1 1 7 1 10 12 1 10 7 12 1 10 12 1 7 1 10 12 1 10 7 12 1 1 1 100 1 10 12 1 1 11 12 1 100 1 100 1 10 12 1 10 12 1 1 100 1 100 1 10 12 1 10 12 1 18 12 1 1 10 12 1 10 12 1 1 18 100 1 10 7 12 1 1 1 7 1 10 10 12 1 1 10 12 1 1 10 12 1 1 10 12 1 9 12 1 1 100 1 10 10 12 1 1 10 12 1 1 10 12 1 10 12 10 12 1 1 10 12 1 1 10 12 1 1 10 12 1 10 12 1 1 18 12 1 7 1 10 12 1 1 10 12 1 10 12 1 1 10 12 1 100 1 10 12 1 7 1 10 12 1 10 7 12 1 1 1 10 12 1 11 12 1 7 1 10 12 1 7 1 100 1 10 12 1 10 12 1 11 12 1 1 10 12 1 1 10 12 1 1 10 12 1 1 10 12 1 1 10 12 1 10 12 1 10 12 1 10 12 1 8 1 10 12 1 1 10 7 12 1 1 10 12 1 100 1 8 1 8 1 10 10 12 1 8 1 8 1 10 7 12 1 1 1 11 7 12 1 1 1 9 7 12 1 1 1 10 7 12 1 1 1 9 12 1 9 12 1 9 12 1 9 12 1 9 12 1 9 12 1 10 7 12 1 1 1 8 1 10 12 1 7 1 10 12 1 1 10 12 1 7 1 10 11 12 1 1 10 12 10 12 1 10 12 1 100 1 10 12 1 10 12 1 10 10 12 1 10 7 12 1 1 8 1 10 7 12 1 1 10 12 1 1 1 1 1 1 1 1 1 1 1 1 1 1 1 1 1 1 1 1 1 1 1 1 1 1 1 1 1 1 1 1 1 1 1 1 1 1 1 1 1 1 1 1 1 1 1 1 1 1 1 1 1 1 1 1 100 1 1 1 1 1 1 1 1 1 1 1 1 1 1 1 1 1 1 100 1 100 1 1 1 1 1 1 1 1 1 1 1 1 1 1 1 1 1 1 1 1 1 1 1 1 1 1 1 1 1 1 1 1 1 1 1 1 1 1 1 1 1 1 1 1 1 1 1 1 1 1 1 100 1 1 16 15 10 12 16 15 10 12 16 15 10 12 16 1 15 10 100 12 1 1 1 1 1 100 1 1 1 1 1 100 1 100 1 1
staticfield jdk/internal/loader/BuiltinClassLoader packageToModule Ljava/util/Map; java/util/concurrent/ConcurrentHashMap
staticfield jdk/internal/loader/BuiltinClassLoader $assertionsDisabled Z 1
ciInstanceKlass jdk/internal/loader/ClassLoaders 1 1 183 10 100 12 1 1 1 10 7 12 1 1 1 10 12 1 1 10 100 12 1 1 1 9 7 12 1 1 1 9 12 1 1 9 12 1 1 7 1 11 100 12 1 1 1 100 1 11 12 1 1 11 12 1 1 10 100 12 1 1 1 10 100 12 1 1 1 100 1 100 1 10 7 12 1 1 1 9 12 1 1 10 12 1 1 7 1 10 12 1 1 10 12 1 7 1 8 1 10 7 12 1 1 1 10 12 1 1 7 1 10 12 1 10 12 1 10 12 1 8 1 10 7 12 1 1 8 1 8 1 10 12 1 7 1 10 12 1 10 12 1 10 12 1 1 1 1 1 1 1 1 1 1 1 1 1 1 1 1 1 1 1 1 100 1 1 1 1 1 1 1 1 1 1 1 1 1 1 1 1 1 1 1
staticfield jdk/internal/loader/ClassLoaders JLA Ljdk/internal/access/JavaLangAccess; java/lang/System$2
staticfield jdk/internal/loader/ClassLoaders BOOT_LOADER Ljdk/internal/loader/ClassLoaders$BootClassLoader; jdk/internal/loader/ClassLoaders$BootClassLoader
staticfield jdk/internal/loader/ClassLoaders PLATFORM_LOADER Ljdk/internal/loader/ClassLoaders$PlatformClassLoader; jdk/internal/loader/ClassLoaders$PlatformClassLoader
staticfield jdk/internal/loader/ClassLoaders APP_LOADER Ljdk/internal/loader/ClassLoaders$AppClassLoader; jdk/internal/loader/ClassLoaders$AppClassLoader
ciInstanceKlass jdk/internal/loader/ClassLoaders$AppClassLoader 1 1 119 8 1 10 7 12 1 1 1 10 7 12 1 1 1 10 100 12 1 1 1 10 12 1 1 10 100 12 1 1 1 10 12 1 1 10 12 1 1 7 1 8 1 10 12 10 7 12 1 1 1 10 100 12 1 1 10 12 1 1 10 12 1 1 10 7 12 1 1 1 100 1 10 12 1 1 1 1 1 1 1 1 1 1 1 1 1 1 1 1 1 1 1 1 1 100 1 1 1 1 1 1 1 1 1 1 1 1 1 1 1 1 1 1 1 100 1 1 1
ciInstanceKlass jdk/internal/loader/ClassLoaders$PlatformClassLoader 1 1 42 8 1 10 7 12 1 1 1 10 7 12 1 1 1 100 1 10 12 1 100 1 1 1 1 1 1 1 1 1 1 1 1 1 1 100 1 1 1 100 1 1
ciInstanceKlass java/security/CodeSource 1 1 398 10 7 12 1 1 1 9 7 12 1 1 1 9 12 1 1 9 12 1 1 9 12 1 1 10 7 12 1 1 1 9 12 1 1 10 7 12 1 1 10 7 10 100 12 1 1 1 10 100 12 1 1 1 10 12 1 1 7 1 10 10 7 12 1 1 1 10 7 12 1 1 1 10 12 1 1 100 1 10 12 1 1 10 12 1 1 10 12 1 1 10 12 1 10 10 10 12 1 1 10 100 12 1 1 1 10 12 1 10 12 1 10 12 1 8 1 10 12 1 10 12 1 10 12 1 1 10 12 1 8 1 10 12 1 1 10 100 1 10 10 12 1 1 8 1 10 12 1 10 12 1 10 12 1 8 1 8 1 9 12 1 1 100 1 8 1 10 12 1 10 12 1 1 8 1 10 12 1 8 1 8 1 8 1 10 100 12 1 1 10 12 1 1 10 12 1 10 12 1 1 10 12 1 1 10 12 1 1 100 1 100 1 10 12 1 10 12 10 12 1 1 10 100 12 1 1 10 12 1 100 1 10 12 10 100 12 1 1 1 10 8 1 10 12 1 10 12 1 10 12 1 1 100 1 10 12 1 1 100 1 100 1 8 1 8 1 10 10 12 1 1 10 100 12 1 1 1 100 1 10 12 10 12 1 1 11 100 12 1 1 10 10 12 1 11 10 12 1 8 1 100 1 10 12 1 10 12 1 1 10 12 1 11 12 1 1 100 1 1 1 1 5 0 1 1 1 1 1 1 1 1 1 1 1 1 1 1 1 1 1 1 1 1 1 1 1 1 1 1 1 1 1 1 1 1 1 1 1 1 1 1 1 1 1 1 1 1 1 1 1 1 1 1 1 1 1 1 1 1 1 1 1 1 1 1 1 1 1 1 100 1 1 1 1 1 1 1
ciInstanceKlass java/util/concurrent/ConcurrentMap 1 1 208 11 100 12 1 1 1 10 100 12 1 1 11 12 1 1 11 100 12 1 1 1 11 100 12 1 1 1 11 12 1 1 100 1 11 12 1 11 12 1 100 1 11 100 12 1 1 1 18 12 1 11 12 1 1 11 100 12 1 1 11 12 1 1 11 100 12 1 11 12 1 1 11 12 1 1 100 1 100 1 1 1 1 1 1 1 1 1 1 1 1 1 1 1 1 1 1 1 1 1 1 1 1 1 1 1 1 1 1 1 1 1 1 1 1 1 1 1 1 1 1 1 1 1 1 1 1 1 1 1 1 1 1 1 1 1 1 1 1 16 15 11 12 15 10 100 12 1 1 1 1 1 100 1 100 1 1 1 100 1 8 1 1 12 10 1 1 1 8 1 1 1 8 1 1 8 1 1 1 8 1 1 1 8 1 1 1 8 1 1 1 8 1 1 1 8 1 1 1 8 1 1 1 8 1 1 8 1
instanceKlass java/util/TreeMap$NavigableSubMap
instanceKlass com/google/common/collect/Maps$IteratorBasedAbstractMap
instanceKlass org/apache/felix/resolver/util/ArrayMap
instanceKlass org/apache/commons/collections4/map/AbstractHashedMap
instanceKlass java/util/concurrent/ConcurrentSkipListMap
instanceKlass java/util/Collections$SingletonMap
instanceKlass java/util/EnumMap
instanceKlass sun/awt/SoftCache
instanceKlass java/util/TreeMap
instanceKlass java/util/IdentityHashMap
instanceKlass java/util/WeakHashMap
instanceKlass java/util/Collections$EmptyMap
instanceKlass sun/util/PreHashedMap
instanceKlass java/util/HashMap
instanceKlass java/util/ImmutableCollections$AbstractImmutableMap
instanceKlass java/util/concurrent/ConcurrentHashMap
ciInstanceKlass java/util/AbstractMap 1 1 196 10 7 12 1 1 1 10 7 12 1 1 1 11 7 12 1 1 1 10 11 12 1 1 11 7 12 1 1 1 11 12 1 1 7 1 11 12 1 10 12 1 1 11 12 1 100 1 10 11 12 1 11 7 1 10 12 1 1 11 12 1 9 12 1 1 7 1 10 12 1 9 12 1 1 7 1 10 11 11 12 1 1 11 12 1 100 1 100 1 11 12 1 8 1 100 1 10 10 12 1 1 8 1 10 12 1 10 12 1 1 10 12 1 1 1 1 1 1 1 1 1 1 1 1 1 1 1 1 1 1 1 1 1 1 1 1 1 1 1 1 1 1 1 1 1 1 1 1 1 1 1 1 100 1 1 1 1 1 1 1 100 1 1 1 1 1 1 1 1 1 100 1 1 1 1 1 1 1 1 1 100 1 100 1 100 1 100 1 100 1 1 1 1 1 1
ciInstanceKlass java/util/concurrent/ConcurrentHashMap 1 1 1210 7 1 7 1 3 10 12 1 1 3 100 1 10 7 12 1 1 1 100 1 10 100 12 1 1 1 100 1 11 12 1 1 11 12 1 11 12 1 1 9 12 1 1 9 12 1 1 9 12 1 10 7 12 1 1 1 7 1 10 12 1 1 10 12 1 1 10 7 12 1 1 1 4 10 12 1 9 12 1 10 12 1 1 100 1 10 5 0 10 12 1 10 12 1 1 5 0 10 12 1 1 10 12 1 9 12 1 1 10 12 1 1 9 12 1 9 12 1 1 10 12 1 1 9 12 1 10 12 1 1 9 12 1 1 10 12 1 1 100 1 10 7 1 10 12 1 10 12 1 1 10 12 1 1 10 12 1 1 10 12 1 10 12 1 1 10 12 1 1 100 1 10 12 1 1 7 1 100 1 8 1 10 12 1 10 12 1 1 10 12 1 1 11 7 12 1 1 10 12 1 1 11 12 1 1 11 7 12 1 1 1 11 7 12 1 1 1 11 12 1 7 1 11 12 1 11 12 1 10 12 1 1 10 12 1 1 9 12 1 1 10 100 12 1 1 1 9 10 12 1 1 9 12 1 10 12 1 1 5 0 9 12 1 1 7 1 10 12 1 9 12 1 1 7 1 10 12 1 9 12 1 7 1 10 100 1 10 10 12 1 1 8 1 10 12 1 10 12 1 1 11 100 1 10 12 1 10 100 12 1 1 1 8 1 10 100 12 1 1 1 8 1 10 12 1 8 1 10 12 1 10 12 1 1 10 100 12 1 1 10 12 1 10 12 1 10 12 1 9 12 1 9 10 12 1 9 12 1 1 11 7 12 1 1 1 11 7 12 1 1 1 100 1 10 12 11 100 12 1 1 10 11 7 12 1 10 12 1 100 1 10 12 1 100 1 10 10 9 7 12 1 1 1 10 12 3 10 100 12 1 1 9 12 1 10 12 1 1 9 12 1 1 9 12 1 10 12 1 1 10 100 12 1 1 9 12 1 9 7 12 1 1 10 12 1 1 10 12 1 3 9 12 1 9 12 1 10 12 1 1 7 1 9 3 9 12 1 100 1 10 12 1 9 12 1 10 12 1 9 12 1 10 12 1 9 12 1 10 100 12 1 1 1 100 10 12 1 100 1 5 0 10 100 12 1 1 100 1 10 12 1 1 10 12 1 10 12 1 100 1 10 12 1 10 100 1 100 1 10 10 12 1 10 100 1 10 12 1 10 100 1 10 12 1 10 100 1 10 12 1 1 100 1 10 12 1 10 10 12 1 100 1 10 12 1 10 10 12 1 100 1 10 12 1 10 100 1 10 12 1 10 100 1 10 12 1 10 100 1 10 12 1 10 100 1 10 12 1 10 100 1 10 12 1 10 100 1 10 12 1 10 100 1 10 12 1 10 100 1 10 10 100 1 10 10 100 1 10 10 100 1 10 12 1 10 100 1 10 12 1 10 100 1 10 12 1 10 100 1 10 12 1 10 100 1 10 12 1 10 100 1 10 10 100 1 10 10 100 1 10 10 100 1 10 12 1 10 100 1 10 12 1 10 100 1 10 12 1 10 100 1 10 12 1 10 100 1 10 12 1 10 10 12 1 10 7 12 1 1 1 10 12 1 7 1 7 1 10 12 1 9 12 1 1 9 12 1 1 10 12 1 1 8 10 12 1 1 8 8 8 8 7 10 12 1 1 10 12 1 100 1 8 1 10 7 1 100 1 100 1 1 1 5 0 1 1 3 1 3 1 1 1 1 3 1 3 1 3 1 1 1 1 1 3 1 3 1 3 1 1 1 1 1 1 1 1 1 1 1 1 1 1 1 1 1 1 1 1 1 1 1 1 1 100 1 1 1 1 1 1 1 1 1 1 1 1 1 1 1 1 1 1 1 1 1 1 1 1 1 1 1 1 1 1 1 1 1 1 1 1 1 1 1 1 1 1 1 1 1 1 1 1 1 1 1 1 1 1 1 1 1 1 1 1 1 1 1 1 1 1 1 1 1 1 1 1 1 1 1 1 1 1 1 1 1 1 1 1 100 1 1 1 1 1 1 1 1 1 1 1 100 1 1 1 1 1 1 1 1 1 1 1 1 1 1 1 1 1 1 1 1 1 1 1 1 1 1 1 1 1 1 1 1 1 1 1 1 1 1 1 1 1 1 1 1 1 1 1 1 1 1 1 1 1 1 1 1 1 1 1 1 1 1 1 1 1 1 1 1 1 1 1 1 1 1 1 1 1 1 1 1 1 1 1 1 1 1 1 1 1 1 1 1 1 1 1 1 1 1 1 1 1 1 1 1 1 1 1 1 1 1 1 1 1 1 1 1 1 1 1 1 1 1 1 1 1 1 1 1 1 1 1 1 1 1 1 1 1 1 1 1 1 1 1 1 1 1 1 1 1 1 1 1 1 1 1 1 1 1 1 1 1 1 1 1 1 1 1 1 1 1 1 1 1 1 1 1 1 1 1 1 1 1 1 1 1 1 1 1 1 1 1 1 1 1 1 1 1 1 1 1 1 1 1 1 1 1 1 1 1 1 1 1 1 1 1 1 1 1 1 1 1 1 1 100 1 100 1 100 1 100 1 100 1 100 1 100 1 100 1 100 1 1 1 1 1 1 1 1 1 1 1 1 1 1 1 1 1 1 1 1 1 1 1 1 1 1 1 1 1 1 1 1 1 1 1 1 1 1 1 1 1 1 1 1 1 1 1 1 1 1 1 1 1 1 1 1 1 1
staticfield java/util/concurrent/ConcurrentHashMap NCPU I 24
staticfield java/util/concurrent/ConcurrentHashMap serialPersistentFields [Ljava/io/ObjectStreamField; 3 [Ljava/io/ObjectStreamField;
staticfield java/util/concurrent/ConcurrentHashMap U Ljdk/internal/misc/Unsafe; jdk/internal/misc/Unsafe
staticfield java/util/concurrent/ConcurrentHashMap SIZECTL J 20
staticfield java/util/concurrent/ConcurrentHashMap TRANSFERINDEX J 32
staticfield java/util/concurrent/ConcurrentHashMap BASECOUNT J 24
staticfield java/util/concurrent/ConcurrentHashMap CELLSBUSY J 36
staticfield java/util/concurrent/ConcurrentHashMap CELLVALUE J 144
staticfield java/util/concurrent/ConcurrentHashMap ABASE I 16
staticfield java/util/concurrent/ConcurrentHashMap ASHIFT I 2
ciInstanceKlass java/lang/Iterable 1 1 62 10 7 12 1 1 1 11 7 12 1 1 1 11 7 12 1 1 1 11 12 1 1 11 7 12 1 1 1 10 7 12 1 1 1 100 1 1 1 1 1 1 1 1 1 1 1 1 1 1 1 1 1 1 1 1 1 1 1 1 1 1
ciInstanceKlass java/util/Collection 1 1 115 11 7 12 1 1 1 7 1 11 7 12 1 1 1 10 7 12 1 1 1 11 12 1 1 11 7 12 1 1 1 11 12 1 1 11 7 12 1 1 1 11 12 1 1 10 7 12 1 1 1 11 12 1 10 7 12 1 1 1 100 1 100 1 1 1 1 1 1 1 1 1 1 1 1 1 1 1 1 1 1 1 1 1 1 1 1 1 1 1 1 1 1 1 1 1 1 1 1 1 1 1 1 1 1 1 1 1 1 1 1 1 1 1 1
ciInstanceKlass java/util/SequencedCollection 1 1 109 100 1 10 12 1 1 11 100 12 1 1 1 11 100 12 1 1 1 11 12 1 1 11 12 1 100 1 100 1 1 1 1 1 1 1 1 1 1 1 1 1 1 1 1 1 1 1 1 1 1 1 1 1 1 1 1 1 100 1 8 1 1 12 10 1 1 1 8 1 1 1 8 1 1 1 8 1 1 1 8 1 1 8 1 1 1 8 1 1 8 1 1 1 8 1 1 8 1 1 1 8 1 1 8 1 1 8 1
ciInstanceKlass java/util/List 1 1 251 10 100 12 1 1 1 11 100 12 1 1 1 11 100 12 1 1 1 11 12 1 1 11 100 12 1 1 11 12 1 1 11 12 1 1 10 100 12 1 1 1 7 1 7 1 10 12 1 1 100 1 10 100 12 1 1 1 11 12 1 1 11 12 1 11 12 1 100 1 10 12 1 11 12 1 1 11 12 1 1 11 12 1 10 100 12 1 1 1 9 7 12 1 1 1 7 1 10 12 10 12 1 7 1 10 12 1 1 10 12 1 10 12 1 1 11 12 1 1 100 1 1 1 1 1 1 1 1 1 1 1 1 1 1 1 1 1 1 1 1 1 1 1 1 1 1 1 1 1 1 1 1 1 1 1 1 1 1 1 1 1 1 1 1 100 1 100 1 1 1 1 1 1 1 1 1 1 1 1 1 1 1 1 1 1 1 1 1 1 1 1 1 1 1 1 1 1 1 1 1 1 1 1 1 1 1 1 1 1 1 1 1 1 1 1 1 1 1 1 1 1 1 1 1 1 1 1 1 1 1 1 1 1 1 1 1 1 1 1 1 1 1 1 100 1 1 100 1 1 1
ciInstanceKlass java/util/RandomAccess 1 0 7 100 1 100 1 1 1
instanceKlass java/util/Hashtable$ValueCollection
instanceKlass java/util/AbstractMap$2
instanceKlass org/apache/felix/resolver/util/OpenHashMap$AbstractObjectCollection
instanceKlass org/apache/commons/collections4/map/AbstractHashedMap$Values
instanceKlass java/util/IdentityHashMap$Values
instanceKlass java/util/WeakHashMap$Values
instanceKlass org/apache/logging/log4j/ThreadContext$EmptyThreadContextStack
instanceKlass java/util/LinkedHashMap$LinkedValues
instanceKlass java/util/TreeMap$Values
instanceKlass java/util/concurrent/ConcurrentLinkedDeque
instanceKlass java/util/AbstractQueue
instanceKlass java/util/HashMap$Values
instanceKlass java/util/ArrayDeque
instanceKlass java/util/AbstractSet
instanceKlass java/util/ImmutableCollections$AbstractImmutableCollection
instanceKlass java/util/AbstractList
ciInstanceKlass java/util/AbstractCollection 1 1 160 10 7 12 1 1 1 10 7 12 1 1 1 10 12 1 1 11 7 12 1 1 1 11 12 1 1 10 12 1 1 10 100 12 1 1 1 10 12 1 1 10 12 1 1 10 7 12 1 1 10 7 12 1 1 1 7 1 10 100 12 1 1 1 10 100 12 1 1 1 100 1 10 11 12 1 11 7 1 10 12 1 10 12 1 10 100 12 1 1 1 11 8 1 7 1 10 10 12 1 1 8 1 10 12 1 10 12 1 1 1 1 1 1 1 1 1 1 1 1 1 1 1 1 1 1 1 1 1 1 1 1 1 1 1 1 1 1 1 1 1 1 1 1 1 1 1 1 1 1 1 1 1 1 1 1 1 1 1 1
instanceKlass org/jdom2/ContentList$FilterList
instanceKlass org/jdom2/AttributeList
instanceKlass org/jdom2/ContentList
instanceKlass java/util/AbstractSequentialList
instanceKlass sun/security/jca/ProviderList$ServiceList
instanceKlass sun/security/jca/ProviderList$3
instanceKlass java/util/Collections$CopiesList
instanceKlass java/util/Collections$SingletonList
instanceKlass java/util/ArrayList$SubList
instanceKlass java/util/Vector
instanceKlass java/util/Arrays$ArrayList
instanceKlass java/util/Collections$EmptyList
instanceKlass java/util/ArrayList
ciInstanceKlass java/util/AbstractList 1 1 218 10 7 12 1 1 1 9 7 12 1 1 1 10 12 1 1 10 12 1 1 100 1 10 10 12 1 1 11 100 12 1 1 1 11 12 1 1 11 12 1 10 100 12 1 1 1 10 12 1 11 12 1 11 12 1 11 12 1 10 12 1 1 10 12 1 1 11 100 12 1 1 1 11 100 1 11 7 1 10 12 1 100 1 10 12 1 10 12 1 1 100 1 100 1 10 12 1 100 1 10 100 1 100 1 10 8 1 10 12 1 1 10 12 1 10 12 1 1 10 12 1 8 1 100 1 8 1 8 1 8 1 10 100 1 11 10 10 12 1 11 12 1 10 12 1 1 8 1 8 1 1 1 1 1 1 1 1 1 1 1 1 1 1 1 1 1 1 1 1 1 1 1 1 1 1 1 1 1 1 1 1 1 1 1 1 1 1 1 1 1 1 1 1 1 1 1 1 1 1 1 1 1 1 1 1 1 1 100 1 100 1 1 1 1 1 1 1
instanceKlass ghidra/app/plugin/processors/sleigh/SleighDebugLogger$PatternGroup
ciInstanceKlass java/util/ArrayList 1 1 509 10 7 12 1 1 1 7 1 9 7 12 1 1 1 9 12 1 100 1 100 1 10 8 1 10 12 1 1 10 12 1 10 12 1 1 10 12 1 9 12 1 11 7 12 1 1 1 9 12 1 1 11 12 1 1 7 10 7 12 1 1 1 9 12 1 10 12 1 10 12 1 1 10 7 12 1 1 1 10 7 12 1 1 1 10 12 1 1 10 12 1 1 10 12 1 1 10 12 1 10 12 1 1 100 1 100 1 10 12 1 10 10 7 12 1 1 1 10 7 12 1 1 10 12 1 100 1 10 10 12 10 12 1 1 10 12 1 1 10 12 1 10 12 10 12 1 1 7 1 10 12 1 1 10 12 1 1 10 12 1 100 1 10 11 12 1 1 11 100 12 1 1 1 11 12 1 10 12 1 10 12 1 10 12 1 1 100 1 10 12 1 1 10 10 12 1 1 10 12 1 8 1 8 1 8 1 8 1 10 12 1 1 10 12 1 1 11 12 1 100 1 10 100 12 1 1 10 12 1 10 12 1 1 10 100 12 1 1 10 12 1 10 100 12 1 1 1 11 100 12 1 1 1 10 12 1 100 1 8 1 10 100 1 10 12 1 7 1 10 12 1 10 12 1 1 7 1 10 12 1 10 12 1 1 11 7 12 1 1 7 1 10 12 1 10 12 1 1 11 7 12 1 1 10 12 1 1 10 12 1 1 10 12 1 1 10 12 1 1 11 100 12 1 1 10 12 1 1 100 1 100 1 100 1 1 1 1 5 0 1 3 1 1 1 1 1 1 1 1 1 1 1 1 1 1 1 1 1 1 1 1 1 1 1 1 1 1 1 1 1 1 1 1 1 1 1 1 1 1 1 1 1 1 1 1 1 1 1 1 1 1 1 1 1 1 1 1 1 1 1 1 1 1 1 1 1 1 1 1 1 1 1 1 1 1 1 1 1 1 1 1 1 1 1 1 1 1 1 1 1 1 1 1 1 1 1 1 1 1 1 1 1 1 1 1 100 1 1 1 1 100 1 1 1 1 1 1 1 1 1 1 1 1 1 1 1 1 1 1 1 1 1 1 1 1 1 1 1 1 1 100 1 1 1 1 1 1 1 1 1 1 1 1 1 1 1 1 1 1 100 1 100 1 1 1 1 1 1
staticfield java/util/ArrayList EMPTY_ELEMENTDATA [Ljava/lang/Object; 0 [Ljava/lang/Object;
staticfield java/util/ArrayList DEFAULTCAPACITY_EMPTY_ELEMENTDATA [Ljava/lang/Object; 0 [Ljava/lang/Object;
ciInstanceKlass java/lang/StackTraceElement 1 1 235 10 7 12 1 1 1 10 7 12 1 1 9 12 1 1 9 12 1 1 9 12 1 9 12 1 8 1 10 100 12 1 1 1 7 1 9 12 1 8 1 9 12 1 9 12 1 9 12 1 1 10 12 1 1 10 12 1 8 1 10 7 12 1 1 1 7 1 10 12 1 10 12 1 1 10 12 1 10 12 1 1 10 12 1 10 12 1 10 10 12 1 8 1 10 12 1 10 12 1 1 10 12 1 1 10 12 1 10 12 1 10 12 1 9 12 1 1 10 7 12 1 1 1 10 12 1 1 7 1 10 12 1 1 10 7 12 1 1 10 7 12 1 1 1 10 7 12 1 1 10 100 12 1 1 10 10 12 1 1 10 12 1 1 10 12 1 1 10 12 1 100 1 1 1 1 1 1 1 3 1 3 1 1 5 0 1 1 1 1 1 1 1 1 1 1 1 1 1 1 1 1 1 1 1 1 1 1 1 1 1 1 1 1 1 100 1 100 1 1 1 1 1 1 1 100 1 1 1 1 1 1 1 1 1
instanceKlass java/nio/CharBuffer
instanceKlass java/nio/IntBuffer
instanceKlass java/nio/LongBuffer
instanceKlass java/nio/ByteBuffer
ciInstanceKlass java/nio/Buffer 1 1 256 100 1 10 7 12 1 1 1 9 7 12 1 1 1 9 12 1 9 12 1 1 9 12 1 9 12 1 1 10 12 1 1 10 12 1 1 10 12 100 1 100 1 10 8 1 10 12 1 1 10 12 1 8 1 8 1 10 12 1 1 10 12 1 8 1 9 12 1 1 100 1 8 1 10 12 1 8 1 8 1 9 12 10 12 1 8 1 8 1 8 1 10 12 1 8 1 8 1 8 1 100 1 10 100 1 10 100 1 10 9 12 1 1 10 7 12 1 1 1 100 1 10 12 1 1 10 12 1 10 100 12 1 1 10 7 12 1 1 1 10 7 12 1 1 1 9 12 1 1 10 7 12 1 1 1 9 12 1 1 7 1 10 10 12 1 1 7 1 10 10 7 12 1 1 1 1 1 3 1 1 1 1 1 1 1 1 1 1 1 1 1 1 100 1 1 1 1 1 1 1 100 1 1 1 1 1 1 1 1 1 1 1 1 1 1 1 1 1 1 1 1 1 1 1 1 1 1 1 1 1 1 1 1 1 1 1 1 1 1 1 100 1 100 1 100 1 100 1 100 1 100 1 100 1 1
staticfield java/nio/Buffer UNSAFE Ljdk/internal/misc/Unsafe; jdk/internal/misc/Unsafe
staticfield java/nio/Buffer SCOPED_MEMORY_ACCESS Ljdk/internal/misc/ScopedMemoryAccess; jdk/internal/misc/ScopedMemoryAccess
staticfield java/nio/Buffer IOOBE_FORMATTER Ljava/util/function/BiFunction; jdk/internal/util/Preconditions$4
staticfield java/nio/Buffer $assertionsDisabled Z 1
ciInstanceKlass java/lang/StackWalker 1 1 271 9 7 12 1 1 1 7 1 10 7 12 1 1 1 10 12 1 1 10 7 12 1 1 1 10 12 1 1 10 12 1 11 7 12 1 1 1 10 12 1 1 10 12 1 1 10 12 1 1 100 1 8 1 10 12 1 10 12 1 10 12 1 10 7 12 1 1 9 12 1 1 9 12 1 1 9 12 1 1 9 12 1 1 10 12 1 1 9 12 1 1 9 12 1 1 9 12 1 1 10 7 12 1 1 1 11 12 1 1 100 1 8 1 10 10 100 12 1 1 9 12 1 1 10 12 1 1 10 7 12 1 1 1 10 7 12 1 1 1 18 12 1 1 100 1 8 1 10 8 1 10 12 1 1 10 100 12 1 1 1 10 12 1 1 9 7 12 1 1 11 100 12 1 1 1 10 12 1 1 1 1 1 1 1 1 1 1 1 1 1 1 1 1 1 1 1 1 1 1 1 1 1 1 1 1 1 1 1 1 1 1 1 1 1 1 1 1 1 1 1 1 1 1 1 1 1 1 1 1 1 1 1 1 1 1 1 1 1 1 1 1 1 1 100 1 1 16 15 10 12 16 1 15 10 100 12 1 1 1 1 1 1 1 1 1 100 1 100 1 1
staticfield java/lang/StackWalker DEFAULT_EMPTY_OPTION Ljava/util/EnumSet; java/util/RegularEnumSet
staticfield java/lang/StackWalker DEFAULT_WALKER Ljava/lang/StackWalker; java/lang/StackWalker
instanceKlass java/lang/StackStreamFactory$StackFrameTraverser
ciInstanceKlass java/lang/StackStreamFactory$AbstractStackWalker 1 1 375 7 1 100 1 3 10 7 12 1 1 1 10 7 12 1 1 10 7 12 1 1 1 9 12 1 1 10 12 1 1 9 12 1 1 9 12 1 1 9 12 1 1 9 12 1 10 7 12 1 1 1 10 12 1 1 10 100 12 1 1 9 12 1 1 9 12 1 1 10 12 1 1 9 7 12 1 1 1 10 12 1 1 10 12 1 9 12 1 1 10 7 12 1 1 1 10 12 1 1 9 12 1 1 9 100 12 1 1 1 100 1 10 8 1 10 12 1 1 10 12 1 8 1 10 12 1 1 10 100 12 1 1 1 100 1 8 1 10 12 1 8 1 10 12 10 7 12 1 1 9 12 1 8 1 5 0 8 1 8 1 9 12 1 1 10 12 1 1 18 12 1 1 10 100 12 1 1 1 10 12 1 1 10 12 1 10 12 1 9 12 1 10 12 1 10 12 1 10 12 1 10 12 1 10 12 1 10 12 1 1 8 1 10 12 1 10 12 1 10 12 1 10 12 1 1 8 1 10 12 1 1 10 12 1 1 10 12 1 1 10 12 1 10 12 1 10 7 12 1 1 1 10 12 1 10 12 1 9 12 1 8 1 10 12 1 10 12 1 10 12 1 1 10 12 1 10 12 1 10 12 1 1 10 12 1 10 12 1 10 12 1 10 12 1 10 12 1 10 12 1 1 10 12 1 1 10 12 1 8 1 1 1 1 1 1 1 1 1 1 1 1 1 100 1 1 1 1 1 1 1 100 1 1 1 1 100 1 1 1 1 1 1 1 1 1 1 1 1 1 1 1 1 1 1 1 16 15 15 10 100 12 1 1 1 1 1 1 1 1 100 1 100 1 1
ciInstanceKlass java/lang/StackWalker$StackFrame 1 1 41 100 1 10 12 1 1 100 1 100 1 1 1 1 1 1 1 1 1 1 1 1 1 1 1 1 1 1 1 1 1 1 1 1 1 1 1 100 1 1 1
instanceKlass java/lang/LiveStackFrameInfo
ciInstanceKlass java/lang/StackFrameInfo 1 1 142 10 7 12 1 1 1 9 7 12 1 1 1 9 7 1 9 12 1 1 11 7 12 1 1 1 9 12 1 1 11 12 1 1 10 12 1 1 10 7 12 1 1 1 10 12 1 11 12 1 11 12 1 1 11 12 1 10 12 1 1 9 12 1 1 10 12 1 1 10 100 12 1 1 10 12 1 1 11 12 1 1 9 12 1 1 10 100 1 10 12 1 9 12 1 1 10 12 1 1 100 1 8 1 10 12 1 10 7 12 1 1 1 100 1 1 1 1 1 1 1 1 1 1 1 1 1 1 1 1 1 1 100 1 1 100 1 1 1 1 1 1
staticfield java/lang/StackFrameInfo JLIA Ljdk/internal/access/JavaLangInvokeAccess; java/lang/invoke/MethodHandleImpl$1
ciInstanceKlass java/lang/LiveStackFrame 0 0 135 100 1 10 100 12 1 1 1 11 100 12 1 1 1 11 12 1 10 100 12 1 1 1 100 1 8 1 10 12 1 1 10 100 12 1 1 1 9 100 12 1 1 1 10 100 12 1 1 1 10 100 12 1 1 1 11 12 1 10 12 1 100 1 100 1 1 1 1 1 1 1 1 1 1 1 1 1 1 1 1 1 1 1 1 1 1 1 1 1 1 1 1 100 1 1 1 1 1 1 1 100 1 8 1 1 12 10 1 1 1 8 1 1 1 8 1 1 1 8 1 1 1 8 1 1 8 1 1 1 8 1 1 8 1
ciInstanceKlass java/lang/LiveStackFrameInfo 0 0 97 10 100 12 1 1 1 9 100 12 1 1 1 9 12 1 9 12 1 9 12 1 9 12 1 1 100 1 10 12 1 1 10 12 1 8 1 10 12 1 1 8 1 8 1 8 1 10 100 1 10 12 1 100 1 10 12 1 100 1 100 1 1 1 3 1 3 1 1 1 1 1 1 1 1 1 1 1 1 1 1 1 1 1 1 1 1 1 1 1 1 1 1 1 100 1 1
instanceKlass java/util/concurrent/locks/AbstractQueuedSynchronizer
ciInstanceKlass java/util/concurrent/locks/AbstractOwnableSynchronizer 1 1 32 10 7 12 1 1 1 9 7 12 1 1 1 100 1 1 1 1 5 0 1 1 1 1 1 1 1 1 1 1 1 1
ciInstanceKlass java/lang/Boolean 1 1 152 10 7 12 1 1 1 9 7 12 1 1 1 10 12 1 1 10 12 1 8 1 10 7 12 1 1 9 12 1 1 9 12 1 10 12 1 1 10 12 1 1 10 12 1 1 10 7 12 1 1 1 100 1 100 1 10 12 1 1 9 100 12 1 1 9 12 10 100 12 1 1 1 10 12 1 1 8 1 10 7 12 1 1 1 9 12 1 1 100 1 100 1 100 1 1 1 1 1 1 5 0 1 1 1 1 1 1 1 1 1 1 3 1 1 1 1 1 1 1 1 1 1 1 1 1 1 1 1 1 1 100 1 1 1 1 1 1 1 1 1 1 100 1 1 1 1 1 1 1 1 1
staticfield java/lang/Boolean TRUE Ljava/lang/Boolean; java/lang/Boolean
staticfield java/lang/Boolean FALSE Ljava/lang/Boolean; java/lang/Boolean
staticfield java/lang/Boolean TYPE Ljava/lang/Class; java/lang/Class
ciInstanceKlass java/lang/Character 1 1 604 7 1 100 1 100 1 9 12 1 1 8 1 9 12 1 1 100 1 9 12 1 1 10 100 12 1 1 1 10 100 12 1 1 1 10 100 12 1 1 1 10 7 12 1 1 1 9 7 12 1 1 1 10 12 1 10 12 1 1 10 12 1 1 10 7 12 1 1 10 12 1 1 3 3 3 3 3 10 12 1 1 10 12 1 3 11 7 12 1 1 1 11 12 1 1 10 12 1 1 10 12 1 1 100 1 10 10 12 1 3 10 12 1 1 10 12 1 10 12 1 1 100 1 8 1 10 12 1 1 10 12 1 10 12 1 10 12 1 10 100 12 1 1 1 10 12 1 10 12 1 10 12 1 1 10 12 1 10 7 12 1 1 10 10 12 1 10 10 12 1 10 12 1 1 10 12 1 10 10 12 1 10 12 1 10 12 1 10 12 1 10 12 1 10 12 1 10 12 1 10 12 10 10 12 10 10 12 1 10 10 12 1 10 10 12 1 10 10 12 1 10 12 1 10 12 1 10 12 1 10 12 1 10 12 1 10 12 1 10 10 12 1 10 10 12 1 10 10 12 1 1 10 10 12 1 10 5 0 10 12 1 10 12 1 10 10 12 1 10 10 12 1 1 10 10 12 1 10 10 12 1 9 12 1 1 100 1 10 10 12 1 10 12 1 1 3 10 100 12 1 1 1 10 12 1 10 100 12 1 1 100 1 10 10 12 1 1 10 12 1 1 10 12 1 1 8 1 10 12 1 9 100 12 1 1 1 10 12 1 10 10 12 1 10 12 1 1 10 12 1 10 10 12 1 1 10 10 12 1 1 100 1 8 1 10 12 1 1 10 7 12 1 1 1 8 1 10 12 1 1 9 12 1 1 100 1 100 1 100 1 1 1 1 3 1 3 1 3 1 3 1 1 1 1 1 3 1 1 3 1 3 1 3 1 3 1 3 1 3 1 3 1 3 1 3 1 3 1 3 1 3 1 3 1 3 1 3 1 3 1 3 1 3 1 3 1 3 1 3 1 3 1 3 1 3 1 3 1 3 1 3 1 3 1 1 1 1 1 1 1 1 1 1 1 1 1 1 1 1 1 1 1 3 1 1 1 1 1 1 1 3 1 1 3 1 1 1 1 1 3 1 1 5 0 1 1 1 1 1 1 1 1 1 1 1 1 1 1 1 1 1 1 1 1 1 1 1 1 1 1 1 1 1 1 1 1 1 1 1 1 1 1 1 1 1 1 1 1 1 1 1 1 1 1 1 1 1 1 1 1 1 1 1 1 1 1 1 1 1 1 1 1 1 1 1 1 1 1 1 1 1 1 1 1 1 1 1 1 1 1 1 1 1 1 100 1 100 1 1 1 1 1 1
staticfield java/lang/Character TYPE Ljava/lang/Class; java/lang/Class
staticfield java/lang/Character $assertionsDisabled Z 1
instanceKlass com/google/gson/internal/LazilyParsedNumber
instanceKlass java/math/BigInteger
instanceKlass java/math/BigDecimal
instanceKlass java/util/concurrent/atomic/Striped64
instanceKlass java/util/concurrent/atomic/AtomicLong
instanceKlass java/util/concurrent/atomic/AtomicInteger
instanceKlass java/lang/Long
instanceKlass java/lang/Integer
instanceKlass java/lang/Short
instanceKlass java/lang/Byte
instanceKlass java/lang/Double
instanceKlass java/lang/Float
ciInstanceKlass java/lang/Number 1 1 37 10 7 12 1 1 1 10 100 12 1 1 1 100 1 1 1 1 5 0 1 1 1 1 1 1 1 1 1 1 1 1 1 1 1 1 1
ciInstanceKlass java/lang/Float 1 1 279 7 1 100 1 10 100 12 1 1 1 10 100 12 1 1 1 4 100 1 10 12 1 1 10 12 1 1 8 1 8 1 10 100 12 1 1 1 10 12 1 1 10 12 1 1 10 100 1 4 10 7 12 1 1 9 12 1 1 10 12 1 1 10 12 1 10 10 12 1 1 10 12 1 10 12 1 3 3 100 1 4 4 4 3 10 12 1 1 9 12 1 1 100 1 10 3 3 4 4 10 12 1 3 3 3 10 12 1 1 10 12 1 1 10 12 1 10 100 12 1 1 1 10 12 1 1 10 12 1 1 10 7 12 1 1 1 8 1 10 12 1 1 9 12 1 1 100 1 100 1 100 1 1 1 1 4 1 4 1 1 1 4 1 1 3 1 3 1 3 1 3 1 3 1 1 1 1 5 0 1 1 1 1 1 1 1 1 1 1 100 1 1 1 1 1 1 1 1 1 1 1 1 1 3 1 1 1 1 1 1 1 1 1 1 1 1 1 1 1 1 1 1 1 1 1 1 1 1 1 1 1 1 1 1 1 1 1 1 1 1 1 1 1 1 1 1 1 1 1 1 1 1 1 1 1 1 1 1 1 1 1 1 1 1 1 100 1 1 1 1 1 1 1 100 1 100 1 1
staticfield java/lang/Float TYPE Ljava/lang/Class; java/lang/Class
staticfield java/lang/Float $assertionsDisabled Z 1
ciInstanceKlass java/lang/Double 1 1 290 7 1 100 1 10 7 12 1 1 1 10 12 1 1 10 100 1 10 12 1 1 10 100 12 1 1 1 6 0 8 1 10 12 1 1 8 1 10 12 1 1 8 1 6 0 10 12 1 1 100 1 5 0 5 0 8 1 8 1 10 100 12 1 1 1 10 100 12 1 1 1 8 1 10 12 1 1 8 1 8 1 8 1 10 12 1 1 10 12 1 10 12 1 1 10 12 1 10 12 1 10 12 1 1 10 12 1 10 7 1 6 0 10 7 12 1 1 9 12 1 1 10 12 1 10 12 1 10 12 1 10 12 1 10 12 1 5 0 10 12 1 1 10 12 1 10 12 1 10 100 12 1 1 1 10 12 1 1 10 12 1 1 8 1 10 7 12 1 1 1 9 12 1 1 100 1 100 1 100 1 1 1 6 0 1 6 0 1 6 0 1 1 1 6 0 1 1 3 1 3 1 3 1 3 1 3 1 1 1 1 5 0 1 1 1 1 1 1 1 1 1 1 1 1 1 1 1 1 100 1 1 1 1 1 1 1 1 1 1 1 1 3 1 1 1 1 1 1 1 1 1 1 1 1 1 1 1 1 1 1 1 1 1 1 1 1 1 1 1 1 1 1 1 1 1 1 100 1 1 1 1 1 1 1 100 1 100 1 1
staticfield java/lang/Double TYPE Ljava/lang/Class; java/lang/Class
ciInstanceKlass java/lang/Byte 1 1 213 7 1 100 1 10 100 12 1 1 1 9 12 1 1 8 1 9 12 1 1 100 1 10 12 1 1 10 12 1 1 10 100 12 1 1 1 10 100 12 1 1 1 9 7 12 1 1 1 10 12 1 1 100 1 100 1 10 12 1 1 8 1 10 12 1 1 8 1 10 12 1 10 12 1 10 12 1 10 12 1 1 10 12 1 10 12 1 10 12 1 1 10 8 1 8 1 10 7 1 9 12 1 1 10 12 1 1 10 12 1 1 10 12 1 1 10 12 1 5 0 10 12 1 1 8 1 10 7 12 1 1 1 9 12 1 1 100 1 100 1 1 1 3 1 3 1 1 1 1 3 1 3 1 1 5 0 1 1 1 1 1 1 1 1 1 1 1 1 1 1 1 1 1 1 1 1 1 1 1 1 1 1 1 1 1 1 1 1 1 1 1 1 1 1 1 1 1 1 1 1 1 1 1 1 1 1 1 1 1 1 1 1
staticfield java/lang/Byte TYPE Ljava/lang/Class; java/lang/Class
ciInstanceKlass java/lang/Short 1 1 222 7 1 100 1 100 1 10 100 12 1 1 1 10 12 1 1 100 1 100 1 10 12 1 1 8 1 10 12 1 1 8 1 10 12 1 10 12 1 10 12 1 10 12 1 1 10 12 1 1 10 12 1 9 12 1 1 8 1 9 12 1 1 100 1 10 12 1 1 10 12 1 10 100 12 1 1 1 10 100 12 1 1 1 9 7 12 1 1 1 10 12 1 10 12 1 1 10 8 1 8 1 10 7 1 9 12 1 1 10 12 1 1 10 12 1 1 10 12 1 1 10 12 1 3 3 5 0 10 12 1 1 8 1 10 7 12 1 1 1 9 12 1 1 100 1 100 1 1 1 3 1 3 1 1 1 1 3 1 3 1 1 5 0 1 1 1 1 1 1 1 1 1 1 1 1 1 1 1 1 1 1 1 1 1 1 1 1 1 1 1 3 1 1 1 1 1 1 1 1 1 1 1 1 1 1 1 1 1 1 1 1 1 1 1 1 1 1 1 1 1 1
staticfield java/lang/Short TYPE Ljava/lang/Class; java/lang/Class
ciInstanceKlass java/lang/Integer 1 1 453 7 1 100 1 7 1 7 1 10 12 1 1 9 12 1 1 9 12 1 1 10 100 12 1 1 1 10 12 1 1 10 100 12 1 1 1 10 10 12 1 1 10 100 12 1 1 1 10 12 1 10 12 1 1 10 7 12 1 1 1 10 12 1 1 10 12 1 1 10 12 1 10 12 1 10 12 1 1 10 10 12 1 9 12 1 1 9 12 1 7 1 8 1 10 12 1 100 1 10 12 1 8 1 10 12 1 1 10 12 1 8 1 10 12 1 8 1 10 12 1 1 3 10 12 1 1 3 10 12 1 1 10 12 1 1 10 7 12 1 1 1 11 7 1 10 12 1 1 11 10 12 1 1 8 1 10 12 1 1 8 1 100 1 10 12 1 1 10 12 1 1 5 0 8 1 10 12 1 10 12 1 10 12 1 10 12 1 1 7 1 9 12 1 1 9 12 1 1 10 12 1 10 7 1 9 12 1 10 12 1 10 12 1 10 12 1 1 10 7 12 1 1 1 100 1 100 1 10 12 1 1 10 12 1 1 8 1 8 1 10 12 1 1 8 1 8 1 8 1 8 1 8 1 8 1 10 12 1 10 12 1 5 0 3 3 3 3 10 12 1 10 12 1 3 10 12 1 10 100 12 1 1 1 10 12 1 1 10 12 1 1 8 1 10 7 12 1 1 1 9 12 1 1 100 1 100 1 100 1 1 1 1 3 1 1 1 3 1 3 1 1 5 0 1 1 1 1 1 1 1 1 1 100 1 1 1 1 1 1 1 1 1 1 1 1 1 1 1 1 1 1 1 1 1 1 1 1 1 1 1 1 1 1 1 1 1 1 1 1 1 1 1 1 3 1 1 1 1 1 1 1 1 1 1 1 1 1 1 1 1 100 1 1 1 1 1 1 1 1 1 1 1 1 1 1 1 1 1 1 1 1 1 1 1 1 1 1 1 1 1 1 1 1 1 1 1 1 1 1 1 1 1 1 1 1 1 1 100 1 1 1 1 1 1 1 1 1 100 1 100 1 1
staticfield java/lang/Integer TYPE Ljava/lang/Class; java/lang/Class
staticfield java/lang/Integer digits [C 36
staticfield java/lang/Integer DigitTens [B 100
staticfield java/lang/Integer DigitOnes [B 100
ciInstanceKlass java/lang/Long 1 1 524 7 1 100 1 7 1 7 1 10 12 1 1 9 12 1 1 9 7 12 1 1 1 10 100 12 1 1 1 10 12 1 1 10 100 12 1 1 1 10 10 12 10 12 1 10 12 1 10 12 1 5 0 5 0 7 1 10 12 1 1 10 12 1 1 10 12 1 10 12 1 10 12 1 10 12 1 1 10 100 12 1 1 10 12 1 10 12 1 1 10 12 1 1 10 12 1 1 10 12 1 1 10 7 12 1 1 1 10 12 1 1 10 12 1 10 12 1 10 12 1 10 12 1 1 10 10 12 1 5 0 5 0 9 12 1 1 9 12 1 5 0 100 1 8 1 10 12 1 8 1 10 12 1 8 1 8 1 10 12 1 1 5 0 10 12 1 1 5 0 10 12 1 1 10 12 1 1 10 100 12 1 1 1 11 100 1 10 12 1 1 11 10 12 1 1 8 1 10 12 1 1 8 1 100 1 10 12 1 1 10 12 1 8 1 8 1 11 12 1 1 10 12 1 10 12 1 10 12 1 5 0 5 0 9 7 12 1 1 1 10 12 1 10 12 1 1 8 1 8 1 10 12 1 1 8 1 8 1 8 1 8 1 8 1 8 1 10 12 1 10 7 1 9 12 1 1 10 12 1 10 12 1 1 10 12 1 1 10 100 12 1 1 1 100 1 100 1 10 12 1 1 10 12 1 1 5 0 10 12 1 10 12 1 5 0 5 0 5 0 10 12 1 1 10 12 1 5 0 5 0 10 12 1 10 12 1 10 100 12 1 1 1 10 12 1 1 10 12 1 1 8 1 10 7 12 1 1 1 9 12 1 1 100 1 100 1 100 1 1 1 1 5 0 1 1 1 1 3 1 3 1 5 0 1 1 1 1 1 1 1 1 1 100 1 1 1 1 1 1 1 1 1 1 1 1 1 1 1 1 1 1 1 1 1 1 1 1 1 1 1 1 1 1 1 1 1 1 1 1 1 1 1 1 1 1 1 1 1 1 1 1 1 1 1 1 1 1 1 3 1 1 1 1 1 1 1 1 1 1 1 1 1 1 1 100 1 1 1 1 1 1 1 1 1 1 1 1 1 1 1 1 1 1 1 1 1 1 1 1 1 1 1 1 1 1 1 1 1 1 1 1 1 1 1 1 1 1 1 100 1 1 1 1 1 1 1 1 1 100 1 100 1 1
staticfield java/lang/Long TYPE Ljava/lang/Class; java/lang/Class
ciInstanceKlass java/util/Iterator 1 1 53 100 1 8 1 10 12 1 1 10 7 12 1 1 1 11 7 12 1 1 1 11 12 1 1 11 7 12 1 1 1 100 1 1 1 1 1 1 1 1 1 1 1 1 1 1 1 1 1 1 1 1 1
ciInstanceKlass java/lang/reflect/RecordComponent 1 1 196 10 100 12 1 1 1 9 100 12 1 1 1 9 12 1 1 9 12 1 10 12 1 1 10 12 1 1 10 100 12 1 1 1 10 12 1 1 9 12 1 1 10 12 1 1 10 12 1 1 10 12 1 10 100 12 1 1 10 100 12 1 1 9 12 1 1 10 100 12 1 1 1 11 100 12 1 1 1 10 9 100 12 1 1 1 10 100 12 1 1 1 9 12 1 1 10 100 12 1 1 1 10 12 1 1 11 100 12 1 1 10 100 12 1 1 100 1 9 12 1 9 12 1 1 9 12 1 10 100 12 1 1 1 10 12 1 1 10 12 1 1 100 1 10 10 12 1 10 12 1 1 8 1 10 12 1 10 12 1 9 12 1 100 1 1 1 1 1 1 1 1 1 1 1 1 1 1 1 1 1 1 1 1 1 1 100 1 1 1 1 1 1 100 1 1
ciInstanceKlass jdk/internal/vm/vector/VectorSupport 0 0 573 100 1 10 100 12 1 1 1 9 12 1 1 10 12 1 1 100 1 10 12 1 11 100 12 1 1 1 11 100 12 1 1 1 11 100 12 1 1 11 100 12 1 1 11 100 12 1 1 1 11 100 12 1 1 11 100 12 1 1 11 100 12 1 1 11 100 12 1 1 11 100 12 1 1 11 100 12 1 1 11 100 12 1 1 1 11 100 12 1 1 11 100 12 1 1 1 11 100 12 1 1 1 11 100 12 1 1 11 100 12 1 1 1 11 100 12 1 1 100 1 10 12 1 1 11 100 12 1 1 11 100 12 1 1 11 100 12 1 1 11 100 12 1 1 11 100 12 1 1 11 100 12 1 1 9 12 1 1 10 100 12 1 1 11 100 12 1 1 10 12 1 1 10 100 12 1 1 1 10 12 1 10 12 1 1 10 12 1 1 1 1 1 3 1 3 1 3 1 3 1 3 1 3 1 3 1 3 1 3 1 3 1 3 1 3 1 3 1 3 1 3 1 3 1 3 1 3 1 3 1 3 1 3 1 3 1 3 1 3 1 3 1 3 1 3 1 3 1 3 1 3 1 3 1 3 1 3 1 3 1 3 1 3 1 3 1 3 1 3 1 3 1 3 1 3 1 3 1 3 1 3 1 3 1 3 1 3 1 3 1 3 1 3 1 3 1 3 1 1 1 1 1 1 1 1 1 1 1 1 1 1 1 1 1 1 1 1 1 1 1 1 1 1 1 1 1 1 1 1 1 1 1 1 1 1 1 1 1 1 1 1 1 1 1 1 1 1 1 1 1 1 1 1 1 1 1 1 1 1 1 1 1 1 1 1 1 1 1 1 1 1 1 1 1 1 1 1 1 1 1 1 1 1 1 1 1 1 1 1 1 1 1 1 1 1 1 1 1 1 1 1 1 1 1 1 1 1 1 1 1 1 1 1 1 1 1 1 1 1 1 1 1 1 1 1 1 1 1 1 1 1 1 1 1 1 1 1 1 1 1 1 1 1 1 1 1 1 1 1 1 1 1 1 1 1 1 1 1 1 1 1 1 1 1 1 1 1 1 1 1 1 1 1 1 1 1 1 1 1 1 1 1 1 1 1 1 1 1 1 1 1 1 1 1 1 1 1 1 1 1 1 1 1 1 1 1 1 1 1 1 1 1 1 1 1 1 1 1 1 1 1 1 1 1 1 1 1 1 1 1 1 1 100 1 100 1 100 1 100 1 100 1 1 1 1 1 1 1 1 1 1 1 1 1 1 1 1 1 1 1 1 1 1 1 1 1 1 1 1 1 1 1
instanceKlass jdk/internal/vm/vector/VectorSupport$VectorShuffle
instanceKlass jdk/internal/vm/vector/VectorSupport$VectorMask
instanceKlass jdk/internal/vm/vector/VectorSupport$Vector
ciInstanceKlass jdk/internal/vm/vector/VectorSupport$VectorPayload 0 0 32 10 100 12 1 1 1 9 100 12 1 1 1 10 100 12 1 1 1 1 1 1 1 1 1 1 1 1 1 1 1 1
ciInstanceKlass jdk/internal/vm/vector/VectorSupport$Vector 0 0 28 10 100 12 1 1 1 100 1 1 1 1 1 1 1 1 1 1 1 1 1 1 1 100 1 1 1 1
ciInstanceKlass jdk/internal/vm/vector/VectorSupport$VectorMask 0 0 28 10 100 12 1 1 1 100 1 1 1 1 1 1 1 1 1 1 1 1 1 1 1 100 1 1 1 1
ciInstanceKlass jdk/internal/vm/vector/VectorSupport$VectorShuffle 0 0 28 10 100 12 1 1 1 100 1 1 1 1 1 1 1 1 1 1 1 1 1 1 1 100 1 1 1 1
ciInstanceKlass jdk/internal/vm/FillerObject 0 0 16 10 100 12 1 1 1 100 1 1 1 1 1 1 1 1
ciInstanceKlass java/lang/NullPointerException 1 1 52 10 100 12 1 1 1 10 12 1 9 100 12 1 1 1 10 12 1 1 9 12 1 1 10 12 1 1 10 12 1 1 1 1 5 0 1 1 1 1 1 1 1 1 100 1 100 1 100 1 1 1
ciInstanceKlass java/lang/ArithmeticException 1 1 26 10 100 12 1 1 1 10 12 1 100 1 1 1 1 5 0 1 1 1 1 1 1 1 1 1
ciInstanceKlass java/lang/Math 1 1 460 7 1 10 100 12 1 1 1 10 7 12 1 1 1 10 12 1 10 12 1 10 12 1 10 12 1 10 12 1 6 0 6 0 10 12 1 10 12 1 10 12 1 10 12 1 10 12 1 10 12 1 1 10 12 1 10 12 1 10 12 1 10 12 1 10 12 1 10 7 12 1 1 1 100 1 3 3 3 10 7 12 1 1 1 100 1 5 0 5 0 5 0 5 0 5 0 9 100 12 1 1 1 10 100 12 1 1 1 100 1 8 1 10 12 1 8 1 10 12 1 1 10 12 1 1 100 1 5 0 5 0 100 1 3 5 0 3 5 0 10 12 1 10 12 1 10 12 1 10 12 1 10 12 1 8 1 10 12 1 8 1 10 12 1 1 10 12 1 1 9 12 1 1 9 12 1 100 1 100 1 10 10 12 1 1 8 1 10 12 1 10 12 1 1 10 10 12 1 10 12 1 10 12 1 10 12 1 1 8 1 8 1 10 12 1 1 10 12 1 10 12 10 12 10 12 1 10 12 1 10 12 1 10 12 1 10 12 6 0 10 12 1 9 12 1 1 100 1 10 10 12 1 100 1 10 12 1 10 12 1 1 10 12 1 10 12 1 10 12 10 12 1 1 10 12 1 1 10 12 1 1 10 12 6 0 10 12 1 1 10 12 10 12 1 4 10 12 1 10 12 1 10 12 10 12 1 10 12 1 10 12 1 10 12 1 10 12 1 10 12 1 5 0 6 0 4 6 0 4 6 0 4 10 12 1 9 12 1 1 10 12 9 12 1 10 7 12 1 1 1 4 6 0 1 1 6 0 1 6 0 1 6 0 1 1 1 1 1 1 1 1 1 1 1 1 1 1 1 1 1 1 1 1 1 1 1 1 1 1 1 1 1 1 1 1 1 1 1 1 1 1 1 1 1 1 1 1 1 1 1 1 1 1 1 1 1 1 1 1 1 1 1 1 1 1 1 1 1 1 1 1 1 1 1 1 1 1 1 1 1 1 1 1 1 1 1 1 1 1 1 1 1 1 1 1 1 1 1 1
staticfield java/lang/Math negativeZeroFloatBits J -2147483648
staticfield java/lang/Math negativeZeroDoubleBits J -9223372036854775808
staticfield java/lang/Math $assertionsDisabled Z 1
instanceKlass java/lang/ProcessEnvironment
instanceKlass java/util/LinkedHashMap
ciInstanceKlass java/util/HashMap 1 1 629 10 7 12 1 1 1 7 1 10 12 1 1 7 1 10 7 12 1 1 1 7 1 11 12 1 1 11 12 1 11 12 1 1 10 7 12 1 1 1 7 1 3 10 7 12 1 1 1 100 1 100 1 10 8 1 10 12 1 1 10 12 1 10 12 1 1 10 12 1 10 7 12 1 1 1 8 1 10 12 1 9 12 1 1 10 12 1 9 12 1 1 4 10 12 1 10 12 1 1 11 7 12 1 1 9 12 1 1 10 7 12 1 1 1 6 0 10 12 1 1 11 12 1 1 11 7 12 1 1 1 11 7 12 1 1 1 11 12 1 1 7 1 11 12 1 11 12 1 10 12 1 10 12 1 1 9 12 10 12 1 1 9 7 12 1 1 1 9 12 9 12 1 10 12 1 1 9 12 1 7 1 10 12 1 1 10 12 1 1 10 12 1 1 10 12 1 1 10 12 1 1 9 12 1 10 12 1 1 3 4 10 12 1 1 10 12 1 1 9 12 1 1 9 10 12 1 1 10 12 1 1 10 12 1 1 10 12 1 9 12 1 1 7 1 10 12 1 10 12 1 10 7 12 1 1 1 7 1 9 12 1 1 7 1 10 9 12 7 1 10 100 1 10 11 7 12 1 1 1 100 1 10 11 100 12 1 1 11 100 12 1 1 1 10 12 1 100 1 100 1 10 12 1 10 12 1 10 12 1 10 100 12 1 1 10 12 1 1 10 12 1 1 10 100 12 1 1 1 8 10 100 12 1 1 1 100 1 10 4 4 10 12 1 1 10 100 12 1 1 1 10 12 1 8 1 6 0 10 100 12 1 1 1 100 1 11 100 12 1 1 1 10 12 1 10 12 1 10 10 12 1 1 6 0 8 1 10 12 1 10 12 100 1 100 1 1 1 1 5 0 1 3 1 1 1 3 1 3 1 3 1 1 1 1 1 1 1 1 1 1 1 1 1 1 1 1 1 1 1 1 1 1 100 1 1 1 1 1 1 1 1 1 1 1 1 1 1 1 1 1 1 1 1 1 1 1 1 1 1 1 1 1 1 1 1 1 100 1 1 1 1 1 1 1 1 1 1 1 1 1 1 1 1 1 1 1 1 1 1 1 1 1 1 1 1 1 1 1 1 1 1 1 1 1 1 1 1 1 1 1 1 1 1 1 1 1 1 1 100 1 1 1 1 1 1 1 1 1 1 1 1 1 1 1 1 1 1 1 1 1 1 1 1 1 1 1 1 1 1 1 1 1 1 1 1 1 1 1 1 1 1 1 1 1 1 1 1 100 1 1 1 1 1 1 1 1 100 1 1 1 1 1 1 1 1 1 1 1 1 1 1 1 1 1 1 100 1 100 1 100 1 100 1 100 1 100 1 100 1 100 1 1 1 1 1 1 1 1 1 1 1 1 1 1 1 1 1 1
ciInstanceKlass jdk/internal/util/ArraysSupport 1 1 378 7 1 100 1 8 1 10 12 1 1 10 12 1 1 10 100 12 1 1 9 7 12 1 1 1 9 12 1 1 10 7 12 1 1 1 9 12 1 1 10 7 12 1 1 1 9 12 1 10 12 9 12 1 10 12 1 1 10 12 7 1 10 12 1 1 10 12 1 100 1 10 12 1 1 10 12 100 1 10 12 1 100 1 10 12 1 100 1 100 1 10 8 1 10 12 1 1 10 12 1 10 12 1 1 10 9 12 1 1 11 100 12 1 1 1 9 12 1 9 12 1 10 12 1 1 9 12 1 9 12 1 9 12 1 9 12 1 9 12 1 9 12 1 9 12 1 10 12 1 1 10 100 12 1 1 1 9 12 1 9 12 1 10 12 1 1 10 12 1 9 12 1 10 12 1 10 100 12 1 1 1 9 12 1 9 12 1 10 12 1 10 12 1 10 7 12 1 1 1 3 10 12 1 100 1 8 1 8 1 8 1 10 10 100 12 1 1 1 11 100 12 1 1 1 10 12 1 10 100 12 1 1 1 10 12 1 1 10 12 1 1 9 12 1 10 12 1 9 12 1 9 12 1 9 12 1 9 12 1 9 12 1 9 12 1 9 12 1 100 1 10 7 12 1 1 1 1 1 3 1 3 1 3 1 3 1 3 1 3 1 3 1 3 1 1 1 1 1 1 1 1 1 1 1 1 1 1 1 1 1 1 1 1 1 1 1 1 1 1 1 1 1 1 1 1 1 1 1 1 1 1 1 1 1 1 1 1 1 1 1 1 1 1 1 1 1 1 1 1 1 1 1 1 1 1 1 1 1 1 1 1 1 1 1 1 1 1 1 1 1 1 1 100 1 1 1 1
staticfield jdk/internal/util/ArraysSupport U Ljdk/internal/misc/Unsafe; jdk/internal/misc/Unsafe
staticfield jdk/internal/util/ArraysSupport BIG_ENDIAN Z 0
staticfield jdk/internal/util/ArraysSupport LOG2_ARRAY_BOOLEAN_INDEX_SCALE I 0
staticfield jdk/internal/util/ArraysSupport LOG2_ARRAY_BYTE_INDEX_SCALE I 0
staticfield jdk/internal/util/ArraysSupport LOG2_ARRAY_CHAR_INDEX_SCALE I 1
staticfield jdk/internal/util/ArraysSupport LOG2_ARRAY_SHORT_INDEX_SCALE I 1
staticfield jdk/internal/util/ArraysSupport LOG2_ARRAY_INT_INDEX_SCALE I 2
staticfield jdk/internal/util/ArraysSupport LOG2_ARRAY_LONG_INDEX_SCALE I 3
staticfield jdk/internal/util/ArraysSupport LOG2_ARRAY_FLOAT_INDEX_SCALE I 2
staticfield jdk/internal/util/ArraysSupport LOG2_ARRAY_DOUBLE_INDEX_SCALE I 3
staticfield jdk/internal/util/ArraysSupport LOG2_BYTE_BIT_SIZE I 3
staticfield jdk/internal/util/ArraysSupport JLA Ljdk/internal/access/JavaLangAccess; java/lang/System$2
ciInstanceKlass java/util/Arrays 1 1 1029 10 7 12 1 1 1 10 7 12 1 1 1 10 7 12 1 1 1 10 12 1 10 12 1 10 12 1 10 12 1 10 12 1 10 12 1 10 100 12 1 1 1 100 1 7 1 10 8 1 10 12 1 1 10 12 1 8 1 8 1 10 12 1 1 10 12 1 100 1 10 12 1 9 100 12 1 1 1 10 7 12 1 1 100 1 10 12 1 1 10 7 12 1 1 10 7 12 1 1 1 100 1 10 12 1 10 12 1 1 7 1 9 7 12 1 1 1 10 12 1 1 10 7 12 1 1 10 12 1 10 12 1 1 10 12 1 10 12 1 1 7 1 11 12 1 1 10 12 1 10 7 12 1 1 1 10 12 10 12 1 10 12 1 10 12 10 12 1 11 7 12 1 1 1 10 7 12 1 1 1 100 1 10 12 1 10 100 1 10 12 1 10 100 1 10 12 1 10 100 1 10 12 1 10 10 12 1 1 10 12 1 10 12 1 10 12 1 10 12 1 10 12 1 10 100 12 1 1 1 10 12 1 10 100 12 1 1 1 10 12 1 10 12 1 10 7 12 1 1 1 10 12 1 10 12 1 10 12 1 10 12 1 10 12 1 10 12 1 10 12 1 10 12 1 10 12 1 10 12 1 10 12 1 10 12 1 10 12 1 10 12 1 10 12 1 10 12 1 1 10 12 1 1 10 7 12 1 1 1 10 7 1 10 100 1 10 7 1 10 100 1 10 100 1 10 100 1 10 100 1 10 100 1 10 12 1 8 1 10 12 1 1 10 12 1 1 10 12 1 1 10 12 1 1 10 12 1 1 10 12 1 1 10 12 1 1 10 12 1 1 10 12 1 1 7 1 10 12 10 12 1 1 10 12 1 10 12 1 1 10 12 1 1 9 100 12 1 1 1 10 12 1 9 100 1 10 12 1 9 100 1 10 12 1 9 100 1 10 12 1 9 100 1 10 12 1 9 100 1 10 12 1 9 10 12 1 10 12 1 10 12 1 9 12 1 100 1 10 10 12 1 1 10 12 1 10 12 1 10 12 1 10 12 1 10 12 1 10 12 1 10 12 1 10 12 1 10 12 1 8 1 8 1 10 12 1 10 12 1 8 1 10 12 1 10 12 1 10 12 1 10 7 12 1 1 1 3 10 7 1 10 10 12 1 1 11 100 12 1 1 10 12 1 1 10 12 1 10 12 1 10 12 1 10 12 1 10 12 1 10 12 1 10 12 1 10 12 1 11 12 1 8 1 10 11 12 1 11 7 12 1 1 1 11 100 12 1 1 1 11 12 1 1 18 12 1 1 11 12 1 1 11 100 12 1 1 1 18 12 1 11 100 12 1 1 1 18 12 1 11 100 12 1 1 1 18 12 1 100 1 10 7 12 1 1 1 10 12 1 10 12 1 10 12 1 10 12 1 10 12 1 10 12 1 10 12 1 10 12 1 1 10 12 1 10 7 12 1 1 10 12 1 10 12 1 10 12 1 1 10 12 1 10 12 1 10 12 1 1 10 12 1 10 12 1 10 12 1 1 10 12 1 10 12 1 10 12 1 10 12 1 10 12 10 12 1 10 12 10 12 10 12 1 10 12 10 12 1 10 12 1 10 12 1 1 1 1 3 1 3 1 1 1 1 1 1 1 1 1 1 1 1 1 1 1 1 1 1 1 1 1 1 1 1 1 1 1 1 1 1 1 1 1 1 1 1 1 1 1 1 1 1 1 1 1 1 1 1 1 1 1 1 1 1 1 1 1 1 1 1 1 1 1 1 1 1 1 1 1 1 1 1 1 1 1 1 1 1 1 1 1 1 1 1 1 1 1 1 1 1 1 1 1 1 1 1 1 1 1 1 1 1 1 1 1 1 1 1 1 1 1 1 1 1 1 1 1 1 1 1 1 1 1 1 1 1 1 1 1 1 1 1 1 1 1 1 1 1 1 1 1 1 1 1 1 1 1 1 1 1 1 1 1 1 1 1 1 1 1 1 1 1 1 1 1 1 1 1 1 1 1 1 1 1 1 1 1 1 1 1 1 1 1 1 1 1 1 1 1 1 1 1 1 1 1 1 1 1 1 1 1 1 1 1 1 1 1 1 1 1 1 1 1 1 1 1 1 1 1 1 1 1 1 1 1 1 1 1 1 1 1 1 1 1 1 1 1 1 1 1 1 1 1 1 1 1 1 1 1 1 1 1 1 1 100 1 1 16 15 10 12 15 10 12 15 10 12 15 10 12 15 10 100 12 1 1 1 1 1 100 1 100 1 1 1 1 100 1 1 1 1 1 1 100 1 1 100 1 1 100 1 1 1 100 1 100 1 1
staticfield java/util/Arrays $assertionsDisabled Z 1
instanceKlass org/jdom2/IllegalDataException
instanceKlass org/jdom2/IllegalNameException
instanceKlass org/jdom2/IllegalAddException
instanceKlass java/security/InvalidParameterException
instanceKlass java/util/regex/PatternSyntaxException
instanceKlass java/util/IllegalFormatException
instanceKlass java/nio/file/InvalidPathException
instanceKlass java/lang/NumberFormatException
ciInstanceKlass java/lang/IllegalArgumentException 1 1 35 10 7 12 1 1 1 10 12 1 10 12 1 10 12 1 100 1 1 1 1 5 0 1 1 1 1 1 1 1 1 1 1 1 1
ciInstanceKlass java/util/function/Consumer 1 1 59 10 100 12 1 1 1 18 12 1 1 11 100 12 1 1 100 1 1 1 1 1 1 1 1 1 1 1 1 1 1 1 1 1 1 1 1 1 1 1 1 1 16 15 11 12 15 10 100 12 1 1 1 1 100 1 100 1 1
instanceKlass java/nio/channels/OverlappingFileLockException
instanceKlass java/util/concurrent/CancellationException
instanceKlass org/bouncycastle/util/encoders/EncoderException
instanceKlass org/bouncycastle/util/encoders/DecoderException
instanceKlass sun/java2d/InvalidPipeException
ciInstanceKlass java/lang/IllegalStateException 1 1 35 10 100 12 1 1 1 10 12 1 10 12 1 10 12 1 100 1 1 1 1 5 0 1 1 1 1 1 1 1 1 1 1 1 1
ciInstanceKlass java/util/concurrent/Callable 1 0 17 100 1 100 1 1 1 1 100 1 1 1 1 1 1 1 1
ciInstanceKlass  @bci ghidra/util/filechooser/ExtensionFileFilter <init> ([Ljava/lang/String;Ljava/lang/String;)V 14 <appendix> form vmentry <vmtarget> ; 1 1 35 1 7 1 100 1 1 1 1 1 1 1 7 1 1 12 9 1 1 1 1 1 7 1 1 12 10 1 7 12 9 1 1 1 1
staticfield  @bci ghidra/util/filechooser/ExtensionFileFilter <init> ([Ljava/lang/String;Ljava/lang/String;)V 14 <appendix> form vmentry <vmtarget> ; _D_0 Ljava/lang/invoke/LambdaForm; java/lang/invoke/LambdaForm
ciInstanceKlass generic/jar/ResourceFile 1 1 283 7 1 10 7 12 1 1 1 7 1 10 12 1 9 12 1 1 100 1 8 1 10 12 1 11 7 12 1 1 1 10 12 1 8 1 10 7 12 1 1 1 8 1 10 12 1 1 18 12 1 1 10 12 1 1 10 12 1 1 10 12 1 9 12 1 1 11 100 12 1 1 1 7 1 10 10 12 1 1 100 1 18 10 12 1 8 1 100 1 10 12 1 10 12 1 10 12 1 1 11 12 1 1 11 12 1 11 11 12 1 1 11 12 1 11 12 1 11 12 1 1 11 12 1 1 11 12 1 1 11 12 1 1 11 12 1 1 11 12 1 11 12 1 11 12 1 1 11 12 1 1 11 12 1 1 11 12 11 12 1 11 12 1 11 12 1 11 12 1 10 12 1 1 11 12 1 1 11 12 1 10 10 12 1 11 12 1 11 12 1 1 10 12 1 10 100 12 1 1 1 10 12 1 7 1 10 100 1 1 1 1 1 1 1 1 1 1 1 1 1 1 1 1 1 1 1 1 1 1 1 1 1 1 1 100 1 1 1 1 1 1 1 1 1 100 1 100 1 1 1 1 1 1 1 1 1 1 1 1 1 1 1 1 1 1 1 8 1 8 1 15 10 100 12 1 1 1 100 1 100 1 1
staticfield generic/jar/ResourceFile jarRootsMap Ljava/util/Map; java/util/HashMap
ciInstanceKlass ghidra/util/Swing 1 1 309 9 7 12 1 1 1 10 7 12 1 1 1 10 7 12 1 1 1 10 12 1 1 100 1 10 12 1 1 10 100 12 1 1 18 12 1 1 10 12 1 1 10 12 1 100 1 10 12 1 1 10 100 12 1 1 1 10 100 12 1 1 1 8 1 10 12 1 1 11 7 12 1 1 10 12 1 100 1 10 12 18 12 1 10 12 1 1 9 12 1 1 9 7 12 1 1 1 10 12 1 100 1 8 1 10 7 12 1 1 10 12 1 1 10 7 12 1 1 1 18 12 1 10 12 1 100 1 10 12 1 10 7 12 1 1 1 18 12 1 10 12 1 10 100 1 10 12 1 18 12 1 10 12 1 10 12 1 1 10 12 1 10 12 1 1 100 1 100 1 100 1 18 12 1 10 10 12 1 10 10 12 1 100 1 10 12 1 18 10 100 1 11 100 1 10 12 1 1 10 12 1 18 10 12 1 1 1 3 1 1 8 1 1 1 1 1 1 1 1 1 1 1 1 1 1 1 1 1 1 1 1 1 1 1 1 1 1 1 1 1 1 1 1 1 1 1 1 1 1 1 1 100 1 1 1 1 1 1 1 1 100 1 1 1 1 1 1 1 1 16 15 10 12 15 10 12 8 1 8 1 15 10 12 8 1 8 1 8 1 15 10 100 12 1 1 1 15 10 7 12 1 1 1 100 1 100 1 1
staticfield ghidra/util/Swing SWING_TIMEOUT_SECONDS_PROPERTY Ljava/lang/String; "ghidra.util.swing.timeout.seconds"
staticfield ghidra/util/Swing SWING_TIMEOUT_SECONDS_VALUE I 20
ciInstanceKlass java/lang/InterruptedException 1 1 26 10 7 12 1 1 1 10 12 1 100 1 1 1 1 5 0 1 1 1 1 1 1 1 1 1
ciInstanceKlass java/util/NoSuchElementException 0 0 34 10 100 12 1 1 1 10 12 1 10 12 1 10 12 1 100 1 1 1 1 5 0 1 1 1 1 1 1 1 1 1 1 1
ciInstanceKlass java/util/ConcurrentModificationException 0 0 34 10 100 12 1 1 1 10 12 1 10 12 1 10 12 1 100 1 1 1 1 5 0 1 1 1 1 1 1 1 1 1 1 1
ciInstanceKlass ghidra/util/classfinder/ExtensionPoint 1 0 7 100 1 100 1 1 1
ciInstanceKlass ghidra/program/model/data/DataType 1 1 144 9 7 12 1 1 1 9 7 12 1 1 1 9 7 12 1 1 9 12 1 100 1 1 1 1 1 1 1 8 1 1 8 1 1 8 1 1 1 5 0 1 1 1 1 1 1 1 1 1 1 1 1 1 1 1 1 1 1 1 100 1 1 1 1 1 1 1 1 1 100 1 1 1 1 1 1 1 1 1 1 1 1 100 1 1 1 1 1 1 100 1 1 1 1 1 1 1 1 1 1 1 1 1 1 1 1 1 1 1 1 1 1 1 1 1 1 1 1 1 1 1 1 1 1 1 1 1 1 1 1 1 1 1 1 1 1 1 1 1 1 1 1 1
staticfield ghidra/program/model/data/DataType DEFAULT Lghidra/program/model/data/DataType; ghidra/program/model/data/DefaultDataType
staticfield ghidra/program/model/data/DataType VOID Lghidra/program/model/data/DataType; ghidra/program/model/data/VoidDataType
ciInstanceKlass ghidra/docking/settings/Settings 1 1 48 9 7 12 1 1 1 7 1 100 1 1 1 1 1 1 1 1 1 1 1 1 1 1 1 1 1 1 1 1 1 1 1 1 1 1 1 1 1 1 1 1 1 1 1 1 1 1
staticfield ghidra/docking/settings/Settings EMPTY_STRING_ARRAY [Ljava/lang/String; 0 [Ljava/lang/String;
ciInstanceKlass ghidra/framework/model/DomainObject 1 1 211 11 7 12 1 1 1 11 100 12 1 1 1 11 12 1 1 11 100 12 1 1 1 9 7 12 1 1 1 9 12 1 1 9 12 1 9 12 1 9 12 1 9 12 1 9 12 1 9 12 1 9 12 1 9 12 1 9 12 1 9 12 1 9 12 1 9 12 1 7 1 10 12 1 9 12 1 1 1 1 1 1 1 1 1 1 1 1 1 1 1 100 1 100 1 1 1 1 1 1 1 1 1 1 1 1 1 1 1 1 1 1 1 1 1 1 1 1 1 1 1 1 1 1 1 1 1 1 1 1 1 1 1 1 1 1 1 1 1 1 1 1 1 1 1 1 1 1 1 1 1 100 1 1 1 1 1 1 1 1 1 1 1 1 1 1 1 1 1 100 1 100 1 100 1 1 1 1 1 1 1 1 1 1 1 1 1 1 1 1 1 1 1 100 1 1 1 1 1 1 1 1 1 1 1 1 1 1 1 1 1
staticfield ghidra/framework/model/DomainObject DO_OBJECT_SAVED Lghidra/framework/model/EventType; ghidra/framework/model/DomainObjectEvent
staticfield ghidra/framework/model/DomainObject DO_DOMAIN_FILE_CHANGED Lghidra/framework/model/EventType; ghidra/framework/model/DomainObjectEvent
staticfield ghidra/framework/model/DomainObject DO_OBJECT_RENAMED Lghidra/framework/model/EventType; ghidra/framework/model/DomainObjectEvent
staticfield ghidra/framework/model/DomainObject DO_OBJECT_RESTORED Lghidra/framework/model/EventType; ghidra/framework/model/DomainObjectEvent
staticfield ghidra/framework/model/DomainObject DO_PROPERTY_CHANGED Lghidra/framework/model/EventType; ghidra/framework/model/DomainObjectEvent
staticfield ghidra/framework/model/DomainObject DO_OBJECT_CLOSED Lghidra/framework/model/EventType; ghidra/framework/model/DomainObjectEvent
staticfield ghidra/framework/model/DomainObject DO_OBJECT_ERROR Lghidra/framework/model/EventType; ghidra/framework/model/DomainObjectEvent
staticfield ghidra/framework/model/DomainObject undoLock Ljava/lang/Object; java/lang/Object
ciInstanceKlass ghidra/app/merge/DataTypeManagerOwner 1 0 9 100 1 100 1 1 1 1 1
ciInstanceKlass ghidra/program/model/data/DataTypeManagerDomainObject 1 0 223 100 1 100 1 100 1 100 1 1 1 1 100 1 8 1 1 12 10 1 1 1 8 1 1 1 8 1 1 1 8 1 1 8 1 1 1 8 1 1 1 8 1 1 1 8 1 1 1 8 1 1 8 1 1 8 1 1 8 1 1 1 8 1 1 8 1 1 1 8 1 1 8 1 1 1 8 1 1 1 8 1 1 8 1 1 8 1 1 8 1 1 8 1 1 1 8 1 1 8 1 1 8 1 1 1 8 1 1 8 1 1 1 8 1 1 1 8 1 1 8 1 1 1 8 1 1 1 8 1 1 8 1 1 8 1 1 1 8 1 1 8 1 1 8 1 1 8 1 1 8 1 1 1 8 1 1 8 1 1 8 1 1 8 1 1 1 8 1 1 1 8 1 1 8 1 1 1 8 1 1 1 8 1 1 1 8 1 1 1 8 1 1 1 8 1 1 1 8 1 1 8 1 1 8 1 1 8 1 1 1 8 1 1 8 1 1 8 1 1 8 1 1
ciInstanceKlass ghidra/program/model/lang/ProgramArchitecture 1 1 42 100 1 11 100 12 1 1 1 11 100 12 1 1 1 11 12 1 1 11 100 12 1 1 1 10 12 1 1 100 1 1 1 1 1 1 1 1 1 1 1 1
ciInstanceKlass ghidra/program/model/listing/Program 1 1 396 9 100 12 1 1 1 11 7 12 1 1 1 7 1 10 12 1 1 9 12 1 1 100 1 100 1 100 1 1 1 1 8 1 1 8 1 1 8 1 1 8 1 1 8 1 1 8 1 1 8 1 1 8 1 1 8 1 1 8 1 1 1 3 1 1 1 1 1 1 1 1 3 1 1 1 1 1 1 1 1 1 1 1 1 1 1 1 1 1 1 1 1 1 1 1 1 1 1 1 1 1 1 1 1 1 1 1 1 1 1 1 1 1 1 1 1 1 1 1 1 1 1 1 1 1 1 1 1 1 1 1 1 1 1 1 1 1 1 1 100 1 100 1 100 1 100 1 1 1 100 1 1 1 1 1 1 1 1 1 1 1 1 1 100 1 1 1 1 1 100 1 1 1 1 1 1 1 1 1 1 1 1 1 1 1 1 1 1 100 1 8 1 1 12 10 1 1 1 8 1 1 1 8 1 1 1 8 1 1 8 1 1 1 8 1 1 1 8 1 1 1 8 1 1 1 8 1 1 8 1 1 8 1 1 8 1 1 1 8 1 1 8 1 1 1 8 1 1 8 1 1 1 8 1 1 1 8 1 1 8 1 1 8 1 1 8 1 1 8 1 1 1 8 1 1 8 1 1 8 1 1 1 8 1 1 8 1 1 1 8 1 1 1 8 1 1 8 1 1 1 8 1 1 1 8 1 1 8 1 1 8 1 1 1 8 1 1 8 1 1 8 1 1 8 1 1 8 1 1 1 8 1 1 8 1 1 8 1 1 8 1 1 1 8 1 1 1 8 1 1 8 1 1 1 8 1 1 1 8 1 1 1 8 1 1 1 8 1 1 1 8 1 1 1 8 1 1 8 1 1 8 1 1 8 1 1 1 8 1 1 8 1 1 8 1
staticfield ghidra/program/model/listing/Program JANUARY_1_1970 Ljava/util/Date; java/util/Date
ciInstanceKlass ghidra/program/model/data/DataTypeManager 1 1 247 11 7 12 1 1 1 11 12 1 1 11 100 12 1 1 1 11 12 1 1 11 100 12 1 1 1 7 1 10 12 1 1 9 12 1 1 9 12 1 100 1 1 1 1 5 0 1 5 0 1 5 0 1 1 8 1 1 1 5 0 1 1 1 1 1 1 1 1 1 1 1 1 1 1 1 1 100 1 1 1 1 1 1 1 1 1 1 1 1 1 1 1 1 1 1 1 1 1 100 1 100 1 1 1 1 1 1 1 1 1 1 1 1 1 1 1 1 1 1 1 1 1 1 1 1 1 1 1 1 1 1 1 1 1 1 3 1 1 1 1 1 1 1 1 100 1 1 1 1 1 100 1 1 1 1 1 1 1 1 1 1 1 100 1 100 1 100 1 1 1 1 1 1 1 1 1 1 1 1 1 1 1 1 1 1 1 1 1 1 1 1 1 1 1 1 1 1 1 1 1 1 1 1 1 1 1 1 1 1 1 1 1 1 1 1 1 1 1 1 1 1 1 1 1 1 1 1 1 1 1 1 1 1 1 1 1 1 1 1 1 1 1 1 1 1 1
staticfield ghidra/program/model/data/DataTypeManager LOCAL_ARCHIVE_UNIVERSAL_ID Lghidra/util/UniversalID; ghidra/util/UniversalID
staticfield ghidra/program/model/data/DataTypeManager BUILT_IN_ARCHIVE_UNIVERSAL_ID Lghidra/util/UniversalID; ghidra/util/UniversalID
ciInstanceKlass db/util/ErrorHandler 1 0 12 100 1 100 1 1 1 1 100 1 1 1
ciInstanceKlass ghidra/program/model/address/Address 1 1 112 11 7 12 1 1 1 7 1 8 1 10 12 1 1 9 12 1 1 8 1 9 12 1 100 1 100 1 1 1 1 3 1 1 8 1 1 1 1 100 1 1 1 1 100 1 1 1 1 1 1 1 1 1 1 1 1 1 1 1 1 1 1 1 1 1 1 1 100 1 1 1 1 1 1 1 1 1 1 1 1 1 1 1 1 1 1 1 1 1 1 1 1 1 1 1 1 1 1 1 1 1 1 1 1 1 1 1 1 1 1 1
staticfield ghidra/program/model/address/Address NO_ADDRESS Lghidra/program/model/address/Address; ghidra/program/model/address/SpecialAddress
staticfield ghidra/program/model/address/Address EXT_FROM_ADDRESS Lghidra/program/model/address/Address; ghidra/program/model/address/SpecialAddress
instanceKlass ghidra/program/database/function/FunctionDB
instanceKlass ghidra/program/database/bookmark/BookmarkDB
instanceKlass ghidra/program/database/data/SourceArchiveDB
instanceKlass ghidra/program/database/code/CodeUnitDB
instanceKlass ghidra/program/database/module/FragmentDB
instanceKlass ghidra/program/database/module/ModuleDB
instanceKlass ghidra/program/database/data/CategoryDB
instanceKlass ghidra/program/database/data/DataTypeDB
instanceKlass ghidra/program/database/references/RefList
instanceKlass ghidra/program/database/symbol/SymbolDB
instanceKlass ghidra/program/database/properties/PropertyMapDB
instanceKlass ghidra/util/database/DBAnnotatedObject
ciInstanceKlass ghidra/program/database/DatabaseObject 1 1 111 10 7 12 1 1 1 9 7 12 1 1 1 9 12 1 1 9 12 1 1 10 7 12 1 1 1 10 12 1 1 9 12 1 1 9 12 1 10 12 1 10 12 1 1 10 12 1 1 100 1 8 1 10 12 1 10 12 1 10 12 1 10 12 1 10 12 1 10 12 1 1 10 12 1 10 7 12 1 1 10 12 1 10 12 1 1 10 12 1 1 1 1 1 1 1 1 1 1 1 1 1 1 1 100 1 1 1 1 1 1
ciInstanceKlass ghidra/program/model/address/AddressOutOfBoundsException 0 0 21 8 1 10 100 12 1 1 1 100 1 1 1 1 1 1 1 1 1 1 1
ciInstanceKlass ghidra/program/model/lang/Language 1 0 98 100 1 100 1 1 1 1 1 1 1 1 1 1 1 1 1 1 1 1 1 1 1 1 1 1 1 1 1 1 100 1 100 1 1 1 1 1 1 1 1 1 1 1 1 1 1 1 1 1 1 1 1 1 1 1 1 1 1 1 1 1 1 1 100 1 1 1 1 1 100 1 1 1 1 1 1 1 1 1 1 1 1 1 1 1 1 1 1 1 1 1 1 1 1 1 1 1
ciInstanceKlass ghidra/program/model/data/Composite 1 1 346 11 7 12 1 1 1 11 100 12 1 1 1 11 12 1 1 11 100 12 1 1 1 10 100 12 1 1 1 11 100 12 1 1 1 100 1 10 12 1 1 11 12 1 11 12 1 1 9 7 12 1 1 1 9 12 1 9 12 1 11 12 1 1 11 12 1 1 9 100 12 1 1 9 12 1 9 12 11 12 1 100 1 100 1 1 1 1 1 1 1 100 1 1 1 1 1 1 1 1 1 1 1 1 1 100 1 1 1 1 1 1 1 1 1 1 1 1 100 1 1 1 1 1 100 1 1 1 1 1 1 1 1 1 1 1 1 1 1 1 1 1 1 1 1 1 1 1 1 1 1 1 1 1 1 1 1 1 1 1 1 100 1 8 1 1 12 10 1 1 1 8 1 1 1 8 1 1 1 8 1 1 1 8 1 1 8 1 1 8 1 1 1 8 1 1 8 1 1 1 8 1 1 1 8 1 1 8 1 1 8 1 1 1 8 1 1 8 1 1 1 8 1 1 1 8 1 1 8 1 1 1 8 1 1 8 1 1 8 1 1 1 8 1 1 8 1 1 8 1 1 1 8 1 1 8 1 1 1 8 1 1 1 8 1 1 1 8 1 1 1 8 1 1 8 1 1 8 1 1 8 1 1 8 1 1 1 8 1 1 1 8 1 1 1 8 1 1 1 8 1 1 1 8 1 1 1 8 1 1 8 1 1 1 8 1 1 1 8 1 1 1 8 1 1 1 8 1 1 1 8 1 1 1 8 1 1 8 1 1 8 1 1 1 8 1
ciInstanceKlass ghidra/program/model/data/Structure 1 1 361 11 100 12 1 1 1 11 100 12 1 1 1 11 12 1 1 11 12 1 11 12 1 11 12 1 11 12 1 1 100 1 100 1 1 100 1 1 1 1 1 1 1 1 1 1 1 1 1 1 1 1 1 1 1 1 100 1 1 1 1 100 1 1 1 1 1 1 1 1 1 1 1 1 1 1 1 1 1 100 1 1 1 1 100 1 8 1 1 12 10 1 1 1 8 1 1 8 1 1 8 1 1 1 8 1 1 8 1 1 8 1 1 8 1 1 1 8 1 1 8 1 1 1 8 1 1 1 8 1 1 1 8 1 1 8 1 1 8 1 1 8 1 1 1 8 1 1 8 1 1 8 1 1 8 1 1 8 1 1 8 1 1 8 1 1 1 8 1 1 1 8 1 1 1 8 1 1 8 1 1 8 1 1 1 8 1 1 8 1 1 1 8 1 1 8 1 1 1 8 1 1 8 1 1 1 8 1 1 8 1 1 8 1 1 8 1 1 1 8 1 1 8 1 1 8 1 1 1 8 1 1 8 1 1 1 8 1 1 1 8 1 1 8 1 1 1 8 1 1 8 1 1 8 1 1 1 8 1 1 8 1 1 8 1 1 1 8 1 1 8 1 1 1 8 1 1 1 8 1 1 1 8 1 1 1 8 1 1 8 1 1 8 1 1 8 1 1 8 1 1 1 8 1 1 1 8 1 1 1 8 1 1 1 8 1 1 1 8 1 1 1 8 1 1 8 1 1 1 8 1 1 1 8 1 1 1 8 1 1 1 8 1 1 1 8 1 1 1 8 1 1 8 1 1 8 1 1 1 8 1
ciInstanceKlass ghidra/program/model/mem/MemBuffer 1 1 109 11 7 12 1 1 1 100 1 10 100 12 1 1 1 11 12 1 1 10 100 12 1 1 11 12 1 1 10 100 12 1 1 1 18 12 1 1 10 12 1 1 11 12 1 11 12 1 11 12 1 100 1 10 12 1 10 12 1 100 1 1 1 1 1 1 1 1 1 1 1 1 1 1 1 1 1 1 1 1 1 1 1 1 1 1 1 1 1 1 1 1 1 1 1 8 1 15 10 100 12 1 1 1 100 1 100 1 1
ciInstanceKlass ghidra/program/model/data/Pointer 1 1 229 100 1 11 100 12 1 1 1 10 12 1 1 100 1 100 1 1 1 1 8 1 1 1 1 1 1 1 1 1 1 1 1 1 1 100 1 8 1 1 12 10 1 1 1 8 1 1 1 8 1 1 1 8 1 1 1 8 1 1 8 1 1 8 1 1 1 8 1 1 8 1 1 1 8 1 1 1 8 1 1 8 1 1 8 1 1 1 8 1 1 8 1 1 1 8 1 1 1 8 1 1 8 1 1 1 8 1 1 8 1 1 8 1 1 1 8 1 1 8 1 1 8 1 1 8 1 1 1 8 1 1 8 1 1 1 8 1 1 1 8 1 1 1 8 1 1 1 8 1 1 8 1 1 8 1 1 8 1 1 8 1 1 1 8 1 1 1 8 1 1 1 8 1 1 1 8 1 1 1 8 1 1 1 8 1 1 8 1 1 1 8 1 1 1 8 1 1 1 8 1 1 8 1 1 8 1 1 1 8 1 1 1 8 1 1 1 8 1 1 8 1 1 8 1 1 1 8 1
ciInstanceKlass ghidra/program/model/data/TypeDef 1 1 263 11 7 12 1 1 1 7 1 11 12 1 1 11 12 1 1 11 7 12 1 1 1 11 10 7 12 1 1 1 7 1 11 12 1 1 100 1 1 1 1 1 1 1 1 1 1 1 1 1 1 1 1 1 1 1 1 1 1 1 1 1 1 100 100 1 1 1 1 100 1 8 1 1 12 10 1 1 1 8 1 1 1 8 1 1 1 8 1 1 1 8 1 1 8 1 1 8 1 1 1 8 1 1 8 1 1 1 8 1 1 1 8 1 1 8 1 1 8 1 1 1 8 1 1 8 1 1 1 8 1 1 1 8 1 1 8 1 1 1 8 1 1 8 1 1 8 1 1 1 8 1 1 8 1 1 8 1 1 8 1 1 1 8 1 1 8 1 1 1 8 1 1 1 8 1 1 1 8 1 1 1 8 1 1 8 1 1 8 1 1 8 1 1 8 1 1 1 8 1 1 1 8 1 1 1 8 1 1 1 8 1 1 1 8 1 1 1 8 1 1 8 1 1 1 8 1 1 1 8 1 1 1 8 1 1 8 1 1 8 1 1 1 8 1 1 1 8 1 1 1 8 1 1 8 1 1 8 1 1 1 8 1
ciInstanceKlass ghidra/program/model/data/BuiltInDataType 1 1 15 100 1 100 1 100 1 100 1 1 1 1 1 1 1
instanceKlass ghidra/program/model/data/BitFieldDataType
instanceKlass ghidra/program/model/data/DataTypeImpl
ciInstanceKlass ghidra/program/model/data/AbstractDataType 1 1 225 10 7 12 1 1 1 100 1 8 1 10 12 1 10 7 12 1 1 1 8 1 10 7 12 1 1 1 18 12 1 1 9 7 12 1 1 1 9 12 1 1 9 12 1 1 9 12 1 1 11 7 12 1 1 1 10 7 12 1 1 7 1 10 12 1 1 10 12 1 1 10 12 1 10 12 1 1 10 12 1 10 12 1 10 100 12 1 1 1 10 12 1 10 12 1 100 1 8 1 10 12 1 7 1 100 1 1 1 1 1 1 1 1 1 1 100 1 1 1 1 1 100 1 1 1 1 1 1 1 1 1 1 1 1 1 1 1 1 100 1 1 1 1 1 1 1 1 1 1 1 1 1 1 1 1 1 1 1 1 1 1 1 1 1 1 1 1 1 1 1 1 1 1 1 1 1 1 1 1 1 1 1 1 100 1 1 1 1 1 1 1 1 1 1 1 1 1 1 1 1 1 1 1 1 1 1 1 1 1 1 8 1 15 10 100 12 1 1 1 100 1 100 1 1
staticfield ghidra/program/model/data/AbstractDataType EMPTY_TYPEDEF_DEFINITIONS [Lghidra/program/model/data/TypeDefSettingsDefinition; 0 [Lghidra/program/model/data/TypeDefSettingsDefinition;
instanceKlass ghidra/program/model/data/MissingBuiltInDataType
instanceKlass ghidra/app/util/bin/format/pe/rich/RichObjectCountDataType
instanceKlass ghidra/app/util/bin/format/pe/rich/MSRichProductBuildNumberDataType
instanceKlass ghidra/app/util/bin/format/pe/rich/MSRichProductIDDataType
instanceKlass ghidra/program/model/data/DefaultDataType
instanceKlass ghidra/program/model/data/ArrayDataType
instanceKlass ghidra/program/model/data/GenericDataType
instanceKlass ghidra/program/model/data/BuiltIn
ciInstanceKlass ghidra/program/model/data/DataTypeImpl 1 1 372 10 7 12 1 1 1 7 1 10 7 12 1 1 1 10 7 12 1 1 9 7 12 1 1 1 9 12 1 7 1 10 12 1 9 12 1 1 10 7 12 1 1 1 9 12 1 1 9 12 1 1 9 12 1 1 9 12 1 9 12 1 1 10 100 12 1 1 1 100 1 18 12 1 1 10 12 1 7 1 7 1 7 1 100 1 10 11 12 1 1 7 1 11 12 1 1 11 7 12 1 1 1 9 12 1 1 10 12 1 1 10 7 12 1 1 1 10 12 1 10 10 11 12 1 7 1 10 12 1 11 7 12 1 1 1 11 12 1 1 11 7 12 1 1 1 11 12 1 1 10 12 1 11 12 1 18 12 1 1 10 12 1 1 18 18 12 1 18 18 12 1 11 100 12 1 10 100 12 1 1 1 10 100 12 1 1 1 18 10 10 10 7 12 1 1 11 12 1 1 10 9 12 1 1 11 12 1 1 10 7 12 1 1 9 12 1 1 11 10 10 12 1 1 11 12 1 1 11 12 1 1 11 12 1 1 11 12 1 11 12 1 7 1 1 1 1 1 1 1 1 1 1 1 1 100 1 100 1 100 1 1 1 1 1 1 1 1 1 1 1 1 1 1 1 1 1 1 1 1 1 1 1 1 1 1 1 1 1 1 1 1 1 1 1 1 1 1 1 1 1 1 1 1 1 1 1 1 1 1 1 1 1 1 1 1 1 1 1 1 1 1 1 1 1 1 1 1 1 1 1 1 8 1 16 15 10 12 16 15 10 12 15 10 12 15 10 12 15 10 12 8 1 15 10 100 12 1 1 15 10 7 12 1 1 1 1 100 1 100 1 1
staticfield ghidra/program/model/data/DataTypeImpl EMPTY_DEFINITIONS [Lghidra/docking/settings/SettingsDefinition; 0 [Lghidra/docking/settings/SettingsDefinition;
instanceKlass ghidra/program/model/data/FileTimeDataType
instanceKlass ghidra/program/model/data/SegmentedCodePointerDataType
instanceKlass ghidra/program/model/data/WAVEDataType
instanceKlass ghidra/app/plugin/exceptionhandlers/gcc/datatype/DwarfEncodingModeDataType
instanceKlass ghidra/app/util/datatype/microsoft/GuidDataType
instanceKlass ghidra/program/model/data/MacintoshTimeStampDataType
instanceKlass ghidra/program/model/data/AUDataType
instanceKlass ghidra/program/model/data/AIFFDataType
instanceKlass ghidra/app/util/datatype/microsoft/HTMLResourceDataType
instanceKlass ghidra/program/model/data/AlignmentDataType
instanceKlass ghidra/program/model/data/JPEGDataType
instanceKlass ghidra/program/model/data/PngDataType
instanceKlass ghidra/program/model/data/MIDIDataType
instanceKlass ghidra/program/model/data/FactoryStructureDataType
instanceKlass ghidra/program/model/data/ShiftedAddressDataType
instanceKlass ghidra/program/model/data/GifDataType
instanceKlass ghidra/app/plugin/exceptionhandlers/gcc/datatype/PcRelative31AddressDataType
instanceKlass ghidra/program/model/data/AbstractComplexDataType
instanceKlass ghidra/app/util/bin/format/pe/rich/PERichTableDataType$PERichSignatureDataType
instanceKlass ghidra/app/util/bin/format/pe/rich/PERichTableDataType$PERichDanSDataType
instanceKlass ghidra/app/util/bin/format/pe/rich/PERichTableDataType$PERichXorDataType
instanceKlass ghidra/program/model/data/DynamicDataType
instanceKlass ghidra/program/model/data/BadDataType
instanceKlass ghidra/program/model/data/AbstractLeb128DataType
instanceKlass ghidra/program/model/data/AbstractPointerTypedefBuiltIn
instanceKlass ghidra/program/model/data/WideChar32DataType
instanceKlass ghidra/program/model/data/WideChar16DataType
instanceKlass ghidra/program/model/data/WideCharDataType
instanceKlass ghidra/program/model/data/AbstractFloatDataType
instanceKlass ghidra/program/model/data/Undefined
instanceKlass ghidra/program/model/data/VoidDataType
instanceKlass ghidra/program/model/data/AbstractIntegerDataType
instanceKlass ghidra/program/model/data/AbstractStringDataType
instanceKlass ghidra/program/model/data/PointerDataType
ciInstanceKlass ghidra/program/model/data/BuiltIn 1 1 167 9 7 12 1 1 1 9 7 12 1 1 1 7 1 10 7 12 1 1 1 10 7 12 1 1 1 9 12 1 1 9 12 1 10 12 1 1 11 7 12 1 1 1 9 12 1 1 10 7 12 1 1 1 11 9 12 1 1 18 12 1 1 18 11 100 12 1 1 1 10 12 1 1 9 100 12 1 1 1 10 12 1 1 10 12 1 1 100 1 100 1 10 12 1 9 7 12 1 1 1 100 1 1 1 1 1 1 1 1 1 1 1 100 1 100 1 1 1 1 1 1 1 1 1 1 1 1 1 1 1 1 1 1 1 1 1 1 1 1 1 1 1 1 1 1 1 1 1 1 1 8 1 8 1 15 10 100 12 1 1 1 100 1 100 1 1
staticfield ghidra/program/model/data/BuiltIn STANDARD_SETTINGS_DEFINITIONS [Lghidra/docking/settings/SettingsDefinition; 1 [Lghidra/docking/settings/SettingsDefinition;
instanceKlass ghidra/program/model/data/Pointer16DataType
instanceKlass ghidra/program/model/data/Pointer8DataType
instanceKlass ghidra/program/model/data/Pointer40DataType
instanceKlass ghidra/program/model/data/Pointer56DataType
instanceKlass ghidra/program/model/data/Pointer24DataType
instanceKlass ghidra/program/model/data/Pointer48DataType
instanceKlass ghidra/program/model/data/Pointer64DataType
instanceKlass ghidra/program/model/data/Pointer32DataType
ciInstanceKlass ghidra/program/model/data/PointerDataType 1 1 802 7 1 10 12 1 1 11 7 12 1 1 1 10 12 1 1 10 7 12 1 1 9 12 1 1 18 12 1 1 10 7 12 1 1 1 9 12 1 1 7 1 100 1 11 12 1 1 18 12 1 1 10 12 1 9 12 1 1 9 12 1 1 11 12 1 1 10 12 1 1 10 12 1 1 11 7 12 1 1 1 10 12 1 8 1 10 12 1 1 11 7 12 1 1 1 11 7 12 1 1 1 11 12 1 1 11 7 12 1 1 1 11 100 12 1 1 1 11 12 1 1 11 100 12 1 1 1 11 100 12 1 1 1 9 100 12 1 1 1 11 18 10 12 1 1 9 100 12 1 1 1 8 1 9 12 1 8 1 11 100 12 1 1 10 100 12 1 1 1 100 1 8 1 8 1 10 100 12 1 1 1 8 1 10 12 1 1 11 12 1 100 1 10 12 1 11 100 12 1 1 1 11 7 12 1 1 11 12 1 1 10 12 1 1 11 100 12 1 1 1 9 12 1 11 12 1 1 11 100 12 1 1 1 11 11 12 1 1 11 12 1 1 9 12 1 1 10 12 1 1 8 1 10 7 12 1 1 1 18 12 1 11 12 1 18 100 1 10 10 12 1 1 8 1 8 1 7 1 11 12 1 10 12 9 12 8 1 11 12 1 1 10 12 1 1 9 12 1 1 18 12 1 1 10 12 1 9 7 12 1 1 1 10 12 1 9 7 12 1 1 10 12 1 1 9 7 12 1 1 1 10 12 1 1 10 7 12 1 1 1 9 7 12 1 1 10 12 1 8 1 11 100 12 1 1 5 0 9 7 12 1 1 10 9 12 8 1 9 12 1 8 1 11 12 1 11 12 1 1 11 7 12 1 1 11 12 1 1 9 12 1 11 12 1 1 11 100 12 1 1 8 1 11 12 1 1 11 12 1 10 12 1 1 18 18 10 18 11 12 1 1 11 100 12 1 1 10 12 1 18 7 1 18 12 8 1 10 12 1 1 11 12 1 100 1 10 100 1 10 12 10 100 12 1 1 1 11 12 1 1 8 1 11 12 1 11 7 12 1 1 1 11 12 1 1 10 12 1 1 11 12 100 1 10 12 1 5 0 10 10 12 1 10 12 1 1 11 12 1 1 11 100 12 1 1 10 12 1 10 12 1 8 1 11 11 10 12 1 11 11 10 100 12 1 1 1 11 12 1 10 12 1 1 10 12 1 100 1 10 12 1 10 12 1 10 12 1 11 12 1 1 10 12 1 10 12 1 1 11 12 1 10 7 1 10 12 1 1 9 12 1 10 12 1 9 12 1 1 11 12 1 10 12 1 10 12 10 12 1 11 12 1 1 10 10 10 12 1 9 12 1 1 10 9 12 1 1 7 1 9 7 12 1 1 1 1 3 1 1 1 1 1 1 1 1 1 1 1 1 1 1 1 100 1 1 1 1 1 1 1 1 1 1 1 1 1 1 1 1 1 1 1 1 1 1 1 1 1 1 1 1 1 1 1 1 1 1 1 1 1 1 1 1 1 1 1 1 1 1 1 1 1 1 1 1 1 1 1 1 1 1 1 1 1 1 1 1 1 100 1 1 1 1 1 1 1 1 1 100 1 1 1 1 1 1 1 1 1 1 1 1 1 1 1 1 1 1 100 1 1 1 1 1 1 1 1 1 1 1 1 1 1 1 1 1 1 1 1 1 1 1 1 1 16 15 10 12 16 8 1 8 1 8 1 8 1 16 15 10 12 16 8 1 8 1 8 1 8 1 8 1 15 10 7 12 1 1 1 15 10 7 12 1 1 1 1 100 1 100 1 1
staticfield ghidra/program/model/data/PointerDataType dataType Lghidra/program/model/data/PointerDataType; ghidra/program/model/data/PointerDataType
ciInstanceKlass ghidra/docking/settings/SettingsDefinition 1 1 76 7 1 10 7 12 1 1 1 100 1 10 12 1 1 11 100 12 1 1 1 10 12 1 10 12 1 1 10 12 1 1 100 1 100 1 1 1 1 1 1 1 1 1 1 1 1 1 1 1 1 1 1 1 1 1 1 1 1 1 1 1 1 1 1 1 1 1 1 1 1 1 1 1 1 1
ciInstanceKlass ghidra/program/model/data/TypeDefSettingsDefinition 1 1 27 7 1 10 7 12 1 1 1 100 1 100 1 1 1 1 1 1 1 1 1 1 1 1 1 1 1
ciInstanceKlass ghidra/program/model/util/PropertySet 1 0 32 100 1 100 1 1 1 1 100 1 1 1 1 1 1 1 1 1 1 1 1 100 1 1 1 1 1 1 1 1 1 1
ciInstanceKlass ghidra/program/model/listing/CodeUnit 1 1 217 10 100 12 1 1 1 11 100 12 1 1 1 11 12 1 1 11 12 1 1 11 12 1 1 100 1 100 1 100 1 1 1 1 3 1 3 1 1 1 1 3 1 1 1 1 3 1 3 1 3 1 1 8 1 1 8 1 1 8 1 1 8 1 1 1 1 1 1 1 1 1 1 1 1 1 1 1 1 1 1 1 1 1 1 1 1 1 1 1 1 1 1 100 1 1 1 1 1 1 1 1 1 1 1 1 1 1 1 1 1 1 1 1 1 1 1 1 1 1 1 1 1 1 1 1 1 1 1 1 1 1 1 1 1 1 1 1 100 1 8 1 1 12 10 1 1 1 8 1 1 1 8 1 1 1 8 1 1 1 8 1 1 1 8 1 1 1 8 1 1 1 8 1 1 1 8 1 1 1 8 1 1 8 1 1 8 1 1 8 1 1 8 1 1 1 8 1 1 1 8 1 1 1 8 1 1 1 8 1 1 8 1 1 1 8 1
instanceKlass ghidra/docking/settings/SettingsImpl$1
ciInstanceKlass ghidra/docking/settings/SettingsImpl 1 1 264 10 7 12 1 1 1 7 1 10 9 7 12 1 1 1 9 12 1 1 10 11 7 12 1 1 1 11 12 1 1 11 7 12 1 1 1 11 12 1 1 9 12 1 1 9 12 1 1 9 12 1 1 9 12 1 1 11 100 12 1 1 1 11 7 12 1 1 1 10 12 1 1 18 12 1 1 10 100 12 1 1 1 8 1 18 18 8 1 18 12 1 11 12 1 11 12 1 1 11 12 1 1 7 1 11 12 1 1 11 12 1 100 1 11 12 1 8 1 10 12 1 10 12 1 1 10 12 1 8 1 11 12 1 11 12 1 1 11 12 1 1 11 100 12 1 1 1 11 100 12 1 1 11 12 1 1 100 1 100 1 8 1 10 12 1 100 1 10 12 1 11 100 12 1 1 1 11 12 1 7 1 10 12 1 9 12 1 100 1 1 1 1 5 0 1 1 1 1 1 1 1 1 1 1 1 1 1 1 1 1 1 1 100 1 1 1 1 1 1 1 1 1 1 1 1 1 1 1 1 1 1 1 1 1 1 1 1 1 1 1 1 1 1 8 1 8 1 8 1 8 1 15 10 100 12 1 1 1 100 1 100 1 1
staticfield ghidra/docking/settings/SettingsImpl NO_SETTINGS Lghidra/docking/settings/Settings; ghidra/docking/settings/SettingsImpl$1
ciInstanceKlass ghidra/docking/settings/SettingsImpl$1 1 1 30 10 7 12 1 1 1 100 1 10 12 1 100 1 1 1 1 1 1 1 1 1 1 1 1 1 1 1 1 1
ciInstanceKlass ghidra/program/model/data/PointerTypeSettingsDefinition 1 1 142 10 7 12 1 1 1 9 7 12 1 1 1 7 1 8 1 11 7 12 1 1 1 10 7 12 1 1 1 10 12 1 1 100 1 10 12 1 1 9 12 1 1 9 12 1 1 10 12 1 1 10 12 1 1 11 12 1 1 11 12 1 1 8 1 8 1 11 12 1 1 10 7 12 1 1 1 10 12 1 1 8 1 8 1 8 1 8 1 10 9 12 1 1 100 1 100 1 1 1 1 1 1 1 1 1 1 1 1 1 1 1 1 1 1 1 1 1 1 1 1 1 1 1 1 1 1 1 1 1 1 1 1 1 1 1 1 1 1 1 1 1
staticfield ghidra/program/model/data/PointerTypeSettingsDefinition choices [Ljava/lang/String; 4 [Ljava/lang/String;
staticfield ghidra/program/model/data/PointerTypeSettingsDefinition DEF Lghidra/program/model/data/PointerTypeSettingsDefinition; ghidra/program/model/data/PointerTypeSettingsDefinition
ciInstanceKlass ghidra/program/model/data/AddressSpaceSettingsDefinition 1 1 159 10 7 12 1 1 1 9 7 12 1 1 1 8 1 11 7 12 1 1 1 10 100 12 1 1 1 11 12 1 1 11 12 1 1 10 12 1 1 8 1 8 1 18 12 1 11 12 1 1 100 1 11 12 1 1 11 100 12 1 1 1 11 100 12 1 1 1 11 100 12 1 1 1 11 12 1 1 11 100 12 1 1 1 10 9 12 1 1 100 1 100 1 1 1 1 1 1 1 1 1 1 1 1 1 100 1 1 1 1 1 1 1 1 1 1 1 1 1 1 1 1 1 1 1 1 1 1 1 1 1 1 1 1 1 1 1 100 1 1 1 1 1 1 1 8 1 15 10 100 12 1 1 1 100 1 100 1 1
staticfield ghidra/program/model/data/AddressSpaceSettingsDefinition DEFAULT Ljava/lang/String; 
staticfield ghidra/program/model/data/AddressSpaceSettingsDefinition DEF Lghidra/program/model/data/AddressSpaceSettingsDefinition; ghidra/program/model/data/AddressSpaceSettingsDefinition
ciInstanceKlass ghidra/docking/settings/NumberSettingsDefinition 1 1 134 11 100 12 1 1 1 11 12 1 1 9 100 12 1 1 1 10 12 1 1 100 1 10 12 1 1 10 12 1 1 18 12 1 1 10 12 1 1 8 1 10 12 1 1 8 1 10 12 1 1 18 12 1 100 1 100 1 1 1 1 1 1 1 1 1 1 1 1 1 1 1 1 1 1 1 1 1 1 1 1 100 1 1 1 1 1 1 1 1 8 1 8 1 15 10 100 12 1 1 1 100 1 100 1 1 1 100 1 8 1 1 12 10 1 1 1 8 1 1 1 8 1 1 1 8 1 1 8 1 1 1 8 1
ciInstanceKlass ghidra/program/model/data/OffsetMaskSettingsDefinition 1 1 127 10 7 12 1 1 1 9 7 12 1 1 1 5 0 8 1 11 7 12 1 1 1 10 100 12 1 1 1 11 12 1 1 11 12 1 1 10 12 1 1 8 1 8 1 10 12 1 1 10 12 1 1 18 12 1 1 7 1 8 1 10 12 1 10 9 12 1 1 100 1 100 1 1 1 1 1 1 1 1 1 1 1 1 1 1 1 1 1 1 1 1 1 1 1 1 1 1 1 1 1 1 1 1 1 1 1 1 1 1 1 1 1 8 1 15 10 100 12 1 1 1 100 1 100 1 1
staticfield ghidra/program/model/data/OffsetMaskSettingsDefinition DEF Lghidra/program/model/data/OffsetMaskSettingsDefinition; ghidra/program/model/data/OffsetMaskSettingsDefinition
ciInstanceKlass ghidra/program/model/data/OffsetShiftSettingsDefinition 1 1 128 10 7 12 1 1 1 9 7 12 1 1 1 8 1 11 7 12 1 1 1 10 100 12 1 1 1 11 12 1 1 11 12 1 1 10 12 1 1 8 1 8 1 10 12 1 1 10 12 1 1 18 12 1 1 5 0 10 7 12 1 1 1 10 9 12 1 1 100 1 100 1 1 1 1 1 1 1 1 3 1 1 1 1 1 1 1 1 1 1 1 1 1 1 1 1 1 1 1 1 1 1 1 1 1 1 1 1 1 1 1 1 1 1 8 1 15 10 100 12 1 1 1 100 1 100 1 1
staticfield ghidra/program/model/data/OffsetShiftSettingsDefinition DEF Lghidra/program/model/data/OffsetShiftSettingsDefinition; ghidra/program/model/data/OffsetShiftSettingsDefinition
ciInstanceKlass ghidra/program/model/data/ComponentOffsetSettingsDefinition 1 1 135 10 7 12 1 1 1 9 7 12 1 1 1 8 1 11 7 12 1 1 1 10 100 12 1 1 1 11 12 1 1 11 12 1 1 10 12 1 1 8 1 8 1 10 12 1 1 8 1 8 1 10 12 1 1 18 12 1 1 5 0 10 7 12 1 1 1 10 9 12 1 1 100 1 100 1 1 1 1 1 1 1 1 3 1 1 1 1 1 1 1 1 1 1 1 1 1 1 1 1 1 1 1 1 1 1 1 1 1 1 1 1 1 1 1 100 1 1 1 1 1 8 1 15 10 100 12 1 1 1 100 1 100 1 1
staticfield ghidra/program/model/data/ComponentOffsetSettingsDefinition DEF Lghidra/program/model/data/ComponentOffsetSettingsDefinition; ghidra/program/model/data/ComponentOffsetSettingsDefinition
instanceKlass ghidra/program/model/data/FunctionDefinitionDataType
instanceKlass ghidra/program/model/data/EnumDataType
instanceKlass ghidra/program/model/data/CompositeDataTypeImpl
instanceKlass ghidra/program/model/data/TypedefDataType
instanceKlass ghidra/program/model/data/PointerTypedef
ciInstanceKlass ghidra/program/model/data/GenericDataType 1 1 107 10 7 12 1 1 1 10 7 12 1 1 1 100 1 18 12 1 1 10 12 1 10 12 1 10 7 12 1 1 10 12 1 1 9 12 1 1 10 100 12 1 1 1 10 12 1 10 12 1 9 100 12 1 1 1 9 12 1 1 1 1 1 1 1 1 1 1 100 1 1 1 1 1 1 1 1 100 1 100 1 1 1 1 100 1 1 1 1 1 1 1 1 8 1 15 10 100 12 1 1 1 100 1 100 1 1
ciInstanceKlass ghidra/program/model/data/TypedefDataType 1 1 453 9 7 12 1 1 1 11 7 12 1 1 1 10 7 12 1 1 1 10 7 12 1 1 9 12 1 1 9 12 1 10 12 1 1 11 12 1 1 9 12 1 1 11 12 1 9 12 1 1 10 12 1 100 1 100 1 8 1 10 12 1 100 1 8 1 7 1 11 12 1 1 18 12 1 1 7 1 18 7 1 18 9 12 1 1 10 12 1 10 12 1 10 12 1 1 11 12 1 10 11 12 1 10 11 12 1 10 11 12 1 1 10 11 12 1 7 1 11 11 10 100 12 1 1 1 10 12 1 1 11 10 12 1 1 11 12 1 1 11 12 1 11 12 1 11 12 1 1 11 12 1 11 12 1 1 11 12 1 1 11 12 1 1 11 11 12 1 1 11 12 1 1 11 12 1 1 11 12 1 1 11 12 1 10 12 1 10 12 1 1 10 12 1 10 12 1 1 10 12 1 1 10 10 12 1 10 12 1 1 11 10 10 12 1 1 10 12 1 11 12 1 10 12 1 9 12 1 1 11 12 1 1 11 12 1 1 7 1 10 7 12 1 1 1 7 1 10 12 1 18 12 1 1 10 12 1 11 12 1 1 10 12 1 1 10 11 7 12 1 1 10 7 12 1 1 1 10 12 1 1 9 12 1 1 11 12 1 11 12 1 11 12 1 18 12 1 11 11 7 12 1 1 11 12 1 11 11 12 1 1 100 1 10 12 11 12 1 1 10 12 1 10 12 1 1 10 12 1 10 8 1 10 12 1 8 1 10 12 1 10 12 1 10 12 10 12 1 1 1 1 1 1 1 1 1 1 1 1 1 1 1 1 1 1 1 1 1 1 1 1 1 1 1 1 1 1 1 1 1 1 1 1 1 1 1 100 1 1 1 1 1 1 1 1 1 1 1 1 100 1 1 1 1 1 1 1 1 1 1 1 1 1 1 1 1 1 1 1 1 1 8 1 8 1 8 1 16 15 10 12 16 8 1 15 10 100 12 1 1 15 10 7 12 1 1 1 1 100 1 100 1 1
ciInstanceKlass ghidra/program/model/data/Dynamic 1 1 223 100 1 100 1 100 1 1 1 1 1 1 1 1 1 1 1 1 1 1 1 100 1 8 1 1 12 10 1 1 1 8 1 1 1 8 1 1 1 8 1 1 1 8 1 1 1 8 1 1 1 8 1 1 8 1 1 8 1 1 1 8 1 1 8 1 1 1 8 1 1 1 8 1 1 8 1 1 8 1 1 1 8 1 1 8 1 1 1 8 1 1 1 8 1 1 8 1 1 1 8 1 1 8 1 1 8 1 1 1 8 1 1 8 1 1 8 1 1 8 1 1 1 8 1 1 8 1 1 1 8 1 1 1 8 1 1 1 8 1 1 1 8 1 1 8 1 1 8 1 1 8 1 1 8 1 1 1 8 1 1 1 8 1 1 1 8 1 1 1 8 1 1 1 8 1 1 1 8 1 1 8 1 1 1 8 1 1 1 8 1 1 1 8 1 1 8 1 1 8 1 1 1 8 1 1 1 8 1 1 1 8 1 1 8 1 1 8 1 1 1 8 1
ciInstanceKlass ghidra/program/model/data/PointerType 1 1 97 7 1 9 12 1 1 9 12 1 9 12 1 9 12 1 9 12 1 1 10 7 12 1 1 10 7 12 1 1 1 10 12 1 1 9 12 1 1 10 12 1 1 100 1 18 12 1 1 10 12 1 8 10 12 1 8 8 8 10 12 1 1 1 1 1 1 1 1 1 1 1 1 1 1 1 1 1 1 1 1 1 1 8 1 15 10 100 12 1 1 1 100 1 100 1 1
staticfield ghidra/program/model/data/PointerType DEFAULT Lghidra/program/model/data/PointerType; ghidra/program/model/data/PointerType
staticfield ghidra/program/model/data/PointerType IMAGE_BASE_RELATIVE Lghidra/program/model/data/PointerType; ghidra/program/model/data/PointerType
staticfield ghidra/program/model/data/PointerType RELATIVE Lghidra/program/model/data/PointerType; ghidra/program/model/data/PointerType
staticfield ghidra/program/model/data/PointerType FILE_OFFSET Lghidra/program/model/data/PointerType; ghidra/program/model/data/PointerType
staticfield ghidra/program/model/data/PointerType $VALUES [Lghidra/program/model/data/PointerType; 4 [Lghidra/program/model/data/PointerType;
ciInstanceKlass ghidra/program/model/lang/ProcessorContextView 1 0 155 100 1 10 12 1 1 11 100 12 1 1 1 10 12 1 1 8 1 10 100 12 1 1 1 10 100 12 1 1 1 10 12 1 1 11 100 12 1 1 1 11 100 12 1 1 1 11 12 1 1 10 12 1 1 10 12 1 10 12 1 1 10 12 1 10 12 1 10 12 1 8 1 10 12 1 1 10 12 1 10 100 12 1 1 1 10 100 12 1 1 1 18 12 1 1 10 12 1 18 12 1 100 1 1 1 1 1 1 1 1 1 1 1 1 1 1 1 1 1 1 1 1 1 1 1 1 1 1 1 1 1 1 1 100 1 1 1 1 8 1 8 1 15 10 100 12 1 1 1 100 1 100 1 1
ciInstanceKlass ghidra/program/model/address/AddressSpace 1 1 171 7 1 10 100 12 1 1 1 10 12 1 1 7 1 100 1 8 1 10 12 1 1 9 12 1 1 8 1 9 12 1 8 1 9 12 1 8 1 9 12 1 8 1 9 12 1 100 1 100 1 1 1 1 3 1 3 1 3 1 3 1 3 1 3 1 3 1 3 1 3 1 3 1 3 1 3 1 3 1 3 1 1 1 1 3 1 1 1 1 1 1 1 1 1 1 1 1 1 1 1 1 100 1 1 1 100 1 1 1 1 1 1 1 1 1 1 1 1 1 1 100 1 1 1 1 1 1 1 1 1 1 1 1 1 1 1 1 1 1 1 1 1 1 1 1 1 1 1 1 1 1 1 1 1 1 1 1 1 1 1 1 1 1 1 1 1 1 1 1 1
staticfield ghidra/program/model/address/AddressSpace OTHER_SPACE Lghidra/program/model/address/AddressSpace; ghidra/program/model/address/GenericAddressSpace
staticfield ghidra/program/model/address/AddressSpace EXTERNAL_SPACE Lghidra/program/model/address/AddressSpace; ghidra/program/model/address/GenericAddressSpace
staticfield ghidra/program/model/address/AddressSpace VARIABLE_SPACE Lghidra/program/model/address/AddressSpace; ghidra/program/model/address/GenericAddressSpace
staticfield ghidra/program/model/address/AddressSpace HASH_SPACE Lghidra/program/model/address/AddressSpace; ghidra/program/model/address/GenericAddressSpace
staticfield ghidra/program/model/address/AddressSpace DEFAULT_REGISTER_SPACE Lghidra/program/model/address/AddressSpace; ghidra/program/model/address/GenericAddressSpace
ciInstanceKlass ghidra/program/model/address/AddressFactory 1 1 50 100 1 100 1 1 1 1 1 1 1 1 1 1 1 1 1 1 1 1 1 1 1 1 1 1 1 1 1 1 1 1 1 1 1 1 1 1 1 1 1 1 1 1 1 1 1 1 1 1
instanceKlass ghidra/program/model/address/OverlayAddressSpace
instanceKlass ghidra/program/model/address/GenericAddressSpace
ciInstanceKlass ghidra/program/model/address/AbstractAddressSpace 1 1 490 10 7 12 1 1 1 9 7 12 1 1 1 9 12 1 1 9 12 1 9 12 1 7 1 10 12 1 1 9 12 1 9 12 1 1 9 12 1 10 12 1 1 9 12 1 1 9 12 1 9 12 1 9 12 1 5 0 9 12 1 9 12 1 100 1 100 1 8 1 10 12 1 10 12 1 1 8 1 18 12 1 1 10 12 1 1 10 100 12 1 1 1 10 12 1 1 7 1 8 1 10 7 12 1 1 1 10 12 1 1 10 12 1 1 10 100 12 1 1 1 10 12 10 12 1 1 10 12 1 7 1 7 1 18 12 1 10 100 1 10 12 1 8 1 10 12 1 1 8 1 10 12 1 1 7 1 10 12 1 10 12 1 1 10 12 1 18 18 10 12 10 12 1 1 10 12 1 10 12 1 100 1 10 12 1 11 12 1 1 11 12 1 11 7 1 10 12 1 11 12 1 11 18 12 1 11 12 1 10 12 1 1 10 12 1 1 7 1 5 0 7 1 10 12 1 1 10 12 1 1 18 10 10 12 1 8 1 10 12 1 10 12 1 1 10 12 1 1 10 12 1 10 10 10 12 1 18 8 1 9 12 1 1 10 10 100 12 1 1 1 11 10 12 1 1 10 12 1 1 18 10 100 12 1 1 1 100 1 11 10 12 1 1 10 12 1 11 11 12 1 10 10 12 1 1 11 10 10 10 100 1 11 10 12 10 11 12 1 9 12 1 1 10 12 1 10 7 12 1 1 10 12 1 10 18 12 1 18 18 9 12 1 1 10 12 1 1 1 1 1 1 1 1 1 1 1 1 1 1 1 1 1 1 1 1 1 1 1 1 1 1 1 1 1 1 1 1 1 1 1 1 1 1 1 1 1 1 1 1 1 1 1 1 1 1 1 1 1 1 1 1 1 1 1 1 1 1 1 1 1 1 1 1 1 1 1 1 1 1 1 1 1 1 1 1 1 1 1 1 1 1 1 1 1 1 1 1 1 1 1 1 1 1 1 1 1 1 1 1 1 1 1 1 1 1 8 1 8 1 8 1 8 1 8 1 8 1 8 1 8 1 8 1 8 1 8 1 15 10 7 12 1 1 1 100 1 100 1 1
instanceKlass ghidra/program/model/address/SegmentedAddressSpace
ciInstanceKlass ghidra/program/model/address/GenericAddressSpace 1 1 219 10 7 12 1 1 1 10 12 1 1 10 7 12 1 1 9 12 1 1 10 7 12 1 1 1 10 12 1 7 1 10 12 1 10 12 1 10 12 1 1 10 12 1 10 12 1 1 10 10 12 1 10 12 1 10 12 1 10 12 1 10 12 1 10 12 1 10 12 1 10 12 1 10 12 1 10 12 1 10 12 1 10 12 1 1 10 12 1 10 12 1 10 12 1 1 10 12 1 10 12 1 1 10 12 1 10 12 1 1 10 12 1 1 10 12 1 1 10 12 1 10 12 1 1 10 12 1 1 10 12 1 1 10 12 1 1 10 12 10 12 1 10 12 1 10 12 1 10 12 1 10 12 1 10 12 1 10 12 1 10 12 1 1 10 12 1 10 12 1 10 12 1 10 10 12 1 10 12 1 10 12 1 10 12 1 10 12 1 1 1 1 1 1 1 1 1 1 1 1 1 1 1 1 1 1 1 1 100 1 1 1 1 100 1 100 1 1 1
instanceKlass ghidra/program/model/address/SegmentedAddress
instanceKlass ghidra/program/model/address/OldGenericNamespaceAddress
instanceKlass ghidra/program/model/address/SpecialAddress
ciInstanceKlass ghidra/program/model/address/GenericAddress 1 1 337 10 7 12 1 1 1 9 7 12 1 1 1 9 12 1 1 11 7 12 1 1 1 11 12 1 1 11 12 1 11 12 1 11 12 1 11 12 1 11 12 1 1 11 12 1 1 11 12 1 11 12 1 1 11 12 1 1 11 12 1 11 12 1 11 12 11 12 1 11 12 1 11 12 1 9 100 12 1 1 1 10 12 1 1 11 12 1 11 12 1 11 12 1 1 11 7 12 1 1 1 11 12 1 1 11 12 1 1 10 7 12 1 1 1 10 12 1 10 11 11 12 1 11 12 1 10 12 1 1 10 7 12 1 1 18 12 1 1 7 1 10 11 12 1 8 1 10 12 1 1 11 12 1 10 7 12 1 1 1 8 1 8 1 10 12 1 1 10 12 1 10 12 1 10 12 1 8 1 10 11 11 12 1 1 11 12 1 11 12 1 10 12 1 11 12 1 11 12 1 11 12 1 11 12 1 11 12 1 11 12 1 11 12 1 11 12 1 11 12 1 11 12 1 10 7 12 1 1 1 10 12 1 1 1 1 3 1 3 1 1 8 1 1 1 1 1 1 1 1 1 1 1 100 1 1 1 1 1 1 100 1 1 1 1 1 1 1 1 1 1 100 1 1 1 1 1 1 1 1 1 1 1 1 1 1 1 1 1 1 1 1 1 1 1 1 1 1 1 1 1 1 1 1 1 1 1 1 1 1 1 1 1 1 1 1 1 1 1 1 1 1 1 8 1 15 10 100 12 1 1 1 100 1 100 1 1
ciInstanceKlass ghidra/program/model/address/SpecialAddress 1 1 40 7 1 100 1 10 12 1 1 10 7 12 1 1 9 100 12 1 1 1 11 12 1 1 1 1 1 1 1 1 1 1 1 1 1 1 1 1 1 1
ciInstanceKlass ghidra/program/model/data/DataOrganization 1 1 106 11 100 12 1 1 1 11 12 1 1 11 12 1 1 11 100 12 1 1 1 11 12 1 11 12 1 11 12 1 11 12 1 11 12 1 11 12 1 11 12 1 11 12 1 11 12 1 11 12 1 11 12 1 11 12 1 11 12 1 11 12 1 11 12 1 11 12 1 1 10 100 12 1 1 1 11 12 1 1 100 1 1 1 1 3 1 1 1 1 1 1 1 1 1 1 1 1 1 1 1 1 1 100 1 1
ciInstanceKlass ghidra/program/model/data/DataOrganizationImpl 1 1 689 10 7 12 1 1 1 10 12 1 1 10 12 1 1 11 7 12 1 1 1 11 7 12 1 1 1 10 12 1 1 11 12 1 1 10 12 1 1 10 7 1 7 1 9 12 1 1 9 12 1 9 12 1 9 12 1 9 12 1 9 12 1 9 12 1 9 12 1 1 9 12 1 9 12 1 9 12 1 9 12 1 9 12 1 9 12 1 9 12 1 9 12 1 9 12 1 7 1 10 9 12 1 1 7 1 10 9 12 1 1 10 12 1 10 12 1 10 12 1 10 12 1 10 12 1 10 12 1 10 12 1 10 7 12 1 1 1 10 12 1 1 11 7 12 1 1 1 10 12 1 10 100 12 1 1 1 10 12 1 1 10 12 1 10 12 1 10 12 1 1 11 7 1 11 12 1 1 11 7 12 1 1 11 12 1 10 7 12 1 1 1 8 1 8 1 10 12 1 10 12 1 8 1 8 1 10 12 1 8 1 18 12 1 1 11 7 12 1 1 7 1 7 1 7 1 11 12 1 1 10 12 1 1 7 1 11 12 1 7 1 11 12 7 1 10 10 12 1 1 100 1 10 12 1 10 12 1 1 10 12 1 1 10 12 1 10 7 1 7 1 10 12 1 1 10 12 1 1 11 18 9 100 12 1 1 1 10 12 1 1 10 12 1 11 12 1 9 7 12 1 1 1 10 12 1 18 12 1 10 12 1 11 12 1 9 12 1 11 12 1 9 12 1 11 9 12 1 11 9 12 1 11 12 1 9 12 1 11 12 18 10 12 1 11 12 1 9 12 1 11 12 1 9 12 1 11 9 12 1 11 9 12 1 11 9 12 1 11 12 1 9 12 1 11 12 1 9 12 1 11 12 1 9 12 1 11 12 1 9 12 1 11 12 1 1 9 12 1 18 12 1 11 11 12 1 1 9 12 1 18 10 12 1 1 10 12 1 1 10 12 1 1 10 12 1 10 12 1 10 12 1 10 12 1 100 1 10 12 1 1 9 12 1 11 100 12 1 1 1 9 7 12 1 1 1 11 12 1 1 11 12 1 9 12 1 9 12 1 11 12 1 1 9 12 1 10 12 1 9 12 1 9 12 1 10 12 1 1 11 7 12 1 1 1 11 12 1 1 11 7 12 1 1 11 12 1 10 12 1 10 11 12 1 10 7 12 1 1 11 12 1 1 10 12 1 1 10 12 1 1 11 12 10 12 1 10 7 12 1 1 1 10 12 1 1 10 12 1 1 1 3 1 3 1 3 1 3 1 1 1 1 3 1 1 1 1 1 1 1 1 1 8 1 1 8 1 1 1 1 1 1 1 1 1 1 1 1 1 1 1 1 1 1 1 1 1 1 1 1 1 1 1 1 1 1 1 1 1 1 1 1 1 100 1 1 1 1 1 1 1 1 1 1 1 1 1 1 1 1 1 1 1 1 1 1 1 1 1 1 100 1 1 1 1 1 1 1 1 1 1 1 1 1 1 1 1 1 1 1 1 1 8 1 8 1 8 1 8 1 8 1 8 1 15 10 7 12 1 1 1 100 1 1 100 1 100 1 1
instanceKlass ghidra/program/database/ProgramOverlayAddressSpace
ciInstanceKlass ghidra/program/model/address/OverlayAddressSpace 0 0 325 11 100 12 1 1 1 11 12 1 11 12 1 10 100 12 1 1 1 9 100 12 1 1 1 9 12 1 1 10 12 1 1 100 1 10 100 12 1 1 1 8 1 100 1 8 1 10 100 12 1 1 1 10 12 1 1 11 12 1 1 11 12 1 1 11 11 100 1 11 12 1 1 18 12 1 10 12 1 11 12 1 1 11 12 1 11 12 1 1 100 1 10 12 1 10 12 1 1 10 12 1 11 12 1 10 12 1 11 10 12 1 1 11 12 1 10 12 1 18 12 1 10 12 1 1 10 12 1 10 10 10 10 11 11 12 1 1 10 12 1 10 12 1 10 10 12 1 10 12 1 10 12 1 10 12 1 10 12 1 10 12 1 10 12 1 10 12 1 10 12 1 10 12 1 10 12 1 1 10 12 1 10 12 1 10 12 1 10 10 12 1 10 12 1 1 10 12 1 10 12 1 1 10 12 1 1 10 12 1 1 10 12 1 1 10 12 10 12 1 10 12 1 10 12 1 10 12 1 10 12 1 10 12 1 10 12 1 1 10 12 10 12 1 10 10 12 1 10 12 1 10 10 10 12 1 1 1 1 1 1 1 1 1 1 1 1 1 1 1 1 1 100 1 1 1 1 1 1 1 1 1 1 1 1 1 1 1 1 1 1 1 1 1 1 1 1 1 1 1 1 1 100 1 100 1 1 1 1 8 1 8 1 15 10 100 12 1 1 1 100 1 100 1 1
ciInstanceKlass ghidra/program/database/ManagerDB 1 1 31 100 1 100 1 1 1 1 1 1 100 1 100 1 1 1 1 1 1 1 100 1 1 1 1 1 1 1 1 1 1
ciInstanceKlass ghidra/program/model/address/SegmentedAddressSpace 0 0 249 100 1 10 100 12 1 1 1 100 1 5 0 9 12 1 1 9 12 1 10 12 1 1 9 12 1 1 5 0 3 5 0 5 0 5 0 100 1 10 12 1 100 1 8 1 10 100 12 1 1 1 10 12 1 1 10 12 1 10 12 1 1 10 100 12 1 1 1 10 12 1 1 10 12 1 1 10 12 1 1 10 12 1 1 100 1 10 12 1 1 18 12 1 1 10 12 1 11 12 1 1 10 12 1 1 10 12 1 1 10 12 1 10 12 1 18 8 1 10 12 1 1 8 1 10 100 12 1 1 1 10 12 1 100 1 100 1 18 12 1 10 10 12 1 18 12 1 10 12 1 1 10 12 1 8 1 8 1 10 12 1 10 12 10 12 1 1 1 1 1 3 1 1 1 1 1 1 1 1 1 1 1 1 1 1 1 1 1 1 1 1 1 1 1 1 1 1 1 1 1 1 1 1 1 1 1 1 1 1 1 1 1 1 1 1 1 1 1 1 1 1 1 1 1 1 1 1 1 8 1 8 1 8 1 8 1 15 10 100 12 1 1 1 100 1 100 1 1
ciInstanceKlass ghidra/program/util/ChangeManager 1 0 684 9 100 12 1 1 1 9 100 12 1 1 9 12 1 9 12 1 9 12 1 9 12 1 9 12 1 9 12 1 9 12 1 9 12 1 9 12 1 9 12 1 9 12 1 9 12 1 9 12 1 9 12 1 9 12 1 9 12 1 9 12 1 9 12 1 9 12 1 9 12 1 9 12 1 9 12 1 9 12 1 9 12 1 9 12 1 9 12 1 9 12 1 9 12 1 9 12 1 9 12 1 9 12 1 9 12 1 9 12 1 9 12 1 9 12 1 9 12 1 9 12 1 9 12 1 9 12 1 9 12 1 9 12 1 9 12 1 9 12 1 9 12 1 9 12 1 9 12 1 9 12 1 9 12 1 9 12 1 9 12 1 9 12 1 9 12 1 9 12 1 9 12 1 9 12 1 9 12 1 9 12 1 9 12 1 9 12 1 9 12 1 9 12 1 9 12 1 9 12 1 9 12 1 9 12 1 9 12 1 9 12 1 9 12 1 9 12 1 9 12 1 9 12 1 9 12 1 9 12 1 9 12 1 9 12 1 9 12 1 9 12 1 9 12 1 9 12 1 9 12 1 9 12 1 9 12 1 9 12 1 9 12 1 9 12 1 9 12 1 9 12 1 9 12 1 9 12 1 9 12 1 9 12 1 9 12 1 9 12 1 9 12 1 9 12 1 9 12 1 9 12 1 9 12 1 9 12 1 9 12 1 9 12 1 9 12 1 9 12 1 9 12 1 9 12 1 9 12 1 9 12 1 9 12 1 9 12 1 9 12 1 9 12 1 9 12 1 9 12 1 9 12 1 9 12 1 9 12 1 9 12 1 9 12 1 9 12 1 9 12 1 9 12 1 9 12 1 9 12 1 9 12 1 9 12 1 9 12 1 9 12 1 9 12 1 9 12 1 9 12 1 9 12 1 9 12 1 9 12 1 9 12 1 9 12 1 9 12 1 9 12 1 9 12 1 9 12 1 9 12 1 9 12 1 9 12 1 9 12 1 9 12 1 9 12 1 9 12 1 9 12 1 9 12 1 9 12 1 9 12 1 9 12 1 9 12 1 9 12 1 9 12 1 9 12 1 9 12 1 9 12 1 9 12 1 9 12 1 9 12 1 9 12 1 9 12 1 9 12 1 9 12 1 9 12 1 9 12 1 9 12 1 9 12 1 9 12 1 9 12 1 9 12 1 9 12 1 9 12 1 9 12 1 9 100 12 1 1 1 9 12 1 9 12 1 9 12 1 9 12 1 9 12 1 9 12 1 9 12 1 9 12 1 9 12 1 9 12 1 9 12 1 9 12 1 9 12 1 9 12 1 9 12 1 9 12 1 9 12 1 9 12 1 9 12 1 9 12 1 9 12 1 9 12 1 9 12 1 9 12 1 9 12 1 9 12 1 9 12 1 9 12 1 9 12 1 9 12 1 9 12 1 9 12 1 9 12 1 9 12 1 9 12 1 9 12 1 9 12 1 9 12 1 9 12 1 100 1 1 1 1 1 1 1 1 1 1 1 1 1 1 1 1 1 1 1 1 1 1 1 100 1 1
instanceKlass ghidra/framework/data/DomainObjectAdapterDB
ciInstanceKlass ghidra/framework/data/DomainObjectAdapter 1 1 639 10 7 12 1 1 1 7 1 10 9 7 12 1 1 1 9 12 1 1 7 1 7 1 10 12 1 9 12 1 1 7 1 9 12 1 7 1 10 9 12 1 9 12 1 9 12 1 7 1 8 1 10 12 1 9 12 1 1 9 12 1 1 8 1 10 7 12 1 1 1 9 12 1 1 7 1 10 12 1 9 12 1 1 7 1 10 9 12 1 1 10 12 1 1 7 1 10 12 1 1 10 7 12 1 1 1 7 1 10 12 1 9 12 1 1 7 1 9 7 12 1 1 1 10 12 1 10 12 1 1 10 12 1 100 1 10 100 12 1 1 1 18 12 1 1 10 10 12 1 1 10 12 1 7 1 10 12 1 1 10 12 1 1 10 12 1 1 10 12 1 1 18 12 1 10 12 1 9 12 1 10 12 1 10 8 1 10 9 12 1 10 12 1 10 12 1 1 11 12 1 1 10 12 1 11 7 12 1 1 1 11 7 12 1 1 1 11 7 12 1 1 1 11 12 1 11 12 1 10 12 1 10 12 1 10 12 1 1 10 12 1 10 10 7 1 10 11 12 1 1 11 12 1 11 12 1 10 11 7 12 1 1 11 12 1 10 12 1 100 1 8 1 10 10 12 1 10 12 1 10 12 1 10 12 1 9 12 1 1 10 100 1 100 1 100 1 18 10 9 12 1 18 11 100 1 10 12 1 1 100 1 10 10 10 12 1 9 12 1 1 10 100 12 1 1 1 10 10 12 1 1 11 100 1 11 12 1 10 18 10 100 12 1 1 1 100 1 11 12 1 10 12 1 18 10 12 1 1 100 1 10 12 10 12 1 1 7 1 10 1 1 8 1 1 1 1 1 1 1 1 1 1 1 1 1 1 1 1 1 1 1 1 1 1 1 100 1 1 1 1 1 1 1 1 1 1 1 1 1 1 1 1 1 1 1 1 1 1 1 1 1 1 1 1 1 1 1 1 1 1 1 1 1 1 1 1 1 1 1 1 1 1 1 1 1 1 1 1 1 1 1 1 1 1 1 1 1 1 1 1 1 1 1 1 1 1 1 1 1 1 1 1 1 1 1 1 1 1 1 1 1 1 1 1 1 1 1 1 1 1 1 1 1 1 1 1 8 1 8 1 8 1 8 1 8 1 8 1 15 10 100 12 1 1 1 100 1 100 1 1 1 100 1 8 1 1 12 10 1 1 1 8 1 1 1 8 1 1 1 8 1 1 1 8 1 1 1 8 1 1 8 1 1 8 1 1 1 8 1 1 1 8 1 1 8 1 1 8 1 1 8 1 1 1 8 1 1 8 1 1 8 1 1 1 8 1 1 1 8 1 1 8 1 1 1 8 1 1 8 1 1 1 8 1 1 8 1 1 8 1 1 1 8 1 1 8 1 1 1 8 1 1 1 8 1 1 8 1 1 8 1 1 1 8 1 1 8 1
instanceKlass ghidra/program/database/ProgramUserDataDB
instanceKlass ghidra/program/database/ProgramDB
ciInstanceKlass ghidra/framework/data/DomainObjectAdapterDB 1 1 645 10 7 12 1 1 1 9 7 12 1 1 1 9 12 1 18 12 1 1 9 12 1 1 8 1 10 7 12 1 1 1 9 12 1 1 7 1 10 12 1 9 12 1 1 7 1 10 9 12 1 1 100 1 10 7 12 1 1 1 11 100 12 1 1 1 10 100 12 1 1 1 18 12 1 1 10 100 12 1 1 1 100 1 10 12 1 10 12 1 10 10 12 1 9 12 1 1 10 12 1 10 12 1 1 100 1 11 100 12 1 1 1 10 12 1 11 12 1 1 11 100 12 1 1 1 11 12 1 1 100 1 11 12 1 1 11 12 1 1 7 1 18 10 12 1 11 100 12 1 1 1 8 1 11 12 1 1 10 12 1 1 10 12 1 1 10 12 1 10 12 1 1 8 1 10 12 1 1 10 12 1 10 100 12 1 1 7 1 10 12 1 1 100 1 10 12 1 1 10 12 1 10 12 1 1 10 12 1 1 10 12 1 10 12 1 10 12 1 1 100 1 10 12 1 10 12 1 10 12 1 10 12 1 10 12 1 1 100 1 11 100 12 1 1 100 1 10 12 1 10 12 1 1 11 7 12 1 1 1 9 7 12 1 1 1 10 12 1 1 10 12 1 10 12 1 10 12 1 10 12 1 10 12 1 10 12 1 10 12 1 10 12 1 10 12 1 10 12 1 10 12 1 10 7 1 10 12 1 1 10 12 1 10 7 1 9 7 12 1 1 1 10 12 1 10 12 1 1 10 10 12 1 10 12 1 10 12 10 10 12 1 1 7 1 11 100 12 1 1 10 12 1 11 12 1 10 12 1 100 1 8 1 10 12 8 1 10 8 1 10 9 12 1 10 12 1 1 10 12 1 10 12 1 1 10 10 12 1 10 9 12 1 10 12 1 10 12 1 10 12 1 8 1 10 12 1 1 9 12 1 1 11 100 12 1 1 10 100 12 1 1 1 10 12 1 10 12 10 12 1 9 12 1 1 100 1 11 18 10 12 1 10 10 12 10 10 12 1 9 12 1 1 10 100 12 1 1 1 10 12 1 5 0 10 100 12 1 1 100 1 10 12 1 1 10 18 10 12 1 10 12 1 100 1 1 1 1 3 1 1 1 1 1 1 1 1 1 1 1 1 1 1 1 1 1 1 1 1 1 1 1 1 1 1 1 1 100 1 1 1 1 1 1 1 1 1 1 1 1 1 1 1 1 1 1 1 1 1 1 1 1 1 1 1 1 1 1 1 1 1 1 1 1 1 100 1 1 1 1 1 1 1 1 1 1 1 1 1 1 1 1 1 1 1 1 1 1 1 1 1 1 1 100 1 1 1 1 1 1 1 1 1 1 1 1 1 1 1 1 1 16 15 10 12 16 8 1 8 1 8 1 8 1 15 10 7 12 1 1 1 15 10 7 12 1 1 1 1 1 100 1 100 1 1 1 100 1 8 1 1 12 10 1 1
ciInstanceKlass ghidra/program/database/ProgramDB 1 1 2163 100 1 7 1 10 12 1 1 10 7 12 1 1 7 1 7 1 9 12 1 1 9 12 1 1 9 12 1 9 12 1 1 7 1 10 9 12 1 1 9 12 1 7 1 100 1 11 7 12 1 1 1 10 100 12 1 1 1 18 12 1 1 10 12 1 9 12 1 1 10 7 12 1 1 1 9 12 1 1 11 7 12 1 1 1 9 12 1 1 11 12 1 1 9 12 1 1 11 12 1 1 9 12 1 1 11 12 1 9 12 1 7 1 18 12 1 1 10 12 1 9 12 1 1 9 12 1 8 1 10 12 1 1 10 12 1 9 7 12 1 1 1 9 7 12 1 1 1 10 12 1 1 100 1 8 1 10 7 1 10 9 12 1 1 7 1 9 12 1 1 10 12 1 9 12 1 1 10 12 1 1 10 12 1 7 1 10 12 1 9 12 1 1 10 12 1 1 10 12 1 1 10 12 1 10 12 1 1 10 7 12 1 1 9 12 1 1 10 12 1 10 12 1 1 10 12 1 100 1 10 10 7 12 1 1 1 8 1 10 7 12 1 1 1 18 9 12 1 10 12 1 1 10 100 12 1 1 1 11 100 12 1 1 1 10 100 12 1 1 1 100 1 10 12 1 1 9 12 1 10 12 1 1 9 12 1 1 10 12 1 1 10 12 1 18 10 100 12 1 1 1 9 12 1 10 10 12 1 10 12 1 1 10 12 1 1 100 1 10 12 1 1 100 1 8 1 10 12 1 10 12 1 1 9 12 1 10 12 1 10 12 1 10 100 12 1 1 10 12 1 10 12 1 10 12 1 1 11 7 12 1 1 1 11 12 1 10 7 12 1 1 1 11 100 12 1 1 1 11 12 1 100 1 11 12 1 1 11 100 12 1 1 18 12 1 10 100 12 1 1 1 11 12 1 1 10 12 1 1 8 1 10 12 1 1 8 1 8 1 8 1 11 7 12 1 1 1 8 1 8 1 8 1 8 1 8 1 8 1 9 12 1 1 8 1 8 1 8 1 8 1 11 12 1 1 10 7 12 1 1 7 1 10 11 12 1 1 11 12 1 1 10 12 1 1 8 1 10 12 1 1 10 12 1 1 10 12 1 9 12 1 1 10 7 12 1 1 1 100 1 10 100 1 18 100 1 10 12 1 1 10 12 1 1 7 1 7 1 7 1 9 12 1 1 7 1 7 1 7 1 7 1 7 1 7 1 7 1 7 1 8 1 8 1 8 1 10 12 1 11 12 1 1 11 12 1 1 11 7 12 1 1 7 1 7 1 10 10 100 1 10 12 1 1 8 1 10 12 1 10 12 1 1 10 12 1 10 12 1 10 12 1 10 12 1 1 11 100 1 10 100 12 1 1 11 12 1 11 7 12 1 1 1 11 12 1 1 100 1 8 1 10 12 1 10 12 1 11 12 1 7 1 10 12 1 10 12 1 1 10 12 1 10 12 1 10 12 1 10 100 12 1 1 1 10 12 1 10 12 1 10 12 1 10 12 1 11 100 12 1 1 10 12 1 10 12 1 11 100 12 1 1 1 11 12 1 10 12 1 100 1 11 12 1 1 100 1 11 12 1 10 12 1 1 100 1 10 12 1 10 12 1 11 100 1 10 12 1 1 10 12 1 1 10 100 12 1 1 10 12 1 9 7 12 1 1 1 10 12 1 1 10 10 12 1 10 12 1 100 1 9 12 1 10 12 1 9 12 1 10 12 1 100 1 10 12 1 100 1 9 12 1 1 10 12 1 9 12 1 1 10 7 12 1 1 10 12 9 12 1 1 8 1 10 7 12 1 1 10 12 1 1 10 12 1 10 12 1 10 12 1 10 12 1 10 12 1 1 11 12 1 10 12 1 11 10 7 12 1 1 1 10 12 1 10 12 1 1 11 18 8 1 10 9 12 1 1 10 7 12 1 1 1 9 12 1 10 12 1 10 12 1 1 100 1 100 1 18 10 10 12 1 10 12 1 1 10 10 12 1 1 10 12 10 12 1 9 12 1 100 1 9 100 12 1 1 1 10 12 1 10 12 1 11 100 12 1 1 10 12 1 10 12 10 12 1 9 12 1 8 1 7 1 10 12 1 10 12 1 10 11 12 11 8 1 11 12 1 11 12 1 1 11 12 1 11 12 1 11 12 1 100 1 18 10 11 12 1 10 7 12 1 1 1 9 12 1 10 12 1 10 12 1 10 12 10 12 1 8 1 10 12 1 8 1 10 7 12 1 1 8 1 8 1 10 7 1 8 1 18 12 8 1 10 7 12 1 1 10 100 12 1 1 1 10 9 100 1 9 10 10 8 1 10 12 1 1 10 12 1 10 12 1 9 12 1 10 12 10 100 12 1 1 1 10 12 1 1 10 12 1 10 12 1 10 12 1 100 1 8 1 8 1 8 1 11 12 1 1 11 100 12 1 1 1 11 100 12 1 1 11 12 1 1 11 12 1 10 12 1 1 11 12 1 11 100 12 1 1 11 12 1 9 100 12 1 1 1 11 100 12 1 1 1 11 100 1 11 12 1 10 12 1 1 10 12 1 1 10 12 1 100 1 8 1 10 10 12 1 1 10 12 1 10 12 1 8 1 11 12 1 10 12 1 10 12 1 10 100 1 10 12 1 9 12 1 1 10 10 12 1 10 12 1 10 10 10 7 1 10 12 1 10 10 10 7 1 10 12 1 10 12 1 7 1 10 12 1 9 12 1 1 11 12 1 10 10 12 1 1 10 12 1 10 12 1 1 11 12 1 1 10 10 12 1 10 12 1 10 12 10 12 1 10 12 1 1 11 12 1 1 11 12 1 1 10 7 12 1 10 12 7 1 10 12 11 12 1 10 12 10 12 1 11 12 1 1 11 7 12 1 1 1 11 100 1 11 12 1 7 1 10 12 1 100 1 11 12 1 100 1 8 1 10 11 12 1 1 10 11 10 100 12 1 1 1 10 12 1 100 1 8 1 10 10 12 1 10 12 1 11 12 1 11 12 1 1 10 18 12 10 12 1 10 18 18 12 1 10 10 12 1 18 10 12 1 10 10 12 1 10 12 1 1 8 1 11 12 1 10 12 1 10 8 1 10 12 1 1 10 12 1 10 12 1 1 10 12 1 10 12 1 1 10 12 1 11 11 12 1 1 10 100 12 1 1 10 7 1 8 1 10 12 1 9 12 1 11 12 1 1 10 100 12 1 8 1 10 12 1 10 12 1 100 1 8 1 10 12 1 11 12 1 1 9 12 1 1 8 1 11 11 12 1 10 12 1 10 12 1 1 11 100 1 11 12 1 100 1 10 12 1 1 11 12 1 1 10 100 12 1 1 10 12 1 1 10 11 100 1 11 12 1 1 11 12 1 1 10 12 1 10 12 1 10 10 12 1 11 12 1 11 12 1 1 100 1 8 1 10 12 1 100 1 10 18 18 12 10 12 1 10 12 1 1 11 12 1 9 12 1 10 12 1 11 12 10 12 1 9 12 1 10 100 12 1 1 9 12 1 10 12 10 9 12 1 10 10 11 12 1 11 12 1 9 12 1 18 12 1 8 1 8 1 8 1 10 8 1 8 1 8 1 11 18 8 1 10 10 12 8 1 10 8 1 10 12 1 18 8 1 8 1 10 12 18 12 8 1 10 12 1 8 1 10 8 1 10 12 1 8 1 10 12 1 1 8 1 10 12 1 10 100 12 1 1 1 10 12 1 1 11 12 1 10 100 1 10 12 1 10 10 12 10 10 12 1 10 12 1 1 10 10 10 12 1 10 12 1 10 12 1 10 12 1 10 12 1 10 10 10 11 10 12 1 10 12 1 10 12 1 10 12 1 1 10 12 1 1 10 12 1 1 10 12 1 1 10 12 1 1 10 12 1 1 10 12 1 1 10 12 1 1 10 12 1 1 10 12 1 1 100 1 1 1 1 1 3 1 3 1 3 1 3 1 3 1 3 1 3 1 1 3 1 1 1 1 1 1 1 1 1 1 1 1 1 1 1 1 3 1 3 1 3 1 3 1 3 1 3 1 3 1 3 1 3 1 1 1 1 3 1 3 1 3 1 3 1 1 1 1 1 1 1 1 1 1 1 1 1 1 1 1 1 1 1 1 1 1 1 1 1 1 1 1 1 1 1 1 1 1 1 1 1 1 1 1 1 1 1 1 1 1 1 1 1 1 1 1 1 1 1 1 1 1 1 1 1 1 1 1 1 1 1 1 1 1 1 1 1 1 1 1 1 1 1 1 1 1 1 1 1 1 1 1 1 1 1 1 1 1 100 1 1 1 1 1 1 1 1 1 1 1 1 1 1 1 1 1 1 1 1 1 1 1 1 1 1 1 1 1 1 1 1 1 1 1 1 1 1 1 1 1 1 1 1 1 1 1 1 1 1 1 1 1 1 1 1 1 100 1 100 1 1 1 1 1 1 1 1 1 1 1 1 1 1 1 1 1 1 1 1 1 1 1 1 1 1 1 1 1 1 1 1 1 1 1 1 1 1 1 1 1 1 1 1 1 1 1 1 1 1 1 1 1 1 1 1 1 1 1 1 1 1 1 1 1 1 1 1 1 1 1 1 1 1 1 1 1 1 1 1 1 1 1 1 1 1 1 1 1 1 1 1 1 1 1 1 1 1 1 1 1 1 1 1 1 1 1 1 1 1 1 1 1 1 100 1 1 1 1 1 1 1 1 1 1 1 1 1 1 1 1 1 1 1 1 1 1 1 1 1 1 1 1 1 1 1 1 1 8 1 16 15 10 12 8 1 15 10 12 8 1 8 1 8 1 8 1 8 1 8 1 8 1 8 1 8 1 15 10 12 8 1 8 1 8 1 8 1 15 10 7 12 1 1 15 10 7 12 1 1 1 1 100 1 1 100 1 100 1 1
ciInstanceKlass ghidra/framework/model/DomainObjectException 0 0 74 10 100 12 1 1 1 9 100 12 1 1 1 10 100 12 1 1 1 10 10 12 1 10 10 12 1 10 10 100 12 1 1 1 10 100 12 1 1 1 10 12 1 18 12 1 1 10 1 1 1 1 1 1 1 1 1 1 1 1 8 1 15 10 100 12 1 1 1 100 1 100 1 1
ciInstanceKlass ghidra/program/database/map/AddressMap 1 0 38 100 1 100 1 1 1 1 5 0 1 1 1 1 1 1 1 1 1 1 1 1 1 1 1 1 1 1 1 1 1 1 1 1 1 1 1 1
ciInstanceKlass ghidra/program/model/mem/Memory 1 1 356 100 1 11 12 1 1 11 100 12 1 1 1 11 12 1 1 10 7 12 1 1 1 10 12 1 1 100 1 10 12 1 1 11 12 1 1 11 12 1 1 11 100 12 1 1 1 11 100 12 1 1 11 12 1 1 100 1 11 12 1 1 11 12 1 1 11 12 1 1 10 100 12 1 1 10 12 1 100 1 10 12 1 100 1 100 1 1 1 1 3 1 1 5 0 1 3 1 5 0 1 1 1 1 1 1 1 1 1 1 1 1 1 1 1 1 1 1 1 1 1 1 1 1 1 1 1 1 100 1 100 1 100 1 100 1 100 1 1 1 1 1 1 1 1 1 1 1 1 1 1 1 1 1 1 1 1 1 1 100 1 1 1 1 1 1 1 1 1 1 1 1 1 1 100 1 1 1 1 1 1 1 1 1 1 1 1 1 1 1 1 1 1 1 1 1 1 1 1 1 1 1 1 1 1 1 1 1 1 1 1 1 1 1 1 1 100 1 1 1 1 1 1 1 1 1 1 1 1 1 1 1 1 1 1 1 1 1 1 1 100 1 1 1 1 1 1 1 1 1 1 1 1 1 1 100 1 8 1 1 12 10 1 1 1 8 1 1 1 8 1 1 8 1 1 8 1 1 1 8 1 1 8 1 1 8 1 1 1 8 1 1 8 1 8 1 1 1 8 1 1 8 1 1 8 1 1 8 1 1 1 8 1 1 8 1 1 8 1 1 8 1 1 1 8 1 1 1 8 1 1 1 8 1 1 1 8 1 1 8 1 1 1 8 1 1 8 1 1 1 8 1 1 8 1 1
ciInstanceKlass ghidra/program/model/data/FileBasedDataTypeManager 1 0 281 100 1 100 1 100 1 1 1 1 1 1 100 1 8 1 1 12 10 1 1 1 8 1 1 1 8 1 1 8 1 1 8 1 1 1 8 1 1 8 1 1 1 8 1 1 1 8 1 1 1 8 1 1 1 8 1 1 1 8 1 1 1 8 1 1 8 1 1 1 8 1 1 1 8 1 1 1 8 1 1 8 1 1 1 8 1 1 8 1 1 1 8 1 1 8 1 1 8 1 1 8 1 1 8 1 1 1 8 1 1 1 8 1 1 1 8 1 1 8 1 1 8 1 1 1 8 1 1 1 8 1 1 1 8 1 1 1 8 1 1 1 8 1 1 1 8 1 1 1 8 1 1 1 8 1 1 8 1 1 1 8 1 1 1 8 1 1 1 8 1 1 8 1 1 1 8 1 1 1 8 1 1 1 8 1 1 8 1 1 1 8 1 1 8 1 1 1 8 1 1 8 1 1 8 1 1 1 8 1 1 1 8 1 1 1 8 1 1 8 1 1 8 1 1 1 8 1 1 1 8 1 1 1 8 1 1 1 8 1 1 8 1 1 8 1 1 1 8 1 1 8 1 1 1 8 1 1 8 1 1 8 1 1 8 1 1 1 8 1 1 8 1 1 1 8 1 1 8 1 1
ciInstanceKlass ghidra/program/model/data/DomainFileBasedDataTypeManager 1 0 284 100 1 100 1 100 1 1 1 1 1 1 100 1 8 1 1 12 10 1 1 1 8 1 1 8 1 1 1 8 1 1 8 1 1 8 1 1 1 8 1 1 8 1 1 1 8 1 1 1 8 1 1 1 8 1 1 1 8 1 1 1 8 1 1 1 8 1 1 8 1 1 1 8 1 1 1 8 1 1 1 8 1 1 8 1 1 1 8 1 1 8 1 1 1 8 1 1 8 1 1 8 1 1 8 1 1 8 1 1 1 8 1 1 1 8 1 1 1 8 1 1 8 1 1 8 1 1 1 8 1 1 1 8 1 1 1 8 1 1 1 8 1 1 1 8 1 1 1 8 1 1 1 8 1 1 1 8 1 1 8 1 1 1 8 1 1 1 8 1 1 1 8 1 1 8 1 1 1 8 1 1 1 8 1 1 1 8 1 1 8 1 1 1 8 1 1 8 1 1 1 8 1 1 8 1 1 8 1 1 1 8 1 1 1 8 1 1 1 8 1 1 8 1 1 8 1 1 1 8 1 1 1 8 1 1 1 8 1 1 1 8 1 1 8 1 1 8 1 1 1 8 1 1 8 1 1 1 8 1 1 8 1 1 8 1 1 8 1 1 1 8 1 1 8 1 1 1 8 1 1 8 1 1
ciInstanceKlass ghidra/program/model/data/ProgramBasedDataTypeManager 1 0 317 100 1 100 1 100 1 1 1 1 1 1 1 1 1 1 1 1 1 1 1 1 1 1 1 1 1 1 1 1 1 1 1 1 100 1 1 1 1 1 1 100 1 8 1 1 12 10 1 1 1 8 1 1 1 8 1 1 1 8 1 1 8 1 1 8 1 1 1 8 1 1 8 1 1 1 8 1 1 1 8 1 1 1 8 1 1 1 8 1 1 1 8 1 1 1 8 1 1 8 1 1 1 8 1 1 1 8 1 1 1 8 1 1 8 1 1 1 8 1 1 8 1 1 1 8 1 1 8 1 1 8 1 1 8 1 1 8 1 1 1 8 1 1 1 8 1 1 1 8 1 1 8 1 1 8 1 1 1 8 1 1 1 8 1 1 1 8 1 1 1 8 1 1 1 8 1 1 1 8 1 1 1 8 1 1 1 8 1 1 8 1 1 1 8 1 1 1 8 1 1 1 8 1 1 8 1 1 1 8 1 1 1 8 1 1 1 8 1 1 8 1 1 1 8 1 1 8 1 1 1 8 1 1 8 1 1 8 1 1 1 8 1 1 1 8 1 1 1 8 1 1 8 1 1 8 1 1 1 8 1 1 1 8 1 1 1 8 1 1 1 8 1 1 8 1 1 8 1 1 1 8 1 1 8 1 1 1 8 1 1 8 1 1 8 1 1 8 1 1 1 8 1 1 8 1 1 1 8 1 1 8 1 1 1 8 1
ciInstanceKlass ghidra/program/model/symbol/ReferenceManager 1 0 80 100 1 100 1 100 1 1 1 1 3 1 1 1 1 1 1 1 1 1 1 1 1 1 1 1 100 1 100 1 1 1 1 1 1 1 1 1 1 1 1 1 1 1 1 1 1 1 1 1 1 1 1 1 1 1 1 1 1 1 1 1 1 1 1 1 1 1 1 1 1 1 1 1 1 1 1 1 1 1
instanceKlass db/SparseRecord
ciInstanceKlass db/DBRecord 1 1 297 10 7 12 1 1 1 9 7 12 1 1 1 9 12 1 1 9 12 1 1 9 12 1 1 10 7 12 1 1 1 10 7 12 1 1 1 100 1 8 1 10 12 1 10 12 1 1 9 12 1 1 10 12 1 10 12 1 1 10 12 1 100 1 100 1 10 12 1 100 1 10 10 12 1 10 12 1 1 10 12 1 1 10 12 1 1 10 12 1 1 10 12 1 10 12 1 1 10 10 12 1 10 10 12 1 1 10 12 1 1 10 12 1 1 10 12 1 10 12 10 12 1 10 12 1 10 12 1 1 10 12 1 1 10 12 1 1 10 12 1 10 12 1 1 10 12 1 1 10 12 1 1 10 12 1 1 10 12 1 10 12 1 1 10 12 1 1 10 12 1 10 12 1 1 10 12 1 10 12 1 10 100 12 1 1 10 100 12 1 1 1 18 12 1 1 10 12 1 100 1 1 1 1 1 1 1 1 1 1 1 1 100 1 1 1 1 1 1 1 1 1 1 1 1 1 1 1 1 1 1 1 1 1 1 1 1 1 1 1 1 1 1 1 1 1 1 1 1 1 1 1 1 1 1 1 1 1 1 1 1 1 1 1 1 1 1 100 1 100 1 1 1 1 1 1 1 1 1 1 1 1 1 8 1 15 10 100 12 1 1 1 100 1 100 1 1
ciInstanceKlass ghidra/util/Lock 1 1 76 10 7 12 1 1 1 9 7 12 1 1 1 9 12 1 9 12 1 1 10 7 12 1 1 1 9 12 1 1 10 12 1 100 1 10 12 1 100 1 18 12 1 1 10 12 1 1 1 1 1 1 1 1 1 100 1 1 1 1 1 1 8 1 15 10 100 12 1 1 1 100 1 100 1 1
ciInstanceKlass ghidra/framework/data/DomainObjectChangeSupport 1 1 394 10 7 12 1 1 1 10 7 12 1 1 1 9 7 12 1 1 1 7 1 10 9 12 1 1 9 12 1 7 1 8 1 10 12 1 9 12 1 1 10 7 12 1 1 1 7 1 9 12 1 1 9 12 1 18 12 1 1 10 7 12 1 1 1 9 12 1 1 11 7 12 1 1 1 11 12 1 11 12 1 1 11 7 12 1 1 1 11 12 1 7 1 10 12 1 9 12 1 1 18 12 1 1 10 12 1 1 18 12 1 1 10 12 1 10 12 1 1 10 7 12 1 1 100 1 8 1 10 10 12 1 18 12 1 18 12 1 10 7 12 1 1 11 12 1 1 11 7 12 1 1 11 12 1 1 7 1 10 12 1 18 12 1 18 10 12 1 18 12 1 10 12 1 18 12 1 10 12 1 11 7 12 1 10 12 1 11 7 12 1 100 1 8 1 10 100 12 1 1 1 11 12 1 10 7 1 100 1 9 100 12 1 1 1 10 12 1 10 100 12 1 1 1 100 1 11 12 1 1 7 1 10 12 1 1 10 12 1 11 12 1 1 11 12 1 10 12 1 1 10 12 1 1 10 12 1 10 7 12 1 1 1 10 12 1 10 100 12 1 1 1 10 1 1 1 1 1 1 1 1 1 1 1 1 1 1 1 1 1 1 1 1 1 1 1 1 1 1 1 1 1 1 1 1 1 1 1 1 1 1 1 1 1 1 1 1 1 1 1 1 1 1 1 1 1 1 1 1 1 1 1 1 1 1 1 1 1 1 1 1 1 1 100 1 1 1 1 1 16 15 15 10 12 16 15 10 12 16 1 15 10 12 16 15 10 12 15 10 12 15 10 12 16 15 10 12 15 10 12 15 10 7 12 1 1 1 1 1 100 1 100 1 1
ciInstanceKlass ghidra/program/database/map/AddressMapDB 1 1 857 7 1 10 7 12 1 1 1 9 12 1 1 7 1 10 9 12 1 1 7 1 10 12 1 9 12 1 1 7 1 10 9 12 1 9 7 12 1 1 1 9 12 1 9 12 1 1 9 12 1 1 11 7 12 1 1 1 9 12 1 1 10 7 12 1 1 1 9 12 1 1 9 12 1 1 9 10 12 1 1 9 12 1 1 10 12 1 1 7 1 9 12 1 1 10 100 12 1 1 1 7 1 10 12 1 100 1 11 100 12 1 1 1 11 12 1 10 12 1 11 7 12 1 1 1 9 12 1 7 1 9 12 1 9 12 1 10 7 12 1 1 1 10 7 12 1 1 1 11 12 1 11 7 12 1 1 11 12 1 1 5 0 10 100 12 1 1 1 11 12 1 1 10 12 1 10 7 12 1 1 1 10 12 1 1 9 12 1 1 10 12 1 1 11 100 12 1 1 1 10 12 1 1 100 1 5 0 11 12 1 11 12 1 10 12 1 1 11 12 1 1 11 12 1 1 11 12 1 11 11 12 1 1 18 12 1 1 10 12 1 11 12 1 11 12 1 11 12 1 11 12 1 1 11 12 1 11 18 100 1 10 11 12 1 7 1 10 12 1 1 11 12 1 5 0 10 12 1 1 10 12 1 1 3 100 1 8 1 10 5 0 5 0 5 0 5 0 5 0 9 12 1 5 0 8 1 10 12 1 1 5 0 11 9 12 1 1 10 12 1 1 10 12 1 10 12 1 1 10 12 1 11 12 1 1 10 12 1 1 8 1 10 100 12 1 1 1 10 12 1 1 10 12 1 10 12 1 100 1 9 12 1 7 1 9 12 1 10 7 12 1 1 11 12 1 7 1 11 12 1 10 12 1 10 12 1 11 12 5 0 11 12 1 5 0 11 12 100 1 10 12 1 18 10 12 1 11 11 12 1 9 12 1 100 1 11 12 1 10 12 1 10 12 1 1 9 12 1 9 12 1 9 12 1 100 1 18 12 1 10 11 10 12 1 5 0 10 10 12 1 10 8 1 100 1 10 10 12 1 8 1 10 12 1 1 10 12 1 11 12 1 1 10 12 1 11 12 1 10 10 12 1 1 7 1 10 11 12 1 1 11 12 1 10 12 1 11 8 1 10 12 1 1 10 12 1 1 10 12 1 11 7 12 1 1 1 11 7 12 1 1 11 12 1 1 11 5 0 5 0 100 1 8 1 10 11 12 1 11 12 1 10 12 1 1 10 12 1 11 12 1 1 10 12 1 1 7 1 10 12 1 10 12 1 1 10 12 11 11 12 1 10 12 1 10 12 1 1 10 100 1 10 12 1 10 12 1 1 11 12 1 1 11 100 1 11 100 1 9 12 1 9 12 1 1 11 12 1 11 12 1 11 100 12 1 1 9 12 1 11 12 1 10 12 1 1 10 12 1 1 10 12 1 10 12 1 9 12 1 7 1 10 1 1 3 1 5 0 1 3 1 3 1 1 1 1 3 1 3 1 3 1 3 1 3 1 3 1 1 3 1 3 1 3 1 1 1 1 1 1 1 1 1 1 1 1 1 1 1 1 1 1 1 1 1 1 1 1 1 1 1 1 1 1 1 1 100 1 100 1 1 100 1 100 1 1 1 1 1 1 1 1 1 100 1 1 1 1 1 1 1 1 1 1 1 1 1 1 1 1 1 1 1 1 1 1 1 1 1 1 1 1 1 1 1 1 1 1 1 1 1 1 1 1 1 1 1 1 1 1 1 1 1 1 1 1 1 1 1 1 1 1 1 1 1 100 1 1 1 1 1 1 1 1 1 1 1 1 1 1 1 1 1 1 1 1 1 1 1 1 1 1 1 1 1 1 1 1 1 1 1 1 1 1 1 1 100 1 1 1 1 1 1 1 1 8 1 8 1 8 1 8 1 15 10 100 12 1 1 1 1 100 1 100 1 1
staticfield ghidra/program/database/map/AddressMapDB HASH_OFFSET_SIZE I 60
staticfield ghidra/program/database/map/AddressMapDB HASH_OFFSET_MASK J 1152921504606846975
ciInstanceKlass ghidra/program/database/mem/MemoryMapDB 1 1 1505 10 7 12 1 1 1 7 1 10 9 7 12 1 1 1 7 1 10 9 12 1 1 9 12 1 1 9 12 1 1 9 12 1 1 9 12 1 9 12 1 10 7 12 1 1 1 9 12 1 1 10 7 12 1 1 9 12 1 1 10 12 1 10 12 1 1 9 12 1 1 10 7 12 1 1 10 12 1 10 12 1 9 12 1 1 7 1 10 12 1 7 1 10 9 12 1 1 11 7 12 1 1 1 11 7 12 1 1 1 11 12 1 1 7 1 10 12 1 10 12 1 10 12 1 1 10 12 1 10 12 1 1 10 12 1 10 12 1 1 10 12 1 9 12 1 1 10 12 1 9 12 1 10 12 1 1 11 12 1 1 100 1 11 12 1 1 10 100 12 1 100 1 11 12 1 11 12 1 10 12 1 1 10 12 1 1 9 12 1 10 12 1 1 10 12 9 12 1 10 12 1 10 12 1 10 10 12 1 10 12 1 10 12 1 10 7 12 1 1 10 12 1 9 12 1 1 10 7 12 1 1 1 10 7 12 1 1 10 12 1 10 12 1 11 100 12 1 1 100 1 10 12 1 1 9 7 12 1 1 1 7 1 11 10 12 1 1 10 10 12 1 10 12 1 1 10 12 1 1 10 7 1 10 12 1 1 11 7 12 1 1 1 18 12 1 1 10 12 1 11 12 1 1 10 7 12 1 1 1 18 12 1 10 12 1 1 10 12 1 100 1 18 12 1 11 12 1 1 10 12 1 1 9 7 12 1 1 1 5 0 11 12 1 100 1 10 12 1 1 11 12 1 1 11 12 1 10 12 1 1 10 12 1 10 12 1 1 11 100 1 11 12 1 1 10 12 1 10 12 1 1 10 12 1 9 12 1 11 10 12 1 1 10 12 1 1 11 9 12 1 1 10 7 12 1 1 1 7 1 11 10 12 10 12 1 1 10 7 12 1 1 1 9 7 12 1 1 1 10 12 1 1 7 1 9 7 12 1 1 1 10 12 1 10 12 1 1 9 12 1 9 12 1 10 12 1 9 12 1 9 12 1 10 12 1 1 10 100 12 1 1 9 12 1 100 1 10 12 1 10 100 1 10 12 1 10 12 1 1 11 12 1 1 10 12 1 1 11 12 1 1 10 100 12 1 1 10 12 1 1 10 12 1 18 12 1 10 12 1 100 1 100 1 100 1 10 12 1 10 12 1 1 100 1 10 12 1 10 12 1 1 10 12 1 1 10 12 10 12 1 10 12 1 1 10 12 1 100 1 10 12 1 11 7 12 1 1 10 12 1 10 12 1 1 10 12 1 10 12 1 10 12 1 1 100 1 100 1 10 12 1 1 100 1 10 10 12 1 1 10 12 1 1 100 1 18 12 1 10 10 7 12 1 1 100 1 18 12 1 10 8 1 9 12 1 10 12 1 1 10 10 12 1 10 12 1 9 12 1 11 7 12 1 1 1 18 12 11 11 11 11 11 12 1 11 7 12 1 1 11 12 1 11 12 1 1 7 1 10 12 1 11 12 1 11 12 1 8 1 10 12 1 1 11 10 12 1 1 100 1 8 1 10 10 12 1 1 10 10 12 1 1 10 12 1 10 12 1 1 8 1 11 8 1 10 8 1 8 1 18 8 1 10 12 1 1 10 12 1 1 11 12 1 1 10 12 1 1 10 12 1 10 12 1 1 10 12 1 100 1 8 1 10 11 12 1 8 1 8 1 8 1 9 12 1 1 10 12 1 8 1 8 1 5 0 8 1 10 12 1 1 10 12 1 10 12 1 1 8 1 8 1 10 12 1 9 7 12 1 1 1 11 12 1 1 11 100 1 11 12 1 11 12 10 12 1 1 11 12 1 11 12 1 1 10 12 1 10 12 1 1 10 100 12 1 1 100 1 18 11 12 1 1 10 12 1 10 12 1 11 18 18 11 7 12 1 1 1 10 12 1 1 18 11 12 1 18 11 12 1 1 10 12 1 1 18 11 12 1 18 11 12 1 1 10 12 1 1 18 11 12 1 11 12 1 1 10 12 1 1 8 1 11 12 1 11 12 11 12 1 11 12 1 11 12 1 11 11 12 11 12 1 11 12 1 11 11 11 12 1 11 12 1 1 10 11 12 1 11 12 1 11 12 11 11 12 1 1 11 12 1 11 12 1 11 12 11 12 1 11 12 1 10 12 1 1 10 12 10 12 1 10 12 1 10 10 12 1 100 1 100 1 10 11 12 1 18 11 11 7 1 11 8 1 8 1 10 12 1 10 12 1 18 18 10 12 1 10 10 10 12 11 12 1 8 1 10 12 1 1 100 1 10 11 8 1 10 8 1 10 12 1 10 12 1 8 1 8 1 11 10 12 1 11 12 1 11 12 1 1 11 12 1 11 12 1 1 11 12 1 1 100 1 10 12 1 100 1 8 1 10 10 8 1 11 12 1 11 12 1 10 12 1 1 11 12 1 11 12 1 10 12 1 10 12 1 1 9 12 8 1 10 10 12 1 1 10 12 1 1 10 12 1 10 12 1 10 12 1 18 10 100 1 10 11 12 10 12 1 1 11 100 1 18 10 12 1 1 9 7 12 1 1 1 9 7 12 1 1 7 1 10 18 12 1 1 100 1 1 1 1 1 1 1 1 1 1 1 1 1 1 1 1 100 1 1 100 1 1 1 1 1 1 1 1 1 1 100 1 1 1 1 1 1 1 1 1 1 1 1 1 1 1 1 1 1 1 1 1 1 1 1 1 1 1 1 1 1 1 1 1 1 1 1 1 1 1 1 1 1 1 1 1 1 1 1 1 1 1 1 1 1 1 1 1 1 1 1 1 1 1 1 1 1 1 1 1 1 1 1 1 1 1 1 100 1 1 1 1 1 1 1 1 1 1 1 1 100 1 1 1 1 1 1 1 1 1 1 1 1 1 1 1 1 1 1 1 1 1 1 1 1 1 1 1 1 1 1 1 1 1 1 1 1 1 1 1 1 1 1 1 1 1 1 1 1 1 1 1 1 1 1 1 1 1 1 1 100 1 1 1 1 1 1 1 1 1 1 1 1 1 1 1 1 1 1 1 1 1 1 1 1 1 1 1 1 1 1 1 1 1 1 1 1 1 1 1 1 1 1 1 1 1 1 1 1 1 1 1 1 1 1 1 1 1 1 1 1 1 1 1 1 1 1 1 1 1 1 1 1 1 1 1 1 1 1 1 1 1 1 1 1 1 1 1 1 1 1 1 1 1 1 1 1 1 1 1 1 8 1 8 1 8 1 8 1 8 1 8 1 8 1 8 1 8 1 8 1 8 1 8 1 8 1 8 1 8 1 8 1 8 1 8 1 8 1 8 1 8 1 16 15 10 12 15 10 7 12 1 1 15 10 7 12 1 1 1 1 1 100 1 100 1 1
staticfield ghidra/program/database/mem/MemoryMapDB BIG_ENDIAN Lghidra/util/DataConverter; ghidra/util/BigEndianDataConverter
staticfield ghidra/program/database/mem/MemoryMapDB LITTLE_ENDIAN Lghidra/util/DataConverter; ghidra/util/LittleEndianDataConverter
staticfield ghidra/program/database/mem/MemoryMapDB NoBlock Lghidra/program/model/mem/MemoryBlock; ghidra/program/model/mem/MemoryBlockStub
ciInstanceKlass ghidra/program/database/code/CodeManager 1 1 2129 10 7 12 1 1 1 9 7 12 1 1 1 9 12 1 9 12 1 9 12 1 1 9 12 1 1 9 12 1 1 10 12 1 1 7 1 10 12 1 9 12 1 1 7 1 10 12 1 9 12 1 1 7 1 8 1 10 12 1 9 12 1 1 10 12 1 1 9 7 12 1 1 1 100 1 8 1 10 8 1 10 12 1 1 100 1 10 12 1 8 1 10 100 12 1 1 1 10 12 1 1 9 12 1 8 1 11 7 12 1 1 11 12 1 1 10 12 1 1 11 100 12 1 1 1 11 12 1 11 12 1 1 10 12 1 1 10 12 1 1 11 7 12 1 1 1 11 7 12 1 1 1 100 1 11 12 1 10 12 1 7 1 10 12 1 1 10 12 10 7 12 1 1 1 9 12 1 1 10 12 1 1 10 7 12 1 1 9 12 1 1 10 7 12 1 1 9 12 1 1 10 7 12 1 1 9 12 1 1 9 12 1 1 10 7 12 1 1 1 9 12 1 1 10 12 1 1 9 12 1 1 10 12 1 1 9 12 1 1 10 12 1 1 9 12 1 1 10 12 1 1 9 12 1 1 10 12 1 1 9 12 1 1 10 12 1 1 10 12 1 1 10 12 1 11 7 12 1 1 1 10 12 1 1 10 12 1 1 11 7 1 11 12 1 10 12 1 1 11 12 1 11 12 1 11 12 1 11 12 1 1 10 10 12 1 1 11 7 1 11 12 1 11 10 7 12 1 1 1 11 7 1 11 12 1 7 1 10 12 1 1 10 100 12 1 1 10 12 1 10 12 1 11 12 1 1 10 12 1 1 10 12 1 10 11 7 1 11 12 1 11 12 1 9 12 1 1 10 12 1 1 10 7 12 1 1 11 12 1 7 1 11 12 1 1 11 7 1 10 12 1 1 10 12 1 1 9 100 12 1 1 1 10 12 1 1 10 12 1 1 10 11 7 1 10 10 7 12 1 1 10 10 12 1 1 11 7 1 7 1 11 11 10 12 1 1 10 12 1 1 9 12 1 10 12 1 10 12 1 11 12 1 10 100 12 1 1 10 11 12 1 11 12 1 1 11 12 1 1 11 11 12 1 10 12 1 10 12 1 10 12 1 1 10 7 12 1 1 9 12 1 8 1 100 1 10 10 10 12 1 1 11 12 1 10 12 1 1 11 12 1 11 12 1 11 12 1 1 9 7 12 1 1 1 11 12 1 1 11 12 1 11 12 1 7 1 100 1 10 12 1 10 12 1 10 12 1 9 7 12 1 1 1 10 12 1 1 10 12 1 100 1 10 7 12 1 1 1 11 10 12 1 10 12 1 1 8 1 10 10 12 1 1 10 12 1 9 7 12 1 1 1 11 7 12 1 1 1 10 7 12 1 1 10 12 1 1 11 7 12 1 1 1 9 12 1 1 10 100 12 1 1 1 10 100 12 1 1 100 1 10 12 1 1 10 12 1 1 11 12 1 1 10 12 1 10 12 1 10 12 1 1 10 12 1 11 12 1 1 10 7 12 1 1 1 11 12 1 1 11 12 1 11 12 1 11 12 1 1 100 1 10 10 10 12 1 1 11 12 1 10 12 1 10 12 1 1 10 12 1 10 12 1 10 12 1 10 10 12 1 10 10 10 12 1 11 12 8 1 10 12 1 1 10 12 1 10 12 1 1 10 12 1 11 12 1 10 100 12 1 1 1 10 12 1 1 10 12 1 1 10 100 12 1 1 1 11 100 12 1 1 1 9 7 12 1 1 1 7 1 10 12 1 10 12 1 5 0 10 12 1 7 1 10 12 1 10 12 1 11 12 1 10 12 1 1 11 100 12 1 1 1 11 12 1 11 100 12 1 1 11 12 1 1 11 12 1 1 10 12 1 1 10 10 7 12 1 1 10 10 12 1 11 10 10 10 12 1 10 100 1 10 10 10 8 1 10 100 1 10 12 1 1 100 1 10 12 1 8 1 10 8 1 10 100 1 10 12 1 11 9 100 12 1 1 1 10 12 1 10 10 10 12 10 12 1 1 100 1 10 12 1 10 12 1 9 12 1 100 1 10 12 1 100 1 10 12 1 100 1 10 10 12 10 12 1 1 10 12 1 1 10 12 1 10 12 1 11 12 1 10 12 1 10 12 1 1 11 12 1 11 10 10 12 10 12 1 11 11 12 1 1 11 12 1 10 12 1 10 12 1 1 10 12 1 1 11 100 1 11 12 1 1 11 7 1 11 10 12 1 10 10 12 1 1 10 12 1 1 10 12 1 11 12 1 10 11 12 1 10 12 1 1 10 12 1 11 12 1 11 11 12 1 1 10 12 1 10 12 1 18 12 1 1 11 11 12 1 11 12 11 12 18 12 1 18 12 1 18 7 1 8 1 7 1 7 1 10 12 1 11 12 1 8 1 11 12 1 1 7 1 7 1 11 12 1 100 1 11 12 1 10 12 1 11 7 1 11 12 1 11 12 1 18 18 10 7 12 1 1 1 10 12 1 1 10 12 1 10 7 1 10 10 12 1 1 11 7 12 1 1 11 11 12 1 1 10 11 12 1 10 12 1 1 10 12 1 1 11 12 1 11 12 1 1 7 1 11 7 1 7 1 11 12 1 1 11 7 1 11 12 1 11 10 12 1 1 10 7 12 1 1 1 11 12 1 9 7 12 1 1 1 9 7 12 1 1 11 12 1 1 11 12 1 1 5 0 11 7 1 11 12 1 11 10 12 1 9 12 1 11 12 1 11 12 1 11 7 12 1 10 11 12 1 1 10 10 10 10 11 10 12 1 1 10 100 12 1 11 10 7 1 10 12 1 1 10 12 1 1 10 12 1 10 12 1 10 12 1 7 1 10 12 1 7 1 10 10 12 1 100 1 10 12 1 10 100 1 10 12 10 12 1 11 8 1 10 11 10 12 1 10 10 12 1 10 12 1 1 11 100 1 10 12 1 1 10 12 1 10 12 1 10 12 1 1 10 12 1 10 10 10 11 12 1 1 11 7 12 1 1 1 11 12 1 10 11 12 1 1 11 12 1 11 12 1 1 10 10 12 1 1 10 12 1 1 11 12 1 11 12 1 11 12 1 1 10 7 12 1 1 1 9 12 1 1 10 100 12 1 1 10 10 12 1 11 11 12 1 10 12 1 1 11 12 1 11 12 1 11 12 11 12 1 1 10 12 1 10 12 1 1 10 12 1 9 12 1 10 12 1 1 10 12 1 7 1 10 12 1 1 9 7 12 1 1 1 11 12 1 1 11 100 12 1 1 10 12 1 10 12 1 10 10 12 1 9 12 1 100 1 8 1 10 10 12 1 10 12 1 1 10 12 1 1 10 10 7 12 1 1 10 12 1 1 10 12 1 1 100 1 10 12 1 11 12 1 1 10 12 1 1 10 12 1 1 10 12 1 1 10 12 1 1 10 12 1 1 10 12 1 7 1 10 12 1 10 12 1 8 1 10 7 12 1 1 1 10 7 12 1 1 9 7 12 1 1 1 9 12 1 9 12 1 1 10 12 1 10 12 1 1 10 12 1 1 11 12 1 10 12 1 1 10 10 12 1 1 100 1 100 1 10 12 10 12 1 10 12 1 1 11 12 1 11 12 1 1 100 1 10 12 1 1 11 12 1 1 11 100 1 10 12 1 10 12 1 1 10 12 1 9 12 1 10 9 12 1 1 10 12 1 1 9 12 1 9 12 1 9 12 1 9 12 1 10 12 1 1 10 100 12 1 1 100 1 8 1 10 10 100 12 1 1 1 10 12 1 8 1 10 10 100 1 10 100 12 1 1 10 12 1 10 12 1 10 12 1 1 10 12 1 8 1 10 12 1 10 12 1 1 10 12 1 1 8 1 100 1 10 12 1 10 12 1 1 10 12 1 1 100 1 100 1 1 1 1 1 3 1 3 1 1 1 1 1 1 1 1 1 1 1 1 1 1 1 1 1 1 1 1 1 1 1 1 1 1 1 1 1 1 1 1 1 1 1 1 1 1 1 1 1 1 1 1 1 1 1 1 1 1 1 1 1 1 1 1 1 1 1 1 1 1 1 1 1 1 1 1 1 1 1 1 1 1 1 1 1 1 1 1 1 1 1 1 1 1 1 1 1 1 1 1 1 1 100 1 1 1 1 1 1 1 1 1 1 1 100 1 1 1 1 1 1 1 1 1 1 1 1 1 1 1 1 1 1 1 1 1 1 1 1 100 1 1 1 1 1 1 1 1 1 1 1 1 1 1 1 1 1 1 1 1 1 1 1 1 1 1 1 1 1 1 1 1 1 1 1 1 1 1 1 1 1 1 1 1 1 1 1 1 1 1 1 1 1 1 1 1 1 1 1 1 1 1 1 1 1 1 1 1 1 1 1 1 1 1 1 1 1 1 1 1 1 1 1 1 1 1 1 1 1 100 1 1 1 1 1 1 1 1 1 1 1 1 1 1 1 1 1 1 1 1 1 1 1 1 1 1 1 1 1 1 1 1 1 1 1 1 1 1 1 1 1 1 1 1 1 1 1 1 1 1 1 1 1 1 1 1 1 1 1 1 1 1 1 100 1 100 1 1 1 1 1 1 1 1 1 1 1 1 1 1 1 1 1 1 1 1 1 1 1 1 1 1 1 1 1 1 100 100 1 1 1 1 1 1 1 1 1 1 1 100 1 1 1 1 1 1 1 1 1 1 1 1 1 1 1 1 1 1 1 1 1 1 1 1 1 1 1 1 1 1 1 1 1 1 1 1 1 1 1 1 8 1 8 1 8 1 8 1 8 1 8 1 15 10 7 12 1 1 1 1 100 1 100 1 1
ciInstanceKlass ghidra/program/model/lang/ProcessorContext 1 0 18 100 1 100 1 100 1 1 1 1 100 1 1 1 1 1 1 1
ciInstanceKlass ghidra/program/model/listing/Data 1 1 329 100 1 100 1 100 1 100 1 1 1 1 1 1 1 1 1 1 1 1 1 1 1 1 1 1 1 1 1 1 1 1 1 1 1 1 1 1 1 1 1 1 1 1 1 1 1 1 1 1 1 1 1 1 1 1 1 1 1 1 1 1 3 1 1 1 1 1 1 1 1 1 1 1 1 1 1 1 100 1 8 1 1 12 10 1 1 1 8 1 1 1 8 1 1 1 8 1 1 1 8 1 1 1 8 1 1 1 8 1 1 1 8 1 1 1 8 1 1 1 8 1 1 1 8 1 1 1 8 1 1 8 1 1 8 1 1 1 8 1 1 8 1 1 1 8 1 1 1 8 1 1 1 8 1 1 1 8 1 1 1 8 1 1 1 8 1 1 1 8 1 1 1 8 1 1 1 8 1 1 1 8 1 1 1 8 1 1 8 1 1 1 8 1 1 1 8 1 1 1 8 1 1 1 8 1 1 1 8 1 1 1 8 1 1 1 8 1 1 1 8 1 1 1 8 1 1 1 8 1 1 1 8 1 1 8 1 8 1 1 1 8 1 1 1 8 1 1 1 8 1 1 8 1 1 8 1 1 8 1 1 8 1 1 1 8 1 1 1 8 1 1 1 8 1 1 1 8 1 1 8 1 1 1 8 1 1 8 1 1 8 1 1 1 8 1 1 8 1 1 1 8 1 1 1 8 1 1 8 1 1 8 1 1 1 8 1 1 8 1 1 1 8 1 1 1 8 1 1
instanceKlass ghidra/program/model/symbol/DataRefType
instanceKlass ghidra/program/model/symbol/FlowType
ciInstanceKlass ghidra/program/model/symbol/RefType 1 1 342 9 7 12 1 1 1 8 1 9 12 1 1 8 1 10 12 1 1 10 12 1 8 1 8 1 8 1 10 12 1 8 1 10 12 1 8 1 10 12 1 10 12 1 8 1 8 1 8 1 10 7 12 1 1 1 9 12 1 1 9 12 1 1 10 12 1 1 10 12 1 1 9 12 1 7 1 8 1 10 12 1 10 12 1 1 10 12 1 1 9 12 8 1 9 12 8 8 1 10 12 1 9 12 8 1 10 12 1 9 12 8 1 10 12 1 9 12 8 1 9 12 8 1 10 12 1 9 12 8 1 10 12 1 9 12 8 1 9 12 8 1 9 12 8 1 9 12 8 1 9 12 8 1 9 12 8 1 9 12 8 1 9 12 8 1 9 12 8 8 1 10 12 1 9 12 8 1 9 12 8 1 9 12 8 1 9 12 7 1 8 10 12 1 8 1 9 12 8 1 9 12 8 1 9 12 8 1 9 12 8 1 9 12 8 1 9 12 8 1 9 12 8 1 9 12 8 1 9 12 8 1 9 12 1 1 1 3 1 3 1 3 1 3 1 3 1 3 1 3 1 3 1 3 1 3 1 3 1 3 1 3 1 3 1 3 1 3 1 3 1 3 1 3 1 3 1 3 1 3 1 3 1 3 1 3 1 3 1 3 1 3 1 3 1 3 1 3 1 1 1 1 3 1 3 1 3 1 3 1 1 1 1 1 1 1 100 1 1 1 1 1 1 1 1 1 1 1 1 1 1 1 1 1 1 1 1 1 1 100 1 1
staticfield ghidra/program/model/symbol/RefType INVALID Lghidra/program/model/symbol/FlowType; ghidra/program/model/symbol/FlowType
staticfield ghidra/program/model/symbol/RefType FLOW Lghidra/program/model/symbol/FlowType; ghidra/program/model/symbol/FlowType
staticfield ghidra/program/model/symbol/RefType FALL_THROUGH Lghidra/program/model/symbol/FlowType; ghidra/program/model/symbol/FlowType
staticfield ghidra/program/model/symbol/RefType UNCONDITIONAL_JUMP Lghidra/program/model/symbol/FlowType; ghidra/program/model/symbol/FlowType
staticfield ghidra/program/model/symbol/RefType CONDITIONAL_JUMP Lghidra/program/model/symbol/FlowType; ghidra/program/model/symbol/FlowType
staticfield ghidra/program/model/symbol/RefType UNCONDITIONAL_CALL Lghidra/program/model/symbol/FlowType; ghidra/program/model/symbol/FlowType
staticfield ghidra/program/model/symbol/RefType CONDITIONAL_CALL Lghidra/program/model/symbol/FlowType; ghidra/program/model/symbol/FlowType
staticfield ghidra/program/model/symbol/RefType TERMINATOR Lghidra/program/model/symbol/FlowType; ghidra/program/model/symbol/FlowType
staticfield ghidra/program/model/symbol/RefType COMPUTED_JUMP Lghidra/program/model/symbol/FlowType; ghidra/program/model/symbol/FlowType
staticfield ghidra/program/model/symbol/RefType CONDITIONAL_TERMINATOR Lghidra/program/model/symbol/FlowType; ghidra/program/model/symbol/FlowType
staticfield ghidra/program/model/symbol/RefType COMPUTED_CALL Lghidra/program/model/symbol/FlowType; ghidra/program/model/symbol/FlowType
staticfield ghidra/program/model/symbol/RefType CALL_TERMINATOR Lghidra/program/model/symbol/FlowType; ghidra/program/model/symbol/FlowType
staticfield ghidra/program/model/symbol/RefType COMPUTED_CALL_TERMINATOR Lghidra/program/model/symbol/FlowType; ghidra/program/model/symbol/FlowType
staticfield ghidra/program/model/symbol/RefType CONDITIONAL_CALL_TERMINATOR Lghidra/program/model/symbol/FlowType; ghidra/program/model/symbol/FlowType
staticfield ghidra/program/model/symbol/RefType CONDITIONAL_COMPUTED_CALL Lghidra/program/model/symbol/FlowType; ghidra/program/model/symbol/FlowType
staticfield ghidra/program/model/symbol/RefType CONDITIONAL_COMPUTED_JUMP Lghidra/program/model/symbol/FlowType; ghidra/program/model/symbol/FlowType
staticfield ghidra/program/model/symbol/RefType JUMP_TERMINATOR Lghidra/program/model/symbol/FlowType; ghidra/program/model/symbol/FlowType
staticfield ghidra/program/model/symbol/RefType INDIRECTION Lghidra/program/model/symbol/FlowType; ghidra/program/model/symbol/FlowType
staticfield ghidra/program/model/symbol/RefType CALL_OVERRIDE_UNCONDITIONAL Lghidra/program/model/symbol/FlowType; ghidra/program/model/symbol/FlowType
staticfield ghidra/program/model/symbol/RefType JUMP_OVERRIDE_UNCONDITIONAL Lghidra/program/model/symbol/FlowType; ghidra/program/model/symbol/FlowType
staticfield ghidra/program/model/symbol/RefType CALLOTHER_OVERRIDE_CALL Lghidra/program/model/symbol/FlowType; ghidra/program/model/symbol/FlowType
staticfield ghidra/program/model/symbol/RefType CALLOTHER_OVERRIDE_JUMP Lghidra/program/model/symbol/FlowType; ghidra/program/model/symbol/FlowType
staticfield ghidra/program/model/symbol/RefType THUNK Lghidra/program/model/symbol/RefType; ghidra/program/model/symbol/DataRefType
staticfield ghidra/program/model/symbol/RefType DATA Lghidra/program/model/symbol/RefType; ghidra/program/model/symbol/DataRefType
staticfield ghidra/program/model/symbol/RefType PARAM Lghidra/program/model/symbol/RefType; ghidra/program/model/symbol/DataRefType
staticfield ghidra/program/model/symbol/RefType DATA_IND Lghidra/program/model/symbol/RefType; ghidra/program/model/symbol/DataRefType
staticfield ghidra/program/model/symbol/RefType READ Lghidra/program/model/symbol/RefType; ghidra/program/model/symbol/DataRefType
staticfield ghidra/program/model/symbol/RefType WRITE Lghidra/program/model/symbol/RefType; ghidra/program/model/symbol/DataRefType
staticfield ghidra/program/model/symbol/RefType READ_WRITE Lghidra/program/model/symbol/RefType; ghidra/program/model/symbol/DataRefType
staticfield ghidra/program/model/symbol/RefType READ_IND Lghidra/program/model/symbol/RefType; ghidra/program/model/symbol/DataRefType
staticfield ghidra/program/model/symbol/RefType WRITE_IND Lghidra/program/model/symbol/RefType; ghidra/program/model/symbol/DataRefType
staticfield ghidra/program/model/symbol/RefType READ_WRITE_IND Lghidra/program/model/symbol/RefType; ghidra/program/model/symbol/DataRefType
staticfield ghidra/program/model/symbol/RefType EXTERNAL_REF Lghidra/program/model/symbol/RefType; ghidra/program/model/symbol/DataRefType
ciInstanceKlass  @bci ghidra/framework/data/DomainObjectChangeSupport sendEventNow ()V 2 <appendix> member <vmtarget> ; 1 1 26 1 7 1 7 1 100 1 1 1 1 1 12 10 12 9 1 1 1 7 1 1 12 10 1 1
ciInstanceKlass ghidra/program/database/DBObjectCache 1 1 272 10 7 12 1 1 1 9 7 12 1 1 1 7 1 10 9 12 1 1 7 1 10 9 12 1 1 7 1 10 9 12 1 1 10 7 12 1 1 1 11 7 12 1 1 1 7 1 10 12 1 7 1 11 12 1 10 12 1 1 10 12 1 1 10 7 12 1 1 1 10 12 1 11 12 1 1 10 10 12 1 10 12 1 10 10 12 1 11 12 1 1 100 1 10 11 12 1 1 11 7 12 1 1 1 11 7 12 1 1 11 12 1 10 12 1 1 10 12 1 10 12 1 1 10 12 1 1 10 12 1 11 7 1 7 1 9 12 1 1 9 12 1 10 12 1 10 18 12 1 1 11 12 1 1 10 10 12 1 1 10 12 1 5 0 10 12 1 1 9 12 1 10 12 1 10 12 1 1 10 12 1 10 12 1 1 10 12 1 1 1 1 1 1 1 1 1 1 1 1 1 1 1 1 1 1 1 1 1 1 1 1 1 1 1 1 1 1 1 1 1 1 1 1 1 1 1 1 1 1 1 1 1 1 1 1 1 1 1 1 1 1 1 1 1 1 1 1 1 1 1 1 16 15 10 12 16 1 15 10 7 12 1 1 1 1 1 100 1 100 1 1
instanceKlass ghidra/program/model/data/StandAloneDataTypeManager
instanceKlass ghidra/program/database/data/ProgramBasedDataTypeManagerDB
ciInstanceKlass ghidra/program/database/data/DataTypeManagerDB 1 1 3349 7 1 10 7 12 1 1 1 7 1 10 9 7 12 1 1 1 9 12 1 7 1 10 12 1 9 12 1 1 7 1 10 9 12 1 1 9 12 1 1 7 1 10 9 12 1 1 7 1 10 9 12 1 1 9 7 12 1 1 1 9 12 1 1 9 12 1 1 7 1 10 9 12 1 1 9 12 1 9 12 1 7 1 10 12 1 9 12 1 1 7 1 10 9 12 1 1 9 12 1 7 1 8 1 10 12 1 9 12 1 1 7 1 10 9 12 1 1 9 12 1 1 8 1 9 12 1 1 7 1 10 9 12 1 1 9 12 1 1 10 12 1 1 9 7 12 1 1 1 9 7 12 1 1 1 10 12 1 1 10 12 1 1 100 1 100 1 100 1 10 12 1 100 1 100 1 10 12 1 9 12 1 10 7 12 1 1 1 10 7 12 1 1 1 10 12 1 1 18 12 1 1 10 100 1 100 1 8 1 10 10 7 12 1 1 1 10 12 1 1 10 12 1 10 12 1 10 12 1 1 9 12 1 1 10 7 12 1 1 10 7 12 1 1 10 100 12 1 1 1 10 12 1 10 12 1 1 10 12 1 10 12 1 1 10 12 1 9 12 1 10 12 1 1 8 1 18 12 1 10 100 12 1 1 1 10 12 1 9 12 1 10 12 1 1 10 9 12 1 1 10 12 1 10 12 1 10 12 1 1 10 12 1 9 12 1 9 12 1 7 1 10 12 1 9 12 1 1 9 12 1 1 10 7 12 1 1 10 12 1 10 12 1 1 10 12 1 1 9 12 1 1 10 12 1 1 10 7 12 1 1 9 12 1 1 10 7 12 1 1 9 12 1 1 10 7 12 1 1 9 12 1 1 10 7 12 1 1 9 12 1 1 10 7 12 1 1 9 12 1 1 10 7 12 1 1 9 12 1 1 10 7 12 1 1 9 12 1 1 10 7 12 1 1 9 12 1 1 18 10 7 12 1 1 9 12 1 1 10 7 12 1 1 9 12 1 1 10 7 12 1 1 9 12 1 1 10 7 12 1 1 9 12 1 1 10 12 1 10 7 12 1 1 9 12 1 1 10 12 1 10 12 1 100 1 8 1 10 12 1 10 12 1 10 12 1 9 12 1 11 7 12 1 1 1 11 7 12 1 1 11 12 1 1 7 1 7 1 11 12 1 1 11 12 1 1 7 1 11 7 1 11 100 1 11 12 1 1 11 100 1 100 1 11 12 1 11 12 1 1 11 100 1 10 12 1 1 8 1 10 7 12 1 1 1 10 12 1 10 7 12 1 1 1 10 12 1 1 8 1 10 7 12 1 1 8 1 10 12 1 1 10 12 1 10 12 1 10 12 1 1 10 12 1 1 10 12 1 11 100 12 1 1 10 12 1 1 10 7 12 1 1 10 12 1 1 10 12 1 1 10 12 1 10 12 1 1 10 12 1 1 10 12 1 100 1 10 12 1 10 12 1 10 12 1 1 11 7 12 1 1 100 1 11 12 1 1 7 1 10 11 100 12 1 1 10 12 1 1 11 12 1 9 100 12 1 1 1 18 12 1 1 11 12 1 1 10 12 1 11 12 1 1 11 12 1 11 12 1 1 11 12 1 1 100 9 12 1 1 9 12 1 1 11 7 12 1 1 1 11 7 12 1 1 1 10 7 12 1 1 10 12 1 10 12 1 100 1 10 10 12 1 10 12 1 10 12 1 10 10 7 12 1 1 1 8 1 10 12 1 1 10 12 1 1 10 12 1 1 11 12 1 1 10 12 1 7 1 10 10 7 12 1 1 10 12 1 1 8 1 10 7 1 10 12 11 100 12 1 1 1 11 12 1 11 12 1 1 10 12 1 1 10 12 1 10 12 1 1 10 12 1 1 10 7 12 1 1 1 9 12 1 10 12 1 1 10 100 12 1 1 7 1 10 12 1 1 9 12 1 1 10 12 1 10 12 1 1 11 12 1 11 12 1 11 12 1 1 11 7 12 1 1 1 11 12 1 1 10 7 12 1 1 1 11 12 1 1 7 1 11 12 1 1 100 1 10 11 12 1 11 12 1 10 12 1 10 12 1 10 12 1 10 11 12 1 11 12 1 1 100 1 8 1 10 11 11 12 10 12 1 1 10 12 1 1 10 12 1 10 12 1 1 10 12 1 100 1 10 12 1 18 12 1 9 7 12 1 1 1 10 12 10 12 1 10 12 1 1 10 11 12 1 9 12 1 1 10 12 1 10 12 1 10 7 12 1 1 10 12 1 1 10 12 1 10 12 1 10 12 1 10 12 1 10 12 1 1 10 10 12 1 1 10 12 1 1 10 7 1 9 12 1 1 7 1 10 12 1 1 10 12 1 10 12 1 9 12 1 1 10 12 1 10 12 1 1 10 12 1 9 7 12 1 1 10 12 1 1 10 12 1 1 11 12 1 1 11 7 12 1 1 1 9 7 12 1 1 1 10 12 1 11 12 1 1 10 12 1 11 12 1 10 10 9 12 1 9 12 1 10 12 1 10 12 1 1 7 1 10 12 1 1 11 11 11 12 1 10 12 1 1 11 12 1 100 1 11 12 1 18 10 12 1 9 7 12 1 1 10 12 1 1 10 12 1 10 12 1 1 11 12 1 10 12 1 10 12 1 10 12 1 10 100 12 1 1 1 11 100 12 1 1 7 1 10 12 1 100 1 8 1 100 1 8 1 100 1 8 1 7 1 7 1 10 12 1 1 7 1 7 1 10 12 1 7 1 10 12 1 7 1 11 12 1 7 1 11 12 1 1 10 12 1 1 11 12 1 11 12 1 11 12 1 10 12 1 7 1 10 12 1 10 7 12 1 1 11 12 1 18 18 11 12 1 1 11 12 1 1 10 12 11 12 1 10 12 1 10 12 1 10 12 1 1 10 12 1 1 10 12 1 10 12 1 1 10 12 1 10 12 1 10 12 1 10 12 1 10 12 1 1 10 12 1 10 12 1 1 9 100 12 1 1 1 10 100 12 1 1 10 12 1 1 10 12 1 10 12 1 100 1 18 10 10 10 12 1 10 12 1 11 8 1 11 12 1 11 100 1 11 12 1 11 12 1 11 11 12 1 10 12 10 12 1 10 12 1 1 10 12 1 1 10 12 1 9 12 1 8 1 10 12 1 10 12 1 10 12 1 10 12 1 1 10 12 1 8 1 10 12 1 11 12 1 1 11 12 1 1 10 10 18 10 12 1 1 18 11 12 1 11 12 1 18 10 10 12 1 10 12 1 10 10 12 1 100 1 9 12 1 1 9 12 1 10 12 1 1 18 12 1 10 12 1 18 10 12 1 10 12 1 1 10 12 1 1 11 12 1 1 10 12 1 1 11 12 1 1 11 12 11 10 18 12 1 18 12 1 10 12 1 1 10 12 10 12 1 11 12 1 10 7 12 1 1 1 10 12 11 11 12 10 12 1 11 12 1 1 10 100 12 1 1 1 11 12 1 10 100 12 1 1 1 10 100 12 1 1 10 12 1 1 10 12 1 1 8 1 10 10 10 12 1 11 100 1 5 0 5 0 10 12 1 1 10 12 1 1 10 12 1 10 10 10 12 1 100 1 11 12 1 8 1 9 12 1 1 10 12 1 1 10 12 1 10 12 1 10 12 1 1 11 11 10 12 1 18 10 12 1 9 12 1 100 1 8 1 10 10 12 1 10 12 1 10 12 1 11 12 1 1 10 12 8 1 11 11 10 12 1 1 10 12 1 1 10 7 12 1 1 9 10 7 12 1 1 10 12 1 1 10 12 1 11 11 10 12 1 10 12 1 100 1 8 1 10 12 1 10 12 10 12 11 12 1 10 12 1 10 12 1 10 12 1 10 12 1 10 12 1 1 10 12 1 10 12 10 12 1 10 10 10 10 10 10 12 1 10 10 10 10 12 1 10 12 1 10 12 1 10 12 1 10 12 11 12 8 1 10 10 12 1 10 12 1 10 10 10 10 10 10 10 12 1 18 10 10 12 1 10 12 1 1 10 12 1 1 10 12 1 1 10 12 1 1 10 12 1 1 10 12 1 1 10 12 1 1 10 10 10 7 12 1 1 1 100 1 100 1 10 100 12 1 10 12 1 1 10 7 12 1 1 1 11 11 11 10 10 12 1 11 12 1 1 7 1 10 12 1 11 12 1 1 10 12 1 1 18 12 1 1 10 12 1 1 11 100 1 10 12 1 11 100 1 100 1 10 10 12 1 7 1 10 10 12 1 1 10 12 1 10 10 10 12 1 7 1 10 10 12 1 7 1 10 10 12 1 10 10 12 1 11 12 1 11 12 1 10 12 1 1 11 12 1 11 10 12 1 1 10 12 1 1 10 12 1 1 10 12 1 1 10 12 1 1 10 12 1 1 10 12 1 1 10 12 1 1 18 10 12 1 8 1 11 11 12 1 11 12 1 11 12 1 10 12 11 11 12 1 11 12 1 10 12 1 10 12 10 12 1 11 18 10 12 1 10 12 1 11 12 1 11 11 10 12 1 10 10 12 1 10 12 1 1 10 12 1 11 11 11 10 11 18 11 11 11 10 12 1 11 12 1 1 11 12 1 11 12 1 10 12 1 10 12 1 10 12 1 7 1 7 1 10 12 1 10 12 1 10 12 1 1 11 12 1 10 12 1 10 12 1 1 9 12 1 11 12 1 10 12 1 10 12 1 9 12 1 11 12 1 10 12 1 7 1 10 12 1 10 12 1 11 11 10 12 1 10 12 1 10 12 1 11 11 12 1 1 10 11 12 1 18 12 1 1 10 12 1 1 11 12 11 12 1 11 12 1 11 10 12 1 10 10 12 1 1 10 10 10 10 12 1 10 10 12 1 1 10 100 1 18 12 1 10 12 1 18 18 10 10 9 12 1 1 9 12 1 10 12 1 10 12 1 10 12 1 10 10 12 1 10 12 1 10 12 1 10 11 12 10 12 1 10 12 10 12 1 10 12 10 12 1 1 11 12 1 10 12 1 10 12 1 10 12 1 10 10 12 1 100 1 10 12 1 10 12 1 10 12 1 1 10 12 1 10 12 10 12 1 10 10 12 1 10 12 10 12 1 10 12 1 1 10 12 1 10 12 10 12 1 10 12 1 1 10 12 11 10 12 1 10 12 1 1 10 12 1 10 12 1 10 12 1 10 12 1 10 12 1 10 12 11 12 1 10 12 1 10 12 1 10 12 1 1 10 10 10 100 1 8 1 8 1 10 12 1 11 12 1 10 100 12 1 1 1 9 12 1 10 12 1 11 100 1 18 10 18 10 12 1 10 12 1 1 11 12 1 1 10 100 1 10 10 12 1 10 12 1 10 12 1 10 12 1 10 10 12 1 11 12 1 1 11 12 1 1 10 100 12 1 1 10 12 1 10 12 1 11 100 1 11 12 1 10 10 12 1 10 12 1 1 10 100 12 1 1 10 12 1 10 8 1 10 12 1 1 8 1 10 10 12 1 1 10 12 1 11 10 100 12 1 1 1 10 12 1 11 100 12 1 1 10 12 1 10 12 1 1 100 1 10 11 12 1 1 10 100 12 1 1 1 10 100 12 1 1 1 8 1 10 100 1 10 12 1 10 12 1 1 10 12 1 1 11 12 1 10 12 1 1 9 12 1 9 12 1 18 12 10 12 1 10 12 1 10 12 1 10 12 1 9 12 1 1 7 1 10 9 12 1 9 12 1 7 1 10 12 10 10 12 1 9 12 1 1 9 12 1 10 12 1 1 9 12 1 10 12 1 10 8 1 10 10 12 7 1 10 10 12 10 12 1 1 10 12 1 10 12 10 7 12 1 1 10 10 12 1 1 10 12 1 1 8 1 10 12 1 10 12 1 10 12 1 1 5 0 10 10 10 10 10 10 10 10 12 1 100 1 10 12 1 1 10 12 1 1 1 1 3 3 1 3 1 1 3 1 3 1 3 1 3 1 3 1 3 1 3 1 3 1 1 1 1 8 1 1 1 1 1 1 1 1 1 1 1 1 1 1 1 1 1 1 1 1 1 1 1 1 1 1 1 1 1 1 1 1 1 1 1 1 100 1 100 1 1 1 1 1 1 1 1 1 1 1 1 1 1 1 1 1 100 1 1 1 1 1 1 1 1 1 1 1 1 1 1 1 100 100 1 1 1 1 1 1 1 1 1 1 1 1 1 1 1 1 1 100 1 1 1 1 1 1 1 1 1 1 1 1 1 1 1 1 1 1 100 1 1 1 1 1 1 1 1 1 1 1 1 1 1 1 1 1 1 1 1 1 1 1 1 1 1 100 1 1 1 1 1 1 1 1 1 1 100 100 1 1 1 1 1 1 1 1 1 1 1 1 1 1 1 1 1 1 1 1 1 1 1 1 1 1 1 1 1 1 1 1 1 1 1 1 1 1 1 1 1 1 1 1 1 1 1 1 1 1 1 1 1 1 1 1 1 1 1 1 1 1 1 1 1 1 1 1 1 1 1 1 1 1 1 1 1 1 1 1 1 1 1 1 1 1 1 1 1 1 1 1 1 1 1 1 1 1 1 1 1 1 1 1 1 1 1 1 1 1 1 1 1 1 1 1 1 1 1 1 1 1 1 1 1 1 1 1 1 1 1 1 1 1 1 1 1 1 1 1 1 1 1 1 1 1 1 1 1 1 1 1 1 1 1 1 1 1 1 1 1 1 1 1 1 1 1 1 1 1 1 1 1 1 1 1 1 1 1 1 1 1 1 1 1 1 1 1 1 1 1 1 1 1 1 1 1 1 1 1 1 1 1 1 1 1 1 1 1 1 1 1 1 1 1 100 1 1 1 1 1 1 1 1 1 1 1 1 1 1 1 1 1 1 1 1 1 1 1 1 1 1 1 1 1 1 1 1 1 1 1 1 1 1 1 1 1 1 1 1 1 1 1 1 1 1 1 1 1 1 1 1 1 1 1 1 1 1 1 1 1 1 1 1 1 1 1 1 1 1 1 1 1 1 1 1 1 1 1 1 1 1 1 1 1 1 1 1 1 1 1 1 1 1 1 1 1 1 1 1 1 1 1 1 1 1 1 1 1 1 1 1 1 1 1 1 1 1 1 1 1 1 1 1 1 1 1 1 1 1 1 1 1 100 100 1 1 1 1 1 1 1 1 1 1 1 1 1 1 1 1 1 1 1 1 1 100 1 1 1 1 1 1 1 1 1 1 1 1 1 1 1 1 1 1 1 1 1 1 1 1 1 1 1 1 1 1 1 1 1 1 1 1 1 1 1 1 1 1 1 1 8 1 8 1 8 1 16 15 10 12 16 1 8 1 8 1 8 1 8 1 8 1 8 1 8 1 8 1 8 1 8 1 8 1 8 1 8 1 8 1 16 15 10 12 16 8 1 8 1 8 1 16 15 10 12 16 15 10 12 16 15 10 12 15 10 12 8 1 15 10 12 8 1 15 10 7 12 1 1 15 10 7 12 1 1 1 1 1 1 1 1 1 1 1 100 1 100 1 1 1 100 1 8 1 1 12 10 1 1 1 8 1 1 8 1 1 1 8 1 1 1 8 1 1 1 8 1 1 1 8 1 1
instanceKlass ghidra/program/database/data/ProgramDataTypeManager
ciInstanceKlass ghidra/program/database/data/ProgramBasedDataTypeManagerDB 1 1 540 10 7 12 1 1 1 7 1 10 12 1 9 7 12 1 1 1 9 12 1 1 9 12 1 1 18 12 1 1 9 12 1 1 10 7 12 1 1 1 9 12 1 1 9 12 1 1 10 7 12 1 1 1 10 12 1 10 12 1 10 12 1 10 12 1 100 1 11 7 12 1 1 1 11 100 12 1 1 1 11 100 12 1 1 1 10 12 1 1 5 0 100 1 10 12 1 100 1 10 12 1 1 100 1 8 1 10 100 12 1 1 1 10 100 12 1 1 1 18 10 12 1 100 1 100 1 100 1 100 1 10 12 1 1 10 100 12 1 1 1 10 12 1 10 12 1 1 10 12 1 1 100 1 10 12 10 12 1 1 10 12 1 1 11 7 12 1 1 1 10 12 1 1 10 12 1 1 100 1 9 12 1 1 11 100 12 1 1 1 10 12 1 1 10 100 12 1 10 12 1 10 100 12 1 1 1 8 1 9 100 12 1 1 1 10 12 1 1 11 100 12 1 1 1 11 12 1 1 11 7 12 1 1 1 11 100 12 1 1 1 11 12 1 1 7 1 9 12 1 1 9 12 1 10 12 1 1 11 100 1 11 100 12 1 1 11 12 1 10 100 12 1 1 1 11 12 1 10 12 1 10 100 12 1 1 11 12 1 11 12 1 1 10 12 1 1 10 12 1 10 12 1 10 12 1 1 10 12 1 1 10 12 1 10 12 1 1 10 12 1 10 12 1 1 11 12 1 10 18 10 100 12 1 1 1 18 10 12 1 1 10 12 1 1 11 7 12 1 1 1 11 12 1 1 11 12 1 10 12 1 10 11 12 1 1 11 12 1 1 7 1 100 1 1 1 1 1 1 1 1 1 1 1 1 1 1 1 1 100 1 100 1 1 1 1 100 1 1 1 1 1 1 1 1 100 1 1 1 1 1 1 1 1 1 1 1 1 1 1 1 1 1 1 1 1 1 1 1 1 1 1 1 1 1 100 1 1 1 1 1 1 1 1 1 1 1 1 1 1 1 1 1 1 1 1 1 1 1 1 1 1 1 1 1 1 1 1 1 1 1 1 1 1 1 1 1 1 1 8 1 8 1 8 1 8 1 15 10 7 12 1 1 1 100 1 100 1 1 1 100 1 8 1 1 12 10 1 1 1 8 1 1 1 8 1 1 1 8 1 1 8 1 1 1 8 1 1 1 8 1 1 1 8 1 1 1 8 1 1
ciInstanceKlass ghidra/program/database/data/ProgramDataTypeManager 1 1 459 10 7 12 1 1 1 9 7 12 1 1 1 9 7 12 1 1 1 10 12 1 1 9 12 1 1 9 7 12 1 1 1 10 7 12 1 1 1 10 12 1 1 10 7 12 1 1 1 9 7 12 1 1 1 10 12 1 1 100 1 100 1 10 12 1 100 1 9 12 1 1 11 100 12 1 1 1 10 12 1 100 1 8 1 10 12 1 1 8 1 11 100 12 1 1 1 11 12 1 1 10 12 1 10 12 1 1 10 12 1 10 12 1 1 10 100 12 1 1 1 100 1 18 12 1 1 10 12 10 12 1 10 12 1 1 9 100 12 1 1 1 10 12 1 1 10 12 1 1 9 12 1 10 12 1 10 12 1 9 12 1 10 12 10 12 1 1 10 12 1 1 10 12 1 1 9 12 1 10 12 1 10 12 1 1 10 12 1 1 9 12 1 10 12 1 10 12 1 1 9 12 1 10 12 1 1 9 12 1 10 12 1 1 10 100 12 1 1 1 10 12 1 1 9 12 1 10 12 1 1 9 12 1 10 12 1 1 11 7 12 1 1 9 12 1 11 12 1 10 12 1 10 9 12 1 10 10 12 1 10 12 1 1 9 12 1 10 12 1 9 12 1 10 12 10 12 1 10 12 1 1 10 100 12 1 1 1 10 10 12 1 1 10 100 1 10 12 1 1 10 12 1 10 10 12 1 10 12 1 1 10 12 1 1 10 12 1 10 12 1 1 10 12 1 1 11 100 12 1 1 11 12 1 9 7 12 1 1 1 100 1 1 1 1 1 1 1 1 1 1 1 1 1 1 1 1 1 1 1 100 1 100 1 100 1 1 100 1 1 1 1 1 1 1 1 1 1 1 1 1 1 1 1 1 1 1 1 1 1 1 1 1 1 1 1 1 1 1 1 1 1 1 1 1 1 1 1 1 1 1 1 1 1 1 1 1 1 1 1 1 1 1 1 1 1 1 1 1 100 1 1 1 1 1 1 1 1 1 1 1 1 1 1 1 8 1 15 10 100 12 1 1 1 100 1 100 1 1
ciInstanceKlass ghidra/program/database/symbol/CodeSymbol 1 1 261 10 7 12 1 1 1 10 12 1 9 7 12 1 1 1 10 7 12 1 1 1 10 12 1 1 9 12 1 1 9 12 1 1 10 100 12 1 1 1 9 12 1 1 10 12 1 1 10 12 1 10 12 1 1 9 12 1 1 10 7 12 1 1 1 10 12 1 1 10 12 1 1 10 100 12 1 1 1 10 12 10 12 1 10 12 1 10 12 1 1 10 100 12 1 1 1 10 12 1 1 10 100 12 1 1 1 11 100 12 1 1 11 100 12 1 1 1 100 1 11 11 12 1 1 11 12 1 1 10 12 1 1 9 7 12 1 1 1 10 12 1 11 12 1 10 12 1 10 12 1 10 12 1 1 100 1 100 1 10 12 1 1 10 12 1 1 10 12 1 100 1 10 12 1 10 12 1 1 10 12 1 1 10 12 1 10 12 1 1 10 12 1 1 9 12 1 10 100 12 1 1 1 10 100 12 1 1 1 10 100 12 1 1 1 1 1 1 1 1 1 1 1 1 1 1 1 1 1 1 1 1 1 1 1 1 1 100 1 1 1 1 1 1 1 100 1 1 1 1 1 1 1 1 1 1 1 1 1 1 1
ciInstanceKlass ghidra/program/database/references/ReferenceDBManager 1 1 1319 10 7 12 1 1 1 7 1 10 12 1 9 7 12 1 1 1 9 12 1 1 9 12 1 1 7 1 10 12 1 9 12 1 1 9 12 1 10 12 1 1 7 1 10 12 1 1 10 7 12 1 1 1 9 12 1 1 9 7 12 1 1 1 10 12 1 10 7 12 1 1 9 12 1 1 10 7 12 1 1 9 12 1 1 8 1 10 100 12 1 1 1 9 12 1 1 10 7 12 1 1 1 9 12 1 1 10 12 1 1 10 12 1 10 12 1 1 7 1 9 7 12 1 1 1 11 12 1 1 11 12 1 10 12 1 10 12 1 1 8 1 10 12 1 11 100 12 1 1 1 10 12 1 1 8 1 11 12 1 8 1 11 7 12 1 1 1 11 100 12 1 1 11 12 1 11 7 12 1 1 100 1 18 12 1 1 11 12 1 10 12 1 1 11 12 1 1 11 12 1 10 12 1 1 10 100 12 1 1 1 11 7 12 1 1 1 9 7 12 1 1 1 10 12 1 10 12 1 1 11 12 1 1 100 1 11 12 1 1 10 100 12 1 1 10 12 1 1 10 100 12 1 1 10 12 1 1 10 12 1 1 10 12 1 1 10 7 12 1 1 10 12 1 1 11 7 12 1 1 10 12 1 11 12 1 10 12 1 1 10 12 1 10 12 1 10 12 1 10 12 1 1 10 12 1 11 7 12 1 1 1 8 1 10 10 12 1 1 11 100 1 11 12 1 10 7 12 1 1 1 11 12 1 1 10 12 1 1 10 12 1 1 9 7 12 1 1 1 9 7 12 1 1 1 9 12 1 10 12 1 1 11 12 1 11 12 1 100 1 11 12 1 100 1 11 12 1 10 12 1 9 12 1 10 12 1 9 12 1 10 12 1 9 12 1 9 12 1 9 12 1 9 12 1 9 12 1 100 1 8 1 10 12 18 12 1 11 12 1 11 12 1 100 1 10 12 1 1 10 7 12 1 1 10 12 1 1 7 1 10 12 1 1 10 12 1 1 10 12 1 1 10 12 1 10 12 1 1 10 12 1 11 12 1 11 12 1 11 12 1 10 12 1 10 12 1 1 10 12 1 1 5 0 10 12 1 1 10 10 12 1 1 10 12 1 8 1 10 12 1 1 10 12 1 8 1 10 12 1 100 1 10 12 1 1 8 1 10 100 12 1 1 1 18 10 12 1 1 10 100 12 1 1 1 8 1 10 100 1 11 12 9 12 1 1 10 12 1 1 11 7 1 11 12 1 11 12 1 10 12 18 10 100 1 10 12 1 1 10 100 12 1 1 1 8 1 10 11 12 1 11 12 1 18 10 100 12 1 1 1 11 7 12 1 1 10 12 1 1 11 12 1 1 11 12 1 11 10 12 1 1 100 1 100 1 8 1 10 8 1 10 12 1 1 10 7 12 1 1 1 10 12 1 11 11 12 1 10 12 1 10 12 1 10 12 1 1 11 12 1 1 11 100 12 1 1 1 11 12 1 9 12 1 1 11 12 1 100 1 10 10 12 1 1 10 12 1 1 10 12 1 1 11 7 1 11 12 1 11 12 1 1 11 10 12 1 1 10 11 12 1 100 1 3 100 1 10 12 1 10 12 1 1 11 12 1 1 11 7 1 11 12 10 12 1 1 11 12 1 7 1 10 10 12 1 1 10 12 1 1 10 12 1 11 12 1 100 1 10 10 12 1 11 100 12 1 1 1 11 12 1 1 11 100 1 11 12 1 1 11 12 1 1 11 12 1 10 12 1 1 10 12 1 1 10 12 1 10 12 1 1 10 7 11 12 1 100 1 8 1 10 10 10 12 1 11 100 1 9 12 1 1 10 12 1 100 1 10 12 1 10 12 100 1 10 11 12 1 10 12 1 1 10 12 1 1 8 1 10 12 1 10 12 1 11 12 1 9 12 1 10 12 1 1 11 12 1 10 12 1 1 11 12 1 10 12 1 9 12 1 9 12 1 10 12 1 11 12 1 18 12 1 10 12 1 1 9 7 12 1 1 1 10 12 1 1 9 12 1 10 12 1 1 10 12 1 1 8 1 7 1 10 10 12 1 11 11 12 1 1 10 12 1 10 12 1 9 12 1 10 12 1 1 10 12 1 1 100 1 100 1 10 12 1 100 1 8 1 10 12 1 9 12 1 10 12 1 10 12 1 9 12 1 10 12 1 1 9 12 1 10 12 1 1 10 100 1 10 12 1 1 10 12 1 9 12 1 9 12 1 1 10 12 1 1 10 100 12 1 1 1 9 12 1 9 12 1 9 12 1 9 12 1 9 12 1 10 12 1 100 1 10 12 1 11 12 1 100 1 11 12 1 1 11 12 1 1 10 12 1 100 1 10 12 1 11 11 12 1 10 12 1 1 10 12 1 1 10 12 1 1 10 12 1 100 1 100 1 100 1 1 1 1 1 1 1 1 1 1 1 1 1 1 1 1 1 1 1 100 1 1 1 1 1 1 1 1 1 1 1 1 1 1 1 1 1 1 1 1 1 1 1 1 1 1 1 1 1 1 1 1 1 1 1 1 1 1 1 1 1 1 1 1 1 1 1 1 1 1 1 1 1 1 1 1 1 100 1 1 1 1 1 1 1 1 1 1 1 1 1 1 1 1 1 1 1 1 1 1 1 1 1 1 1 1 1 1 1 1 1 1 1 1 1 1 1 1 1 1 1 1 1 1 1 1 1 1 1 1 1 1 100 1 1 1 1 1 1 1 1 1 1 1 1 1 1 1 1 1 1 1 1 1 1 1 1 1 1 1 1 1 1 1 1 1 1 1 1 1 1 1 1 1 1 1 1 1 1 1 1 1 1 1 1 1 1 1 1 1 1 1 1 1 1 1 1 1 1 1 1 1 1 1 1 1 1 1 1 1 1 1 1 1 1 1 1 1 1 1 8 1 8 1 8 1 8 1 8 1 8 1 15 10 100 12 1 1 1 1 1 1 1 1 100 1 100 1 1
staticfield ghidra/program/database/references/ReferenceDBManager NO_REFS [Lghidra/program/model/symbol/Reference; 0 [Lghidra/program/model/symbol/Reference;
ciInstanceKlass ghidra/program/model/symbol/Reference 1 0 39 100 1 100 1 100 1 1 1 1 3 1 3 1 1 1 1 1 1 1 1 1 1 1 1 1 1 1 1 1 1 1 1 1 1 1 1 1 1
ciInstanceKlass ghidra/program/model/symbol/ReferenceIterator 1 1 35 11 100 12 1 1 1 100 1 100 1 100 1 1 1 1 1 1 1 1 1 1 1 1 1 1 100 1 8 1 1 12 10 1 1
instanceKlass ghidra/program/database/references/FromAdapterSharedTable
instanceKlass ghidra/program/database/references/FromAdapterV0
ciInstanceKlass ghidra/program/database/references/FromAdapter 1 1 242 10 7 12 1 1 1 9 7 12 1 1 1 7 1 10 12 1 11 100 12 1 1 1 100 1 10 12 1 10 12 1 9 12 1 10 7 12 1 1 1 9 12 1 10 12 1 1 11 12 1 1 100 1 10 12 1 100 1 10 10 12 1 1 8 1 11 100 12 1 1 1 10 12 1 1 11 12 1 1 10 12 1 1 11 100 12 1 1 11 12 1 100 1 10 11 12 1 1 11 12 1 1 10 12 1 1 100 1 10 12 1 1 10 12 1 10 12 1 1 11 12 1 8 1 10 12 1 10 12 1 10 12 1 1 10 12 1 1 10 12 1 7 1 8 1 7 1 9 7 12 1 1 1 9 7 12 1 1 7 1 8 1 8 1 10 12 1 9 12 1 1 100 1 1 1 1 1 1 3 1 3 1 1 1 1 1 1 1 1 1 1 1 1 1 1 1 1 1 1 1 1 100 1 1 100 1 1 1 1 1 1 1 1 1 1 1 1 1 1 1 1 1 1 100 1 100 1 100 1 1 1 1 1 1 1 1 1 1 1 1 1
staticfield ghidra/program/database/references/FromAdapter FROM_REFS_SCHEMA Ldb/Schema; db/Schema
ciInstanceKlass ghidra/program/database/references/FromAdapterV0 1 1 186 10 7 12 1 1 1 9 7 12 1 1 1 9 12 1 1 8 1 9 12 1 1 10 7 12 1 1 1 9 12 1 1 10 12 1 1 100 1 8 1 10 12 1 10 7 12 1 1 1 10 100 12 1 1 1 10 12 1 7 1 10 12 1 10 12 1 1 10 7 12 1 1 1 7 1 10 12 1 10 10 12 1 1 10 12 1 10 12 1 1 10 12 1 1 10 12 1 1 10 12 1 7 1 7 1 10 12 1 10 12 1 10 12 1 11 7 12 1 1 1 10 12 1 10 12 1 1 1 1 1 1 1 1 1 1 1 1 100 1 100 1 1 100 1 1 1 1 1 1 1 1 1 1 1 1 1 1 1 1 1 1 1 1 1 1 1 1 1 1 1 1 1 1 1 1 1 1 1 1 1 1 1 1 1 1
instanceKlass ghidra/program/database/references/RefListV0
instanceKlass ghidra/program/database/references/BigRefListV0
ciInstanceKlass ghidra/program/database/references/RefList 1 1 127 10 7 12 1 1 1 11 7 12 1 1 1 9 7 12 1 1 1 9 12 1 1 9 12 1 1 9 12 1 1 9 12 1 1 10 12 1 1 9 12 1 1 10 12 1 1 10 7 12 1 1 1 7 1 10 12 1 10 12 1 1 10 12 1 1 9 7 12 1 1 1 9 12 1 1 1 1 1 1 1 1 1 1 1 1 1 1 1 1 1 1 1 100 1 1 1 1 1 1 1 1 1 1 1 1 1 1 1 1 1 1 1 1 1 1 1 1 1 1 1 1 1 1 1 1 1
ciInstanceKlass ghidra/program/database/references/BigRefListV0 1 1 557 11 7 12 1 1 1 10 7 12 1 1 1 9 7 12 1 1 1 9 7 12 1 1 1 9 12 1 1 10 7 12 1 1 1 9 12 1 1 10 7 12 1 1 1 10 12 1 1 9 12 1 9 12 1 1 10 7 12 1 1 1 9 12 1 1 10 7 12 1 1 11 12 1 1 10 12 1 1 100 1 8 1 10 12 1 10 12 1 1 100 1 9 12 1 1 10 7 12 1 1 1 18 12 1 1 10 10 12 1 1 9 12 1 1 8 1 8 1 10 7 12 1 1 1 18 10 12 1 1 10 12 1 1 11 7 12 1 1 1 11 12 1 1 11 7 12 1 1 11 12 1 7 1 10 12 1 10 12 1 10 12 1 11 12 1 1 11 12 1 11 12 1 1 11 12 1 1 11 12 1 1 10 12 1 1 10 7 12 1 1 9 12 1 1 10 12 1 1 7 1 10 12 1 9 12 1 10 12 1 1 10 12 1 1 9 12 1 10 7 1 9 12 1 9 12 1 9 12 1 10 12 1 1 5 0 10 12 1 1 10 12 1 10 100 12 1 1 1 10 10 12 1 10 12 1 10 12 1 100 1 9 12 1 1 10 10 12 1 100 1 10 12 1 11 100 12 1 1 100 1 10 12 1 9 12 1 11 12 1 1 100 1 10 12 1 11 12 1 100 1 10 12 1 10 10 12 1 10 12 1 1 10 12 1 10 12 1 1 11 100 1 11 12 1 10 12 1 1 7 1 10 12 1 10 12 1 1 10 12 1 1 100 1 10 12 1 10 12 1 10 12 1 10 12 1 9 12 1 1 11 7 12 1 1 10 12 1 10 12 1 1 10 12 1 10 12 1 1 10 12 1 1 10 12 1 10 12 1 1 10 12 1 1 11 9 12 1 1 100 1 10 12 1 10 12 1 10 12 1 10 12 1 8 1 7 1 9 12 1 1 9 7 12 1 1 8 1 8 1 8 1 8 1 8 1 8 1 10 12 1 1 1 1 8 1 1 1 1 1 1 1 1 1 1 1 1 1 1 1 1 1 100 1 1 1 1 1 1 1 1 1 1 1 1 1 1 1 1 1 1 1 1 1 1 1 1 1 1 1 1 1 1 100 1 1 1 1 1 100 1 1 1 1 1 1 1 1 1 1 1 1 1 1 1 1 1 100 1 1 1 1 1 1 1 1 1 1 1 1 1 1 1 1 1 1 1 1 1 1 8 1 8 1 15 10 7 12 1 1 1 1 100 1 100 1 1
staticfield ghidra/program/database/references/BigRefListV0 BIG_REFS_SCHEMA Ldb/Schema; db/Schema
ciInstanceKlass ghidra/program/database/references/RefListV0 1 1 430 11 7 12 1 1 1 10 7 12 1 1 1 9 7 12 1 1 1 9 12 1 1 9 12 1 9 12 1 1 9 12 1 1 9 7 12 1 1 1 9 12 1 1 10 7 12 1 1 1 9 12 1 1 10 7 12 1 1 1 11 12 1 1 10 12 1 10 12 1 1 10 12 1 1 10 12 1 1 10 12 1 1 10 12 1 1 11 7 12 1 1 1 11 12 1 11 12 1 7 1 10 12 1 10 12 1 10 12 1 11 12 1 1 11 12 1 11 12 1 1 11 12 1 1 11 12 1 1 9 12 1 1 10 12 1 1 10 12 1 1 10 7 12 1 1 1 10 12 1 1 11 7 12 1 1 1 11 12 1 11 7 12 1 1 1 7 1 7 1 10 12 1 11 7 12 1 1 1 10 12 1 1 10 10 10 10 12 1 10 10 12 1 1 10 12 1 1 10 12 1 1 11 12 1 1 7 1 10 12 1 9 12 1 1 10 12 1 1 10 12 1 1 10 7 1 5 0 10 12 1 1 10 12 1 10 7 12 1 1 1 10 10 12 1 9 12 1 1 10 12 1 10 12 1 100 1 9 12 1 1 10 10 12 1 100 1 10 12 1 11 12 1 7 1 10 12 1 9 12 1 7 1 10 12 1 11 12 1 100 1 10 12 1 10 5 0 9 12 1 1 100 1 10 12 1 10 12 1 10 12 1 10 12 1 1 1 3 1 3 1 1 1 1 1 1 1 1 1 1 1 1 1 100 1 100 1 1 1 1 1 1 1 1 1 1 1 1 1 1 1 1 1 1 1 1 1 1 1 100 1 1 1 1 1 1 1 1 100 1 1 1 1 1 1 1 1 1 1 1 1 1 1 1 1 1 1 1 1 1 1 1 1 1 1 1 1 100 100 1 1 1 1 1 1 1 1 1 1 1 1 1 1 1 1 1 1 1 1 1 100 1 1 1 1 1 1 1 1 1
staticfield ghidra/program/database/references/RefListV0 EMPTY_DATA [B 0
instanceKlass ghidra/program/database/references/ToAdapterSharedTable
instanceKlass ghidra/program/database/references/ToAdapterV0
instanceKlass ghidra/program/database/references/ToAdapterV1
ciInstanceKlass ghidra/program/database/references/ToAdapter 1 1 271 10 7 12 1 1 1 9 7 12 1 1 1 7 1 10 12 1 11 100 12 1 1 1 100 1 10 12 1 10 12 1 9 12 1 10 7 12 1 1 1 9 12 1 10 12 1 1 11 12 1 1 100 1 10 12 1 100 1 10 100 1 10 10 12 1 1 8 1 11 100 12 1 1 1 10 12 1 1 11 12 1 1 10 12 1 1 11 100 12 1 1 11 12 1 100 1 10 11 12 1 1 11 12 1 1 10 12 1 1 100 1 10 12 1 1 10 12 1 10 12 1 1 11 12 1 8 1 10 12 1 10 12 1 1 10 12 1 10 12 1 1 10 12 1 1 10 12 1 100 1 10 7 1 8 1 7 1 9 7 12 1 1 1 9 7 12 1 1 9 7 12 1 1 7 1 8 1 8 1 8 1 10 12 1 9 12 1 1 100 1 1 1 1 1 1 3 1 3 1 1 3 1 1 1 1 1 1 1 1 1 1 1 1 1 1 1 1 1 1 1 1 100 1 1 100 1 1 1 1 1 1 1 1 1 1 1 1 1 1 1 1 1 1 1 1 100 1 100 1 100 1 1 1 1 1 1 1 1 1 1 1 1 1 1 1 1 1 1 1 1
staticfield ghidra/program/database/references/ToAdapter TO_REFS_SCHEMA Ldb/Schema; db/Schema
ciInstanceKlass ghidra/program/database/references/ToAdapterV1 1 1 226 10 7 12 1 1 1 9 7 12 1 1 1 9 12 1 1 8 1 9 12 1 1 10 7 12 1 1 1 9 12 1 1 10 12 1 1 100 1 8 1 10 12 1 10 7 12 1 1 1 10 100 12 1 1 1 10 12 1 10 12 1 7 1 10 12 1 10 12 1 1 10 100 12 1 1 1 7 1 10 12 1 10 10 12 1 1 10 12 1 10 12 1 1 10 12 1 1 10 12 1 1 10 12 1 1 10 12 1 100 1 100 1 10 12 1 10 12 1 10 12 1 11 100 12 1 1 1 10 12 1 100 1 10 12 1 11 100 12 1 1 1 5 0 10 12 1 100 1 10 12 1 1 10 12 1 10 12 1 1 1 1 1 1 1 1 1 1 1 1 1 1 100 1 1 100 1 1 1 1 1 1 1 1 1 1 1 1 1 1 1 1 1 1 1 1 1 1 1 1 1 1 1 1 1 1 1 1 1 1 1 1 1 1 1 1 1 1 1 1 1 1 1 1 1 1
instanceKlass ghidra/program/database/data/FunctionDefinitionDB
instanceKlass ghidra/program/database/data/TypedefDB
instanceKlass ghidra/program/database/data/EnumDB
instanceKlass ghidra/program/database/data/PointerDB
instanceKlass ghidra/program/database/data/ArrayDB
instanceKlass ghidra/program/database/data/CompositeDB
ciInstanceKlass ghidra/program/database/data/DataTypeDB 1 1 508 10 7 12 1 1 1 10 7 12 1 1 1 9 7 12 1 1 1 9 12 1 1 9 7 12 1 1 1 9 9 12 1 1 9 12 1 1 10 12 1 1 9 12 1 1 10 12 1 1 9 12 1 1 10 12 1 10 12 1 1 10 12 1 10 12 1 1 10 7 12 1 1 10 12 1 10 12 1 10 12 1 7 1 9 12 1 1 10 12 1 10 12 1 1 9 100 12 1 1 100 1 8 1 10 12 1 9 12 1 1 9 12 1 1 10 12 1 1 10 12 1 1 11 7 12 1 1 1 10 12 1 1 10 7 12 1 1 10 100 12 1 1 1 100 1 10 12 9 12 1 10 12 1 1 10 12 1 1 100 1 8 1 10 11 7 12 1 1 1 10 12 1 10 12 1 1 10 12 1 1 10 10 12 1 10 12 1 10 7 12 1 1 1 10 12 1 1 100 1 10 7 1 18 12 1 1 10 10 12 1 10 12 1 10 12 1 10 12 1 100 1 10 12 1 1 10 10 12 1 1 10 12 1 1 11 12 1 10 12 1 1 10 12 1 1 10 12 1 1 11 7 12 1 1 1 10 12 1 1 10 12 1 10 12 1 1 11 100 12 1 1 1 11 100 12 1 1 11 12 1 1 11 12 1 1 10 12 1 1 11 12 1 11 12 1 1 10 11 12 1 10 12 1 10 12 1 10 11 100 12 1 1 1 9 12 1 1 11 100 12 1 1 1 11 12 1 10 100 1 10 12 1 1 10 10 12 1 1 10 10 12 1 11 11 10 12 1 1 100 1 8 1 10 12 1 10 12 1 11 10 100 12 1 1 1 18 7 1 7 1 1 1 1 1 1 1 1 1 1 1 1 1 1 1 1 1 1 1 1 1 1 100 1 1 1 1 1 1 1 1 100 1 1 1 1 1 1 1 1 1 1 1 1 1 1 1 1 1 1 1 1 1 1 1 1 1 1 1 1 1 1 1 1 1 1 1 1 1 1 1 1 1 1 1 1 1 1 1 1 1 1 1 1 1 1 1 1 1 1 1 1 1 1 1 1 1 1 1 1 1 1 1 1 1 1 1 1 1 1 1 1 1 1 1 1 1 1 1 1 1 1 8 1 8 1 15 10 100 12 1 1 1 100 1 100 1 1
staticfield ghidra/program/database/data/DataTypeDB EMPTY_DEFINITIONS [Lghidra/docking/settings/SettingsDefinition; 0 [Lghidra/docking/settings/SettingsDefinition;
staticfield ghidra/program/database/data/DataTypeDB EMPTY_TYPEDEF_DEFINITIONS [Lghidra/program/model/data/TypeDefSettingsDefinition; 0 [Lghidra/program/model/data/TypeDefSettingsDefinition;
ciInstanceKlass ghidra/program/model/data/Array 1 1 332 11 7 12 1 1 1 11 7 12 1 1 1 11 12 1 1 11 12 1 1 11 12 1 1 11 12 11 12 1 1 8 1 11 100 12 1 1 1 100 1 8 1 11 12 1 1 10 12 1 1 10 12 1 11 12 1 1 11 100 12 1 1 1 11 12 1 1 11 100 12 1 1 1 11 12 1 1 7 1 11 12 1 7 1 11 7 12 1 1 1 100 1 1 1 1 8 1 1 1 1 1 1 1 1 1 1 1 1 1 1 1 1 1 1 1 1 1 1 1 1 1 1 1 1 1 1 1 1 1 1 100 1 1 1 1 1 1 100 1 8 1 1 12 10 1 1 1 8 1 1 1 8 1 1 1 8 1 1 1 8 1 1 8 1 1 8 1 1 1 8 1 1 8 1 1 1 8 1 1 1 8 1 1 8 1 1 8 1 1 1 8 1 1 8 1 1 1 8 1 1 1 8 1 1 8 1 1 1 8 1 1 8 1 1 8 1 1 1 8 1 1 8 1 1 8 1 1 8 1 1 1 8 1 1 8 1 1 1 8 1 1 1 8 1 1 1 8 1 1 1 8 1 1 8 1 1 8 1 1 8 1 1 8 1 1 1 8 1 1 1 8 1 1 1 8 1 1 1 8 1 1 1 8 1 1 1 8 1 1 8 1 1 1 8 1 1 1 8 1 1 1 8 1 1 8 1 1 8 1 1 1 8 1 1 1 8 1 1 1 8 1 1 8 1 1 8 1 1 1 8 1
ciInstanceKlass ghidra/program/model/data/DataTypeComponent 1 1 122 11 100 12 1 1 1 11 12 1 1 18 12 1 1 11 12 1 1 100 1 11 12 1 10 100 12 1 1 18 12 1 8 1 18 12 1 18 12 1 10 100 12 1 1 1 11 7 12 1 1 100 1 11 12 1 100 1 11 12 1 100 1 1 1 1 8 1 1 1 1 1 1 1 1 1 1 1 1 1 1 1 1 1 1 1 1 1 1 1 1 1 1 1 1 1 1 1 1 1 1 1 1 1 8 1 8 1 8 1 15 10 100 12 1 1 1 100 1 100 1 1
ciInstanceKlass ghidra/program/database/data/SettingsCache 1 1 73 10 7 12 1 1 1 7 1 10 12 1 9 7 12 1 1 1 7 1 10 12 1 10 7 12 1 1 1 10 12 1 10 12 1 100 1 10 12 1 1 1 1 1 1 1 1 1 1 1 1 1 1 1 1 1 1 1 1 1 1 1 1 1 1 1 1 1 1 1 1 1 1
ciInstanceKlass ghidra/program/database/data/StructureDB 1 1 1260 10 7 12 1 1 1 9 7 12 1 1 1 7 1 10 12 1 9 12 1 1 9 12 1 1 9 12 1 1 10 7 12 1 1 1 10 7 12 1 1 1 10 12 1 1 10 7 12 1 1 1 7 1 9 12 1 1 10 12 1 11 7 12 1 1 1 9 7 12 1 1 1 10 7 12 1 1 1 9 12 1 1 7 1 9 12 1 9 12 1 11 12 1 1 9 12 1 10 12 1 1 100 1 10 7 12 1 1 1 10 12 1 10 12 1 1 100 1 10 12 1 10 12 1 1 10 12 1 100 1 10 12 1 1 18 12 1 1 10 12 1 10 12 1 1 10 12 1 1 10 12 1 1 10 12 1 1 10 12 1 9 12 1 1 10 12 1 10 12 1 10 12 1 1 100 1 10 12 1 10 12 1 1 10 12 1 8 1 8 1 10 12 1 1 100 1 100 1 10 12 1 10 12 1 9 12 1 1 10 7 12 1 1 10 12 1 10 12 1 1 10 12 10 100 12 1 1 1 9 7 12 1 1 1 10 12 1 10 12 1 1 10 12 1 10 12 1 1 11 12 1 1 10 12 1 10 12 1 1 10 12 1 18 12 10 10 7 12 1 1 1 9 7 12 1 1 10 12 1 1 10 12 1 1 10 12 1 11 12 1 1 10 12 1 1 11 12 1 1 18 10 12 1 1 8 1 100 1 10 12 10 12 1 9 7 12 1 1 10 12 1 10 12 1 10 12 1 10 12 1 1 10 12 1 1 11 12 1 10 100 12 1 1 10 12 1 1 11 12 1 1 100 1 10 12 1 10 12 1 10 12 1 1 10 12 1 10 12 1 1 8 1 8 1 11 10 12 1 10 12 1 8 1 10 12 1 1 11 100 12 1 1 10 100 12 1 1 1 9 12 1 1 9 12 1 10 12 1 10 12 1 10 12 1 10 10 12 1 1 10 12 1 1 11 12 1 10 12 11 100 12 1 1 11 18 12 1 1 11 12 1 1 100 1 10 12 1 10 12 1 1 10 12 1 10 12 1 18 10 10 11 12 1 1 11 7 12 1 1 11 12 1 10 12 1 1 11 100 1 11 11 10 12 1 1 10 12 1 1 10 12 1 1 10 12 1 1 10 12 1 10 12 1 10 12 1 100 1 11 12 1 1 11 7 1 11 11 11 100 1 10 12 1 1 10 12 1 10 10 12 1 10 12 1 10 12 1 10 12 1 10 12 1 1 10 12 1 1 10 12 1 10 12 1 10 12 1 10 7 12 1 1 1 9 7 12 1 1 10 12 1 10 12 1 10 12 1 1 8 1 10 12 1 10 12 1 10 12 1 1 10 10 10 12 1 1 11 7 1 11 11 12 1 11 12 1 1 7 1 11 10 12 1 10 12 1 10 12 1 10 12 1 100 1 10 12 1 10 100 1 10 9 11 12 1 10 12 1 1 11 12 1 10 100 12 1 1 10 12 1 1 10 12 1 1 10 12 1 10 10 8 1 10 10 12 1 1 18 12 1 7 1 10 10 12 1 10 12 1 1 10 12 1 10 11 12 1 1 10 12 1 11 12 1 10 12 1 1 11 10 12 1 1 11 10 12 1 1 10 12 1 11 10 12 1 1 10 12 1 9 12 1 1 10 12 1 1 11 100 1 11 12 1 11 12 1 11 11 12 1 11 11 10 12 1 11 12 1 11 9 12 1 10 12 1 1 10 12 1 1 10 12 1 1 11 12 1 18 10 10 12 1 1 10 12 1 1 9 100 12 1 1 1 10 12 1 1 3 10 12 1 10 12 1 10 12 1 18 10 100 12 1 1 1 10 12 1 1 9 12 1 11 10 100 1 11 10 12 1 1 10 12 1 1 10 7 12 1 1 10 12 1 9 7 12 1 1 1 10 7 12 1 1 1 10 12 1 1 11 11 10 12 1 11 10 12 1 11 100 1 11 12 1 10 12 1 1 10 12 1 1 10 12 1 10 12 1 10 12 1 10 12 10 12 1 10 12 1 10 12 1 10 12 1 18 12 1 10 12 1 10 12 1 8 1 10 10 12 1 8 1 8 1 10 12 1 1 8 1 10 12 1 100 1 9 100 12 1 1 10 12 1 1 10 12 1 10 100 12 1 1 10 12 1 10 12 1 1 10 100 12 1 1 9 12 1 9 12 1 10 12 1 10 12 1 1 1 1 1 1 1 1 1 1 1 1 1 1 1 1 1 1 1 1 1 1 1 1 1 1 100 1 1 1 1 1 1 1 1 1 1 1 1 1 1 1 1 1 1 100 1 100 1 1 1 1 1 1 1 1 1 1 1 1 1 1 1 1 1 1 1 1 1 1 1 1 1 1 1 1 1 1 1 1 1 1 1 100 1 1 1 1 1 1 1 1 1 1 1 1 1 1 1 1 1 1 1 1 1 1 1 1 1 1 1 1 1 1 100 1 1 1 1 1 1 1 1 1 1 1 1 1 1 1 1 1 1 1 1 1 1 1 1 1 1 1 1 1 1 1 1 1 1 1 1 1 1 1 1 1 1 1 1 1 1 1 1 1 100 1 1 1 1 1 1 1 1 1 1 1 1 1 1 1 1 1 1 1 1 1 1 1 1 1 1 1 1 1 1 1 1 1 1 1 1 1 1 1 1 1 1 1 1 1 1 1 1 1 1 1 1 1 1 1 1 1 1 1 1 1 1 1 1 1 1 1 1 1 1 1 1 1 1 1 1 1 1 1 1 1 1 1 8 1 8 1 8 1 16 1 15 10 12 16 8 1 8 1 8 1 8 1 8 1 15 10 100 12 1 1 15 10 100 12 1 1 1 1 1 1 1 1 1 1 100 1 100 1 1
instanceKlass ghidra/program/database/data/SettingsDBAdapterV0
instanceKlass ghidra/program/database/data/SettingsDBAdapterV1
ciInstanceKlass ghidra/program/database/data/SettingsDBAdapter 1 1 243 7 1 10 7 12 1 1 1 9 7 12 1 1 1 10 12 1 9 12 1 10 7 12 1 1 1 11 100 12 1 1 1 100 1 10 12 1 10 12 1 9 12 1 9 12 1 10 12 1 1 100 1 10 12 1 10 12 1 1 18 12 1 1 11 100 12 1 1 1 10 12 1 1 11 12 1 1 11 12 1 1 100 1 10 10 12 1 1 10 12 1 1 11 100 12 1 1 11 12 1 100 1 10 11 12 1 1 10 100 12 1 1 1 11 12 1 1 11 12 1 1 10 12 1 1 10 12 1 1 10 12 1 1 10 12 1 1 11 12 1 10 12 1 10 12 1 9 12 1 1 9 12 1 1 1 1 3 1 3 1 3 1 3 1 1 1 1 1 1 1 1 1 1 1 1 1 1 1 1 1 1 1 1 100 1 1 100 1 1 1 1 1 1 1 1 1 1 1 1 1 1 100 1 1 1 1 1 1 1 1 1 1 1 1 1 1 1 1 1 1 1 1 1 1 1 1 1 1 8 1 15 10 100 12 1 1 1 100 1 100 1 1
staticfield ghidra/program/database/data/SettingsDBAdapter SETTINGS_SCHEMA Ldb/Schema; db/Schema
ciInstanceKlass ghidra/program/database/data/SettingsDBAdapterV1 1 1 421 10 7 12 1 1 1 9 7 12 1 1 1 18 12 1 1 9 12 1 1 10 7 12 1 1 1 9 12 1 1 9 12 1 10 12 1 9 12 1 10 12 1 1 100 1 18 10 12 1 10 7 12 1 1 1 10 7 12 1 1 1 9 12 1 1 10 12 1 9 12 1 18 10 12 1 1 10 12 1 1 10 12 1 1 10 100 12 1 1 1 10 12 1 1 10 12 1 1 10 12 1 1 10 12 1 1 7 1 10 12 1 10 12 1 1 10 12 1 1 10 7 12 1 1 10 12 1 1 10 12 1 10 12 1 10 12 1 1 10 12 1 1 10 12 1 100 1 10 10 12 1 1 10 12 1 1 10 12 1 7 1 10 12 1 1 100 1 10 12 1 1 11 7 12 1 1 1 11 12 1 1 10 12 1 1 10 100 12 1 1 1 11 100 1 9 12 1 1 7 1 10 9 12 1 10 10 100 12 1 1 1 10 12 1 1 10 12 1 10 12 1 1 10 12 1 1 10 100 12 1 1 1 5 0 100 1 8 1 10 10 12 8 1 10 12 1 10 12 1 1 10 12 1 1 10 12 1 10 100 12 1 1 1 10 12 1 10 12 1 1 10 12 1 1 11 7 1 11 100 12 1 1 11 12 1 8 1 9 12 1 1 9 7 12 1 1 9 7 12 1 1 8 1 8 1 8 1 8 1 10 12 1 8 1 8 1 1 3 1 3 1 1 3 1 3 1 1 1 1 1 1 1 1 1 1 1 1 1 1 1 1 1 1 1 1 1 1 1 1 1 1 1 1 1 1 1 100 1 1 1 1 1 1 1 1 1 1 1 1 1 1 1 1 1 1 1 1 1 1 1 1 1 1 1 1 1 1 1 1 1 1 1 1 1 1 1 100 1 1 1 1 1 8 1 8 1 8 1 15 10 7 12 1 1 1 100 1 100 1 1
staticfield ghidra/program/database/data/SettingsDBAdapterV1 V1_SETTINGS_SCHEMA Ldb/Schema; db/Schema
staticfield ghidra/program/database/data/SettingsDBAdapterV1 V1_NAME_TABLE_SCHEMA Ldb/Schema; db/Schema
ciInstanceKlass ghidra/program/database/data/CategoryDB 1 1 613 10 7 12 1 1 1 9 7 12 1 1 1 9 12 1 1 9 12 1 1 7 1 9 7 12 1 1 1 10 12 1 9 12 1 1 7 1 10 9 12 1 7 1 10 9 12 1 1 9 12 1 1 8 1 10 12 1 9 12 1 1 10 12 1 1 10 7 12 1 1 1 10 12 1 10 12 1 9 7 12 1 1 10 12 1 1 7 1 10 12 1 10 12 1 10 12 1 1 10 7 12 1 1 10 10 12 1 1 9 12 1 10 7 12 1 1 1 10 100 12 1 1 1 10 12 1 1 10 12 1 1 100 1 10 12 1 1 10 12 1 1 10 12 1 1 10 12 1 1 10 12 1 10 12 1 10 12 1 1 10 12 1 1 100 1 18 12 1 1 10 12 10 12 1 1 10 12 1 1 10 12 1 1 10 12 1 1 10 7 12 1 1 10 12 1 1 7 1 10 12 1 10 11 7 12 1 1 1 10 12 1 1 11 7 12 1 1 1 11 12 1 1 11 7 12 1 1 11 12 1 1 7 1 11 10 12 1 1 11 7 1 7 1 11 12 1 1 7 1 7 1 11 10 11 12 1 1 11 12 1 1 10 12 1 1 10 12 1 1 10 12 1 100 1 8 1 10 10 12 1 1 10 12 1 11 100 12 1 1 11 10 12 1 1 10 12 1 1 10 100 12 1 1 1 10 12 1 1 100 1 10 12 1 10 12 1 10 12 1 10 12 1 1 11 12 1 1 100 1 8 1 10 8 1 10 12 1 1 8 1 10 12 1 1 10 12 1 10 12 1 10 12 1 1 11 11 12 1 1 11 11 12 1 11 12 1 10 12 1 10 12 1 9 100 12 1 1 1 11 8 1 10 12 1 1 10 12 1 1 9 100 12 1 1 1 10 12 1 1 9 12 1 10 12 1 1 11 12 1 1 100 1 10 12 1 8 1 10 12 1 11 10 12 1 1 10 12 1 18 12 1 8 1 10 10 12 1 10 12 1 1 10 7 12 1 1 10 12 10 12 1 1 10 12 1 7 1 10 12 10 12 1 11 12 1 10 12 1 1 11 12 1 1 10 12 1 1 1 1 1 1 1 1 1 1 1 1 1 1 1 1 1 1 1 100 1 1 1 1 1 1 1 1 1 1 1 1 1 1 1 1 100 100 1 1 1 1 1 1 1 1 1 1 1 1 1 1 1 1 1 1 1 1 1 1 1 1 1 1 1 1 1 1 1 1 1 1 1 1 1 1 1 1 1 1 1 1 1 1 1 1 1 1 1 1 1 1 1 1 1 1 100 1 1 1 1 1 1 1 1 1 1 1 1 1 1 1 1 1 1 1 1 1 1 8 1 8 1 15 10 100 12 1 1 1 1 1 100 1 100 1 1
ciInstanceKlass ghidra/program/database/DBObjectCache$KeyedSoftReference 1 1 39 10 7 12 1 1 1 9 7 12 1 1 1 1 1 1 1 1 1 1 1 1 1 1 1 1 1 1 1 1 1 1 1 1 1 100 1 1 1
ciInstanceKlass ghidra/program/database/module/ModuleDB 1 1 572 10 7 12 1 1 1 10 7 12 1 1 1 9 7 12 1 1 1 9 12 1 1 7 1 10 12 1 1 9 12 1 1 10 7 12 1 1 1 9 12 1 1 10 12 1 1 9 12 1 1 10 12 1 1 9 12 1 1 10 12 1 1 9 12 1 1 9 12 1 1 10 12 1 1 100 1 10 12 1 1 10 7 12 1 1 1 10 12 1 100 1 10 10 7 12 1 1 1 100 1 10 12 1 1 10 18 12 1 1 10 12 1 10 12 1 10 12 1 1 10 12 1 1 10 12 1 1 10 12 1 10 11 100 1 10 12 1 1 100 1 18 10 10 12 1 1 10 12 1 1 10 12 1 1 10 12 1 10 7 12 1 1 100 1 18 12 1 10 10 12 1 1 10 12 1 1 10 12 1 10 12 1 1 10 12 1 1 10 12 1 1 11 7 12 1 1 1 7 1 18 12 1 10 11 12 1 1 10 12 1 1 10 12 1 10 12 1 10 12 1 1 10 12 1 1 10 12 1 10 12 1 1 10 12 1 100 1 10 12 10 12 1 1 100 1 10 12 1 1 11 12 1 1 10 12 10 100 12 1 1 1 100 1 18 10 11 12 1 11 12 1 10 12 1 1 10 12 1 1 10 12 1 1 10 12 1 1 10 12 1 100 1 18 10 10 12 1 1 11 12 1 10 12 1 1 10 12 1 1 18 10 12 1 10 12 1 10 12 1 1 10 12 1 10 12 1 10 12 1 1 10 12 1 1 10 12 1 10 12 1 1 10 12 1 1 10 12 1 1 9 12 1 10 12 1 1 10 100 12 1 1 10 12 1 10 12 1 10 12 10 12 1 1 7 1 10 7 1 10 12 1 10 7 12 1 10 12 10 7 12 1 1 1 10 12 1 1 10 12 1 10 12 1 1 10 12 1 11 100 12 1 1 1 10 12 1 1 10 12 1 10 12 1 10 12 1 1 1 1 1 1 1 1 1 1 1 1 1 1 1 1 1 1 1 1 1 1 1 1 1 1 1 1 100 1 1 1 1 1 1 1 1 1 1 1 1 1 1 1 1 1 1 1 1 1 100 1 1 1 1 1 1 1 1 1 1 1 1 1 1 1 1 1 1 1 1 1 1 1 100 1 1 1 1 1 1 1 1 1 1 1 1 1 1 1 1 1 1 1 1 1 1 1 1 1 1 1 100 1 1 1 1 1 1 1 1 1 1 1 1 1 1 1 1 8 1 8 1 8 1 8 1 8 1 8 1 8 1 15 10 100 12 1 1 1 1 100 1 100 1 1
instanceKlass ghidra/app/util/bin/format/pe/rich/MSRichProductInfoDataType
instanceKlass ghidra/app/util/bin/format/pe/rich/RichTableRecordDataType
ciInstanceKlass ghidra/program/model/data/StructureDataType 1 1 937 9 7 12 1 1 1 10 7 12 1 1 1 10 12 1 10 7 12 1 1 100 1 8 1 10 12 1 7 1 10 12 1 9 12 1 1 9 12 1 1 9 12 1 10 12 1 10 12 1 1 8 1 8 1 9 12 1 10 12 1 10 7 12 1 1 1 9 7 12 1 1 10 12 1 1 10 7 12 1 1 1 9 7 12 1 1 1 10 7 12 1 1 1 11 7 12 1 1 1 7 1 10 12 1 1 11 12 1 10 12 1 11 12 1 10 12 1 1 7 1 10 12 1 1 10 10 12 1 1 100 1 10 11 12 1 11 12 1 9 7 12 1 1 1 10 12 1 10 12 1 1 11 12 1 1 7 1 11 12 1 11 12 1 100 1 10 12 1 9 7 12 1 1 10 12 1 1 10 12 1 1 10 12 1 1 10 12 1 11 12 1 10 11 12 1 1 10 12 1 1 10 12 1 11 100 12 1 1 11 18 12 1 1 11 12 1 1 100 1 10 12 1 10 12 1 1 10 12 1 10 12 1 18 12 1 1 10 10 11 12 1 1 11 7 12 1 1 11 12 1 10 10 12 1 1 11 100 1 11 11 10 12 1 1 10 12 1 1 11 10 10 12 1 10 12 1 10 12 1 1 8 1 7 1 11 10 12 1 10 12 1 10 12 1 10 12 1 1 100 1 10 12 1 10 12 1 1 9 12 1 1 11 12 1 1 10 7 12 1 1 1 10 12 1 1 10 12 1 10 12 1 1 11 12 1 11 12 1 100 1 10 12 1 1 10 12 1 10 12 1 1 18 11 12 1 1 18 11 18 10 12 1 10 12 1 10 10 12 1 10 12 1 10 12 1 10 12 1 10 12 1 1 8 1 8 1 10 12 1 10 12 1 1 8 1 10 12 1 1 11 100 12 1 1 10 100 12 1 1 1 9 12 1 1 9 12 1 10 12 1 10 12 1 1 10 12 1 10 10 12 1 10 12 1 7 1 11 12 1 11 9 12 1 11 12 1 9 12 1 11 12 1 100 1 11 12 1 11 12 1 1 11 12 1 1 3 10 12 1 10 12 1 10 12 1 10 12 1 9 12 1 10 12 1 10 12 1 10 12 1 10 12 1 10 12 1 1 10 12 1 1 10 12 1 1 10 12 1 10 12 1 10 12 1 10 11 12 1 11 10 12 1 1 10 12 1 11 7 1 11 12 1 11 12 1 11 11 11 11 10 12 1 1 10 12 1 1 9 100 12 1 1 1 10 12 1 1 10 12 1 100 1 9 100 12 1 1 10 12 1 11 12 1 1 7 1 10 100 1 10 9 11 12 1 10 12 1 1 10 12 1 1 10 12 1 10 10 8 1 10 10 12 1 1 18 12 1 10 12 1 10 12 1 10 12 1 11 12 1 10 10 12 1 18 12 1 10 12 1 10 12 1 8 1 10 10 10 12 1 8 1 8 1 10 12 1 1 8 1 10 10 7 12 1 1 9 12 1 1 9 12 1 9 10 12 1 8 1 10 12 1 10 12 1 1 1 1 1 1 1 1 1 1 1 1 1 1 1 1 100 1 100 1 1 1 1 1 1 1 1 1 1 1 1 1 1 1 1 1 1 1 1 1 1 1 1 1 1 1 1 1 1 1 1 1 1 1 1 1 1 1 1 1 1 1 1 1 1 1 1 1 1 1 1 1 1 1 1 1 1 1 1 1 1 1 1 1 1 1 1 1 1 1 1 1 1 1 1 1 1 1 1 1 1 1 1 1 1 1 1 1 1 1 1 1 1 1 1 1 1 1 1 1 100 1 1 1 1 1 1 1 1 1 1 1 1 1 1 1 1 1 1 1 1 1 1 1 1 1 1 1 1 1 1 1 1 1 1 1 1 1 1 1 1 1 1 1 1 1 1 1 1 1 1 1 1 1 1 1 1 1 1 1 1 1 1 1 1 1 1 1 1 1 1 1 1 1 1 1 1 1 1 1 1 1 1 1 1 1 1 1 1 1 1 1 1 1 1 1 1 1 1 1 16 1 15 10 12 16 8 1 8 1 15 10 12 16 8 1 8 1 8 1 15 10 100 12 1 1 1 15 10 100 12 1 1 1 1 1 1 1 100 1 100 1 1
ciInstanceKlass ghidra/program/model/data/ArrayDataType 1 1 306 10 7 12 1 1 1 11 7 12 1 1 1 8 1 10 12 1 1 10 7 12 1 1 9 12 1 1 7 1 100 1 8 1 10 12 1 18 12 1 1 7 1 11 12 1 1 10 12 1 1 10 12 1 1 11 12 1 1 9 12 1 1 7 1 11 12 1 1 10 100 12 1 1 1 18 12 1 11 12 1 1 9 12 1 1 9 12 1 10 7 12 1 1 1 9 12 1 1 11 12 1 11 7 1 11 12 18 18 11 12 1 1 18 11 12 1 11 18 11 12 1 10 12 1 11 12 1 1 11 12 1 1 100 1 11 12 1 11 11 12 1 1 10 12 1 11 10 12 1 1 10 11 12 1 18 10 10 12 1 1 10 12 1 10 12 1 1 10 12 1 10 12 1 1 9 12 1 10 10 12 1 11 12 1 10 100 12 1 1 1 10 12 1 11 12 1 8 1 11 12 1 18 10 12 1 1 10 12 1 1 10 12 1 1 10 12 1 1 1 1 1 1 1 1 1 1 1 1 1 100 1 1 1 1 1 1 1 1 1 1 1 1 1 1 1 1 1 1 100 1 1 1 1 1 1 1 1 1 1 1 1 1 1 1 1 1 1 1 1 1 1 1 1 1 1 1 1 8 1 8 1 8 1 8 1 8 1 8 1 8 1 8 1 15 10 100 12 1 1 1 100 1 100 1 1
ciInstanceKlass ghidra/program/model/data/WordDataType 1 1 63 10 7 12 1 1 1 8 1 10 7 12 1 1 8 1 8 1 9 100 12 1 1 1 10 12 1 1 10 12 1 1 10 12 1 1 10 12 1 10 12 1 9 12 1 1 1 1 1 1 1 1 1 1 1 1 1 1 1 1 1 1 1
staticfield ghidra/program/model/data/WordDataType dataType Lghidra/program/model/data/WordDataType; ghidra/program/model/data/WordDataType
instanceKlass ghidra/program/model/data/IBO64DataType
instanceKlass ghidra/program/model/data/IBO32DataType
ciInstanceKlass ghidra/program/model/data/AbstractPointerTypedefBuiltIn 1 1 253 10 7 12 1 1 1 10 12 1 1 10 7 12 1 1 1 10 7 12 1 1 1 9 12 1 1 10 12 1 1 7 1 8 1 7 1 10 12 1 10 12 1 9 12 1 1 10 12 1 1 10 12 1 1 11 100 12 1 1 11 12 1 1 9 12 1 1 11 100 1 9 7 12 1 1 1 10 7 12 1 1 1 10 12 1 1 11 10 7 12 1 1 1 100 1 18 12 1 10 12 7 1 10 12 1 1 11 10 7 12 1 1 1 10 12 1 1 11 10 12 1 1 10 12 1 1 10 12 1 1 10 12 1 1 10 12 1 10 10 12 1 10 12 1 1 11 12 1 1 10 100 12 1 1 1 10 100 12 1 1 11 18 12 1 10 10 12 1 1 10 12 1 1 10 12 1 1 1 1 1 1 1 1 1 1 1 1 1 1 1 1 1 1 1 1 1 1 1 100 1 1 1 1 1 1 1 1 1 1 1 1 1 1 1 1 1 1 1 1 1 1 1 8 1 8 1 15 10 100 12 1 1 1 100 1 100 1 1 1 100 1 8 1 1 12 10 1 1 1 8 1 1
ciInstanceKlass ghidra/program/model/data/IBO32DataType 1 1 112 10 7 12 1 1 1 8 1 10 7 12 1 1 9 7 12 1 1 1 10 12 1 1 9 7 12 1 1 1 10 12 1 1 8 1 9 12 1 1 8 1 9 12 1 1 100 1 11 100 12 1 1 1 10 12 1 10 12 1 1 10 12 1 9 12 1 1 7 1 8 1 10 7 12 1 1 1 10 7 12 1 1 1 8 1 1 1 1 1 1 1 1 1 1 1 1 1 1 1 1 1 1 1 1 1 100 1 1 1 1 1
staticfield ghidra/program/model/data/IBO32DataType dataType Lghidra/program/model/data/IBO32DataType; ghidra/program/model/data/IBO32DataType
ciInstanceKlass ghidra/program/model/data/IBO64DataType 1 1 112 10 7 12 1 1 1 8 1 10 7 12 1 1 9 7 12 1 1 1 10 12 1 1 9 7 12 1 1 1 10 12 1 1 8 1 9 12 1 1 8 1 9 12 1 1 100 1 11 100 12 1 1 1 10 12 1 10 12 1 1 10 12 1 9 12 1 1 7 1 8 1 10 7 12 1 1 1 10 7 12 1 1 1 8 1 1 1 1 1 1 1 1 1 1 1 1 1 1 1 1 1 1 1 1 1 100 1 1 1 1 1
staticfield ghidra/program/model/data/IBO64DataType dataType Lghidra/program/model/data/IBO64DataType; ghidra/program/model/data/IBO64DataType
ciInstanceKlass ghidra/program/model/data/DefaultDataType 1 1 132 9 7 12 1 1 1 8 1 10 7 12 1 1 1 8 1 8 1 11 100 12 1 1 1 10 100 12 1 1 1 10 100 12 1 1 1 18 12 1 1 10 12 1 1 18 18 12 1 100 1 7 1 10 12 1 100 1 7 1 10 12 1 9 12 1 1 1 1 1 1 1 1 1 1 1 1 1 1 1 1 1 1 1 1 1 1 1 100 1 1 1 1 1 1 1 1 1 1 1 1 1 1 1 1 1 1 1 1 1 1 1 1 1 8 1 8 1 8 1 15 10 100 12 1 1 1 100 1 100 1 1
ciInstanceKlass ghidra/program/model/data/InternalDataTypeComponent 1 1 176 100 1 10 12 1 1 11 100 12 1 1 1 18 12 1 1 10 12 1 1 11 12 1 11 12 1 1 11 100 12 1 1 1 18 12 1 11 12 1 1 100 1 10 12 1 18 11 12 1 11 12 1 8 1 11 12 1 18 10 12 1 10 7 12 1 1 10 12 1 10 7 12 1 1 100 1 100 1 1 1 1 1 1 1 1 1 1 1 1 1 1 1 1 1 1 1 1 1 1 8 1 8 1 8 1 15 10 100 12 1 1 1 100 1 100 1 1 1 100 1 8 1 1 12 10 1 1 1 8 1 1 1 8 1 1 8 1 1 1 8 1 1 1 8 1 1 1 8 1 1 8 1 1 8 1 1 1 8 1 1 8 1 1 1 8 1 1 8 1 1 8 1 1 8 1
ciInstanceKlass ghidra/program/model/data/DataTypeComponentImpl 1 1 311 10 7 12 1 1 1 9 7 12 1 1 1 9 12 1 1 9 12 1 9 12 1 11 7 12 1 1 1 9 12 1 1 10 12 1 1 10 12 1 1 10 12 1 1 10 12 1 9 12 1 1 7 1 10 12 1 10 12 1 1 10 12 1 1 9 12 1 10 7 12 1 1 1 7 1 8 1 10 100 12 1 1 1 10 12 10 12 1 1 8 1 10 100 12 1 1 1 100 1 18 12 1 10 12 1 100 1 10 12 1 9 12 1 1 10 7 12 1 1 1 11 7 12 1 1 7 1 10 12 1 11 7 12 1 1 1 10 12 1 1 10 12 1 11 11 12 1 10 12 1 11 11 12 1 10 12 1 1 11 10 100 12 1 1 1 10 12 1 11 100 1 11 12 1 10 12 1 100 1 100 1 100 1 100 1 11 12 1 1 11 10 12 1 100 1 11 12 1 7 1 10 100 12 1 1 1 9 12 1 11 12 1 1 11 12 1 1 11 12 1 11 100 1 11 12 1 18 10 100 1 1 1 1 5 0 1 1 1 1 1 1 1 1 1 1 1 1 1 1 1 1 1 1 1 1 1 1 1 1 1 1 1 1 1 1 1 1 1 1 1 1 1 1 1 1 1 1 1 1 1 1 1 1 1 1 1 1 1 1 1 1 1 1 1 8 1 8 1 15 10 100 12 1 1 1 100 1 100 1 1
instanceKlass ghidra/program/database/code/InstructionDB
instanceKlass ghidra/program/database/code/DataDB
ciInstanceKlass ghidra/program/database/code/CodeUnitDB 1 1 747 10 7 12 1 1 1 9 7 12 1 1 1 9 12 1 1 9 12 1 1 9 12 1 1 9 7 12 1 1 1 9 10 12 1 1 7 1 9 12 1 1 10 12 1 1 9 12 1 1 10 12 1 1 9 12 1 1 10 12 1 1 10 12 1 1 11 100 12 1 1 1 9 12 1 9 12 1 1 9 12 1 1 9 12 1 1 10 12 1 10 12 1 1 100 1 10 7 12 1 1 1 10 12 1 1 11 7 12 1 1 1 10 12 1 1 11 12 1 1 10 12 1 1 10 7 12 1 1 1 11 100 12 1 1 1 18 12 1 1 10 12 1 1 10 9 100 12 1 1 1 10 12 1 1 9 7 12 1 1 10 10 12 1 1 10 10 12 1 1 10 10 12 1 1 10 10 7 12 1 1 1 10 12 1 10 12 1 10 12 1 10 7 12 1 1 1 10 100 12 1 1 1 10 12 1 1 10 100 12 1 1 1 10 12 1 1 11 100 12 1 1 100 1 10 12 1 1 11 100 12 1 1 1 9 100 12 1 1 1 11 100 12 1 1 100 1 10 12 1 1 11 100 12 1 1 1 11 100 1 10 12 1 11 12 1 11 12 1 1 11 100 12 1 1 1 100 1 10 12 1 1 10 12 1 10 12 1 1 11 12 1 1 11 100 12 1 1 11 12 1 1 11 12 1 1 11 100 12 1 1 11 12 1 1 11 100 1 11 12 1 1 10 12 1 1 10 12 1 1 10 12 1 1 11 12 1 10 12 1 10 12 1 1 10 7 12 1 1 1 100 1 10 12 1 1 10 12 1 1 10 12 1 1 10 12 1 10 12 1 1 10 12 1 1 10 100 12 1 1 1 10 12 1 1 10 12 1 1 11 12 1 100 1 100 1 8 1 10 12 1 11 12 1 11 12 1 1 11 12 1 1 8 1 11 12 1 11 12 1 8 1 11 12 1 11 12 1 8 1 11 12 1 10 12 1 1 10 12 1 1 10 12 1 1 10 12 1 1 10 7 12 1 1 1 10 12 1 1 100 1 100 1 8 1 10 10 12 1 1 10 12 1 11 7 12 1 1 1 11 12 1 1 11 12 1 1 11 12 1 1 11 12 1 1 11 12 1 1 11 12 1 1 11 12 1 10 100 1 10 12 1 1 10 12 1 10 12 1 100 1 18 12 10 10 12 1 1 10 12 10 100 12 1 1 1 100 1 1 1 1 1 1 1 1 1 1 1 1 1 1 1 1 1 1 1 1 1 1 1 1 1 1 1 1 1 1 1 1 1 1 1 1 1 100 1 1 1 1 1 1 1 1 1 1 1 100 1 1 1 1 1 1 1 1 100 1 1 1 1 1 1 1 1 1 1 1 1 1 1 1 1 1 1 1 1 1 1 1 1 1 1 1 1 1 1 1 1 1 1 1 1 1 1 1 1 1 1 1 1 1 1 1 1 1 1 1 1 1 1 1 1 1 1 1 1 1 1 1 1 1 1 1 1 1 1 1 1 1 1 100 100 1 1 1 1 1 1 1 1 1 1 1 100 1 1 1 1 1 1 1 1 1 1 1 1 1 1 1 1 1 1 1 1 1 1 1 1 1 8 1 8 1 15 10 100 12 1 1 1 100 1 100 1 1 1 100 1 8 1 1 12 10 1 1 1 8 1 1 1 8 1 1 1 8 1 1
instanceKlass ghidra/program/database/code/DataComponent
ciInstanceKlass ghidra/program/database/code/DataDB 1 1 781 11 7 12 1 1 1 10 7 12 1 1 1 9 7 12 1 1 1 9 12 1 1 9 12 1 1 9 12 1 9 12 1 1 10 7 12 1 1 1 9 12 1 1 10 12 1 1 9 12 1 9 12 1 7 1 11 12 1 10 7 12 1 1 1 9 12 1 1 10 12 1 1 9 12 1 1 9 12 1 1 9 12 1 1 10 7 12 1 1 1 9 100 12 1 1 1 10 100 12 1 1 1 10 12 1 1 10 7 12 1 1 1 18 12 1 1 10 100 12 1 1 1 10 12 1 9 12 1 1 10 12 1 7 1 10 12 1 11 7 12 1 1 1 10 12 1 1 11 12 1 1 100 1 11 7 12 1 1 1 11 12 1 1 11 100 12 1 1 1 11 12 1 1 10 12 1 1 11 12 1 1 9 12 1 1 10 12 1 1 9 12 1 1 9 100 12 1 1 1 10 100 12 1 1 1 10 12 1 1 10 7 12 1 1 10 12 1 10 12 1 10 12 1 10 12 1 10 12 1 1 7 1 10 12 1 1 7 1 11 12 1 11 12 1 7 1 11 7 12 1 1 1 10 12 1 7 1 11 12 1 1 11 7 12 1 1 10 12 1 7 1 10 12 1 11 12 1 1 10 100 12 1 1 1 18 10 12 1 1 10 12 1 10 12 1 18 12 1 10 11 12 1 1 11 12 1 1 100 1 11 12 1 1 11 12 1 1 11 100 12 1 1 10 12 1 11 12 1 1 11 100 1 10 12 1 1 10 12 1 1 10 100 12 1 1 100 1 10 12 1 1 10 12 1 10 12 1 1 10 12 1 1 10 7 12 1 1 1 10 12 1 1 10 12 1 1 10 12 1 1 11 7 12 1 1 1 10 12 1 1 10 12 1 1 11 12 1 10 12 1 1 11 12 1 10 12 1 1 10 12 1 1 10 12 1 1 10 12 1 11 12 1 10 12 1 11 12 1 1 10 11 12 1 1 10 7 1 11 12 11 12 1 10 12 1 7 1 10 100 12 1 1 1 100 1 10 12 11 12 1 1 11 100 12 1 1 1 11 100 12 1 1 11 12 1 11 12 1 11 10 12 1 11 12 1 1 10 12 1 1 9 12 1 1 11 11 12 1 7 1 10 12 1 1 11 100 12 1 1 1 10 100 12 1 1 1 11 100 1 11 12 1 11 12 1 11 12 1 10 11 12 1 1 10 12 10 7 12 1 1 9 100 12 1 1 11 12 1 1 10 12 1 1 7 1 7 1 10 12 1 1 10 12 1 1 100 1 10 12 1 10 12 1 10 12 1 10 12 1 1 11 100 1 11 12 10 12 1 1 10 10 12 1 100 1 10 12 1 1 100 1 11 1 1 1 1 1 1 1 1 1 1 1 1 1 1 1 1 1 1 1 1 1 1 1 1 1 1 1 1 1 1 1 1 1 1 1 1 1 1 1 1 1 1 1 1 1 1 1 1 1 1 1 1 1 1 1 1 1 1 1 1 1 1 1 1 1 1 1 1 1 100 1 1 1 1 1 1 1 1 1 1 1 1 1 1 100 1 1 1 1 1 1 1 1 1 1 1 100 1 1 1 1 1 1 1 1 1 1 1 1 1 100 1 1 1 1 1 1 1 1 1 1 1 1 1 1 1 1 1 1 1 1 1 1 1 1 1 1 1 1 1 1 1 1 1 1 1 1 1 1 1 1 1 1 1 1 1 1 1 1 1 8 1 8 1 8 1 15 10 100 12 1 1 1 100 1 100 1 1
staticfield ghidra/program/database/code/DataDB EMPTY_PATH [I 0
ciInstanceKlass ghidra/program/model/data/BadDataType 1 1 70 9 7 12 1 1 1 8 1 10 7 12 1 1 1 10 7 12 1 1 1 8 1 10 12 1 10 12 1 9 12 1 1 100 1 1 1 1 1 1 1 1 1 1 1 1 1 1 1 1 1 1 1 1 1 1 1 1 1 1 1 1 1 1 1 1 1 1 1 1
staticfield ghidra/program/model/data/BadDataType dataType Lghidra/program/model/data/BadDataType; ghidra/program/model/data/BadDataType
ciInstanceKlass ghidra/program/database/data/SourceArchiveDB 1 1 183 10 7 12 1 1 1 10 7 12 1 1 1 9 7 12 1 1 1 9 12 1 1 9 12 1 1 7 1 10 12 1 9 12 1 1 9 7 12 1 1 1 9 10 12 1 1 10 12 1 1 100 1 10 12 1 1 7 1 10 12 1 1 10 12 1 1 10 12 1 1 10 100 12 1 1 1 10 12 1 9 12 1 1 10 12 1 1 100 1 10 12 1 1 10 12 1 1 10 12 1 1 10 7 12 1 1 1 10 12 1 10 12 1 1 10 12 1 1 10 12 1 10 12 1 1 10 12 1 10 12 1 1 10 10 100 12 1 1 1 10 12 1 1 100 1 1 1 1 1 1 1 1 1 1 1 1 1 1 1 1 1 1 1 1 1 1 1 1 1 1 100 1 1 1 1 1 1 1 1 1 1 1
instanceKlass ghidra/program/database/data/DataTypeProxyComponentDB
ciInstanceKlass ghidra/program/database/data/DataTypeComponentDB 1 1 364 10 7 12 1 1 1 9 7 12 1 1 1 9 12 1 1 9 12 1 1 9 12 1 1 9 12 1 9 12 1 9 12 1 1 9 12 1 1 7 1 10 7 12 1 1 1 10 12 1 1 10 12 1 1 10 7 12 1 1 1 10 12 1 10 12 1 1 7 1 10 12 1 1 10 12 1 1 5 0 9 7 12 1 1 10 12 1 9 100 12 1 1 1 10 12 1 1 10 12 1 11 12 1 1 10 12 1 9 100 12 1 1 1 9 12 1 7 1 10 12 1 10 100 12 1 1 1 10 7 12 1 1 1 10 7 12 1 1 1 10 12 1 1 10 12 1 1 10 12 1 11 100 12 1 1 1 10 12 1 7 1 11 11 12 1 10 12 1 11 11 12 1 10 12 1 1 11 10 12 1 11 100 1 11 12 1 10 100 12 1 1 100 1 100 1 100 1 100 1 11 12 1 1 11 10 12 1 1 11 12 1 10 12 1 1 7 1 11 12 1 100 1 10 7 12 1 1 1 10 7 12 1 1 100 1 18 12 1 10 12 1 10 12 1 1 10 12 1 10 100 12 1 1 10 12 1 1 100 1 10 12 1 1 10 12 1 1 10 12 1 1 11 12 1 1 10 12 1 10 12 1 1 1 1 1 1 1 1 1 1 1 1 1 1 1 1 1 1 1 1 1 1 1 1 1 1 1 1 1 1 1 1 1 1 1 1 1 1 1 1 1 1 1 1 1 1 1 1 1 1 1 1 1 1 1 1 1 1 1 1 1 1 1 1 1 1 1 1 8 1 15 10 100 12 1 1 1 1 100 1 100 1 1
ciInstanceKlass ghidra/program/database/data/DataTypeSettingsDB 1 1 238 10 7 12 1 1 1 9 7 12 1 1 1 9 12 1 1 9 12 1 1 7 1 9 12 1 1 9 12 1 1 11 100 12 1 1 1 11 100 12 1 1 1 10 7 12 1 1 1 10 12 1 1 18 12 1 1 10 100 12 1 1 1 8 1 18 18 8 1 100 1 18 12 1 10 12 1 1 10 12 1 1 10 100 12 1 1 1 9 12 1 1 11 7 12 1 1 1 10 12 1 11 12 1 10 12 1 1 11 12 1 8 1 10 12 1 10 12 1 1 10 12 1 8 1 5 0 100 1 10 12 1 1 10 12 1 1 100 1 10 12 1 1 100 1 18 10 12 1 10 12 1 1 10 12 1 1 10 12 1 1 10 12 1 1 1 1 1 1 1 1 1 1 1 1 100 1 1 1 100 1 1 1 1 1 1 1 1 1 1 1 1 1 1 1 1 1 1 1 1 1 1 1 1 1 1 1 1 1 1 1 1 1 1 1 1 8 1 8 1 8 1 8 1 8 1 15 10 100 12 1 1 1 100 1 100 1 1
ciInstanceKlass ghidra/program/database/data/ArrayDB 1 1 447 10 7 12 1 1 1 9 7 12 1 1 1 9 12 1 1 10 7 12 1 1 1 10 12 1 1 9 12 1 1 100 1 10 7 12 1 1 1 10 12 1 1 9 12 1 1 9 12 1 1 10 12 1 1 10 12 1 1 100 1 9 12 1 1 10 7 12 1 1 1 10 12 1 9 12 1 1 10 7 12 1 1 10 12 1 10 12 1 10 12 1 10 12 1 1 10 12 1 1 11 7 12 1 1 10 12 1 1 10 12 1 1 10 12 1 10 12 1 11 12 1 1 18 12 1 1 10 12 1 9 12 1 1 11 12 1 1 11 12 1 1 11 12 1 1 7 1 10 12 1 1 11 12 1 100 1 11 12 1 1 10 12 1 10 12 1 1 7 1 11 11 10 12 1 1 10 7 12 1 1 1 10 12 1 1 11 10 12 1 9 12 1 1 10 12 1 1 10 12 1 11 11 12 1 1 10 12 10 12 1 10 12 1 10 100 12 1 1 1 10 12 1 1 100 1 100 1 10 12 1 11 12 1 1 11 12 1 10 12 1 10 12 1 10 12 1 1 10 12 1 1 100 1 10 12 1 1 10 12 1 1 10 11 10 100 1 10 12 1 1 10 12 1 1 10 12 1 10 12 1 1 100 1 8 1 10 12 10 12 1 1 10 10 12 1 1 10 10 11 12 1 1 8 1 11 12 1 18 10 12 1 1 10 12 1 1 9 100 12 1 1 1 10 12 1 1 10 12 1 1 1 1 1 1 1 1 1 1 1 1 1 1 1 1 1 1 1 1 1 1 1 1 1 1 100 1 1 1 1 1 1 1 1 1 1 1 1 1 1 1 1 1 1 1 1 1 1 1 1 1 1 1 1 1 1 1 1 1 1 1 1 1 1 1 1 1 1 1 1 1 1 1 1 1 1 1 1 1 1 1 1 1 1 1 1 1 1 1 1 1 1 1 1 1 1 1 1 1 1 1 8 1 8 1 15 10 100 12 1 1 1 100 1 100 1 1
instanceKlass ghidra/app/util/datatype/microsoft/MUIResourceDataType
instanceKlass ghidra/app/util/bin/format/elf/AndroidElfRelocationTableDataType
instanceKlass ghidra/program/model/data/IndexedDynamicDataType
instanceKlass ghidra/app/util/datatype/microsoft/GroupIconResourceDataType
instanceKlass ghidra/program/model/data/DialogResourceDataType
instanceKlass ghidra/program/model/data/StructuredDynamicDataType
instanceKlass ghidra/app/util/datatype/microsoft/WEVTResourceDataType
instanceKlass ghidra/program/model/data/RepeatedDynamicDataType
instanceKlass ghidra/program/model/data/RepeatCountDataType
instanceKlass ghidra/program/model/data/MenuResourceDataType
instanceKlass ghidra/app/util/bin/format/pe/PEx64UnwindInfoDataType
instanceKlass ghidra/app/util/datatype/microsoft/RTTIDataType
instanceKlass ghidra/program/model/data/CountedDynamicDataType
instanceKlass ghidra/program/model/data/BitmapResourceDataType
instanceKlass ghidra/app/util/bin/format/pe/rich/PERichTableDataType
ciInstanceKlass ghidra/program/model/data/DynamicDataType 1 1 139 9 7 12 1 1 1 10 7 12 1 1 1 10 7 1 7 1 10 12 1 9 12 1 1 10 12 1 1 11 7 12 1 1 1 10 12 1 1 7 1 10 12 1 10 12 1 1 11 7 12 1 1 1 11 12 1 11 12 1 10 12 1 1 9 100 12 1 1 1 100 1 1 1 1 1 1 1 1 1 1 1 1 1 1 1 1 1 1 1 1 1 1 1 1 1 1 100 1 1 1 1 1 1 1 1 1 1 1 1 1 1 1 1 1 1 1 1 100 1 8 1 1 12 10 1 1 1 8 1 1 1 8 1 1 1 8 1 1
ciInstanceKlass ghidra/app/util/bin/format/pe/rich/PERichTableDataType 1 1 220 10 7 12 1 1 1 9 7 12 1 1 1 100 1 8 1 10 7 12 1 1 10 12 1 1 7 1 10 12 1 8 1 7 1 11 7 12 1 1 1 10 12 1 11 12 1 1 7 1 10 12 1 7 1 10 12 1 10 12 1 7 1 10 10 12 1 1 8 1 8 1 8 1 10 12 1 1 7 1 10 12 1 18 12 1 1 7 1 10 7 12 1 1 1 10 7 12 1 1 1 8 1 10 7 12 1 1 1 10 7 12 1 1 1 10 12 1 8 1 8 1 7 1 10 12 1 8 1 9 7 12 1 1 1 8 1 7 1 11 12 1 1 7 1 1 1 1 1 1 1 1 1 1 1 1 1 1 1 1 1 1 1 1 1 1 1 1 1 1 1 1 1 1 1 1 1 1 1 1 1 1 1 1 1 1 1 1 1 1 1 1 1 1 100 1 100 100 1 1 1 1 1 8 1 15 10 7 12 1 1 1 1 1 1 100 1 100 1 1
ciInstanceKlass ghidra/program/model/data/ReadOnlyDataTypeComponent 1 1 155 10 7 12 1 1 1 9 7 12 1 1 1 9 12 1 1 9 12 1 1 9 12 1 9 12 1 9 12 1 1 9 12 1 10 12 1 100 1 10 12 1 1 10 12 1 1 9 12 1 1 100 1 10 12 1 11 100 12 1 1 1 10 12 1 1 100 1 11 12 1 11 12 1 11 12 1 11 12 1 1 11 12 1 1 11 12 1 10 12 1 1 11 12 1 10 10 12 1 100 1 11 12 1 1 10 10 10 100 12 1 1 1 10 100 12 1 1 1 9 12 1 100 1 1 1 1 1 1 1 1 1 1 1 1 1 1 1 1 1 1 1 1 1 1 1 1 1 1 1 1 1 1 1 1
ciInstanceKlass ghidra/program/database/code/DataComponent 1 1 298 11 7 12 1 1 1 11 12 1 1 10 7 12 1 1 1 9 7 12 1 1 1 9 12 1 1 9 12 1 1 9 12 1 9 11 12 1 9 12 1 11 12 1 9 12 1 11 7 1 11 12 1 10 12 1 1 10 12 1 100 1 11 12 1 11 12 1 1 9 12 1 1 11 12 1 10 12 1 1 11 100 12 1 1 1 9 12 1 1 9 12 1 1 9 10 12 1 9 12 1 9 12 1 1 9 12 1 1 18 12 1 1 11 12 1 1 10 100 12 1 11 12 1 10 12 1 10 12 1 1 10 12 1 100 1 10 12 1 10 12 1 1 10 12 1 10 10 12 1 10 12 1 1 10 12 1 10 12 1 10 100 12 1 1 1 10 12 1 1 9 12 1 1 10 7 12 1 1 10 12 1 1 10 12 1 1 10 12 1 100 1 8 1 10 12 1 10 12 1 1 10 12 1 1 9 100 12 1 1 1 11 12 11 12 1 1 10 1 1 1 1 1 1 1 1 1 1 1 1 1 100 1 100 1 1 1 1 1 1 1 1 1 1 1 1 1 1 1 1 100 1 1 1 1 1 1 1 100 1 1 1 1 1 1 1 1 1 1 1 1 1 1 100 1 1 100 1 1 1 1 1 1 1 8 1 15 10 100 12 1 1 1 100 1 100 1 1
ciInstanceKlass ghidra/program/database/data/PointerDB 1 1 517 10 7 12 1 1 1 18 12 1 1 10 7 12 1 1 1 9 7 12 1 1 1 9 12 1 1 9 12 1 1 100 1 10 7 12 1 1 1 10 12 1 1 10 12 1 1 10 7 12 1 1 1 8 1 18 12 1 1 11 7 12 1 1 1 18 12 1 10 9 12 1 1 10 7 12 1 1 1 10 12 1 1 9 12 1 1 10 7 12 1 1 10 12 1 9 12 1 1 10 12 1 9 12 1 1 9 12 1 1 10 12 1 1 10 12 1 100 1 10 12 1 1 10 12 1 1 7 1 10 12 1 10 12 1 1 10 12 1 10 12 1 1 10 12 1 8 1 18 11 12 1 18 9 12 1 1 8 1 11 12 1 1 10 12 1 1 11 7 12 1 1 100 1 10 12 10 12 1 1 8 1 8 1 7 1 11 12 1 10 12 10 12 1 1 100 1 7 1 9 12 1 1 10 12 1 1 10 12 1 1 8 1 11 11 11 11 10 7 12 1 1 1 11 12 1 10 12 1 1 10 12 1 7 1 10 12 1 10 12 1 1 10 12 1 1 10 7 12 1 1 1 10 12 1 1 10 12 1 9 12 1 1 10 12 1 1 10 12 1 11 12 1 1 10 10 12 1 10 12 1 10 100 12 1 1 1 10 12 1 1 100 1 100 1 10 12 1 10 12 1 11 12 1 1 11 12 1 10 12 1 1 10 12 1 1 10 10 100 1 10 12 1 1 10 12 1 1 10 12 1 1 100 1 8 1 10 12 10 12 1 1 10 10 11 12 1 1 10 12 1 8 1 10 12 1 1 9 100 12 1 1 1 9 12 1 1 7 1 9 7 12 1 1 1 1 1 1 1 1 1 1 1 1 1 1 1 1 1 1 1 1 1 1 1 1 100 1 1 1 1 1 1 1 1 1 1 1 1 100 1 1 1 1 1 1 1 1 1 1 1 1 1 1 1 1 100 1 1 1 1 1 1 1 1 1 1 1 1 1 1 1 1 1 1 1 1 1 1 1 1 1 1 1 1 1 1 1 1 1 1 1 1 1 1 1 1 1 1 1 1 1 1 1 1 1 1 1 1 1 1 1 1 1 1 16 15 10 12 16 8 1 8 1 8 1 8 1 15 10 7 12 1 1 1 15 10 7 12 1 1 1 100 1 100 1 1
staticfield ghidra/program/database/data/PointerDB POINTER_SETTINGS_DEFINITIONS [Lghidra/docking/settings/SettingsDefinition; 1 [Lghidra/docking/settings/SettingsDefinition;
ciInstanceKlass  @bci ghidra/program/model/data/PointerDataType getAddressValue (Lghidra/program/model/mem/MemBuffer;ILghidra/docking/settings/Settings;)Lghidra/program/model/address/Address; 3 <appendix> argL0 ; 1 1 23 1 7 1 7 1 100 1 1 12 10 1 1 1 100 1 100 1 1 12 10 1 1
ciInstanceKlass ghidra/program/database/data/PointerTypedefInspector 1 1 113 10 100 12 1 1 1 11 7 12 1 1 1 9 7 12 1 1 1 11 12 1 1 10 12 1 1 9 100 12 1 1 10 12 1 11 100 12 1 1 1 100 1 9 100 12 1 1 10 12 1 1 9 100 12 1 1 1 9 100 12 1 1 10 12 1 1 10 9 100 12 1 1 10 10 100 1 1 1 1 1 1 1 1 1 1 1 1 1 1 1 1 1 1 1 1 1 1 100 1 100 1 100 1 1 1 1 1 1 1 1 1 1
ciInstanceKlass ghidra/program/model/symbol/DataRefType 1 1 38 10 7 12 1 1 1 9 7 12 1 1 1 1 1 3 1 3 1 3 1 1 1 1 1 1 1 1 1 1 1 1 1 1 1 1 1 1
ciInstanceKlass ghidra/program/model/symbol/SourceType 1 1 127 7 1 9 12 1 1 9 12 1 9 12 1 9 12 1 9 12 1 9 12 1 1 10 7 12 1 1 10 7 12 1 1 1 10 12 1 1 9 12 1 1 9 12 1 1 9 12 1 9 12 1 100 1 100 1 18 12 1 1 10 12 1 8 8 1 10 12 1 8 8 1 8 8 8 1 8 8 1 10 12 1 1 1 1 1 1 1 1 1 1 1 1 1 1 1 1 1 1 1 1 1 1 1 1 1 1 1 1 1 1 1 1 8 1 15 10 100 12 1 1 1 100 1 100 1 1
staticfield ghidra/program/model/symbol/SourceType DEFAULT Lghidra/program/model/symbol/SourceType; ghidra/program/model/symbol/SourceType
staticfield ghidra/program/model/symbol/SourceType ANALYSIS Lghidra/program/model/symbol/SourceType; ghidra/program/model/symbol/SourceType
staticfield ghidra/program/model/symbol/SourceType AI Lghidra/program/model/symbol/SourceType; ghidra/program/model/symbol/SourceType
staticfield ghidra/program/model/symbol/SourceType IMPORTED Lghidra/program/model/symbol/SourceType; ghidra/program/model/symbol/SourceType
staticfield ghidra/program/model/symbol/SourceType USER_DEFINED Lghidra/program/model/symbol/SourceType; ghidra/program/model/symbol/SourceType
staticfield ghidra/program/model/symbol/SourceType $VALUES [Lghidra/program/model/symbol/SourceType; 5 [Lghidra/program/model/symbol/SourceType;
ciInstanceKlass ghidra/program/database/references/RefListV0$RefIterator 1 1 77 9 7 12 1 1 1 10 7 12 1 1 1 9 12 1 1 9 12 1 7 1 9 12 1 1 9 7 12 1 1 1 9 12 1 9 12 1 9 12 1 10 12 1 1 10 12 1 1 100 1 10 10 12 1 1 100 1 1 1 1 1 1 1 1 1 1 1 1 1 1 1 1 1 1 1 1
instanceKlass ghidra/program/database/references/ExternalReferenceDB
instanceKlass ghidra/program/database/references/EntryPointReferenceDB
instanceKlass ghidra/program/database/references/MemReferenceDB
ciInstanceKlass ghidra/program/database/references/ReferenceDB 1 1 131 10 7 12 1 1 1 9 7 12 1 1 1 9 12 1 9 12 1 1 9 12 1 1 9 12 1 1 9 12 1 1 9 12 1 1 10 12 1 1 11 7 12 1 1 1 10 100 12 1 1 1 10 100 12 1 1 1 18 12 1 1 11 100 12 1 1 1 11 12 1 1 11 12 1 11 12 1 11 12 1 11 12 1 10 12 1 1 1 1 1 1 1 1 1 1 1 1 1 1 1 1 1 1 1 1 1 1 1 1 1 1 1 1 1 1 1 8 1 15 10 100 12 1 1 1 100 1 100 1 1
instanceKlass ghidra/program/database/references/StackReferenceDB
instanceKlass ghidra/program/database/references/OffsetReferenceDB
instanceKlass ghidra/program/database/references/ShiftedReferenceDB
ciInstanceKlass ghidra/program/database/references/MemReferenceDB 1 1 142 10 7 12 1 1 1 9 7 12 1 1 1 9 12 1 1 9 12 1 9 12 1 1 10 12 1 11 100 12 1 1 1 10 12 1 1 11 100 12 1 1 1 9 12 1 1 10 12 1 11 100 12 1 1 1 9 12 1 9 12 1 1 10 12 1 1 9 12 1 10 12 1 1 9 12 1 10 12 1 9 12 1 1 10 12 1 1 9 12 1 1 10 12 1 1 10 12 1 10 12 1 10 100 12 1 1 1 11 12 1 100 1 11 11 11 11 11 11 11 11 11 1 1 1 1 1 1 1 1 1 1 1 1 1 1 1 1 1 1 1 1
ciInstanceKlass ghidra/program/model/data/TerminatedStringDataType 1 1 62 10 7 12 1 1 1 8 1 8 1 8 1 8 1 8 1 8 1 9 12 1 1 9 7 12 1 1 1 9 7 12 1 1 1 10 7 12 1 1 10 12 1 1 10 12 1 9 12 1 1 1 1 1 1 1 1 1 1 1 1 1
staticfield ghidra/program/model/data/TerminatedStringDataType dataType Lghidra/program/model/data/TerminatedStringDataType; ghidra/program/model/data/TerminatedStringDataType
ciInstanceKlass ghidra/program/database/data/SettingDB 0 0 62 10 100 12 1 1 1 9 100 12 1 1 1 9 12 1 1 10 12 1 1 100 1 10 100 12 1 1 1 10 100 12 1 1 1 10 12 1 1 10 12 1 1 1 1 1 1 1 1 1 1 1 1 1 1 1 1 1 1 1 1 1
ciInstanceKlass ghidra/app/util/bin/format/pe/PEx64UnwindInfoDataType 1 1 256 10 7 12 1 1 1 8 1 10 7 12 1 1 10 12 1 1 8 1 8 1 8 1 11 7 12 1 1 1 7 1 9 12 1 1 10 12 1 10 12 1 1 9 12 1 1 8 1 10 12 1 1 10 12 1 1 8 1 8 1 10 12 1 1 8 1 8 1 8 1 7 1 10 12 1 1 10 12 1 8 1 100 1 100 1 10 12 1 10 12 1 1 10 12 1 9 12 1 8 1 9 7 12 1 1 1 8 1 10 12 1 8 1 8 1 8 1 100 1 10 12 1 1 11 7 12 1 1 1 100 1 8 1 8 1 10 12 1 8 1 8 1 9 12 1 1 7 1 8 1 10 12 1 8 1 10 12 1 8 1 8 1 5 0 8 1 5 0 9 12 1 8 1 10 7 12 1 1 1 10 12 1 1 9 12 1 1 10 12 1 9 12 1 1 9 7 12 1 1 7 1 10 1 1 3 1 3 1 3 1 1 1 1 1 1 1 1 1 1 1 1 1 1 1 1 1 1 1 1 1 1 1 1 1 1 1 1 1 1 1 1 1 1 1 1 1 1 1 1 100 1 1 1 1 1
staticfield ghidra/app/util/bin/format/pe/PEx64UnwindInfoDataType INSTANCE Lghidra/app/util/bin/format/pe/PEx64UnwindInfoDataType; ghidra/app/util/bin/format/pe/PEx64UnwindInfoDataType
staticfield ghidra/app/util/bin/format/pe/PEx64UnwindInfoDataType BYTE Lghidra/program/model/data/DataType; ghidra/program/model/data/ByteDataType
staticfield ghidra/app/util/bin/format/pe/PEx64UnwindInfoDataType IBO32 Lghidra/program/model/data/DataType; ghidra/program/model/data/IBO32DataType
ciInstanceKlass ghidra/program/database/function/FunctionDB 1 1 1801 10 7 12 1 1 1 10 7 12 1 1 1 9 7 12 1 1 1 9 12 1 9 12 1 1 9 12 1 9 12 1 1 10 7 12 1 1 1 9 12 1 1 9 12 1 1 10 12 1 1 7 1 10 12 1 9 12 1 1 9 12 1 1 10 12 1 1 10 12 1 1 9 12 1 1 10 7 12 1 1 1 9 12 1 1 10 7 12 1 1 1 7 1 9 12 1 1 10 12 1 1 9 12 1 1 10 12 1 10 12 1 10 12 1 1 100 1 8 1 10 12 1 100 1 8 1 10 10 7 12 1 1 10 12 1 10 10 12 1 1 10 12 1 10 12 1 10 12 1 1 100 1 10 12 11 100 12 1 1 1 11 100 12 1 1 11 12 1 1 100 1 10 12 1 11 100 1 11 100 1 11 12 1 1 10 12 1 1 11 12 1 1 10 12 1 11 12 1 1 7 1 11 12 1 1 100 1 11 12 1 10 12 1 1 10 12 1 10 100 12 1 1 1 10 100 12 1 1 10 12 1 10 12 1 1 10 12 1 10 12 1 1 10 12 1 1 9 100 12 1 1 1 10 12 1 10 100 12 1 1 1 10 12 10 100 12 1 1 1 10 12 1 1 9 12 1 10 12 1 100 1 10 12 1 10 12 1 1 10 7 12 1 1 1 10 12 1 1 10 12 1 1 10 100 12 1 1 1 9 12 1 1 10 12 1 10 12 1 1 10 12 1 1 11 100 12 1 1 1 10 100 12 1 1 1 9 100 12 1 1 1 10 12 1 10 11 12 1 10 100 12 1 1 1 100 1 10 12 1 1 10 12 1 1 10 12 10 12 1 10 100 12 1 1 1 7 1 10 12 1 1 10 12 1 10 12 1 1 10 12 1 1 10 12 1 1 10 12 1 1 10 100 12 1 1 9 12 1 1 10 12 1 10 12 1 1 10 12 1 1 10 12 1 9 12 1 1 10 100 12 1 1 1 9 12 1 10 12 1 1 100 1 9 12 1 100 1 10 12 1 10 12 1 1 10 18 12 1 1 100 1 10 10 12 1 11 12 1 10 12 1 1 8 1 10 12 1 8 1 10 12 1 10 12 1 1 11 100 12 1 1 11 11 11 8 1 100 1 8 1 10 12 1 1 9 100 12 1 1 8 1 8 1 10 12 1 10 12 1 10 12 1 10 12 1 1 10 12 1 1 10 12 1 9 12 1 11 12 1 9 12 1 10 12 1 10 12 1 1 10 12 1 10 12 1 1 10 12 1 1 10 12 1 1 9 7 12 1 1 1 10 12 1 1 100 1 10 12 1 1 10 12 1 10 12 1 3 10 100 1 9 12 1 10 12 1 1 10 12 1 10 12 1 10 12 1 1 10 100 12 1 1 1 18 12 1 10 100 12 1 1 1 10 12 1 9 12 1 1 100 1 10 9 12 1 1 9 12 1 9 12 1 10 12 1 1 11 100 1 11 12 100 1 10 12 1 1 10 12 1 1 9 100 12 1 1 1 100 1 10 12 1 11 100 12 1 1 1 100 1 10 10 100 12 1 1 1 10 12 1 10 12 1 10 12 1 11 12 1 1 10 12 1 1 10 10 10 12 1 1 10 12 1 10 100 12 1 1 1 10 12 1 10 12 1 1 100 1 10 12 1 18 10 12 1 1 10 12 1 10 12 1 1 100 1 8 1 8 1 18 12 10 100 12 1 1 1 11 12 1 10 10 12 1 1 10 12 1 1 10 12 1 10 12 1 1 11 100 1 10 12 1 10 100 12 1 1 1 100 1 8 1 11 11 12 1 11 12 1 18 10 12 1 100 1 10 10 10 12 1 1 10 12 1 1 18 10 10 11 10 9 12 1 10 12 1 1 10 9 12 1 1 11 10 12 1 11 12 1 1 11 100 12 1 1 10 12 1 1 11 10 12 1 1 9 100 12 1 1 1 11 12 1 100 1 10 12 1 10 12 1 1 10 12 1 11 100 12 1 1 1 10 10 10 100 1 10 12 1 10 12 1 100 1 10 12 1 10 12 1 11 10 100 12 1 1 1 10 12 1 1 10 12 1 1 10 12 1 1 10 12 1 100 1 11 10 12 1 10 12 10 100 12 1 1 1 10 12 1 1 10 12 1 9 100 12 1 1 1 10 12 1 1 10 12 1 10 12 1 11 12 1 8 1 10 12 1 10 12 1 1 10 12 1 1 10 12 1 1 9 12 1 100 1 8 1 10 12 1 11 12 1 100 1 10 10 12 1 1 11 11 11 11 11 100 1 8 1 10 12 1 1 10 12 1 1 10 10 10 10 11 12 1 10 12 1 11 12 1 9 12 1 100 1 18 10 11 12 1 18 18 12 1 1 10 12 1 10 12 1 1 10 12 1 1 8 1 10 100 1 18 12 1 10 11 12 1 1 10 100 12 1 1 10 12 1 1 18 12 1 8 1 10 18 10 100 1 8 1 10 9 10 12 1 1 10 12 1 1 11 12 1 10 12 1 10 10 10 12 1 9 12 1 1 10 12 1 1 10 12 1 11 12 10 12 1 1 18 10 12 1 1 8 1 8 1 18 10 11 10 12 1 1 10 10 12 1 1 10 12 1 10 12 1 1 10 12 1 10 12 1 9 12 1 10 12 1 10 12 1 9 12 1 8 1 100 1 10 12 1 1 8 1 10 12 1 11 100 1 11 12 1 10 12 1 11 10 12 1 10 12 10 12 10 12 1 10 12 1 10 12 1 1 10 12 1 1 10 12 1 1 10 12 1 1 8 1 10 12 1 1 8 1 11 100 1 11 12 1 10 12 1 10 12 1 1 10 12 1 9 12 1 10 10 100 1 10 12 1 1 10 12 1 11 100 1 10 12 1 10 12 1 1 11 100 12 1 1 10 12 1 10 100 12 1 1 1 11 12 1 10 12 1 1 11 12 1 1 100 1 10 100 12 1 1 1 18 11 12 1 9 12 1 11 100 12 1 1 1 10 12 1 1 10 100 12 1 1 1 11 100 1 11 12 1 11 12 1 11 100 12 1 1 1 10 100 12 1 1 11 12 1 10 12 1 1 10 12 1 1 11 100 12 1 1 1 11 100 1 11 100 1 11 12 1 11 100 12 1 1 11 12 11 12 1 10 12 1 10 12 1 1 100 1 10 10 12 1 1 10 12 1 1 8 1 10 12 1 1 11 100 12 1 1 10 12 1 1 10 12 1 1 9 100 12 1 1 1 10 12 1 1 11 100 1 10 12 1 9 12 1 11 12 10 12 9 12 1 9 12 1 10 12 1 10 11 100 1 1 1 1 1 1 1 1 1 1 1 1 1 1 1 1 1 1 1 1 1 1 1 1 1 1 1 1 1 100 1 1 1 1 1 1 1 1 1 1 1 1 1 1 1 1 1 1 1 1 1 1 1 1 1 1 1 1 1 1 1 1 100 1 1 1 1 1 1 1 1 1 1 1 1 1 1 1 1 1 1 1 1 1 1 1 1 1 1 1 1 1 1 1 1 1 1 1 1 1 1 1 1 1 1 1 1 1 1 1 1 1 1 1 100 100 1 1 1 1 1 1 1 1 1 1 1 1 1 1 1 1 1 1 1 1 1 1 1 1 1 1 1 1 1 1 1 1 1 1 1 1 1 1 1 1 1 1 1 1 1 1 1 1 1 1 1 1 1 1 1 1 1 1 100 1 100 1 1 1 1 1 1 1 1 1 1 1 1 1 1 1 1 1 1 1 1 1 1 1 1 1 1 1 1 1 1 1 1 1 1 1 1 1 1 1 1 1 1 1 1 1 1 1 1 1 1 1 1 1 1 1 1 1 1 1 1 1 1 1 1 1 1 1 1 1 1 1 1 1 1 1 1 1 1 1 1 1 1 1 1 1 1 1 1 1 1 1 1 1 1 1 1 100 1 1 1 1 1 1 1 1 1 1 1 1 8 1 8 1 8 1 8 1 8 1 8 1 8 1 8 1 16 15 10 12 8 1 8 1 8 1 8 1 8 1 8 1 15 10 100 12 1 1 15 10 100 12 1 1 1 1 100 1 1 1 1 1 100 1 100 1 1
instanceKlass ghidra/program/model/data/FileDataTypeManager
instanceKlass ghidra/program/model/data/BuiltInDataTypeManager
ciInstanceKlass ghidra/program/model/data/StandAloneDataTypeManager 1 1 844 10 7 12 1 1 1 10 7 12 1 1 1 7 1 10 12 1 9 7 12 1 1 1 9 12 1 9 12 1 1 10 12 1 10 12 1 10 12 1 9 7 12 1 1 1 10 12 1 1 10 12 1 1 9 12 1 1 9 12 1 1 9 12 1 1 10 7 12 1 1 1 8 1 10 12 1 1 10 100 12 1 1 18 12 1 1 8 1 8 1 9 12 1 8 1 10 12 1 1 11 100 12 1 1 1 11 7 12 1 1 1 11 100 12 1 1 1 10 100 12 1 1 1 11 12 1 11 12 1 1 11 100 12 1 1 1 18 12 1 8 1 10 12 1 1 9 12 1 1 10 100 1 10 100 12 1 1 1 10 12 1 10 12 1 9 12 1 10 12 1 10 12 1 1 8 1 10 7 12 1 1 1 7 1 10 12 1 7 1 8 1 10 8 1 10 7 12 1 1 1 9 12 1 1 10 7 12 1 1 1 9 12 1 1 9 12 1 1 10 12 1 10 12 1 1 10 7 12 1 1 1 11 7 12 1 1 10 7 12 1 1 1 100 1 9 12 1 10 12 1 1 10 12 1 1 9 12 1 10 12 1 1 9 12 1 1 9 12 1 9 12 1 11 100 12 1 1 11 12 1 1 9 12 1 100 1 10 11 12 1 1 100 1 9 12 1 10 12 1 1 11 10 12 1 10 12 1 1 11 10 12 1 1 10 9 12 1 7 1 18 12 1 1 10 12 1 7 1 10 12 1 10 12 1 1 10 12 1 9 12 1 10 10 12 10 12 1 1 10 12 1 10 12 1 9 100 12 1 1 1 100 1 100 1 100 1 10 12 1 10 100 12 1 1 10 12 1 100 1 8 1 10 10 7 12 1 1 100 1 18 12 10 10 12 1 10 12 1 10 12 1 18 8 1 10 12 1 10 12 1 11 12 1 10 12 1 1 9 12 1 1 10 100 12 1 1 1 9 12 1 18 12 1 10 12 1 1 8 1 9 100 12 1 1 1 9 12 1 100 1 10 12 1 100 1 8 1 10 10 12 1 100 1 10 12 1 10 12 1 1 100 1 8 1 10 8 1 10 12 1 8 1 10 12 1 100 1 18 10 9 100 12 1 1 1 10 12 1 1 10 12 1 100 1 10 12 1 100 1 8 1 10 9 12 1 1 10 12 1 10 7 12 1 1 9 12 1 9 12 1 9 12 1 1 10 12 1 100 1 8 1 10 8 1 10 12 1 10 12 1 10 12 1 10 12 1 1 10 12 1 10 12 1 1 10 12 1 1 10 12 1 10 12 1 10 12 1 10 12 1 10 12 1 10 12 1 10 12 1 1 10 12 1 10 12 1 8 1 100 1 10 12 1 11 100 12 1 1 1 10 12 1 8 1 100 1 10 10 12 1 10 12 1 10 12 1 10 10 9 100 12 1 1 1 10 12 1 1 10 100 12 1 1 1 10 11 12 1 1 8 1 11 12 1 11 12 1 10 7 12 1 1 100 1 1 1 1 1 1 3 1 1 1 1 1 1 1 1 1 100 1 1 1 1 1 1 1 1 1 1 1 100 1 1 1 1 1 1 1 1 1 1 1 1 1 1 1 1 1 1 1 1 1 1 1 1 1 1 1 1 1 1 1 1 1 1 1 1 1 1 100 1 1 1 1 1 1 1 100 1 1 1 100 1 100 1 1 1 1 1 1 1 1 1 100 1 1 1 1 1 1 1 1 1 1 1 1 100 1 1 1 1 1 1 1 1 1 1 1 1 1 1 1 1 1 1 1 1 1 1 1 1 1 1 1 1 1 1 1 1 1 1 1 1 1 8 1 8 1 16 15 10 12 8 1 8 1 8 1 8 1 15 10 100 12 1 1 15 10 7 12 1 1 1 1 1 1 1 100 1 100 1 1
staticfield ghidra/program/model/data/StandAloneDataTypeManager $assertionsDisabled Z 1
ciInstanceKlass ghidra/program/model/data/FileArchiveBasedDataTypeManager 1 0 282 100 1 100 1 100 1 1 1 1 100 1 8 1 1 12 10 1 1 1 8 1 1 8 1 1 1 8 1 1 8 1 1 8 1 1 1 8 1 1 8 1 1 1 8 1 1 1 8 1 1 1 8 1 1 1 8 1 1 1 8 1 1 1 8 1 1 8 1 1 1 8 1 1 1 8 1 1 1 8 1 1 8 1 1 1 8 1 1 8 1 1 1 8 1 1 8 1 1 8 1 1 8 1 1 8 1 1 1 8 1 1 1 8 1 1 1 8 1 1 8 1 1 8 1 1 1 8 1 1 1 8 1 1 1 8 1 1 1 8 1 1 1 8 1 1 1 8 1 1 1 8 1 1 1 8 1 1 8 1 1 1 8 1 1 1 8 1 1 1 8 1 1 8 1 1 1 8 1 1 1 8 1 1 1 8 1 1 8 1 1 1 8 1 1 8 1 1 1 8 1 1 8 1 1 8 1 1 1 8 1 1 1 8 1 1 1 8 1 1 8 1 1 8 1 1 1 8 1 1 1 8 1 1 1 8 1 1 1 8 1 1 8 1 1 8 1 1 1 8 1 1 8 1 1 1 8 1 1 8 1 1 8 1 1 8 1 1 1 8 1 1 8 1 1 1 8 1 1 8 1 1
ciInstanceKlass ghidra/program/model/data/FileDataTypeManager 1 1 409 7 1 10 12 1 1 10 7 12 1 1 1 9 12 1 1 10 7 12 1 1 1 10 12 1 1 9 12 1 1 9 12 1 1 7 1 10 12 1 1 9 12 1 1 10 12 1 1 9 7 12 1 1 1 10 12 1 8 1 10 7 12 1 1 1 100 1 8 1 10 12 1 10 12 1 9 12 1 9 7 12 1 1 1 10 100 1 100 1 10 12 1 8 1 10 100 12 1 1 1 8 1 10 100 12 1 1 1 100 1 10 12 1 1 18 12 1 10 10 100 12 1 1 1 11 100 12 1 1 1 11 100 12 1 1 1 9 100 12 1 1 1 10 12 1 1 100 1 100 1 100 1 100 1 10 8 1 10 12 1 1 8 1 100 1 10 100 1 10 10 12 1 10 12 1 1 9 12 1 9 12 1 1 8 1 10 12 1 1 10 10 100 12 1 1 1 10 100 12 1 1 10 12 1 1 10 12 1 1 10 12 1 1 10 12 1 10 12 1 100 1 8 1 10 10 12 1 1 10 12 1 8 1 10 12 1 1 10 12 1 1 18 10 12 1 11 100 1 10 12 1 1 11 12 1 100 1 100 1 10 12 1 10 12 1 10 100 12 1 1 10 12 1 10 10 10 12 10 12 9 100 12 1 1 1 10 100 12 1 1 1 10 100 12 1 1 10 18 12 1 8 1 8 1 10 7 12 1 1 1 9 12 1 1 100 1 1 1 1 1 8 1 1 1 1 1 1 1 1 1 1 1 1 100 1 1 1 1 1 1 1 1 1 1 1 1 1 1 1 100 1 100 1 100 1 1 1 1 1 1 1 1 1 1 100 1 1 1 1 1 1 1 1 1 1 1 100 1 1 1 1 1 1 1 1 1 1 1 1 8 1 8 1 8 1 15 10 100 12 1 1 1 1 100 1 100 1 1
staticfield ghidra/program/model/data/FileDataTypeManager GDT_FILEFILTER Lghidra/util/filechooser/GhidraFileFilter; ghidra/util/filechooser/ExtensionFileFilter
ciInstanceKlass ghidra/program/database/data/TypedefDB 1 1 555 10 7 12 1 1 1 9 7 12 1 1 1 9 12 1 1 9 12 1 1 100 1 10 7 12 1 1 1 10 12 1 1 10 12 1 1 9 12 1 1 10 7 12 1 1 1 10 12 1 10 12 1 1 10 12 1 1 10 12 1 1 10 12 1 1 10 12 1 1 10 12 1 1 11 7 1 10 12 1 1 10 12 1 1 10 12 1 10 100 12 1 1 1 10 12 1 1 100 1 10 12 1 1 10 12 1 100 1 9 12 1 1 10 7 12 1 1 1 10 12 1 10 12 1 10 12 1 1 10 12 1 1 11 12 1 10 12 1 11 12 1 11 12 1 11 12 1 11 12 1 11 12 1 1 11 12 1 1 11 12 1 1 9 12 1 1 10 12 1 1 10 12 1 7 1 11 12 1 10 12 1 9 12 1 1 10 7 12 1 1 1 10 12 1 1 10 12 1 1 11 11 10 7 12 1 1 1 10 12 1 1 9 7 12 1 1 1 10 7 12 1 1 1 11 10 12 1 1 10 12 1 1 10 12 1 1 10 12 1 10 12 1 1 10 12 1 1 9 12 1 1 11 12 1 1 10 12 1 1 11 12 1 10 12 1 1 11 12 1 10 12 1 1 9 12 1 1 10 12 1 1 10 12 1 1 11 12 1 1 10 12 1 1 10 12 1 11 12 1 1 11 12 1 1 7 1 10 7 12 1 1 1 7 1 10 12 1 7 1 10 12 1 18 12 1 1 10 12 1 1 11 12 1 1 10 12 1 1 100 1 10 11 100 12 1 1 10 100 1 11 18 12 1 1 11 12 1 11 12 1 10 11 12 1 10 11 12 1 1 10 7 1 10 12 1 10 12 1 100 1 10 12 10 12 1 10 12 1 1 10 10 12 1 10 12 1 1 18 12 1 10 100 12 1 1 18 10 12 1 10 12 1 10 12 1 10 12 1 1 1 1 1 1 1 1 1 1 1 1 1 1 1 1 1 1 1 1 1 1 1 1 1 1 100 1 1 1 1 1 1 1 1 1 1 1 1 1 1 1 1 1 1 1 1 1 1 1 1 1 1 1 1 1 1 1 1 1 1 1 1 1 1 1 1 1 1 1 1 100 1 1 1 1 1 1 1 1 1 1 1 1 1 1 1 1 1 1 1 1 1 1 1 1 1 1 1 1 1 1 1 1 1 1 16 15 10 12 16 8 1 8 1 8 1 15 10 7 12 1 1 1 15 10 100 12 1 1 1 1 100 1 100 1 1
ciMethod java/lang/Object <init> ()V 1024 0 31346717 0 128
ciMethod java/lang/Object getClass ()Ljava/lang/Class; 256 0 128 0 -1
ciMethod java/lang/Object equals (Ljava/lang/Object;)Z 512 0 631482 0 88
ciMethod java/lang/Object notify ()V 142 0 71 0 -1
ciMethod java/lang/Object wait ()V 26 0 99 0 -1
ciMethod java/lang/Class getName ()Ljava/lang/String; 228 0 99763 0 -1
ciMethod java/lang/Throwable toString ()Ljava/lang/String; 0 0 2 0 -1
ciMethod java/lang/ref/Reference get ()Ljava/lang/Object; 0 0 1 0 -1
ciMethod java/lang/ref/Reference clear ()V 512 0 58050 0 -1
ciMethod java/lang/Thread currentThread ()Ljava/lang/Thread; 0 0 1 0 -1
ciMethod java/util/Map get (Ljava/lang/Object;)Ljava/lang/Object; 0 0 1 0 -1
ciMethod java/util/Map remove (Ljava/lang/Object;)Ljava/lang/Object; 0 0 1 0 -1
ciMethod java/util/Map values ()Ljava/util/Collection; 0 0 1 0 -1
ciMethod java/lang/Enum toString ()Ljava/lang/String; 334 0 167 0 -1
ciMethod java/util/Collection iterator ()Ljava/util/Iterator; 0 0 1 0 -1
ciMethod java/util/List size ()I 0 0 1 0 -1
ciMethod java/util/List iterator ()Ljava/util/Iterator; 0 0 1 0 -1
ciMethod java/util/List add (Ljava/lang/Object;)Z 0 0 1 0 -1
ciMethod java/util/List get (I)Ljava/lang/Object; 0 0 1 0 -1
ciMethod java/util/ArrayList grow (I)[Ljava/lang/Object; 121044 0 232427 0 1536
ciMethod java/util/ArrayList grow ()[Ljava/lang/Object; 222 0 290683 0 952
ciMethod java/util/ArrayList size ()I 256 0 128 0 0
ciMethod java/util/ArrayList add (Ljava/lang/Object;[Ljava/lang/Object;I)V 576 0 858829 0 0
ciMethod java/util/ArrayList add (Ljava/lang/Object;)Z 576 0 858829 0 1968
ciMethod java/util/ArrayList iterator ()Ljava/util/Iterator; 512 0 60085 0 200
ciMethod java/lang/Long toHexString (J)Ljava/lang/String; 452 0 88472 0 -1
ciMethod java/lang/Long valueOf (J)Ljava/lang/Long; 1179534 0 804317 0 -1
ciMethod java/lang/Long longValue ()J 3046 0 1523 0 -1
ciMethod java/util/Iterator hasNext ()Z 0 0 1 0 -1
ciMethod java/util/Iterator next ()Ljava/lang/Object; 0 0 1 0 -1
ciMethod java/lang/Math max (II)I 706 0 1898601 0 -1
ciMethod jdk/internal/util/ArraysSupport newLength (III)I 5006 0 24548 0 0
ciMethod jdk/internal/util/ArraysSupport hugeLength (II)I 0 0 1 0 -1
ciMethod java/util/Arrays copyOf ([Ljava/lang/Object;I)[Ljava/lang/Object; 108 0 145721 0 664
ciMethod java/util/Arrays copyOf ([Ljava/lang/Object;ILjava/lang/Class;)[Ljava/lang/Object; 622174 0 346162 0 -1
ciMethodData java/lang/Object <init> ()V 2 31346205 orig 80 1 0 0 0 0 0 0 0 0 0 0 0 0 0 0 0 0 0 0 0 0 0 0 0 0 0 0 0 0 0 0 0 0 0 0 0 0 0 0 0 0 0 0 0 0 0 0 0 0 0 0 0 0 0 0 0 0 0 0 0 0 0 0 0 0 0 0 0 0 0 0 0 0 0 0 0 0 0 0 0 data 4 0x0 0x9 0x1 0x0 oops 0 methods 0
ciMethod  @bci ghidra/util/filechooser/ExtensionFileFilter <init> ([Ljava/lang/String;Ljava/lang/String;)V 14 <appendix> form vmentry <vmtarget> ; invoke (Ljava/lang/Object;)Ljava/lang/Object; 514 0 659158 0 -1
ciMethodData  @bci ghidra/util/filechooser/ExtensionFileFilter <init> ([Ljava/lang/String;Ljava/lang/String;)V 14 <appendix> form vmentry <vmtarget> ; invoke (Ljava/lang/Object;)Ljava/lang/Object; 2 658901 orig 80 0 0 0 0 0 0 0 0 0 0 0 0 98 2 0 0 0 0 0 0 0 0 0 0 0 0 0 0 0 0 0 0 0 0 0 0 0 0 0 0 0 0 0 0 0 0 0 0 0 0 0 0 0 0 0 0 0 0 0 0 0 0 0 0 0 0 0 0 0 0 0 0 0 0 0 0 0 0 0 0 data 20 0x10004 0x0 0x0 0x262643111c0 0x2699 0x0 0x0 0x0 0x0 0x0 0x0 0x0 0x0 0x9 0x1 0x0 0xc 0x2 0x0 0x262643111c0 oops 2 3 java/lang/invoke/BoundMethodHandle$Species_L 19 java/lang/invoke/BoundMethodHandle$Species_L methods 0
ciMethodData jdk/internal/util/ArraysSupport newLength (III)I 2 22045 orig 80 0 0 0 0 0 0 0 0 0 0 0 0 98 2 0 0 0 0 0 0 0 0 0 0 0 0 0 0 0 0 0 0 0 0 0 0 0 0 0 0 0 0 0 0 0 0 0 0 0 0 0 0 0 0 0 0 0 0 0 0 0 0 0 0 0 0 0 0 0 0 0 0 0 0 0 0 0 0 0 0 data 23 0x30002 0x561d 0xa0007 0x0 0x40 0x561d 0x100007 0x0 0x20 0x561d 0x170002 0x0 0x0 0x0 0x0 0x0 0x0 0x0 0x9 0x3 0x0 0x0 0x0 oops 0 methods 0
ciMethod java/lang/invoke/Invokers$Holder linkToTargetMethod (Ljava/lang/Object;)Ljava/lang/Object; 512 0 659157 0 -1
ciMethod java/util/ArrayList$Itr <init> (Ljava/util/ArrayList;)V 512 0 60143 0 0
ciMethod java/util/ArrayList$Itr hasNext ()Z 514 0 1816617 0 112
ciMethod java/util/ArrayList$Itr next ()Ljava/lang/Object; 271994 0 145397 0 256
ciMethod java/util/ArrayList$Itr checkForComodification ()V 928 0 14929 0 -1
ciMethodData java/util/Arrays copyOf ([Ljava/lang/Object;I)[Ljava/lang/Object; 2 145667 orig 80 0 0 0 0 0 0 0 0 0 0 0 0 98 2 0 0 0 0 0 0 0 0 0 0 0 0 0 0 0 0 0 0 0 0 0 0 0 0 0 0 0 0 0 0 0 0 0 0 0 0 0 0 0 0 0 0 0 0 0 0 0 0 0 0 0 0 0 0 0 0 0 0 0 0 0 0 0 0 0 0 data 19 0x30005 0x23903 0x0 0x0 0x0 0x0 0x0 0x60002 0x23903 0x0 0x0 0x0 0x0 0x0 0x0 0x9 0x2 0xffffffffffffffff 0x0 oops 0 methods 0
ciMethod java/util/function/Consumer accept (Ljava/lang/Object;)V 0 0 1 0 -1
ciMethodData java/lang/invoke/Invokers$Holder linkToTargetMethod (Ljava/lang/Object;)Ljava/lang/Object; 2 658901 orig 80 0 0 0 0 0 0 0 0 0 0 0 0 98 2 0 0 0 0 0 0 0 0 0 0 0 0 0 0 0 0 0 0 0 0 0 0 0 0 0 0 0 0 0 0 0 0 0 0 0 0 0 0 0 0 0 0 0 0 0 0 0 0 0 0 0 0 0 0 0 0 0 0 0 0 0 0 0 0 0 0 data 29 0x10004 0x0 0x0 0x262643111c0 0x2699 0x0 0x0 0x4000b 0xa0dd5 0x0 0x0 0x0 0x0 0x0 0x1 0x2 0x0 0x0 0x0 0x0 0x0 0x0 0x9 0x1 0x0 0xc 0x2 0x0 0x262643111c0 oops 2 3 java/lang/invoke/BoundMethodHandle$Species_L 28 java/lang/invoke/BoundMethodHandle$Species_L methods 0
ciMethodData java/util/ArrayList add (Ljava/lang/Object;)Z 2 858541 orig 80 0 0 0 0 0 0 0 0 0 0 0 0 98 2 0 0 0 0 0 0 0 0 0 0 0 0 0 0 0 0 0 0 0 0 0 0 0 0 0 0 0 0 0 0 0 0 0 0 0 0 0 0 0 0 0 0 0 0 0 0 0 0 0 0 0 0 0 0 0 0 0 0 0 0 0 0 0 0 0 0 data 17 0x140005 0xd19ad 0x0 0x0 0x0 0x0 0x0 0x0 0x0 0x0 0x0 0x0 0x0 0x9 0x2 0xe 0x0 oops 0 methods 0
ciMethodData java/util/ArrayList add (Ljava/lang/Object;[Ljava/lang/Object;I)V 2 858541 orig 80 0 0 0 0 0 0 0 0 0 0 0 0 98 2 0 0 0 0 0 0 0 0 0 0 0 0 0 0 0 0 0 0 0 0 0 0 0 0 0 0 0 0 0 0 0 0 0 0 0 0 0 0 0 0 0 0 0 0 0 0 0 0 0 0 0 0 0 0 0 0 0 0 0 0 0 0 0 0 0 0 data 30 0x30007 0x8ab1f 0x58 0x46e8e 0x70005 0x46e8e 0x0 0x0 0x0 0x0 0x0 0xe0004 0x0 0x0 0x262642a9990 0x1b1 0x2625fb2df18 0x158b 0x0 0x0 0x0 0x0 0x0 0x0 0x9 0x4 0xc 0x0 0xffffffffffffffff 0x0 oops 2 14 generic/jar/ResourceFile 16 java/lang/Class methods 0
ciMethodData java/util/ArrayList grow ()[Ljava/lang/Object; 2 290572 orig 80 0 0 0 0 0 0 0 0 0 0 0 0 98 2 0 0 0 0 0 0 0 0 0 0 0 0 0 0 0 0 0 0 0 0 0 0 0 0 0 0 0 0 0 0 0 0 0 0 0 0 0 0 0 0 0 0 0 0 0 0 0 0 0 0 0 0 0 0 0 0 0 0 0 0 0 0 0 0 0 0 data 16 0x70005 0x46f0c 0x0 0x0 0x0 0x0 0x0 0x0 0x0 0x0 0x0 0x0 0x0 0x9 0x1 0xc oops 0 methods 0
ciMethodData java/util/ArrayList grow (I)[Ljava/lang/Object; 2 171905 orig 80 0 0 0 0 0 0 0 0 0 0 0 0 98 2 0 0 0 0 0 0 0 0 0 0 0 0 0 0 0 0 0 0 0 0 0 0 0 0 0 0 0 0 0 0 0 0 0 0 0 0 0 0 0 0 0 0 0 0 0 0 0 0 0 0 0 0 0 0 0 0 0 0 0 0 0 0 0 0 0 0 data 24 0x70007 0x137a 0x40 0x28c07 0x110007 0x28c05 0x40 0x2 0x1b0002 0x137c 0x250002 0x137c 0x310002 0x28c05 0x0 0x0 0x0 0x0 0x0 0x0 0x9 0x2 0xc 0x0 oops 0 methods 0
ciMethodData java/util/ArrayList$Itr hasNext ()Z 2 1816360 orig 80 0 0 0 0 0 0 0 0 0 0 0 0 98 2 0 0 0 0 0 0 0 0 0 0 0 0 0 0 0 0 0 0 0 0 0 0 0 0 0 0 0 0 0 0 0 0 0 0 0 0 0 0 0 0 0 0 0 0 0 0 0 0 0 0 0 0 0 0 0 0 0 0 0 0 0 0 0 0 0 0 data 14 0xb0007 0x8a6f 0x38 0x1b2cb9 0xf0003 0x1b2cb9 0x18 0x0 0x0 0x0 0x0 0x9 0x1 0x0 oops 0 methods 0
ciMethodData java/util/ArrayList iterator ()Ljava/util/Iterator; 2 59829 orig 80 0 0 0 0 0 0 0 0 0 0 0 0 98 2 0 0 0 0 0 0 0 0 0 0 0 0 0 0 0 0 0 0 0 0 0 0 0 0 0 0 0 0 0 0 0 0 0 0 0 0 0 0 0 0 0 0 0 0 0 0 0 0 0 0 0 0 0 0 0 0 0 0 0 0 0 0 0 0 0 0 data 8 0x50002 0xe9b5 0x0 0x0 0x0 0x9 0x1 0x0 oops 0 methods 0
ciMethodData java/util/ArrayList$Itr <init> (Ljava/util/ArrayList;)V 2 59887 orig 80 0 0 0 0 0 0 0 0 0 0 0 0 98 2 0 0 0 0 0 0 0 0 0 0 0 0 0 0 0 0 0 0 0 0 0 0 0 0 0 0 0 0 0 0 0 0 0 0 0 0 0 0 0 0 0 0 0 0 0 0 0 0 0 0 0 0 0 0 0 0 0 0 0 0 0 0 0 0 0 0 data 10 0x60002 0xe9ef 0x0 0x0 0x0 0x0 0x9 0x2 0xc 0x0 oops 0 methods 0
ciMethodData java/util/ArrayList$Itr next ()Ljava/lang/Object; 2 9400 orig 80 0 0 0 0 0 0 0 0 0 0 0 0 98 2 0 0 0 0 0 0 0 0 0 0 0 0 0 0 0 0 0 0 0 0 0 0 0 0 0 0 0 0 0 0 0 0 0 0 0 0 0 0 0 0 0 0 0 0 0 0 0 0 0 0 0 0 0 0 0 0 0 0 0 0 0 0 0 0 0 0 data 28 0x10005 0x24b8 0x0 0x0 0x0 0x0 0x0 0x110007 0x24b8 0x30 0x0 0x180002 0x0 0x270007 0x24b8 0x30 0x0 0x2e0002 0x0 0x0 0x0 0x0 0x0 0x0 0x0 0x9 0x1 0x6 oops 0 methods 0
ciMethodData java/lang/Object equals (Ljava/lang/Object;)Z 2 631226 orig 80 0 0 0 0 0 0 0 0 0 0 0 0 98 2 0 0 0 0 0 0 0 0 0 0 0 0 0 0 0 0 0 0 0 0 0 0 0 0 0 0 0 0 0 0 0 0 0 0 0 0 0 0 0 0 0 0 0 0 0 0 0 0 0 0 0 0 0 0 0 0 0 0 0 0 0 0 0 0 0 0 data 17 0x20007 0x42ff7 0x38 0x571c3 0x60003 0x571c3 0x18 0x0 0x0 0x0 0x0 0x0 0x0 0x9 0x2 0x0 0x0 oops 0 methods 0
ciMethod ghidra/util/Swing runLater (Ljava/lang/Runnable;)V 516 0 845 0 -1
ciMethod ghidra/program/model/data/DataType getLength ()I 0 0 1 0 -1
ciMethod ghidra/program/model/data/DataType getValue (Lghidra/program/model/mem/MemBuffer;Lghidra/docking/settings/Settings;I)Ljava/lang/Object; 0 0 1 0 -1
ciMethod ghidra/program/model/data/DataType getValueClass (Lghidra/docking/settings/Settings;)Ljava/lang/Class; 0 0 1 0 -1
ciMethod ghidra/docking/settings/Settings getLong (Ljava/lang/String;)Ljava/lang/Long; 0 0 1 0 -1
ciMethod ghidra/program/model/listing/Program getAddressFactory ()Lghidra/program/model/address/AddressFactory; 0 0 1 0 -1
ciMethod ghidra/program/model/listing/Program getImageBase ()Lghidra/program/model/address/Address; 0 0 1 0 -1
ciMethod ghidra/program/model/data/DataTypeManager getDataOrganization ()Lghidra/program/model/data/DataOrganization; 0 0 1 0 -1
ciMethod db/util/ErrorHandler dbError (Ljava/io/IOException;)V 0 0 1 0 -1
ciMethod ghidra/program/model/address/Address getOffset ()J 0 0 1 0 -1
ciMethod ghidra/program/model/address/Address getAddressSpace ()Lghidra/program/model/address/AddressSpace; 0 0 1 0 -1
ciMethod ghidra/program/model/address/Address subtractWrap (J)Lghidra/program/model/address/Address; 0 0 1 0 -1
ciMethod ghidra/program/model/address/Address addWrap (J)Lghidra/program/model/address/Address; 0 0 1 0 -1
ciMethod ghidra/program/model/address/Address add (J)Lghidra/program/model/address/Address; 0 0 1 0 -1
ciMethod ghidra/program/model/address/Address isMemoryAddress ()Z 0 0 1 0 -1
ciMethod ghidra/program/model/address/Address isLoadedMemoryAddress ()Z 0 0 1 0 -1
ciMethod ghidra/program/model/address/Address isStackAddress ()Z 0 0 1 0 -1
ciMethod ghidra/program/model/address/Address isRegisterAddress ()Z 0 0 1 0 -1
ciMethod ghidra/program/database/DatabaseObject setDeleted ()V 25794 0 36927 0 88
ciMethod ghidra/program/database/DatabaseObject setValid ()V 258 0 390 0 0
ciMethod ghidra/program/database/DatabaseObject getCurrentValidationCount ()I 1496 0 584708 0 96
ciMethod ghidra/program/database/DatabaseObject isInvalid ()Z 4228 0 566505 0 136
ciMethod ghidra/program/database/DatabaseObject checkIsValid ()Z 4340 0 1941768 0 328
ciMethod ghidra/program/database/DatabaseObject checkIsValid (Ldb/DBRecord;)Z 582432 0 562590 0 328
ciMethod ghidra/program/database/DatabaseObject validate (Lghidra/util/Lock;)Z 955190 0 710574 0 552
ciMethod ghidra/program/database/DatabaseObject refresh (Ldb/DBRecord;)Z 136 0 68 0 -1
ciMethod ghidra/program/model/lang/Language getDefaultSpace ()Lghidra/program/model/address/AddressSpace; 0 0 1 0 -1
ciMethod ghidra/program/model/lang/Language isBigEndian ()Z 0 0 1 0 -1
ciMethod ghidra/program/model/data/Composite getNumComponents ()I 0 0 1 0 -1
ciMethod ghidra/program/model/data/Composite getComponent (I)Lghidra/program/model/data/DataTypeComponent; 0 0 1 0 -1
ciMethod ghidra/program/model/data/Structure getDefinedComponents ()[Lghidra/program/model/data/DataTypeComponent; 0 0 1 0 -1
ciMethod ghidra/program/model/mem/MemBuffer getAddress ()Lghidra/program/model/address/Address; 0 0 1 0 -1
ciMethod ghidra/program/model/mem/MemBuffer getMemory ()Lghidra/program/model/mem/Memory; 0 0 1 0 -1
ciMethod ghidra/program/model/data/TypeDef getBaseDataType ()Lghidra/program/model/data/DataType; 0 0 1 0 -1
ciMethod ghidra/program/model/data/TypeDef isPointer ()Z 228984 0 236097 0 448
ciMethod ghidra/program/model/data/TypeDef getDefaultSettings ()Lghidra/docking/settings/Settings; 0 0 1 0 -1
ciMethod ghidra/program/model/data/PointerDataType getLength ()I 378460 0 603871 0 264
ciMethod ghidra/program/model/data/PointerDataType getValue (Lghidra/program/model/mem/MemBuffer;Lghidra/docking/settings/Settings;I)Ljava/lang/Object; 453134 0 330651 0 144
ciMethod ghidra/program/model/data/PointerDataType getAddressValue (Lghidra/program/model/mem/MemBuffer;ILghidra/docking/settings/Settings;)Lghidra/program/model/address/Address; 1366 0 114373 0 0
ciMethod ghidra/program/model/data/PointerDataType getAddressValue (Lghidra/program/model/mem/MemBuffer;ILghidra/docking/settings/Settings;Ljava/util/function/Consumer;)Lghidra/program/model/address/Address; 445558 0 391007 0 -1
ciMethod ghidra/program/model/data/PointerDataType formatOffset (J)Ljava/lang/String; 0 0 1 0 -1
ciMethod ghidra/program/model/data/PointerDataType getStoredOffset (Lghidra/program/model/mem/MemBuffer;IZLjava/util/function/Consumer;)Ljava/lang/Long; 360366 0 331331 0 -1
ciMethod ghidra/program/model/data/PointerDataType getSegmentedAddressValue (Lghidra/program/model/mem/MemBuffer;IJ)Lghidra/program/model/address/Address; 0 0 1 0 -1
ciMethod ghidra/program/model/data/DataTypeImpl getDefaultSettings ()Lghidra/docking/settings/Settings; 8580 0 4290 0 0
ciMethod ghidra/program/model/data/AbstractDataType getDataOrganization ()Lghidra/program/model/data/DataOrganization; 1090586 0 894746 0 216
ciMethod ghidra/docking/settings/SettingsImpl getLong (Ljava/lang/String;)Ljava/lang/Long; 993780 0 638796 0 2864
ciMethod ghidra/program/model/data/PointerTypeSettingsDefinition getType (Lghidra/docking/settings/Settings;)Lghidra/program/model/data/PointerType; 381494 0 356543 0 -1
ciMethod ghidra/program/model/data/AddressSpaceSettingsDefinition getValue (Lghidra/docking/settings/Settings;)Ljava/lang/String; 1802 0 157407 0 -1
ciMethod ghidra/program/model/data/OffsetMaskSettingsDefinition getValue (Lghidra/docking/settings/Settings;)J 1808 0 157411 0 -1
ciMethod ghidra/program/model/data/OffsetShiftSettingsDefinition getValue (Lghidra/docking/settings/Settings;)J 1806 0 157411 0 -1
ciMethod ghidra/program/model/data/ComponentOffsetSettingsDefinition getValue (Lghidra/docking/settings/Settings;)J 1268 0 79469 0 0
ciMethod ghidra/program/model/data/TypedefDataType getValue (Lghidra/program/model/mem/MemBuffer;Lghidra/docking/settings/Settings;I)Ljava/lang/Object; 1048 0 104606 0 0
ciMethod ghidra/program/model/data/TypedefDataType getBaseDataType ()Lghidra/program/model/data/DataType; 5238 0 134070 0 0
ciMethod ghidra/program/model/address/AddressSpace getSize ()I 0 0 1 0 -1
ciMethod ghidra/program/model/address/AddressSpace getAddressableUnitSize ()I 0 0 1 0 -1
ciMethod ghidra/program/model/address/AddressSpace getPointerSize ()I 0 0 1 0 -1
ciMethod ghidra/program/model/address/AddressSpace getAddress (JZ)Lghidra/program/model/address/Address; 0 0 1 0 -1
ciMethod ghidra/program/model/address/AddressSpace getMaxAddress ()Lghidra/program/model/address/Address; 0 0 1 0 -1
ciMethod ghidra/program/model/address/AddressSpace isMemorySpace ()Z 0 0 1 0 -1
ciMethod ghidra/program/model/address/AddressSpace isLoadedMemorySpace ()Z 0 0 1 0 -1
ciMethod ghidra/program/model/address/AddressSpace isOverlaySpace ()Z 0 0 1 0 -1
ciMethod ghidra/program/model/address/AddressFactory getAddressSpace (Ljava/lang/String;)Lghidra/program/model/address/AddressSpace; 0 0 1 0 -1
ciMethod ghidra/program/model/address/GenericAddressSpace isLoadedMemorySpace ()Z 1800 0 108943 0 0
ciMethod ghidra/program/model/address/GenericAddressSpace isMemorySpace ()Z 4778 0 1894833 0 120
ciMethod ghidra/program/model/address/GenericAddressSpace getMaxAddress ()Lghidra/program/model/address/Address; 4618 0 973103 0 88
ciMethod ghidra/program/model/address/GenericAddressSpace getSize ()I 22816 0 184490 0 80
ciMethod ghidra/program/model/address/AbstractAddressSpace getSize ()I 476 0 238 0 0
ciMethod ghidra/program/model/address/AbstractAddressSpace getMaxAddress ()Lghidra/program/model/address/Address; 18070 0 9035 0 0
ciMethod ghidra/program/model/address/AbstractAddressSpace isMemorySpace ()Z 1225242 0 834190 0 120
ciMethod ghidra/program/model/address/AbstractAddressSpace isLoadedMemorySpace ()Z 1024 0 108555 0 0
ciMethod ghidra/program/model/address/GenericAddress getOffset ()J 44842 0 22421 0 0
ciMethod ghidra/program/model/address/GenericAddress getAddressSpace ()Lghidra/program/model/address/AddressSpace; 60716 0 30358 0 0
ciMethod ghidra/program/model/address/GenericAddress isMemoryAddress ()Z 4128 0 1658221 0 160
ciMethod ghidra/program/model/address/GenericAddress isLoadedMemoryAddress ()Z 26442 0 121246 0 152
ciMethodData ghidra/program/model/address/GenericAddressSpace getSize ()I 2 173082 orig 80 0 0 0 0 0 0 0 0 0 0 0 0 98 2 0 0 0 0 0 0 0 0 0 0 0 0 0 0 0 0 0 0 0 0 0 0 0 0 0 0 0 0 0 0 0 0 0 0 0 0 0 0 0 0 0 0 0 0 0 0 0 0 0 0 0 0 0 0 0 0 0 0 0 0 0 0 0 0 0 0 data 7 0x10002 0x2a41a 0x0 0x0 0x9 0x1 0x0 oops 0 methods 0
ciMethod ghidra/program/model/data/DataOrganization getPointerSize ()I 0 0 1 0 -1
ciMethod ghidra/program/model/data/DataOrganizationImpl getDefaultOrganization ()Lghidra/program/model/data/DataOrganization; 54 0 73377 0 104
ciMethod ghidra/program/model/data/DataOrganizationImpl getDefaultOrganization (Lghidra/program/model/lang/Language;)Lghidra/program/model/data/DataOrganizationImpl; 315530 0 230168 0 7128
ciMethod ghidra/program/model/data/DataOrganizationImpl <init> ()V 315518 0 230168 0 -1
ciMethod ghidra/program/model/data/DataOrganizationImpl getPointerSize ()I 512 0 256 0 0
ciMethod ghidra/program/model/data/DataOrganizationImpl setBigEndian (Z)V 2 0 1 0 -1
ciMethod ghidra/program/model/data/DataOrganizationImpl setPointerSize (I)V 2 0 1 0 -1
ciMethod ghidra/program/model/data/DataOrganizationImpl setSizeAlignment (II)V 2496 0 289724 0 -1
ciMethod ghidra/program/model/address/OverlayAddressSpace translateAddress (Lghidra/program/model/address/Address;)Lghidra/program/model/address/Address; 0 0 1 0 -1
ciMethod ghidra/framework/data/DomainObjectAdapterDB dbError (Ljava/io/IOException;)V 0 0 1 0 0
ciMethod ghidra/framework/data/DomainObjectAdapter fatalErrorOccurred (Ljava/lang/Exception;)V 0 0 1 0 -1
ciMethod ghidra/framework/model/DomainObjectException <init> (Ljava/lang/Throwable;)V 0 0 1 0 -1
ciMethod ghidra/program/database/map/AddressMap getKey (Lghidra/program/model/address/Address;Z)J 0 0 1 0 -1
ciMethod ghidra/program/database/map/AddressMap decodeAddress (J)Lghidra/program/model/address/Address; 0 0 1 0 -1
ciMethod ghidra/program/model/mem/Memory getProgram ()Lghidra/program/model/listing/Program; 0 0 1 0 -1
ciMethod ghidra/program/model/mem/Memory getAllFileBytes ()Ljava/util/List; 0 0 1 0 -1
ciMethod ghidra/program/model/mem/Memory locateAddressesForFileOffset (J)Ljava/util/List; 0 0 1 0 -1
ciMethod ghidra/program/model/symbol/ReferenceManager addMemoryReference (Lghidra/program/model/address/Address;Lghidra/program/model/address/Address;Lghidra/program/model/symbol/RefType;Lghidra/program/model/symbol/SourceType;I)Lghidra/program/model/symbol/Reference; 0 0 1 0 -1
ciMethod ghidra/program/model/symbol/ReferenceManager addOffsetMemReference (Lghidra/program/model/address/Address;Lghidra/program/model/address/Address;ZJLghidra/program/model/symbol/RefType;Lghidra/program/model/symbol/SourceType;I)Lghidra/program/model/symbol/Reference; 0 0 1 0 -1
ciMethod db/DBRecord getLongValue (I)J 16448 0 853772 0 -1
ciMethod ghidra/util/Lock acquire ()V 1540958 0 791361 0 872
ciMethod ghidra/util/Lock release ()V 1577618 0 810951 0 608
ciMethod ghidra/framework/data/DomainObjectChangeSupport fatalErrorOccurred (Ljava/lang/Throwable;)V 0 0 1 0 -1
ciMethod ghidra/framework/data/DomainObjectChangeSupport dispose ()V 236 0 118 0 -1
ciMethod ghidra/framework/data/DomainObjectChangeSupport withLock (Ljava/util/concurrent/Callable;)Ljava/lang/Object; 776 0 429 0 -1
ciMethod ghidra/program/database/code/CodeManager addDataReferences (Lghidra/program/model/listing/Data;Ljava/util/List;)V 13500 542 221767 0 0
ciMethod ghidra/program/database/code/CodeManager containsAddressComponents (Lghidra/program/model/data/DataType;)Z 39484 640 160033 0 0
ciMethod ghidra/program/database/code/CodeManager createReference (Lghidra/program/model/listing/Data;Lghidra/program/model/address/Address;Ljava/util/List;)V 234362 0 213107 0 0
ciMethod ghidra/program/database/code/CodeManager exceedsLimitOn64BitAddressSegments (Ljava/util/List;Lghidra/program/model/address/Address;)Z 234296 0 201670 0 2368
ciMethod ghidra/program/database/code/CodeManager getAddressMap ()Lghidra/program/database/map/AddressMap; 518 0 259 0 -1
ciMethod ghidra/program/model/listing/Data getValue ()Ljava/lang/Object; 0 0 1 0 -1
ciMethod ghidra/program/model/listing/Data getDataType ()Lghidra/program/model/data/DataType; 0 0 1 0 -1
ciMethod ghidra/program/model/listing/Data getComponent (I)Lghidra/program/model/listing/Data; 0 0 1 0 -1
ciMethod ghidra/program/model/listing/Data getNumComponents ()I 0 0 1 0 -1
ciMethod ghidra/program/model/listing/Data getMinAddress ()Lghidra/program/model/address/Address; 0 0 1 0 -1
ciMethod ghidra/program/database/DBObjectCache <init> (I)V 50610 0 62299 0 -1
ciMethod ghidra/program/database/DBObjectCache get (J)Lghidra/program/database/DatabaseObject; 533852 0 540977 0 -1
ciMethod ghidra/program/database/DBObjectCache invalidate ()V 532 0 2280 0 -1
ciMethod ghidra/program/database/DBObjectCache getInvalidateCount ()I 1710 0 855 0 0
ciMethod ghidra/program/database/DBObjectCache delete (J)V 52048 0 76473 0 3448
ciMethod ghidra/program/database/DBObjectCache processQueue ()V 62396 0 189150 0 -1
ciMethod ghidra/program/database/data/DataTypeManagerDB getSetting (JLjava/lang/String;)Lghidra/program/database/data/SettingDB; 822668 0 590430 0 7560
ciMethod ghidra/program/database/data/DataTypeManagerDB readDataOrganization ()Lghidra/program/model/data/DataOrganization; 0 0 2 0 -1
ciMethod ghidra/program/database/data/DataTypeManagerDB getDataType (J)Lghidra/program/model/data/DataType; 237642 0 353556 0 -1
ciMethod ghidra/program/database/data/DataTypeManagerDB dbError (Ljava/io/IOException;)V 0 0 1 0 -1
ciMethod ghidra/program/database/data/DataTypeManagerDB getDataOrganization ()Lghidra/program/model/data/DataOrganization; 2033240 0 1287094 0 112
ciMethod ghidra/program/database/references/ReferenceDBManager isIncompatible (Lghidra/program/model/symbol/Reference;ZZJ)Z 145626 0 97217 0 -1
ciMethod ghidra/program/database/references/ReferenceDBManager combineReferenceType (Lghidra/program/model/symbol/RefType;Lghidra/program/model/symbol/RefType;)Lghidra/program/model/symbol/RefType; 138928 0 125937 0 -1
ciMethod ghidra/program/database/references/ReferenceDBManager addRef (Lghidra/program/model/address/Address;Lghidra/program/model/address/Address;Lghidra/program/model/symbol/RefType;Lghidra/program/model/symbol/SourceType;IZZJ)Lghidra/program/database/references/ReferenceDB; 269746 0 383793 0 -1
ciMethod ghidra/program/database/references/ReferenceDBManager addMemoryReference (Lghidra/program/model/address/Address;Lghidra/program/model/address/Address;Lghidra/program/model/symbol/RefType;Lghidra/program/model/symbol/SourceType;I)Lghidra/program/model/symbol/Reference; 370644 0 313881 0 872
ciMethod ghidra/program/database/references/ReferenceDBManager removeNonMemRefs (Lghidra/program/model/address/Address;I)V 48064 24006 137731 0 0
ciMethod ghidra/program/database/references/ReferenceDBManager getReference (Lghidra/program/model/address/Address;Lghidra/program/model/address/Address;I)Lghidra/program/model/symbol/Reference; 269662 0 352530 0 -1
ciMethod ghidra/program/database/references/ReferenceDBManager removeReference (Lghidra/program/model/address/Address;Lghidra/program/model/address/Address;I)V 13092 0 17763 0 -1
ciMethod ghidra/program/database/references/ReferenceDBManager getFromRefs (Lghidra/program/model/address/Address;)Lghidra/program/database/references/RefList; 424256 0 447653 0 26064
ciMethod ghidra/program/database/references/ReferenceDBManager getToRefs (Lghidra/program/model/address/Address;)Lghidra/program/database/references/RefList; 338558 0 295618 0 -1
ciMethod ghidra/program/database/references/ReferenceDBManager removeAllFrom (Lghidra/program/model/address/Address;I)V 12916 0 15243 0 -1
ciMethod ghidra/program/database/references/ReferenceDBManager referenceAdded (Lghidra/program/model/symbol/Reference;)V 230086 0 216293 0 -1
ciMethod ghidra/program/database/references/ReferenceDBManager dbError (Ljava/io/IOException;)V 0 0 1 0 -1
ciMethod ghidra/program/database/references/ReferenceDBManager delete (Lghidra/program/model/symbol/Reference;)V 300 0 11475 0 -1
ciMethod ghidra/program/model/symbol/Reference getOperandIndex ()I 0 0 1 0 -1
ciMethod ghidra/program/model/symbol/Reference isMemoryReference ()Z 0 0 1 0 -1
ciMethod ghidra/program/model/symbol/ReferenceIterator hasNext ()Z 0 0 1 0 -1
ciMethod ghidra/program/model/symbol/ReferenceIterator next ()Lghidra/program/model/symbol/Reference; 0 0 1 0 -1
ciMethod ghidra/program/database/references/FromAdapter createRefList (Lghidra/program/database/ProgramDB;Lghidra/program/database/DBObjectCache;Lghidra/program/model/address/Address;)Lghidra/program/database/references/RefList; 0 0 1 0 -1
ciMethod ghidra/program/database/references/FromAdapter getRefList (Lghidra/program/database/ProgramDB;Lghidra/program/database/DBObjectCache;Lghidra/program/model/address/Address;J)Lghidra/program/database/references/RefList; 0 0 1 0 -1
ciMethod ghidra/program/database/references/RefList addRef (Lghidra/program/model/address/Address;Lghidra/program/model/address/Address;Lghidra/program/model/symbol/RefType;IJZLghidra/program/model/symbol/SourceType;ZZJ)V 0 0 1 0 -1
ciMethod ghidra/program/database/references/RefList getRef (Lghidra/program/model/address/Address;I)Lghidra/program/database/references/ReferenceDB; 0 0 1 0 -1
ciMethod ghidra/program/database/references/RefList getRefs ()Lghidra/program/model/symbol/ReferenceIterator; 0 0 1 0 -1
ciMethod ghidra/program/database/references/RefList getNumRefs ()I 0 0 1 0 -1
ciMethod ghidra/program/database/references/RefList hasReference (I)Z 0 0 1 0 -1
ciMethod ghidra/program/database/references/RefList checkRefListSize (Lghidra/program/database/DBObjectCache;I)Lghidra/program/database/references/RefList; 235768 0 332797 0 -1
ciMethod ghidra/program/database/references/RefListV0 getRefs ()Lghidra/program/model/symbol/ReferenceIterator; 118754 0 335857 0 1184
ciMethod ghidra/program/database/references/RefListV0 decode ([BI[Lghidra/program/model/symbol/Reference;)I 3375082 0 1966897 0 -1
ciMethod ghidra/program/database/references/ToAdapter createRefList (Lghidra/program/database/ProgramDB;Lghidra/program/database/DBObjectCache;Lghidra/program/model/address/Address;)Lghidra/program/database/references/RefList; 0 0 1 0 -1
ciMethod ghidra/program/model/data/Array getNumElements ()I 0 0 1 0 -1
ciMethod ghidra/program/model/data/Array getElementLength ()I 0 0 1 0 -1
ciMethod ghidra/program/model/data/Array getDataType ()Lghidra/program/model/data/DataType; 0 0 1 0 -1
ciMethod ghidra/program/model/data/DataTypeComponent getDataType ()Lghidra/program/model/data/DataType; 0 0 1 0 -1
ciMethod ghidra/program/model/data/DataTypeComponent getOffset ()I 0 0 1 0 -1
ciMethod ghidra/program/database/data/SettingsCache get (Ljava/lang/Object;Ljava/lang/String;)Lghidra/program/database/data/SettingDB; 1132282 0 704535 0 -1
ciMethod ghidra/program/database/data/SettingsDBAdapter getSettingsRecord (JLjava/lang/String;)Ldb/DBRecord; 0 0 1 0 -1
ciMethod ghidra/program/model/data/ArrayDataType getDataType ()Lghidra/program/model/data/DataType; 7238 0 3619 0 0
ciMethod ghidra/program/model/data/AbstractPointerTypedefBuiltIn getBaseDataType ()Lghidra/program/model/data/DataType; 460904 0 363829 0 224
ciMethod ghidra/program/model/data/AbstractPointerTypedefBuiltIn getValue (Lghidra/program/model/mem/MemBuffer;Lghidra/docking/settings/Settings;I)Ljava/lang/Object; 453138 0 330651 0 256
ciMethod ghidra/program/model/data/DataTypeComponentImpl getDataType ()Lghidra/program/model/data/DataType; 113014 0 56507 0 0
ciMethod ghidra/program/database/code/DataDB refresh (Ldb/DBRecord;)Z 0 0 1 0 0
ciMethod ghidra/program/database/code/DataDB getLength ()I 4124 0 669853 0 32816
ciMethod ghidra/program/database/code/DataDB computeLength ()V 152806 0 228600 0 -1
ciMethod ghidra/program/database/code/DataDB getComponent (I)Lghidra/program/model/listing/Data; 260062 0 342505 0 -1
ciMethod ghidra/program/database/code/DataDB getDataType ()Lghidra/program/model/data/DataType; 930 0 465 0 0
ciMethod ghidra/program/database/code/DataDB getNumComponents ()I 318966 0 365330 0 4784
ciMethod ghidra/program/database/code/DataDB getValue ()Ljava/lang/Object; 327128 0 311698 0 2024
ciMethod ghidra/program/database/code/CodeUnitDB refresh (Ldb/DBRecord;)Z 0 0 1 0 -1
ciMethod ghidra/program/database/code/CodeUnitDB hasBeenDeleted (Ldb/DBRecord;)Z 0 0 1 0 -1
ciMethod ghidra/program/database/code/CodeUnitDB getMinAddress ()Lghidra/program/model/address/Address; 24060 0 271835 0 0
ciMethod ghidra/program/database/data/DataTypeComponentDB getDataType ()Lghidra/program/model/data/DataType; 479176 0 373935 0 752
ciMethod ghidra/program/database/data/DataTypeSettingsDB getLong (Ljava/lang/String;)Ljava/lang/Long; 678256 0 565301 0 0
ciMethod ghidra/program/database/data/ArrayDB getDataType ()Lghidra/program/model/data/DataType; 13644 0 8401 0 0
ciMethodData ghidra/util/Lock acquire ()V 2 20882 orig 80 0 0 0 0 0 0 0 0 0 0 0 0 98 2 0 0 0 0 0 0 0 0 0 0 0 0 0 0 0 0 0 0 0 0 0 0 0 0 0 0 0 0 0 0 0 0 0 0 0 0 0 0 0 0 0 0 0 0 0 0 0 0 0 0 0 0 0 0 0 0 0 0 0 0 0 0 0 0 0 0 data 37 0x2 0x5192 0x80007 0x46f1 0x20 0xaa1 0x1b0007 0x0 0x20 0x46f1 0x340005 0x0 0x0 0x0 0x0 0x0 0x0 0x410003 0x0 0x30 0x4f0003 0x0 0x18 0x5f0003 0x0 0xffffffffffffff58 0x0 0x0 0x0 0x0 0x0 0x0 0x0 0x0 0x9 0x1 0xffffffffffffffff oops 0 methods 0
ciMethodData ghidra/util/Lock release ()V 2 22142 orig 80 0 0 0 0 0 0 0 0 0 0 0 0 98 2 0 0 0 0 0 0 0 0 0 0 0 0 0 0 0 0 0 0 0 0 0 0 0 0 0 0 0 0 0 0 0 0 0 0 0 0 0 0 0 0 0 0 0 0 0 0 0 0 0 0 0 0 0 0 0 0 0 0 0 0 0 0 0 0 0 0 data 45 0x2 0x567e 0x80007 0x0 0xd0 0x567e 0x100007 0x0 0xb0 0x567e 0x1e0007 0x4b00 0xd0 0xb7e 0x2a0007 0xb7e 0xb0 0x0 0x2e0005 0x0 0x0 0x0 0x0 0x0 0x0 0x310003 0x0 0x58 0x3c000a 0x0 0x3 0x0 0x0 0x2625fb2de88 0x410002 0x0 0x0 0x0 0x0 0x0 0x0 0x0 0x9 0x1 0xffffffffffffffff oops 1 33 java/lang/String methods 0
ciMethod ghidra/program/model/data/DynamicDataType getNumComponents (Lghidra/program/model/mem/MemBuffer;)I 196 0 127688 0 -1
ciMethod ghidra/program/model/data/DynamicDataType getComponent (ILghidra/program/model/mem/MemBuffer;)Lghidra/program/model/data/DataTypeComponent; 198 0 147458 0 -1
ciMethodData ghidra/program/database/DatabaseObject getCurrentValidationCount ()I 2 583960 orig 80 0 0 0 0 0 0 0 0 0 0 0 0 98 2 0 0 0 0 0 0 0 0 0 0 0 0 0 0 0 0 0 0 0 0 0 0 0 0 0 0 0 0 0 0 0 0 0 0 0 0 0 0 0 0 0 0 0 0 0 0 0 0 0 0 0 0 0 0 0 0 0 0 0 0 0 0 0 0 0 0 data 23 0x40007 0x3a48 0x70 0x8aed0 0xb0005 0x0 0x0 0x262667d5610 0x8aed0 0x0 0x0 0xe0003 0x8aed0 0x18 0x0 0x0 0x0 0x0 0x0 0x0 0x9 0x1 0x0 oops 1 7 ghidra/program/database/DBObjectCache methods 0
ciMethodData ghidra/program/database/DatabaseObject isInvalid ()Z 2 564391 orig 80 0 0 0 0 0 0 0 0 0 0 0 0 98 2 0 0 0 0 0 0 0 0 0 0 0 0 0 0 0 0 0 0 0 0 0 0 0 0 0 5 0 0 0 0 0 0 0 0 0 0 0 0 0 0 0 0 0 0 0 0 0 0 0 0 0 0 0 0 0 0 0 0 0 0 0 0 0 0 0 0 data 27 0x40007 0x0 0x90 0x89ca7 0xc0005 0x89ca7 0x0 0x0 0x0 0x0 0x0 0x80000006000f0007 0x89ca0 0x38 0xc 0x130003 0xc 0x18 0x0 0x0 0x0 0x0 0x0 0x0 0x9 0x1 0x0 oops 0 methods 0
ciMethod ghidra/program/database/code/DataComponent <init> (Lghidra/program/database/code/CodeManager;Lghidra/program/database/DBObjectCache;Lghidra/program/model/address/Address;JLghidra/program/database/code/DataDB;Lghidra/program/model/data/DataTypeComponent;)V 259882 0 278076 0 -1
ciMethod ghidra/program/database/code/DataComponent <init> (Lghidra/program/database/code/CodeManager;Lghidra/program/database/DBObjectCache;Lghidra/program/model/address/Address;JLghidra/program/database/code/DataDB;Lghidra/program/model/data/Array;I)V 1128 0 215 0 -1
ciMethodData ghidra/program/database/DatabaseObject validate (Lghidra/util/Lock;)Z 2 232979 orig 80 2 0 0 0 0 0 0 0 0 0 0 0 98 2 0 0 0 0 0 0 0 0 0 0 0 0 0 0 0 0 0 0 0 0 0 0 0 0 0 0 0 0 0 0 0 0 0 0 0 0 0 0 0 0 0 0 0 0 0 0 0 0 0 0 0 0 0 0 0 0 0 0 0 0 0 0 0 0 0 0 data 56 0x10005 0x38e13 0x0 0x0 0x0 0x0 0x0 0x40007 0x71 0x58 0x38da3 0xb0007 0x0 0x38 0x38da3 0xf0003 0x38da3 0x18 0x150005 0x0 0x0 0x2626745ba90 0x71 0x0 0x0 0x190005 0x0 0x0 0x262667d6c70 0x3 0x262653e4fb0 0x6e 0x1e0005 0x0 0x0 0x2626745ba90 0x75 0x0 0x0 0x250005 0x0 0x0 0x0 0x0 0x0 0x0 0x0 0x0 0x0 0x0 0x0 0x0 0x9 0x2 0xffffffffffffffff 0xffffffffffffffff oops 4 21 ghidra/util/Lock 28 ghidra/program/database/data/CategoryDB 30 ghidra/program/database/function/FunctionDB 35 ghidra/util/Lock methods 0
ciMethodData ghidra/program/database/DatabaseObject checkIsValid ()Z 2 1939639 orig 80 1 0 0 0 0 0 0 0 0 0 0 0 98 2 0 0 0 0 0 0 0 0 0 0 0 0 0 0 0 0 0 0 0 0 0 0 0 0 0 0 0 0 0 0 0 0 0 0 0 0 0 0 0 0 0 0 0 0 0 0 0 0 0 0 0 0 0 0 0 0 0 0 0 0 0 0 0 0 0 0 data 16 0x20005 0x1c7d11 0x0 0x2626745c9c8 0x115cc 0x262667d2dd8 0x5da 0x0 0x0 0x0 0x0 0x0 0x0 0x9 0x1 0xffffffffffffffff oops 2 3 ghidra/program/database/data/PointerDB 5 ghidra/program/database/data/SourceArchiveDB methods 0
ciMethodData ghidra/program/database/DatabaseObject checkIsValid (Ldb/DBRecord;)Z 2 271374 orig 80 1 0 0 0 0 0 0 0 0 0 0 0 98 2 0 0 0 0 0 0 0 0 0 0 0 0 0 0 0 0 0 0 0 0 0 4 0 0 0 0 0 0 0 0 0 0 0 0 0 0 0 0 0 0 0 0 0 0 0 0 0 0 0 0 0 0 0 0 0 0 0 0 0 0 0 0 0 0 0 0 data 77 0x10005 0x4240e 0x0 0x0 0x0 0x0 0x0 0x40007 0x42409 0x198 0x9 0xb0007 0x9 0x58 0x0 0x120007 0x0 0x38 0x0 0x160003 0x0 0x18 0x220005 0x7 0x0 0x262667d6bc0 0x3 0x262667d6c70 0x3 0x250007 0x0 0x58 0xd 0x290005 0xd 0x0 0x0 0x0 0x0 0x0 0x390007 0x0 0x58 0x0 0x440005 0x0 0x0 0x0 0x0 0x0 0x0 0x480005 0x0 0x0 0x0 0x0 0x0 0x0 0x600007 0x0 0x38 0x42409 0x640003 0x42409 0x18 0x800000040022000d 0x262667d6d20 0x0 0x0 0x0 0x0 0x0 0x0 0x9 0x2 0xffffffffffffffff 0xffffffffffffffff oops 2 25 ghidra/program/database/module/ModuleDB 27 ghidra/program/database/data/CategoryDB methods 1 66 ghidra/program/database/DatabaseObject validate (Lghidra/util/Lock;)Z
ciMethodData ghidra/program/model/address/GenericAddressSpace isMemorySpace ()Z 2 1892444 orig 80 0 0 0 0 0 0 0 0 0 0 0 0 98 2 0 0 0 0 0 0 0 0 0 0 0 0 0 0 0 0 0 0 0 0 0 0 0 0 0 0 0 0 0 0 0 0 0 0 0 0 0 0 0 0 0 0 0 0 0 0 0 0 0 0 0 0 0 0 0 0 0 0 0 0 0 0 0 0 0 0 data 7 0x10002 0x1ce05c 0x0 0x0 0x9 0x1 0x0 oops 0 methods 0
ciMethodData ghidra/program/model/address/AbstractAddressSpace isMemorySpace ()Z 2 221569 orig 80 1 0 0 0 1 0 0 0 0 0 0 0 98 2 0 0 0 0 0 0 0 0 0 0 0 0 0 0 0 0 0 0 0 0 0 0 0 0 0 2 0 0 0 0 0 0 0 0 0 0 0 0 0 0 0 0 0 0 0 0 0 0 0 0 0 0 0 0 0 0 0 0 0 0 0 0 0 0 0 0 data 26 0x8000000600050007 0x36179 0x80 0xa 0xd0007 0x0 0x60 0xa 0x160007 0x3 0x40 0x7 0x1f0007 0x7 0x38 0x0 0x230003 0x3617c 0x18 0x0 0x0 0x0 0x0 0x9 0x1 0x0 oops 0 methods 0
ciMethodData ghidra/program/database/DatabaseObject setValid ()V 1 261 orig 80 0 0 0 0 0 0 0 0 0 0 0 0 98 2 0 0 0 0 0 0 0 0 0 0 0 0 0 0 0 0 0 0 0 0 0 0 0 0 0 0 0 0 0 0 0 0 0 0 0 0 0 0 0 0 0 0 0 0 0 0 0 0 0 0 0 0 0 0 0 0 0 0 0 0 0 0 0 0 0 0 data 16 0x20005 0x105 0x0 0x0 0x0 0x0 0x0 0x0 0x0 0x0 0x0 0x0 0x0 0x9 0x1 0x6 oops 0 methods 0
ciMethodData ghidra/program/database/DBObjectCache delete (J)V 2 50449 orig 80 1 0 0 0 0 0 0 0 0 0 0 0 98 2 0 0 0 0 0 0 0 0 0 0 0 0 0 0 0 0 0 0 0 0 0 0 0 0 0 0 0 0 0 0 0 0 0 0 0 0 0 0 0 0 0 0 0 0 0 0 0 0 0 0 0 0 0 0 0 0 0 0 0 0 0 0 0 0 0 0 data 79 0x10005 0xc511 0x0 0x0 0x0 0x0 0x0 0x90002 0xc511 0xc0005 0x0 0x0 0x262644a9fc0 0xc511 0x0 0x0 0x110004 0x0 0x0 0x26264f1f400 0xc511 0x0 0x0 0x160007 0x0 0x168 0xc511 0x1a0005 0x0 0x0 0x26264f1f400 0xc511 0x0 0x0 0x1d0004 0x0 0x0 0x262644ade08 0x897c 0x26264e37688 0x3b95 0x240007 0x0 0x90 0xc511 0x290005 0x0 0x0 0x262644ade08 0x897c 0x26264e37688 0x3b95 0x2d0005 0x0 0x0 0x26264f1f400 0xc511 0x0 0x0 0x350002 0xc511 0x380005 0x0 0x0 0x262644a9fc0 0xc511 0x0 0x0 0x0 0x0 0x0 0x0 0x0 0x0 0x9 0x3 0x0 0x0 0x0 oops 9 12 java/util/HashMap 19 ghidra/program/database/DBObjectCache$KeyedSoftReference 30 ghidra/program/database/DBObjectCache$KeyedSoftReference 37 ghidra/program/database/symbol/CodeSymbol 39 ghidra/program/database/references/RefListV0 48 ghidra/program/database/symbol/CodeSymbol 50 ghidra/program/database/references/RefListV0 55 ghidra/program/database/DBObjectCache$KeyedSoftReference 64 java/util/HashMap methods 0
ciMethod ghidra/program/database/data/PointerTypedefInspector getPointerComponentOffset (Lghidra/program/model/data/TypeDef;)J 165986 0 161000 0 0
ciMethod ghidra/program/database/references/RefListV0$RefIterator <init> (Lghidra/program/database/references/RefListV0;)V 156840 0 187527 0 904
ciMethod ghidra/program/database/references/RefListV0$RefIterator hasNext ()Z 4110 0 528698 0 104
ciMethod ghidra/program/database/references/RefListV0$RefIterator next ()Lghidra/program/model/symbol/Reference; 251680 0 234961 0 232
ciMethod ghidra/program/database/references/ReferenceDB getReferenceType ()Lghidra/program/model/symbol/RefType; 662 0 331 0 -1
ciMethod ghidra/program/database/references/ReferenceDB getOperandIndex ()I 1020 0 510 0 0
ciMethod ghidra/program/database/references/ReferenceDB isPrimary ()Z 578 0 289 0 -1
ciMethod ghidra/program/database/references/ReferenceDB isMemoryReference ()Z 212436 0 185995 0 208
ciMethodData ghidra/program/model/address/GenericAddressSpace getMaxAddress ()Lghidra/program/model/address/Address; 2 970794 orig 80 0 0 0 0 0 0 0 0 0 0 0 0 98 2 0 0 0 0 0 0 0 0 0 0 0 0 0 0 0 0 0 0 0 0 0 0 0 0 0 0 0 0 0 0 0 0 0 0 0 0 0 0 0 0 0 0 0 0 0 0 0 0 0 0 0 0 0 0 0 0 0 0 0 0 0 0 0 0 0 0 data 7 0x10002 0xed02a 0x0 0x0 0x9 0x1 0x0 oops 0 methods 0
ciMethodData ghidra/program/database/data/DataTypeComponentDB getDataType ()Lghidra/program/model/data/DataType; 2 134347 orig 80 1 0 0 0 0 0 0 0 0 0 0 0 0 0 0 0 0 0 0 0 0 0 0 0 0 0 0 0 0 0 0 0 0 0 0 0 0 0 0 0 0 0 0 0 0 0 0 0 0 0 0 0 0 0 0 0 0 0 0 0 0 0 0 0 0 0 0 0 0 0 0 0 0 0 0 0 0 0 0 0 data 39 0x40007 0x20ccc 0x20 0x0 0x100007 0x20ccc 0x20 0x0 0x1c0005 0x0 0x0 0x262667d2b98 0x20ccc 0x0 0x0 0x250007 0x20ccc 0x20 0x0 0x310005 0x0 0x0 0x26264f559b8 0x20c1e 0x26264f55a68 0xae 0x360007 0x20ccc 0x20 0x0 0x0 0x0 0x0 0x0 0x0 0x0 0x9 0x1 0x0 oops 3 11 db/DBRecord 22 ghidra/program/database/data/ProgramDataTypeManager 24 ghidra/program/model/data/FileDataTypeManager methods 0
ciMethodData ghidra/program/database/data/DataTypeManagerDB getSetting (JLjava/lang/String;)Lghidra/program/database/data/SettingDB; 2 179096 orig 80 2 0 0 0 0 0 0 0 0 0 0 0 98 2 0 0 0 0 0 0 0 0 0 0 0 0 0 0 0 0 0 0 0 0 0 0 0 0 0 0 0 0 0 0 0 0 0 0 0 0 0 0 0 0 0 0 0 0 0 0 0 0 0 0 0 0 0 0 0 0 0 0 0 0 0 0 0 0 0 0 data 111 0x40005 0x0 0x0 0x2626745ba90 0x2bb98 0x0 0x0 0xc0002 0x2bb98 0x100005 0x0 0x0 0x2625fd3eba8 0x2bb98 0x0 0x0 0x170007 0x2bb98 0x58 0x0 0x220005 0x0 0x0 0x0 0x0 0x0 0x0 0x2e0005 0x0 0x0 0x262644aa5a0 0x2bb98 0x0 0x0 0x350007 0x2bb99 0xe8 0x0 0x440005 0x0 0x0 0x0 0x0 0x0 0x0 0x470002 0x0 0x510002 0x0 0x570005 0x0 0x0 0x0 0x0 0x0 0x0 0x620005 0x0 0x0 0x0 0x0 0x0 0x0 0x6c0005 0x0 0x0 0x2626745ba90 0x2bb99 0x0 0x0 0x6f0003 0x2bb99 0xd8 0x7a0005 0x0 0x0 0x0 0x0 0x0 0x0 0x830005 0x0 0x0 0x0 0x0 0x0 0x0 0x860003 0x0 0x50 0x8f0005 0x0 0x0 0x0 0x0 0x0 0x0 0x0 0x0 0x0 0x0 0x0 0x0 0x0 0x0 0x9 0x4 0x0 0x0 0x0 0x0 oops 4 3 ghidra/util/Lock 12 ghidra/program/database/data/SettingsCache 30 ghidra/program/database/data/SettingsDBAdapterV1 66 ghidra/util/Lock methods 0
ciMethodData ghidra/docking/settings/SettingsImpl getLong (Ljava/lang/String;)Ljava/lang/Long; 2 141906 orig 80 1 0 0 0 0 0 0 0 0 0 0 0 0 0 0 0 0 0 0 0 4 0 0 0 0 0 0 0 0 0 0 0 0 0 0 0 0 0 0 0 0 0 0 0 0 0 0 0 0 0 0 0 0 0 0 0 0 0 0 0 0 0 0 0 0 0 0 0 0 0 0 0 0 0 0 0 0 0 0 0 data 39 0x50005 0x0 0x0 0x262644a9fc0 0x22a53 0x0 0x0 0xa0104 0x0 0x0 0x2625fb32228 0xaf03 0x0 0x0 0xf0007 0xaf03 0x78 0x17b50 0x160007 0xb7c4 0x58 0xc38c 0x80000004001e0005 0x0 0x0 0x2625fd3c938 0xb7c3 0x2625fd39670 0xbcd 0x0 0x0 0x0 0x0 0x0 0x0 0x9 0x2 0x0 0xffffffffffffffff oops 4 3 java/util/HashMap 10 java/lang/Long 25 ghidra/docking/settings/SettingsImpl$1 27 ghidra/docking/settings/SettingsImpl methods 0
ciMethodData ghidra/program/model/address/GenericAddress isMemoryAddress ()Z 2 1656158 orig 80 0 0 0 0 0 0 0 0 0 0 0 0 98 2 0 0 0 0 0 0 0 0 0 0 0 0 0 0 0 0 0 0 0 0 0 0 0 0 0 0 0 0 0 0 0 0 0 0 0 0 0 0 0 0 0 0 0 0 0 0 0 0 0 0 0 0 0 0 0 0 0 0 0 0 0 0 0 0 0 0 data 16 0x40005 0x0 0x0 0x2626bf1d398 0x19455e 0x0 0x0 0x0 0x0 0x0 0x0 0x0 0x0 0x9 0x1 0x0 oops 1 3 ghidra/program/model/address/GenericAddressSpace methods 0
ciMethodData ghidra/program/model/data/DataOrganizationImpl getDefaultOrganization ()Lghidra/program/model/data/DataOrganization; 2 73350 orig 80 0 0 0 0 0 0 0 0 0 0 0 0 98 2 0 0 0 0 0 0 0 0 0 0 0 0 0 0 0 0 0 0 0 0 0 0 0 0 0 0 0 0 0 0 0 0 0 0 0 0 0 0 0 0 0 0 0 0 0 0 0 0 0 0 0 0 0 0 0 0 0 0 0 0 0 0 0 0 0 0 data 10 0x10002 0x11e86 0x0 0x0 0x0 0x0 0x0 0x0 0x9 0x0 oops 0 methods 0
ciMethodData ghidra/program/model/data/PointerDataType getLength ()I 2 414641 orig 80 2 0 0 0 0 0 0 0 0 0 0 0 98 2 0 0 0 0 0 0 0 0 0 0 0 0 0 0 0 0 0 0 0 0 0 0 0 0 0 1 0 0 0 0 0 0 0 0 0 0 0 0 0 0 0 0 0 0 0 0 0 0 0 0 0 0 0 0 0 0 0 0 0 0 0 0 0 0 0 0 data 30 0x8000000600040007 0x61cf5 0xa8 0x36bd 0x80005 0x36bd 0x0 0x0 0x0 0x0 0x0 0xb0005 0x0 0x0 0x26264f53d70 0x36bd 0x0 0x0 0x100003 0x36bd 0x18 0x0 0x0 0x0 0x0 0x0 0x0 0x9 0x1 0x0 oops 1 14 ghidra/program/model/data/DataOrganizationImpl methods 0
ciMethodData ghidra/program/model/data/AbstractDataType getDataOrganization ()Lghidra/program/model/data/DataOrganization; 2 349453 orig 80 1 0 0 0 0 0 0 0 0 0 0 0 98 2 0 0 0 0 0 0 0 0 0 0 0 0 0 0 0 0 0 0 0 0 0 0 0 0 0 0 0 0 0 0 0 0 0 0 0 0 0 0 0 0 0 0 0 0 0 0 0 0 0 0 0 0 0 0 0 0 0 0 0 0 0 0 0 0 0 0 data 25 0x40007 0x11e7a 0x70 0x43693 0xb0005 0x0 0x0 0x26264f559b8 0x435e7 0x26264f55a68 0xac 0x100003 0x43693 0x28 0x130002 0x11e7a 0x0 0x0 0x0 0x0 0x0 0x0 0x9 0x1 0x0 oops 2 7 ghidra/program/database/data/ProgramDataTypeManager 9 ghidra/program/model/data/FileDataTypeManager methods 0
ciMethodData ghidra/program/database/data/DataTypeManagerDB getDataOrganization ()Lghidra/program/model/data/DataOrganization; 2 270474 orig 80 1 0 0 0 0 0 0 0 0 0 0 0 98 2 0 0 0 0 0 0 0 0 0 0 0 0 0 0 0 0 0 0 0 0 0 0 0 0 0 0 0 0 0 0 0 0 0 0 0 0 0 0 0 0 0 0 0 0 0 0 0 0 0 0 0 0 0 0 0 0 0 0 0 0 0 0 0 0 0 0 data 36 0x40007 0x4208a 0xd8 0x0 0x90005 0x0 0x0 0x0 0x0 0x0 0x0 0xf0003 0x0 0x50 0x150005 0x0 0x0 0x0 0x0 0x0 0x0 0x1c0007 0x0 0x30 0x0 0x200002 0x0 0x0 0x0 0x0 0x0 0x0 0x0 0x9 0x1 0x0 oops 0 methods 0
ciMethodData ghidra/program/model/data/DataOrganizationImpl getDefaultOrganization (Lghidra/program/model/lang/Language;)Lghidra/program/model/data/DataOrganizationImpl; 2 72403 orig 80 0 0 0 0 0 0 0 0 0 0 0 0 98 2 0 0 0 0 0 0 0 0 0 0 0 0 0 0 0 0 0 0 0 0 0 0 0 0 0 0 0 0 0 0 0 0 0 0 0 0 0 0 0 0 0 0 0 0 0 0 0 0 0 0 0 0 0 0 0 0 0 0 0 0 0 0 0 0 0 0 data 78 0x40002 0x11ad3 0xb0005 0x0 0x0 0x26264f53d70 0x11ad3 0x0 0x0 0x110005 0x0 0x0 0x26264f53d70 0x11ad3 0x0 0x0 0x170005 0x0 0x0 0x26264f53d70 0x11ad3 0x0 0x0 0x1f0005 0x0 0x0 0x26264f53d70 0x11ad3 0x0 0x0 0x230007 0x11ad3 0x138 0x0 0x280005 0x0 0x0 0x0 0x0 0x0 0x0 0x2d0005 0x0 0x0 0x0 0x0 0x0 0x0 0x320005 0x0 0x0 0x0 0x0 0x0 0x0 0x370005 0x0 0x0 0x0 0x0 0x0 0x0 0x3c0005 0x0 0x0 0x0 0x0 0x0 0x0 0x0 0x0 0x0 0x0 0x0 0x0 0x9 0x1 0xffffffffffffffff oops 4 5 ghidra/program/model/data/DataOrganizationImpl 12 ghidra/program/model/data/DataOrganizationImpl 19 ghidra/program/model/data/DataOrganizationImpl 26 ghidra/program/model/data/DataOrganizationImpl methods 0
ciMethodData ghidra/program/database/data/DataTypeSettingsDB getLong (Ljava/lang/String;)Ljava/lang/Long; 2 226176 orig 80 3 0 0 0 0 0 0 0 0 0 0 0 0 0 0 0 0 0 0 0 4 0 0 0 0 0 0 0 0 0 0 0 0 0 0 0 0 0 0 2 0 0 0 0 0 0 0 0 0 0 0 0 0 0 0 0 0 0 0 0 0 0 0 0 0 0 0 0 0 0 0 0 0 0 0 0 0 0 0 0 data 39 0x90005 0x0 0x0 0x26264f559b8 0x37381 0x0 0x0 0xe0007 0x37381 0x58 0x0 0x120005 0x0 0x0 0x0 0x0 0x0 0x0 0x80000006001a0007 0x3c2a 0x58 0x33759 0x8000000400220005 0x48 0x0 0x2625fd39670 0x33659 0x2625fd3c938 0xbc 0x0 0x0 0x0 0x0 0x0 0x0 0x9 0x2 0x0 0x0 oops 3 3 ghidra/program/database/data/ProgramDataTypeManager 25 ghidra/docking/settings/SettingsImpl 27 ghidra/docking/settings/SettingsImpl$1 methods 0
ciMethodData ghidra/program/database/code/DataDB getLength ()I 2 667807 orig 80 0 0 0 0 0 0 0 0 0 0 0 0 0 0 0 0 0 0 0 0 0 0 0 0 0 0 0 0 0 0 0 0 0 0 0 0 0 0 0 0 0 0 0 0 0 0 0 0 0 0 0 0 0 0 0 0 0 0 0 0 0 0 0 0 0 0 0 0 0 0 0 0 0 0 0 0 0 0 0 0 data 20 0x50007 0x792e8 0x58 0x29db8 0x90005 0x29db8 0x0 0x0 0x0 0x0 0x0 0x0 0x0 0x0 0x0 0x0 0x0 0x9 0x1 0xffffffffffffffff oops 0 methods 0
ciMethodData ghidra/program/database/references/RefListV0$RefIterator hasNext ()Z 2 526643 orig 80 0 0 0 0 0 0 0 0 0 0 0 0 0 0 0 0 0 0 0 0 0 0 0 0 0 0 0 0 0 0 0 0 0 0 0 0 0 0 0 0 0 0 0 0 0 0 0 0 0 0 0 0 0 0 0 0 0 0 0 0 0 0 0 0 0 0 0 0 0 0 0 0 0 0 0 0 0 0 0 0 data 14 0x80007 0x10c34 0x38 0x6fd00 0xc0003 0x6fd00 0x18 0x0 0x0 0x0 0x0 0x9 0x1 0x0 oops 0 methods 0
ciMethodData ghidra/program/database/references/ReferenceDBManager getFromRefs (Lghidra/program/model/address/Address;)Lghidra/program/database/references/RefList; 2 235525 orig 80 3 0 0 0 0 0 0 0 0 0 0 0 0 0 0 0 0 0 0 0 4 0 0 0 0 0 0 0 0 0 0 0 0 0 0 0 0 0 0 0 0 0 0 0 0 0 0 0 0 0 0 0 0 0 0 0 0 0 0 0 0 0 0 0 0 0 0 0 0 0 0 0 0 0 0 0 0 0 0 0 data 73 0x40005 0x0 0x0 0x2626745ba90 0x39806 0x0 0x0 0xd0005 0x0 0x0 0x262644a88c8 0x39806 0x0 0x0 0x180005 0x0 0x0 0x262667d5610 0x39806 0x0 0x0 0x80000004001b0104 0x0 0x0 0x26264e37688 0x19fa3 0x262644a8978 0xdf3 0x220007 0x1ad96 0xa8 0x1ea74 0x330005 0x0 0x0 0x262644a8a28 0x1ea74 0x0 0x0 0x380003 0x1ea76 0x50 0x400005 0x0 0x0 0x0 0x0 0x0 0x0 0x4b0005 0x0 0x0 0x2626745ba90 0x3980c 0x0 0x0 0x570005 0x0 0x0 0x0 0x0 0x0 0x0 0x0 0x0 0x0 0x0 0x0 0x0 0x9 0x2 0xffffffffffffffff 0xffffffffffffffff oops 7 3 ghidra/util/Lock 10 ghidra/program/database/map/AddressMapDB 17 ghidra/program/database/DBObjectCache 24 ghidra/program/database/references/RefListV0 26 ghidra/program/database/references/BigRefListV0 35 ghidra/program/database/references/FromAdapterV0 52 ghidra/util/Lock methods 0
ciMethodData ghidra/framework/data/DomainObjectAdapterDB dbError (Ljava/io/IOException;)V 1 0 orig 80 0 0 0 0 0 0 0 0 0 0 0 0 98 2 0 0 0 0 0 0 0 0 0 0 0 0 0 0 0 0 0 0 0 0 0 0 0 0 0 0 0 0 0 0 0 0 0 0 0 0 0 0 0 0 0 0 0 0 0 0 0 0 0 0 0 0 0 0 0 0 0 0 0 0 0 0 0 0 0 0 data 17 0x70005 0x0 0x0 0x0 0x0 0x0 0x0 0x0 0x0 0x0 0x0 0x0 0x0 0x9 0x2 0x0 0x0 oops 0 methods 0
ciMethodData ghidra/framework/data/DomainObjectAdapter fatalErrorOccurred (Ljava/lang/Exception;)V 1 0 orig 80 0 0 0 0 0 0 0 0 0 0 0 0 98 2 0 0 0 0 0 0 0 0 0 0 0 0 0 0 0 0 0 0 0 0 0 0 0 0 0 0 0 0 0 0 0 0 0 0 0 0 0 0 0 0 0 0 0 0 0 0 0 0 0 0 0 0 0 0 0 0 0 0 0 0 0 0 0 0 0 0 data 68 0x50005 0x0 0x0 0x0 0x0 0x0 0x0 0xc0005 0x0 0x0 0x0 0x0 0x0 0x0 0x110005 0x0 0x0 0x0 0x0 0x0 0x0 0x180005 0x0 0x0 0x0 0x0 0x0 0x0 0x1d0007 0x0 0xe0 0x0 0x210005 0x0 0x0 0x0 0x0 0x0 0x0 0x260004 0x0 0x0 0x0 0x0 0x0 0x0 0x2c0005 0x0 0x0 0x0 0x0 0x0 0x0 0x2f0003 0x0 0xffffffffffffff00 0x370002 0x0 0x0 0x0 0x0 0x0 0x0 0x0 0x9 0x2 0x0 0x0 oops 0 methods 0
ciMethodData ghidra/program/model/data/AbstractPointerTypedefBuiltIn getBaseDataType ()Lghidra/program/model/data/DataType; 2 133377 orig 80 0 0 0 0 0 0 0 0 0 0 0 0 0 0 0 0 0 0 0 0 0 0 0 0 0 0 0 0 0 0 0 0 0 0 0 0 0 0 0 0 0 0 0 0 0 0 0 0 0 0 0 0 0 0 0 0 0 0 0 0 0 0 0 0 0 0 0 0 0 0 0 0 0 0 0 0 0 0 0 0 data 16 0x40005 0x0 0x0 0x262667da588 0x20902 0x0 0x0 0x0 0x0 0x0 0x0 0x0 0x0 0x9 0x1 0x0 oops 1 3 ghidra/program/model/data/TypedefDataType methods 0
ciMethodData ghidra/program/model/data/TypedefDataType getBaseDataType ()Lghidra/program/model/data/DataType; 2 133377 orig 80 0 0 0 0 0 0 0 0 0 0 0 0 0 0 0 0 0 0 0 0 0 0 0 0 0 0 0 0 0 0 0 0 0 0 0 0 0 0 0 0 0 0 0 0 0 0 0 0 0 0 0 0 0 0 0 0 0 0 0 0 0 0 0 0 0 0 0 0 0 0 0 0 0 0 0 0 0 0 0 0 data 34 0x40004 0xfffffffffffdf6fe 0x0 0x262667dc988 0x1b1 0x0 0x0 0x70007 0x20902 0x90 0x0 0xe0004 0x0 0x0 0x0 0x0 0x0 0x0 0x110005 0x0 0x0 0x0 0x0 0x0 0x0 0x0 0x0 0x0 0x0 0x0 0x0 0x9 0x1 0x0 oops 1 3 ghidra/program/model/data/PointerDataType methods 0
ciMethodData ghidra/program/database/references/RefListV0 getRefs ()Lghidra/program/model/symbol/ReferenceIterator; 2 276480 orig 80 0 0 0 0 0 0 0 0 0 0 0 0 0 0 0 0 0 0 0 0 0 0 0 0 0 0 0 0 0 0 0 0 0 0 0 0 0 0 0 0 0 0 0 0 0 0 0 0 0 0 0 0 0 0 0 0 0 0 0 0 0 0 0 0 0 0 0 0 0 0 0 0 0 0 0 0 0 0 0 0 data 8 0x50002 0x43801 0x0 0x0 0x0 0x9 0x1 0x0 oops 0 methods 0
ciMethodData ghidra/program/database/references/RefListV0$RefIterator <init> (Lghidra/program/database/references/RefListV0;)V 2 109107 orig 80 0 0 0 0 0 0 0 0 0 0 0 0 0 0 0 0 0 0 0 0 0 0 0 0 0 0 0 0 0 0 0 0 0 0 0 0 0 0 0 0 0 0 0 0 0 0 0 0 0 0 0 0 0 0 0 0 0 0 0 0 0 0 0 0 0 0 0 0 0 0 0 0 0 0 0 0 0 0 0 0 data 11 0x60002 0x1aa34 0x0 0x0 0x0 0x0 0x0 0x9 0x2 0x1e 0x0 oops 0 methods 0
ciMethodData ghidra/program/database/references/RefListV0$RefIterator next ()Lghidra/program/model/symbol/Reference; 2 109121 orig 80 0 0 0 0 0 0 0 0 0 0 0 0 0 0 0 0 0 0 0 0 0 0 0 0 0 0 0 0 0 0 0 0 0 0 0 0 0 0 0 0 0 0 0 0 0 0 0 0 0 0 0 0 0 0 0 0 0 0 0 0 0 0 0 0 0 0 0 0 0 0 0 0 0 0 0 0 0 0 0 0 data 27 0x10005 0x0 0x0 0x26264e37738 0x1aa42 0x0 0x0 0x40007 0x0 0x58 0x1aa42 0x180005 0x1aa42 0x0 0x0 0x0 0x0 0x0 0x0 0x0 0x0 0x0 0x0 0x0 0x9 0x1 0x0 oops 1 3 ghidra/program/database/references/RefListV0$RefIterator methods 0
ciMethodData ghidra/program/database/code/DataDB getValue ()Ljava/lang/Object; 2 148134 orig 80 1 0 0 0 0 0 0 0 0 0 0 0 0 0 0 0 0 0 0 0 0 0 0 4 0 0 0 0 0 0 0 0 0 0 0 0 0 0 0 0 0 0 0 0 0 0 0 0 0 0 0 0 0 0 0 0 0 0 0 0 0 0 0 0 0 0 0 0 0 0 0 0 0 0 0 0 0 0 0 0 data 51 0x40005 0x0 0x0 0x2626745ba90 0x242a7 0x0 0x0 0x80005 0x0 0x0 0x26267917a40 0x1c6ff 0x26267917af0 0x7ba8 0x130005 0x0 0x0 0x26267917a40 0x1c6ff 0x26267917af0 0x7ba8 0x8000000700160005 0xa8 0x0 0x26267917ba0 0x21684 0x2626745c9c8 0x2b7f 0x200005 0x0 0x0 0x2626745ba90 0x242ac 0x0 0x0 0x2a0005 0x0 0x0 0x0 0x0 0x0 0x0 0x0 0x0 0x0 0x0 0x0 0x0 0x9 0x1 0xffffffffffffffff oops 8 3 ghidra/util/Lock 10 ghidra/program/database/code/DataDB 12 ghidra/program/database/code/DataComponent 17 ghidra/program/database/code/DataDB 19 ghidra/program/database/code/DataComponent 24 ghidra/program/model/data/IBO32DataType 26 ghidra/program/database/data/PointerDB 31 ghidra/util/Lock methods 0
ciMethodData ghidra/program/model/data/PointerDataType getAddressValue (Lghidra/program/model/mem/MemBuffer;ILghidra/docking/settings/Settings;)Lghidra/program/model/address/Address; 2 113690 orig 80 0 0 0 0 0 0 0 0 0 0 0 0 0 0 0 0 0 0 0 0 0 0 0 0 0 0 0 0 0 0 0 0 0 0 0 0 0 0 0 0 0 0 0 0 0 0 0 0 0 0 0 0 0 0 0 0 0 0 0 0 0 0 0 0 0 0 0 0 0 0 0 0 0 0 0 0 0 0 0 0 data 17 0x3000a 0x1bc1b 0x1 0x26264310e28 0x80002 0x1bc1b 0x0 0x0 0x0 0x0 0x0 0x0 0x9 0x3 0x0 0x0 0x0 oops 1 3  @bci ghidra/program/model/data/PointerDataType getAddressValue (Lghidra/program/model/mem/MemBuffer;ILghidra/docking/settings/Settings;)Lghidra/program/model/address/Address; 3 <appendix> argL0 ; methods 0
ciMethodData ghidra/program/model/data/PointerDataType getAddressValue (Lghidra/program/model/mem/MemBuffer;ILghidra/docking/settings/Settings;Ljava/util/function/Consumer;)Lghidra/program/model/address/Address; 2 172452 orig 80 5 0 0 0 0 0 0 0 0 0 0 0 0 0 0 0 0 0 0 0 0 0 0 0 0 0 0 0 0 0 0 0 0 0 0 0 0 0 0 0 0 0 0 0 0 0 0 0 0 0 0 0 0 0 0 0 0 0 0 0 0 0 0 0 0 0 0 0 0 0 0 0 0 0 0 0 0 0 0 0 data 497 0x40005 0x0 0x0 0x26264dfb068 0x2a1a5 0x0 0x0 0xd0005 0x52 0x0 0x26267917a40 0x1607b 0x26267917af0 0x140dc 0x1b0005 0x0 0x0 0x26264dfb608 0x2a1a9 0x0 0x0 0x250007 0x2a1a9 0x20 0x0 0x300002 0x2a1a9 0x370007 0x2a1ac 0x20 0x0 0x3e0005 0x2a1ac 0x0 0x0 0x0 0x0 0x0 0x470005 0x0 0x0 0x26264dfc560 0x2a1ac 0x0 0x0 0x500007 0x2a1ac 0x58 0x0 0x570005 0x0 0x0 0x0 0x0 0x0 0x0 0x640007 0x2a1ac 0x20 0x0 0x720005 0x0 0x0 0x26264dfd008 0x2a1ac 0x0 0x0 0x7a0007 0x2a1ac 0x70 0x0 0x7f0007 0x0 0x38 0x0 0x8a0003 0x0 0x50 0x950003 0x0 0x38 0x9a0007 0x2a1ac 0x20 0x0 0xa90007 0x1d76 0x78 0x28436 0xae0007 0x28436 0x58 0x0 0xb50005 0x0 0x0 0x0 0x0 0x0 0x0 0xc10007 0x1d76 0x1b0 0x28436 0xc80007 0x283f0 0x20 0x46 0xcf0007 0x283f0 0x58 0x0 0xd60005 0x0 0x0 0x0 0x0 0x0 0x0 0xdd0005 0x0 0x0 0x262644a9c18 0x283f0 0x0 0x0 0xe20005 0x0 0x0 0x262653e8560 0x283f0 0x0 0x0 0xeb0005 0x0 0x0 0x26267917d00 0x283f0 0x0 0x0 0xf80005 0x0 0x0 0x2626bf1d398 0x283f0 0x0 0x0 0xff0005 0x0 0x0 0x26267917d00 0x283f0 0x0 0x0 0x10a0007 0x1d76 0x120 0x0 0x1110007 0x0 0x20 0x0 0x1170005 0x0 0x0 0x0 0x0 0x0 0x0 0x1200005 0x0 0x0 0x0 0x0 0x0 0x0 0x12d0005 0x0 0x0 0x0 0x0 0x0 0x0 0x1340005 0x0 0x0 0x0 0x0 0x0 0x0 0x13f0007 0x1d76 0x3d0 0x0 0x1440007 0x0 0x70 0x0 0x14b0005 0x0 0x0 0x0 0x0 0x0 0x0 0x1500003 0x0 0x358 0x1550005 0x0 0x0 0x0 0x0 0x0 0x0 0x15a0005 0x0 0x0 0x0 0x0 0x0 0x0 0x15f0007 0x0 0x70 0x0 0x1660005 0x0 0x0 0x0 0x0 0x0 0x0 0x16b0003 0x0 0x278 0x1720005 0x0 0x0 0x0 0x0 0x0 0x0 0x17b0005 0x0 0x0 0x0 0x0 0x0 0x0 0x1810007 0x0 0x90 0x0 0x1870005 0x0 0x0 0x0 0x0 0x0 0x0 0x18c0004 0x0 0x0 0x0 0x0 0x0 0x0 0x1920005 0x0 0x0 0x0 0x0 0x0 0x0 0x1980007 0x0 0xb0 0x0 0x19e0002 0x0 0x1a1000a 0x0 0x3 0x0 0x0 0x2625fb2de88 0x1a60005 0x0 0x0 0x0 0x0 0x0 0x0 0x1ab0003 0x0 0x90 0x1b10002 0x0 0x1b4000a 0x0 0x3 0x0 0x0 0x2625fb2de88 0x1b90005 0x0 0x0 0x0 0x0 0x0 0x0 0x1c50007 0x1d76 0xc0 0x0 0x1cb0005 0x0 0x0 0x0 0x0 0x0 0x0 0x1ce000a 0x0 0x3 0x0 0x0 0x2625fb2de88 0x1d30005 0x0 0x0 0x0 0x0 0x0 0x0 0x1dc0007 0x1d76 0x1c8 0x0 0x1e10007 0x0 0x58 0x0 0x1e80005 0x0 0x0 0x0 0x0 0x0 0x0 0x1f10005 0x0 0x0 0x0 0x0 0x0 0x0 0x1fa0005 0x0 0x0 0x0 0x0 0x0 0x0 0x2010005 0x0 0x0 0x0 0x0 0x0 0x0 0x20a0007 0x0 0xa8 0x0 0x2120002 0x0 0x215000a 0x0 0x5 0x0 0x0 0x1 0x0 0x2625fb2de88 0x21a0005 0x0 0x0 0x0 0x0 0x0 0x0 0x2230007 0x0 0x90 0x1d76 0x2270005 0x0 0x0 0x26267917a40 0x1d6c 0x26267917af0 0xa 0x22c0005 0x0 0x0 0x26267917d00 0x1d76 0x0 0x0 0x2350004 0xffffffffffffe28a 0x0 0x2626bf1d398 0x3de 0x0 0x0 0x2380007 0x1d76 0x140 0x0 0x23d0007 0x0 0x98 0x0 0x2420007 0x0 0x78 0x0 0x247000a 0x0 0x1 0x2625fb2de88 0x24c0005 0x0 0x0 0x0 0x0 0x0 0x0 0x2590007 0x0 0x40 0x0 0x25e0007 0x0 0x58 0x0 0x2650005 0x0 0x0 0x0 0x0 0x0 0x0 0x2700002 0x0 0x2790005 0x0 0x0 0x2626bf1d398 0x1d76 0x0 0x0 0x2840005 0x0 0x0 0x0 0x0 0x0 0x0 0x2870005 0x0 0x0 0x0 0x0 0x0 0x0 0x0 0x0 0x0 0x0 0x0 0x0 0x0 0x0 0x0 0x0 0x0 0x0 0x9 0x4 0x0 0x0 0x0 0x0 oops 21 3 ghidra/program/model/data/AddressSpaceSettingsDefinition 10 ghidra/program/database/code/DataDB 12 ghidra/program/database/code/DataComponent 17 ghidra/program/model/data/PointerTypeSettingsDefinition 41 ghidra/program/model/data/OffsetMaskSettingsDefinition 63 ghidra/program/model/data/OffsetShiftSettingsDefinition 122 ghidra/program/database/mem/MemoryMapDB 129 ghidra/program/database/ProgramDB 136 ghidra/program/model/address/GenericAddress 143 ghidra/program/model/address/GenericAddressSpace 150 ghidra/program/model/address/GenericAddress 286 java/lang/String 304 java/lang/String 328 java/lang/String 385 java/lang/String 400 ghidra/program/database/code/DataDB 402 ghidra/program/database/code/DataComponent 407 ghidra/program/model/address/GenericAddress 414 ghidra/program/model/address/GenericAddressSpace 433 java/lang/String 461 ghidra/program/model/address/GenericAddressSpace methods 0
ciMethodData ghidra/program/model/data/AbstractPointerTypedefBuiltIn getValue (Lghidra/program/model/mem/MemBuffer;Lghidra/docking/settings/Settings;I)Ljava/lang/Object; 2 104082 orig 80 0 0 0 0 0 0 0 0 0 0 0 0 0 0 0 0 0 0 0 0 0 0 0 0 0 0 0 0 0 0 0 0 0 0 0 0 0 0 0 0 0 0 0 0 0 0 0 0 0 0 0 0 0 0 0 0 0 0 0 0 0 0 0 0 0 0 0 0 0 0 0 0 0 0 0 0 0 0 0 0 data 30 0x10007 0x19693 0x58 0x0 0x50005 0x0 0x0 0x0 0x0 0x0 0x0 0x100005 0x0 0x0 0x262667da588 0x19693 0x0 0x0 0x0 0x0 0x0 0x0 0x0 0x0 0x9 0x4 0x0 0x0 0x0 0x0 oops 1 14 ghidra/program/model/data/TypedefDataType methods 0
ciMethodData ghidra/program/model/data/TypedefDataType getValue (Lghidra/program/model/mem/MemBuffer;Lghidra/docking/settings/Settings;I)Ljava/lang/Object; 2 104082 orig 80 0 0 0 0 0 0 0 0 0 0 0 0 0 0 0 0 0 0 0 0 0 0 0 0 0 0 0 0 0 0 0 0 0 0 0 0 0 0 0 0 0 0 0 0 0 0 0 0 0 0 0 0 0 0 0 0 0 0 0 0 0 0 0 0 0 0 0 0 0 0 0 0 0 0 0 0 0 0 0 0 data 19 0x70005 0x0 0x0 0x262667dc988 0x19693 0x0 0x0 0x0 0x0 0x0 0x0 0x0 0x0 0x9 0x4 0x0 0xffffffffffffffff 0xffffffffffffffff 0x0 oops 1 3 ghidra/program/model/data/PointerDataType methods 0
ciMethodData ghidra/program/model/data/PointerDataType getValue (Lghidra/program/model/mem/MemBuffer;Lghidra/docking/settings/Settings;I)Ljava/lang/Object; 2 104084 orig 80 0 0 0 0 0 0 0 0 0 0 0 0 0 0 0 0 0 0 0 0 0 0 0 0 0 0 0 0 0 0 0 0 0 0 0 0 0 0 0 0 0 0 0 0 0 0 0 0 0 0 0 0 0 0 0 0 0 0 0 0 0 0 0 0 0 0 0 0 0 0 0 0 0 0 0 0 0 0 0 0 data 21 0x20005 0x0 0x0 0x262667dc988 0x19695 0x0 0x0 0x60002 0x19695 0x0 0x0 0x0 0x0 0x0 0x0 0x9 0x4 0x0 0x0 0x0 0x0 oops 1 3 ghidra/program/model/data/PointerDataType methods 0
ciMethodData ghidra/program/database/references/ReferenceDB isMemoryReference ()Z 2 79777 orig 80 0 0 0 0 0 0 0 0 0 0 0 0 0 0 0 0 0 0 0 0 0 0 0 0 0 0 0 0 0 0 0 0 0 0 0 0 0 0 0 0 0 0 0 0 0 0 0 0 0 0 0 0 0 0 0 0 0 0 0 0 0 0 0 0 0 0 0 0 0 0 0 0 0 0 0 0 0 0 0 0 data 16 0x40005 0x0 0x0 0x26267917d00 0x137a2 0x0 0x0 0x0 0x0 0x0 0x0 0x0 0x0 0x9 0x1 0x0 oops 1 3 ghidra/program/model/address/GenericAddress methods 0
ciMethodData ghidra/program/database/code/CodeUnitDB getMinAddress ()Lghidra/program/model/address/Address; 2 259805 orig 80 2 0 0 0 0 0 0 0 0 0 0 0 0 0 0 0 0 0 0 0 0 0 0 0 0 0 0 0 0 0 0 0 0 0 0 0 0 0 0 0 0 0 0 0 0 0 0 0 0 0 0 0 0 0 0 0 0 0 0 0 0 0 0 0 0 0 0 0 0 0 0 0 0 0 0 0 0 0 0 0 data 16 0x50005 0x239 0x0 0x26267917a40 0x342eb 0x26267917af0 0xb1ba 0x0 0x0 0x0 0x0 0x0 0x0 0x9 0x1 0xffffffffffffffff oops 2 3 ghidra/program/database/code/DataDB 5 ghidra/program/database/code/DataComponent methods 0
ciMethodData ghidra/program/database/references/ReferenceDBManager addMemoryReference (Lghidra/program/model/address/Address;Lghidra/program/model/address/Address;Lghidra/program/model/symbol/RefType;Lghidra/program/model/symbol/SourceType;I)Lghidra/program/model/symbol/Reference; 2 128559 orig 80 1 0 0 0 0 0 0 0 0 0 0 0 0 0 0 0 0 0 0 0 0 0 0 0 0 0 0 0 0 0 0 0 0 0 0 0 0 0 0 0 0 0 0 0 0 0 0 0 0 0 0 0 0 0 0 0 0 0 0 0 0 0 0 0 0 0 0 0 0 0 0 0 0 0 0 0 0 0 0 0 data 85 0x10005 0x0 0x0 0x26267917d00 0x1f630 0x0 0x0 0x60007 0x1f630 0x30 0x0 0x100002 0x0 0x150005 0x0 0x0 0x26267917d00 0x1f630 0x0 0x0 0x1a0007 0x1f630 0x70 0x0 0x210005 0x0 0x0 0x0 0x0 0x0 0x0 0x240003 0x0 0xd0 0x280005 0x0 0x0 0x26267917d00 0x1f630 0x0 0x0 0x2d0007 0x0 0x70 0x1f630 0x340005 0x1f630 0x0 0x0 0x0 0x0 0x0 0x370003 0x1f630 0x28 0x410002 0x0 0x500005 0x1f630 0x0 0x0 0x0 0x0 0x0 0x5c0005 0x0 0x0 0x0 0x0 0x0 0x0 0x0 0x0 0x0 0x0 0x0 0x0 0x9 0x6 0xffffffffffffffff 0xffffffffffffffff 0xffffffffffffffff 0xffffffffffffffff 0xffffffffffffffff 0x0 oops 3 3 ghidra/program/model/address/GenericAddress 16 ghidra/program/model/address/GenericAddress 37 ghidra/program/model/address/GenericAddress methods 0
ciMethodData ghidra/program/database/references/ReferenceDBManager removeNonMemRefs (Lghidra/program/model/address/Address;I)V 2 113699 orig 80 2 0 0 0 0 0 0 0 0 0 0 0 0 0 0 0 0 0 0 0 0 0 0 0 0 0 0 0 0 0 0 0 0 0 0 0 0 0 0 0 0 0 0 0 0 0 0 0 0 0 0 0 0 0 0 0 0 0 0 0 0 0 0 0 0 0 0 0 0 0 0 0 0 0 0 0 0 0 0 0 data 83 0x40007 0x1bc24 0x20 0x0 0xa0005 0x1bc24 0x0 0x0 0x0 0x0 0x0 0xf0007 0x682c 0x20 0x153f8 0x140005 0x0 0x0 0x26264e37688 0x682c 0x0 0x0 0x1b0005 0x0 0x0 0x26264e37738 0xd058 0x0 0x0 0x200007 0x682c 0x158 0x682c 0x250005 0x0 0x0 0x26264e37738 0x682c 0x0 0x0 0x2e0005 0x0 0x0 0x26264e377e8 0x682c 0x0 0x0 0x340007 0x0 0xb0 0x682c 0x390005 0x0 0x0 0x26264e377e8 0x682c 0x0 0x0 0x3e0007 0x682c 0x58 0x0 0x440005 0x0 0x0 0x0 0x0 0x0 0x0 0x470003 0x682c 0xfffffffffffffe88 0x0 0x0 0x0 0x0 0x0 0x0 0x9 0x3 0xffffffffffffffff 0xffffffffffffffff 0x0 oops 5 18 ghidra/program/database/references/RefListV0 25 ghidra/program/database/references/RefListV0$RefIterator 36 ghidra/program/database/references/RefListV0$RefIterator 43 ghidra/program/database/references/MemReferenceDB 54 ghidra/program/database/references/MemReferenceDB methods 0
ciMethodData ghidra/program/database/references/ReferenceDBManager addRef (Lghidra/program/model/address/Address;Lghidra/program/model/address/Address;Lghidra/program/model/symbol/RefType;Lghidra/program/model/symbol/SourceType;IZZJ)Lghidra/program/database/references/ReferenceDB; 2 248920 orig 80 5 0 0 0 0 0 0 0 0 0 0 0 0 0 0 0 0 0 0 0 4 0 0 0 0 0 0 0 0 0 0 0 0 0 0 0 0 0 0 0 0 0 0 0 0 0 0 0 0 0 0 0 0 0 0 0 0 0 0 0 0 0 0 0 0 0 0 0 0 0 0 0 0 0 0 0 0 0 0 0 data 355 0x20007 0x3cc59 0x50 0x0 0x70007 0x0 0x30 0x0 0x110002 0x0 0x180007 0x3cc59 0x50 0x0 0x21000a 0x0 0x1 0x2625fb2de88 0x260002 0x0 0x2b0005 0x0 0x0 0x26267917d00 0x3cc59 0x0 0x0 0x300005 0x0 0x0 0x2626bf1d398 0x3cc59 0x0 0x0 0x350007 0x3cc59 0xc8 0x0 0x390005 0x0 0x0 0x0 0x0 0x0 0x0 0x3e0004 0x0 0x0 0x0 0x0 0x0 0x0 0x420005 0x0 0x0 0x0 0x0 0x0 0x0 0x4a0005 0x0 0x0 0x2626745ba90 0x3cc59 0x0 0x0 0x550005 0x0 0x0 0x2626bf1d4f8 0x3cc59 0x0 0x0 0x580104 0x0 0x0 0x26264e377e8 0xcb8e 0x0 0x0 0x5f0007 0x300cc 0x1e8 0xcb8e 0x6b0005 0xcb8e 0x0 0x0 0x0 0x0 0x0 0x6e0007 0x0 0x120 0xcb8e 0x750005 0x0 0x0 0x26264e377e8 0xcb8e 0x0 0x0 0x780005 0xcb8e 0x0 0x0 0x0 0x0 0x0 0x7f0005 0x0 0x0 0x26264e377e8 0xcb8e 0x0 0x0 0x820007 0x0 0x58 0xcb8e 0x8d0005 0x0 0x0 0x2626745ba90 0xcb8e 0x0 0x0 0x980005 0x0 0x0 0x0 0x0 0x0 0x0 0x9d0005 0x0 0x0 0x0 0x0 0x0 0x0 0xa30005 0x0 0x0 0x26267917d00 0x300cc 0x0 0x0 0xa80007 0x0 0x78 0x300cc 0xac0005 0x0 0x0 0x26267917d00 0x300cc 0x0 0x0 0xb10007 0x300cc 0x38 0x0 0xb50003 0x0 0x18 0xbd0005 0x300cc 0x0 0x0 0x0 0x0 0x0 0xc70007 0x0 0x58 0x300cc 0xcc0005 0x300cc 0x0 0x0 0x0 0x0 0x0 0xd50007 0x29625 0xd0 0x6aa8 0xd90005 0x0 0x0 0x26264e37ce0 0x6aa8 0x0 0x0 0xde0007 0x6aa8 0x90 0x0 0xe50005 0x0 0x0 0x0 0x0 0x0 0x0 0xe80007 0x0 0x38 0x0 0xec0003 0x29625 0x18 0xf50007 0x6aa8 0x58 0x29625 0x1050005 0x0 0x0 0x262644a8a28 0x29625 0x0 0x0 0x1110005 0x0 0x0 0x26264e37688 0x2b455 0x262644a8978 0x4c78 0x12a0005 0x0 0x0 0x26264e37688 0x2b452 0x262644a8978 0x4c7b 0x12f0007 0x17e33 0x78 0x1829b 0x1340007 0x0 0x58 0x1829b 0x1440005 0x0 0x0 0x262644ad908 0x1829b 0x0 0x0 0x14b0007 0x0 0x90 0x300ce 0x8000000401550005 0x0 0x0 0x26264e37688 0x2e92b 0x262644a8978 0x17a6 0x4016e0005 0x0 0x0 0x26264e37688 0x2e929 0x262644a8978 0x17a9 0x1730007 0x0 0xb0 0x300d2 0x1780005 0x0 0x0 0x26264e37688 0x2b457 0x262644a8978 0x4c7b 0x17d0005 0x0 0x0 0x26264e37688 0x2e929 0x262644a8978 0x17a9 0x1800007 0x1ed39 0x70 0x11399 0x1880005 0x0 0x0 0x26264e37688 0x11399 0x0 0x0 0x18b0003 0x11399 0x50 0x1930005 0x0 0x0 0x26264e37688 0x1ed39 0x0 0x0 0x19b0005 0x300d2 0x0 0x0 0x0 0x0 0x0 0x1a60005 0x0 0x0 0x2626745ba90 0x300d2 0x0 0x0 0x1b20005 0x0 0x0 0x0 0x0 0x0 0x0 0x0 0x0 0x0 0x0 0x0 0x0 0x0 0x0 0x0 0x0 0x0 0x0 0x9 0xa 0x0 0x0 0x0 0x0 0x0 0x0 0x0 0x0 0x0 0x0 oops 29 17 java/lang/String 23 ghidra/program/model/address/GenericAddress 30 ghidra/program/model/address/GenericAddressSpace 62 ghidra/util/Lock 69 ghidra/program/database/references/ReferenceDBManager 76 ghidra/program/database/references/MemReferenceDB 98 ghidra/program/database/references/MemReferenceDB 112 ghidra/program/database/references/MemReferenceDB 123 ghidra/util/Lock 144 ghidra/program/model/address/GenericAddress 155 ghidra/program/model/address/GenericAddress 191 ghidra/program/model/address/SpecialAddress 220 ghidra/program/database/references/FromAdapterV0 227 ghidra/program/database/references/RefListV0 229 ghidra/program/database/references/BigRefListV0 234 ghidra/program/database/references/RefListV0 236 ghidra/program/database/references/BigRefListV0 249 ghidra/program/database/references/ToAdapterV1 260 ghidra/program/database/references/RefListV0 262 ghidra/program/database/references/BigRefListV0 267 ghidra/program/database/references/RefListV0 269 ghidra/program/database/references/BigRefListV0 278 ghidra/program/database/references/RefListV0 280 ghidra/program/database/references/BigRefListV0 285 ghidra/program/database/references/RefListV0 287 ghidra/program/database/references/BigRefListV0 296 ghidra/program/database/references/RefListV0 306 ghidra/program/database/references/RefListV0 320 ghidra/util/Lock methods 0
ciMethodData ghidra/program/database/code/CodeManager addDataReferences (Lghidra/program/model/listing/Data;Ljava/util/List;)V 2 215017 orig 80 3 0 0 0 0 0 0 0 0 0 0 0 0 0 0 0 0 0 0 0 0 0 0 0 0 0 0 0 0 0 0 0 0 0 0 0 0 0 0 0 0 0 0 0 0 0 0 0 0 0 0 0 0 0 0 0 0 0 0 0 0 0 0 0 0 0 0 0 0 0 0 0 0 0 0 0 0 0 0 0 data 107 0x10005 0x0 0x0 0x26267917a40 0x1df16 0x26267917af0 0x168d4 0xb0005 0x1c3db 0x0 0x26267917ba0 0x119e7 0x26267917c50 0x6a28 0x100005 0x0 0x0 0x2625fb2df18 0x347ea 0x0 0x0 0x130007 0x2183c 0x120 0x12fae 0x170005 0x0 0x0 0x26267917a40 0xb39e 0x26267917af0 0x7c10 0x200104 0x0 0x0 0x26267917d00 0x12f8a 0x0 0x0 0x230007 0x25 0x90 0x12f8a 0x2a0004 0x0 0x0 0x26267917d00 0x12f8a 0x0 0x0 0x2e0005 0x12f8a 0x0 0x0 0x0 0x0 0x0 0x340005 0x2183c 0x0 0x0 0x0 0x0 0x0 0x370007 0x4142 0x20 0x1d6fa 0x3c0005 0x0 0x0 0x26267917a40 0x40a7 0x26267917af0 0x9b 0x4a0007 0x4142 0xa8 0x168e4 0x500005 0x0 0x0 0x26267917a40 0x16706 0x26267917af0 0x1de 0x5b0005 0x168e4 0x0 0x0 0x0 0x0 0x0 0x610003 0x168e4 0xffffffffffffff70 0x0 0x0 0x0 0x0 0x0 0x0 0x9 0x3 0xffffffffffffffff 0xffffffffffffffff 0xffffffffffffffff oops 13 3 ghidra/program/database/code/DataDB 5 ghidra/program/database/code/DataComponent 10 ghidra/program/model/data/IBO32DataType 12 ghidra/program/model/data/WordDataType 17 java/lang/Class 28 ghidra/program/database/code/DataDB 30 ghidra/program/database/code/DataComponent 35 ghidra/program/model/address/GenericAddress 46 ghidra/program/model/address/GenericAddress 71 ghidra/program/database/code/DataDB 73 ghidra/program/database/code/DataComponent 82 ghidra/program/database/code/DataDB 84 ghidra/program/database/code/DataComponent methods 0
ciMethodData ghidra/program/database/code/CodeManager createReference (Lghidra/program/model/listing/Data;Lghidra/program/model/address/Address;Ljava/util/List;)V 2 95928 orig 80 2 0 0 0 0 0 0 0 0 0 0 0 98 2 0 0 0 0 0 0 4 0 0 0 0 0 0 0 0 0 0 0 0 0 0 0 0 0 0 0 0 0 0 0 0 0 0 0 0 0 0 0 0 0 0 0 0 0 0 0 0 0 0 0 0 0 0 0 0 0 0 0 0 0 0 0 0 0 0 0 data 158 0x10007 0x0 0x78 0x176b8 0x50005 0x0 0x0 0x26267917d00 0x176b8 0x0 0x0 0xa0007 0x176b8 0x20 0x0 0xf0005 0x0 0x0 0x26267917d00 0x176b8 0x0 0x0 0x1a0007 0xc 0xe8 0x176ac 0x200005 0x0 0x0 0x26267917d00 0x176ac 0x0 0x0 0x250005 0x0 0x0 0x2626bf1d398 0x176ac 0x0 0x0 0x2a0005 0x0 0x0 0x26267917d00 0x176ac 0x0 0x0 0x300007 0x176ac 0x20 0x0 0x350005 0x0 0x0 0x26267917d00 0x176ac 0x0 0x0 0x3a0005 0x0 0x0 0x2626bf1d398 0x176ac 0x0 0x0 0x410007 0x0 0x78 0x176ac 0x470005 0x176ac 0x0 0x0 0x0 0x0 0x0 0x4a0007 0x176ac 0x20 0x0 0x4f0005 0x0 0x0 0x26267917a40 0xb9f3 0x26267917af0 0xbcb9 0x580004 0xffffffffffffe8f1 0x0 0x26267917ba0 0x15f8f 0x2626745c9c8 0x150 0x5b0007 0x170f 0x130 0x15f9d 0x8000000400600004 0x0 0x0 0x26267917ba0 0x15f8f 0x2626bf1d448 0x12 0x630002 0x15fa1 0x6c0007 0x15fa1 0xc8 0x0 0x740005 0x0 0x0 0x0 0x0 0x0 0x0 0x7c0005 0x0 0x0 0x0 0x0 0x0 0x0 0x8b0005 0x0 0x0 0x0 0x0 0x0 0x0 0x970005 0x0 0x0 0x26267917a40 0xb9f7 0x26267917af0 0xbcb9 0xa40005 0x0 0x0 0x2626bf1d4f8 0x176b0 0x0 0x0 0x0 0x0 0x0 0x0 0x0 0x0 0x9 0x4 0x0 0x0 0x0 0x0 oops 16 7 ghidra/program/model/address/GenericAddress 18 ghidra/program/model/address/GenericAddress 29 ghidra/program/model/address/GenericAddress 36 ghidra/program/model/address/GenericAddressSpace 43 ghidra/program/model/address/GenericAddress 54 ghidra/program/model/address/GenericAddress 61 ghidra/program/model/address/GenericAddressSpace 83 ghidra/program/database/code/DataDB 85 ghidra/program/database/code/DataComponent 90 ghidra/program/model/data/IBO32DataType 92 ghidra/program/database/data/PointerDB 101 ghidra/program/model/data/IBO32DataType 103 ghidra/program/model/data/IBO64DataType 135 ghidra/program/database/code/DataDB 137 ghidra/program/database/code/DataComponent 142 ghidra/program/database/references/ReferenceDBManager methods 0
ciMethodData ghidra/program/database/code/CodeManager containsAddressComponents (Lghidra/program/model/data/DataType;)Z 2 140329 orig 80 2 0 0 0 0 0 0 0 0 0 0 0 98 2 0 0 0 0 0 0 4 0 0 4 0 0 0 0 0 0 0 0 0 0 0 0 0 0 0 0 0 0 0 0 0 0 0 0 0 0 0 0 0 0 0 0 0 0 0 0 0 0 0 0 0 0 0 0 0 0 0 0 0 0 0 0 0 0 0 0 data 164 0x10004 0xfffffffffffdb735 0x0 0x26267917c50 0x2f8 0x26265e505e8 0x29 0x40007 0x19a2 0x78 0x248cb 0x80004 0xfffffffffffddbd3 0x0 0x26267917c50 0x2f8 0x26267917ba0 0x239b 0xb0007 0x2242d 0x1c8 0x249e 0xf0004 0xffffffffffffe65e 0x0 0x26267917ba0 0x239b 0x26265e505e8 0x24 0x120007 0x19a2 0x90 0x249e 0x8000000400160004 0x0 0x0 0x26267917ba0 0x239b 0x26265e50698 0x107 0x190005 0x0 0x0 0x26267917ba0 0x239b 0x26265e50698 0x107 0x200004 0xffffffffffffdb5e 0x0 0x26265e505e8 0x29 0x26265e50748 0x1979 0x230007 0x24a2 0xfffffffffffffe50 0x19a2 0x270004 0x0 0x0 0x26265e505e8 0x29 0x26265e50748 0x1979 0x2a0005 0x0 0x0 0x26265e505e8 0x29 0x26265e50748 0x1979 0x300003 0x19a2 0xfffffffffffffdc0 0x340004 0xfffffffffffdef18 0x0 0x26267917c50 0x2f8 0x26265e507f8 0x1345 0x370007 0x1345 0xb0 0x210e8 0x3e0005 0x1879c 0x0 0x26267917c50 0x4167 0x26265e508a8 0x47e5 0x430005 0x0 0x0 0x2625fb2df18 0x210e8 0x0 0x0 0x460007 0x1ed4c 0x20 0x239c 0x4c0004 0xfffffffffffe3fcf 0x0 0x26267917c50 0x2f8 0x26265e50958 0x180b 0x4f0007 0x1c031 0x158 0x2d1b 0x530004 0x0 0x0 0x26265e50958 0x180b 0x26265e50a08 0x14f8 0x8000000700580005 0x1c 0x0 0x26265e50958 0x180b 0x26265e50a08 0x14f8 0x690007 0x1552 0xc8 0x585f 0x750005 0x0 0x0 0x26265e50ab8 0x193f 0x26265e50b68 0x3f20 0x7a0005 0x585f 0x0 0x0 0x0 0x0 0x0 0x7d0007 0x4092 0x20 0x17cd 0x850003 0x4092 0xffffffffffffff50 0x0 0x0 0x0 0x0 0x0 0x0 0x9 0x2 0x0 0xffffffffffffffff oops 29 3 ghidra/program/model/data/WordDataType 5 ghidra/program/database/data/ArrayDB 14 ghidra/program/model/data/WordDataType 16 ghidra/program/model/data/IBO32DataType 25 ghidra/program/model/data/IBO32DataType 27 ghidra/program/database/data/ArrayDB 36 ghidra/program/model/data/IBO32DataType 38 ghidra/program/database/data/TypedefDB 43 ghidra/program/model/data/IBO32DataType 45 ghidra/program/database/data/TypedefDB 50 ghidra/program/database/data/ArrayDB 52 ghidra/program/model/data/ArrayDataType 61 ghidra/program/database/data/ArrayDB 63 ghidra/program/model/data/ArrayDataType 68 ghidra/program/database/data/ArrayDB 70 ghidra/program/model/data/ArrayDataType 78 ghidra/program/model/data/WordDataType 80 ghidra/app/util/bin/format/pe/PEx64UnwindInfoDataType 89 ghidra/program/model/data/WordDataType 91 ghidra/program/model/data/TerminatedStringDataType 96 java/lang/Class 107 ghidra/program/model/data/WordDataType 109 ghidra/program/database/data/StructureDB 118 ghidra/program/database/data/StructureDB 120 ghidra/program/model/data/StructureDataType 125 ghidra/program/database/data/StructureDB 127 ghidra/program/model/data/StructureDataType 136 ghidra/program/database/data/DataTypeComponentDB 138 ghidra/program/model/data/DataTypeComponentImpl methods 0
ciMethodData ghidra/program/database/code/DataDB getNumComponents ()I 2 205847 orig 80 1 0 0 0 0 0 0 0 0 0 0 0 98 2 0 0 0 0 0 0 1 0 0 0 0 0 0 0 0 0 0 0 0 0 0 0 0 0 0 1 0 0 0 0 0 0 0 0 0 0 0 0 0 0 0 0 0 0 0 0 0 0 0 0 0 0 0 0 0 0 0 0 0 0 0 0 0 0 0 0 data 171 0x40005 0x0 0x0 0x2626745ba90 0x32417 0x0 0x0 0x80005 0x0 0x0 0x26267917a40 0x32246 0x26267917af0 0x1d1 0xd0005 0x0 0x0 0x26267917a40 0x32246 0x26267917af0 0x1d1 0x140005 0x1f315 0x0 0x26265e50958 0x10718 0x2626c3f9408 0x29ea 0x190007 0x32417 0x58 0x0 0x220005 0x0 0x0 0x0 0x0 0x0 0x0 0x2b0004 0xfffffffffffde301 0x0 0x26265e50958 0x10718 0x2626c3f9408 0xd 0x2e0007 0x21cff 0xc8 0x10718 0x400350004 0x0 0x0 0x26265e50958 0x10718 0x26265e50a08 0x1 0x380005 0x0 0x0 0x26265e50958 0x10718 0x26265e50a08 0x1 0x420005 0x0 0x0 0x2626745ba90 0x10719 0x0 0x0 0x4b0004 0xfffffffffffde365 0x0 0x2626c3f9408 0xd 0x26265e507f8 0x4c 0x80000006004e0007 0x21c9b 0xc8 0x65 0x550004 0x0 0x0 0x26265e505e8 0x65 0x0 0x0 0x580005 0x0 0x0 0x26265e505e8 0x65 0x0 0x0 0x620005 0x0 0x0 0x2626745ba90 0x65 0x0 0x0 0x6b0004 0xffffffffffffd616 0x0 0x2626c3f9408 0xd 0x26265e507f8 0x1f24a 0x6e0007 0x29ea 0x100 0x1f2b1 0x750004 0x0 0x0 0x26265e507f8 0x1f24a 0x262644ab158 0x67 0x790005 0x1f2b1 0x0 0x0 0x0 0x0 0x0 0x810005 0x0 0x0 0x2626745ba90 0x1f2b1 0x0 0x0 0x8d0005 0x0 0x0 0x0 0x0 0x0 0x0 0x980005 0x0 0x0 0x2626745ba90 0x29ea 0x0 0x0 0xa20005 0x0 0x0 0x0 0x0 0x0 0x0 0x0 0x0 0x0 0x0 0x0 0x0 0x0 0x0 0x0 0x0 0x0 0x0 0x9 0x1 0x0 oops 25 3 ghidra/util/Lock 10 ghidra/program/database/code/DataDB 12 ghidra/program/database/code/DataComponent 17 ghidra/program/database/code/DataDB 19 ghidra/program/database/code/DataComponent 24 ghidra/program/database/data/StructureDB 26 ghidra/program/model/data/DefaultDataType 42 ghidra/program/database/data/StructureDB 44 ghidra/program/model/data/DefaultDataType 53 ghidra/program/database/data/StructureDB 55 ghidra/program/model/data/StructureDataType 60 ghidra/program/database/data/StructureDB 62 ghidra/program/model/data/StructureDataType 67 ghidra/util/Lock 74 ghidra/program/model/data/DefaultDataType 76 ghidra/app/util/bin/format/pe/PEx64UnwindInfoDataType 85 ghidra/program/database/data/ArrayDB 92 ghidra/program/database/data/ArrayDB 99 ghidra/util/Lock 106 ghidra/program/model/data/DefaultDataType 108 ghidra/app/util/bin/format/pe/PEx64UnwindInfoDataType 117 ghidra/app/util/bin/format/pe/PEx64UnwindInfoDataType 119 ghidra/app/util/bin/format/pe/rich/PERichTableDataType 131 ghidra/util/Lock 145 ghidra/util/Lock methods 0
ciMethodData ghidra/program/database/code/DataDB getComponent (I)Lghidra/program/model/listing/Data; 2 212574 orig 80 2 0 0 0 0 0 0 0 0 0 0 0 98 2 0 0 0 0 0 0 1 0 0 0 0 0 0 0 0 0 0 0 0 0 0 0 0 0 0 1 0 0 0 0 0 0 0 0 0 0 0 0 0 0 0 0 0 0 0 0 0 0 0 0 0 0 0 0 0 0 0 0 0 0 0 0 0 0 0 0 data 297 0x40005 0x0 0x0 0x2626745ba90 0x33e5e 0x0 0x0 0x80005 0x0 0x0 0x26267917a40 0x33c2f 0x26267917af0 0x22f 0xd0007 0x0 0x78 0x33e5e 0x120005 0x0 0x0 0x26267917a40 0x33c2f 0x26267917af0 0x22f 0x150007 0x33e5e 0x58 0x0 0x1e0005 0x0 0x0 0x0 0x0 0x0 0x0 0x270007 0x2a79f 0x48 0x96bf 0x300002 0x96bf 0x360003 0x96bf 0xe0 0x3f0005 0x0 0x0 0x262667d5610 0x2a79f 0x0 0x0 0x420104 0x0 0x0 0x26267917af0 0x6 0x0 0x0 0x470007 0x2a799 0x58 0x6 0x500005 0x0 0x0 0x2626745ba90 0x6 0x0 0x0 0x590005 0x0 0x0 0x26267917340 0x33e58 0x0 0x0 0x610004 0xfffffffffffcc270 0x0 0x26265e50958 0x1ed 0x26265e507f8 0x57 0x8000000600640007 0x33d90 0x148 0xc9 0x6b0004 0x0 0x0 0x26265e505e8 0xc9 0x0 0x0 0x750005 0x0 0x0 0x26265e505e8 0xc9 0x0 0x0 0x7c0005 0x0 0x0 0x26267917d00 0xc9 0x0 0x0 0x950005 0x0 0x0 0x262644a88c8 0xc9 0x0 0x0 0x9d0002 0xc9 0xa60005 0x0 0x0 0x2626745ba90 0xc9 0x0 0x0 0xb00004 0xfffffffffffdc014 0x0 0x26265e50958 0xfda4 0x26265e507f8 0x57 0xb30007 0x23fec 0x180 0xfda4 0x400ba0004 0x0 0x0 0x26265e50958 0xfda4 0x26265e50a08 0x1 0xc00005 0x0 0x0 0x26265e50958 0xfda4 0x26265e50a08 0x1 0xcd0005 0x0 0x0 0x26265e50ab8 0xfda4 0x26265e50b68 0x1 0xd30005 0x0 0x0 0x26267917d00 0xfda5 0x0 0x0 0xec0005 0x0 0x0 0x262644a88c8 0xfda5 0x0 0x0 0xf40002 0xfda5 0xfd0005 0x0 0x0 0x2626745ba90 0xfda5 0x0 0x0 0x1070004 0x0 0x0 0x26265e507f8 0x23f8a 0x262644ab158 0x62 0x10a0007 0x0 0x180 0x23fec 0x1110004 0x0 0x0 0x26265e507f8 0x23f8a 0x262644ab158 0x62 0x1180005 0x23fec 0x0 0x0 0x0 0x0 0x0 0x1230005 0x0 0x0 0x26265e50b68 0x23f8a 0x262644ab208 0x62 0x1290005 0x0 0x0 0x26267917d00 0x23fec 0x0 0x0 0x1420005 0x0 0x0 0x262644a88c8 0x23fec 0x0 0x0 0x14a0002 0x23fec 0x1530005 0x0 0x0 0x2626745ba90 0x23fec 0x0 0x0 0x15e0005 0x0 0x0 0x0 0x0 0x0 0x0 0x1630005 0x0 0x0 0x0 0x0 0x0 0x0 0x166000a 0x0 0x3 0x0 0x0 0x2625fb2de88 0x16b0002 0x0 0x1740005 0x0 0x0 0x0 0x0 0x0 0x0 0x17f0005 0x0 0x0 0x0 0x0 0x0 0x0 0x0 0x0 0x0 0x0 0x0 0x0 0x0 0x0 0x0 0x0 0x0 0x0 0x0 0x0 0x0 0x0 0x0 0x0 0x0 0x0 0x0 0x0 0x9 0x2 0x0 0x0 oops 37 3 ghidra/util/Lock 10 ghidra/program/database/code/DataDB 12 ghidra/program/database/code/DataComponent 21 ghidra/program/database/code/DataDB 23 ghidra/program/database/code/DataComponent 48 ghidra/program/database/DBObjectCache 55 ghidra/program/database/code/DataComponent 66 ghidra/util/Lock 73 ghidra/program/database/code/CodeManager 80 ghidra/program/database/data/StructureDB 82 ghidra/app/util/bin/format/pe/PEx64UnwindInfoDataType 91 ghidra/program/database/data/ArrayDB 98 ghidra/program/database/data/ArrayDB 105 ghidra/program/model/address/GenericAddress 112 ghidra/program/database/map/AddressMapDB 121 ghidra/util/Lock 128 ghidra/program/database/data/StructureDB 130 ghidra/app/util/bin/format/pe/PEx64UnwindInfoDataType 139 ghidra/program/database/data/StructureDB 141 ghidra/program/model/data/StructureDataType 146 ghidra/program/database/data/StructureDB 148 ghidra/program/model/data/StructureDataType 153 ghidra/program/database/data/DataTypeComponentDB 155 ghidra/program/model/data/DataTypeComponentImpl 160 ghidra/program/model/address/GenericAddress 167 ghidra/program/database/map/AddressMapDB 176 ghidra/util/Lock 183 ghidra/app/util/bin/format/pe/PEx64UnwindInfoDataType 185 ghidra/app/util/bin/format/pe/rich/PERichTableDataType 194 ghidra/app/util/bin/format/pe/PEx64UnwindInfoDataType 196 ghidra/app/util/bin/format/pe/rich/PERichTableDataType 208 ghidra/program/model/data/DataTypeComponentImpl 210 ghidra/program/model/data/ReadOnlyDataTypeComponent 215 ghidra/program/model/address/GenericAddress 222 ghidra/program/database/map/AddressMapDB 231 ghidra/util/Lock 254 java/lang/String methods 0
ciMethodData ghidra/program/model/address/GenericAddress isLoadedMemoryAddress ()Z 2 108025 orig 80 0 0 0 0 0 0 0 0 0 0 0 0 0 0 0 0 0 0 0 0 0 0 0 0 0 0 0 0 0 0 0 0 0 0 0 0 0 0 0 0 0 0 0 0 0 0 0 0 0 0 0 0 0 0 0 0 0 0 0 0 0 0 0 0 0 0 0 0 0 0 0 0 0 0 0 0 0 0 0 0 data 16 0x40005 0x0 0x0 0x2626bf1d398 0x1a5fa 0x0 0x0 0x0 0x0 0x0 0x0 0x0 0x0 0x9 0x1 0x0 oops 1 3 ghidra/program/model/address/GenericAddressSpace methods 0
ciMethodData ghidra/program/model/address/GenericAddressSpace isLoadedMemorySpace ()Z 2 108043 orig 80 0 0 0 0 0 0 0 0 0 0 0 0 0 0 0 0 0 0 0 0 0 0 0 0 0 0 0 0 0 0 0 0 0 0 0 0 0 0 0 0 0 0 0 0 0 0 0 0 0 0 0 0 0 0 0 0 0 0 0 0 0 0 0 0 0 0 0 0 0 0 0 0 0 0 0 0 0 0 0 0 data 7 0x10002 0x1a60c 0x0 0x0 0x9 0x1 0x0 oops 0 methods 0
ciMethodData ghidra/program/model/address/AbstractAddressSpace isLoadedMemorySpace ()Z 2 108043 orig 80 0 0 0 0 0 0 0 0 0 0 0 0 0 0 0 0 0 0 0 0 0 0 0 0 0 0 0 0 0 0 0 0 0 0 0 0 0 0 0 0 0 0 0 0 0 0 0 0 0 0 0 0 0 0 0 0 0 0 0 0 0 0 0 0 0 0 0 0 0 0 0 0 0 0 0 0 0 0 0 0 data 18 0x50007 0x1a60c 0x40 0x0 0xd0007 0x0 0x38 0x0 0x110003 0x1a60c 0x18 0x0 0x0 0x0 0x0 0x9 0x1 0x0 oops 0 methods 0
ciMethodData ghidra/program/database/code/CodeManager exceedsLimitOn64BitAddressSegments (Ljava/util/List;Lghidra/program/model/address/Address;)Z 2 84522 orig 80 0 0 0 0 0 0 0 0 0 0 0 0 0 0 0 0 0 0 0 0 0 0 0 0 0 0 0 0 0 0 0 0 0 0 0 0 0 0 0 0 0 0 0 0 0 0 0 0 0 0 0 0 0 0 0 0 0 0 0 0 0 0 0 0 0 0 0 0 0 0 0 0 0 0 0 0 0 0 0 0 data 82 0x10005 0x0 0x0 0x26267917d00 0x14a2b 0x0 0x0 0xc0005 0x0 0x0 0x2625fb317c8 0x14a2b 0x0 0x0 0x150005 0x0 0x0 0x26264cc8ab0 0x14a2b 0x0 0x0 0x1a0007 0xfb95 0x100 0x4e96 0x1f0005 0x0 0x0 0x26264cc8ab0 0x4e96 0x0 0x0 0x240004 0x0 0x0 0x26267917d00 0x4e96 0x0 0x0 0x2b0005 0x0 0x0 0x26267917d00 0x4e96 0x0 0x0 0x3a0007 0x0 0x20 0x4e96 0x3f0003 0x0 0xfffffffffffffee0 0x430005 0x0 0x0 0x2625fb317c8 0xfb95 0x0 0x0 0x490007 0x0 0x58 0xfb95 0x4e0005 0x0 0x0 0x2625fb317c8 0xfb95 0x0 0x0 0x0 0x0 0x0 0x0 0x0 0x0 0x9 0x3 0x0 0x0 0x0 oops 8 3 ghidra/program/model/address/GenericAddress 10 java/util/ArrayList 17 java/util/ArrayList$Itr 28 java/util/ArrayList$Itr 35 ghidra/program/model/address/GenericAddress 42 ghidra/program/model/address/GenericAddress 56 java/util/ArrayList 67 java/util/ArrayList methods 0
ciMethodData ghidra/program/database/data/PointerTypedefInspector getPointerComponentOffset (Lghidra/program/model/data/TypeDef;)J 2 78957 orig 80 1 0 0 0 0 0 0 0 0 0 0 0 0 0 0 0 0 0 0 0 0 0 0 0 0 0 0 0 0 0 0 0 0 0 0 0 0 0 0 0 0 0 0 0 0 0 0 0 0 0 0 0 0 0 0 0 0 0 0 0 0 0 0 0 0 0 0 0 0 0 0 0 0 0 0 0 0 0 0 0 data 37 0x10005 0x0 0x0 0x26267917ba0 0x1346e 0x0 0x0 0x60007 0x0 0xa8 0x1346e 0xd0005 0x0 0x0 0x26267917ba0 0x1346e 0x0 0x0 0x120005 0x0 0x0 0x26264c38730 0x1346e 0x0 0x0 0x150003 0x1346e 0x18 0x0 0x0 0x0 0x0 0x0 0x0 0x9 0x1 0xffffffffffffffff oops 3 3 ghidra/program/model/data/IBO32DataType 14 ghidra/program/model/data/IBO32DataType 21 ghidra/program/model/data/ComponentOffsetSettingsDefinition methods 0
ciMethodData ghidra/program/model/data/TypeDef isPointer ()Z 2 121605 orig 80 1 0 0 0 0 0 0 0 0 0 0 0 0 0 0 0 0 0 0 0 4 0 0 0 0 0 0 0 0 0 0 0 0 0 0 0 0 0 0 0 0 0 0 0 0 0 0 0 0 0 0 0 0 0 0 0 0 0 0 0 0 0 0 0 0 0 0 0 0 0 0 0 0 0 0 0 0 0 0 0 data 23 0x8000000400010005 0x0 0x0 0x26267917ba0 0x1daf8 0x2626bf1d448 0x12 0x60004 0x0 0x0 0x262667dc988 0x1db0a 0x0 0x0 0x0 0x0 0x0 0x0 0x0 0x0 0x9 0x1 0x0 oops 3 3 ghidra/program/model/data/IBO32DataType 5 ghidra/program/model/data/IBO64DataType 10 ghidra/program/model/data/PointerDataType methods 0
ciMethodData ghidra/program/model/data/ComponentOffsetSettingsDefinition getValue (Lghidra/docking/settings/Settings;)J 2 78854 orig 80 0 0 0 0 0 0 0 0 0 0 0 0 0 0 0 0 0 0 0 0 0 0 0 0 0 0 0 0 0 0 0 0 0 0 0 0 0 0 0 0 0 0 0 0 0 0 0 0 0 0 0 0 0 0 0 0 0 0 0 0 0 0 0 0 0 0 0 0 0 0 0 0 0 0 0 0 0 0 0 0 data 32 0x10007 0x13407 0x20 0x0 0x90005 0x0 0x0 0x2625fd395c0 0xf909 0x2625fd39670 0x3afe 0x100007 0x0 0x20 0x13407 0x160005 0x0 0x0 0x0 0x0 0x0 0x0 0x0 0x0 0x0 0x0 0x0 0x0 0x9 0x2 0x0 0x0 oops 2 7 ghidra/program/database/data/DataTypeSettingsDB 9 ghidra/docking/settings/SettingsImpl methods 0
ciMethod ghidra/program/database/data/SettingDB getLongValue ()Ljava/lang/Long; 0 0 1 0 -1
ciMethodData ghidra/program/database/DatabaseObject setDeleted ()V 2 24030 orig 80 0 0 0 0 0 0 0 0 0 0 0 0 98 2 0 0 0 0 0 0 0 0 0 0 0 0 0 0 0 0 0 0 0 0 0 0 0 0 0 0 0 0 0 0 0 0 0 0 0 0 0 0 0 0 0 0 0 0 0 0 0 0 0 0 0 0 0 0 0 0 0 0 0 0 0 0 0 0 0 0 data 6 0x0 0x0 0x0 0x9 0x1 0x8 oops 0 methods 0
ciMethodData ghidra/framework/data/DomainObjectChangeSupport withLock (Ljava/util/concurrent/Callable;)Ljava/lang/Object; 1 41 orig 80 0 0 0 0 0 0 0 0 0 0 0 0 98 2 0 0 0 0 0 0 0 0 0 0 0 0 0 0 0 0 0 0 0 0 0 0 0 0 0 0 0 0 0 0 0 0 0 0 0 0 0 0 0 0 0 0 0 0 0 0 0 0 0 0 0 0 0 0 0 0 0 0 0 0 0 0 0 0 0 0 data 47 0x40005 0x0 0x0 0x2626745ba90 0x29 0x0 0x0 0x80005 0x0 0x0 0x2626c3fb408 0x29 0x0 0x0 0x140005 0x0 0x0 0x2626745ba90 0x29 0x0 0x0 0x1e0002 0x0 0x280005 0x0 0x0 0x0 0x0 0x0 0x0 0x340005 0x0 0x0 0x0 0x0 0x0 0x0 0x0 0x0 0x0 0x0 0x0 0x0 0x9 0x2 0xffffffffffffffff 0xffffffffffffffff oops 3 3 ghidra/util/Lock 10  @bci ghidra/framework/data/DomainObjectChangeSupport sendEventNow ()V 2 <appendix> member <vmtarget> ; 17 ghidra/util/Lock methods 0
ciMethod ghidra/program/database/data/TypedefDB getBaseDataType ()Lghidra/program/model/data/DataType; 4188 0 1549 0 0
ciMethod ghidra/program/database/data/TypedefDB getDataType ()Lghidra/program/model/data/DataType; 4246 0 3514 0 -1
compile ghidra/program/database/code/CodeManager addDataReferences (Lghidra/program/model/listing/Data;Ljava/util/List;)V -1 4 inline 186 0 -1 0 ghidra/program/database/code/CodeManager addDataReferences (Lghidra/program/model/listing/Data;Ljava/util/List;)V 1 1 0 ghidra/program/database/code/DataDB getDataType ()Lghidra/program/model/data/DataType; 1 16 0 java/lang/Object equals (Ljava/lang/Object;)Z 1 23 0 ghidra/program/database/code/DataDB getValue ()Ljava/lang/Object; 2 4 0 ghidra/util/Lock acquire ()V 2 8 0 ghidra/program/database/DatabaseObject checkIsValid ()Z 3 2 0 ghidra/program/database/DatabaseObject checkIsValid (Ldb/DBRecord;)Z 4 1 0 ghidra/program/database/DatabaseObject isInvalid ()Z 5 12 0 ghidra/program/database/DatabaseObject getCurrentValidationCount ()I 6 11 0 ghidra/program/database/DBObjectCache getInvalidateCount ()I 4 72 0 ghidra/program/database/DatabaseObject setDeleted ()V 2 22 0 ghidra/program/model/data/AbstractPointerTypedefBuiltIn getValue (Lghidra/program/model/mem/MemBuffer;Lghidra/docking/settings/Settings;I)Ljava/lang/Object; 3 16 0 ghidra/program/model/data/TypedefDataType getValue (Lghidra/program/model/mem/MemBuffer;Lghidra/docking/settings/Settings;I)Ljava/lang/Object; 4 7 0 ghidra/program/model/data/PointerDataType getValue (Lghidra/program/model/mem/MemBuffer;Lghidra/docking/settings/Settings;I)Ljava/lang/Object; 5 2 0 ghidra/program/model/data/PointerDataType getLength ()I 6 8 0 ghidra/program/model/data/AbstractDataType getDataOrganization ()Lghidra/program/model/data/DataOrganization; 7 11 0 ghidra/program/database/data/DataTypeManagerDB getDataOrganization ()Lghidra/program/model/data/DataOrganization; 7 19 0 ghidra/program/model/data/DataOrganizationImpl getDefaultOrganization ()Lghidra/program/model/data/DataOrganization; 6 11 0 ghidra/program/model/data/DataOrganizationImpl getPointerSize ()I 5 6 0 ghidra/program/model/data/PointerDataType getAddressValue (Lghidra/program/model/mem/MemBuffer;ILghidra/docking/settings/Settings;)Lghidra/program/model/address/Address; 6 3 0 java/lang/invoke/Invokers$Holder linkToTargetMethod (Ljava/lang/Object;)Ljava/lang/Object; 7 4 0  @bci ghidra/util/filechooser/ExtensionFileFilter <init> ([Ljava/lang/String;Ljava/lang/String;)V 14 <appendix> form vmentry <vmtarget> ; invoke (Ljava/lang/Object;)Ljava/lang/Object; 2 32 0 ghidra/util/Lock release ()V 1 46 0 ghidra/program/database/code/CodeManager createReference (Lghidra/program/model/listing/Data;Lghidra/program/model/address/Address;Ljava/util/List;)V 2 5 0 ghidra/program/model/address/GenericAddress isLoadedMemoryAddress ()Z 3 4 0 ghidra/program/model/address/GenericAddressSpace isLoadedMemorySpace ()Z 4 1 0 ghidra/program/model/address/AbstractAddressSpace isLoadedMemorySpace ()Z 2 15 0 ghidra/program/model/address/GenericAddress getOffset ()J 2 32 0 ghidra/program/model/address/GenericAddress getAddressSpace ()Lghidra/program/model/address/AddressSpace; 2 37 0 ghidra/program/model/address/GenericAddressSpace getMaxAddress ()Lghidra/program/model/address/Address; 3 1 0 ghidra/program/model/address/AbstractAddressSpace getMaxAddress ()Lghidra/program/model/address/Address; 2 42 0 ghidra/program/model/address/GenericAddress getOffset ()J 2 53 0 ghidra/program/model/address/GenericAddress getAddressSpace ()Lghidra/program/model/address/AddressSpace; 2 58 0 ghidra/program/model/address/GenericAddressSpace getSize ()I 3 1 0 ghidra/program/model/address/AbstractAddressSpace getSize ()I 2 71 0 ghidra/program/database/code/CodeManager exceedsLimitOn64BitAddressSegments (Ljava/util/List;Lghidra/program/model/address/Address;)Z 3 1 0 ghidra/program/model/address/GenericAddress getOffset ()J 3 12 0 java/util/ArrayList iterator ()Ljava/util/Iterator; 4 5 0 java/util/ArrayList$Itr <init> (Ljava/util/ArrayList;)V 5 6 0 java/lang/Object <init> ()V 3 21 0 java/util/ArrayList$Itr hasNext ()Z 3 43 0 ghidra/program/model/address/GenericAddress getOffset ()J 3 67 0 java/util/ArrayList size ()I 3 78 0 java/util/ArrayList add (Ljava/lang/Object;)Z 4 20 0 java/util/ArrayList add (Ljava/lang/Object;[Ljava/lang/Object;I)V 5 7 0 java/util/ArrayList grow ()[Ljava/lang/Object; 6 7 0 java/util/ArrayList grow (I)[Ljava/lang/Object; 7 27 0 jdk/internal/util/ArraysSupport newLength (III)I 2 79 0 ghidra/program/database/code/DataDB getDataType ()Lghidra/program/model/data/DataType; 2 99 0 ghidra/program/database/data/PointerTypedefInspector getPointerComponentOffset (Lghidra/program/model/data/TypeDef;)J 3 1 0 ghidra/program/model/data/TypeDef isPointer ()Z 4 1 0 ghidra/program/model/data/AbstractPointerTypedefBuiltIn getBaseDataType ()Lghidra/program/model/data/DataType; 5 4 0 ghidra/program/model/data/TypedefDataType getBaseDataType ()Lghidra/program/model/data/DataType; 3 13 0 ghidra/program/model/data/DataTypeImpl getDefaultSettings ()Lghidra/docking/settings/Settings; 3 18 0 ghidra/program/model/data/ComponentOffsetSettingsDefinition getValue (Lghidra/docking/settings/Settings;)J 4 9 0 ghidra/program/database/data/DataTypeSettingsDB getLong (Ljava/lang/String;)Ljava/lang/Long; 2 151 0 ghidra/program/database/code/CodeUnitDB getMinAddress ()Lghidra/program/model/address/Address; 3 5 0 ghidra/program/database/DatabaseObject validate (Lghidra/util/Lock;)Z 4 1 0 ghidra/program/database/DatabaseObject isInvalid ()Z 5 12 0 ghidra/program/database/DatabaseObject getCurrentValidationCount ()I 6 11 0 ghidra/program/database/DBObjectCache getInvalidateCount ()I 4 25 0 ghidra/program/database/DatabaseObject checkIsValid ()Z 5 2 0 ghidra/program/database/DatabaseObject checkIsValid (Ldb/DBRecord;)Z 6 1 0 ghidra/program/database/DatabaseObject isInvalid ()Z 7 12 0 ghidra/program/database/DatabaseObject getCurrentValidationCount ()I 8 11 0 ghidra/program/database/DBObjectCache getInvalidateCount ()I 6 72 0 ghidra/program/database/DatabaseObject setDeleted ()V 2 164 0 ghidra/program/database/references/ReferenceDBManager addMemoryReference (Lghidra/program/model/address/Address;Lghidra/program/model/address/Address;Lghidra/program/model/symbol/RefType;Lghidra/program/model/symbol/SourceType;I)Lghidra/program/model/symbol/Reference; 3 1 0 ghidra/program/model/address/GenericAddress isMemoryAddress ()Z 4 4 0 ghidra/program/model/address/GenericAddressSpace isMemorySpace ()Z 5 1 0 ghidra/program/model/address/AbstractAddressSpace isMemorySpace ()Z 3 21 0 ghidra/program/model/address/GenericAddress isMemoryAddress ()Z 4 4 0 ghidra/program/model/address/GenericAddressSpace isMemorySpace ()Z 5 1 0 ghidra/program/model/address/AbstractAddressSpace isMemorySpace ()Z 3 40 0 ghidra/program/model/address/GenericAddress isMemoryAddress ()Z 4 4 0 ghidra/program/model/address/GenericAddressSpace isMemorySpace ()Z 5 1 0 ghidra/program/model/address/AbstractAddressSpace isMemorySpace ()Z 3 52 0 ghidra/program/database/references/ReferenceDBManager removeNonMemRefs (Lghidra/program/model/address/Address;I)V 4 20 0 ghidra/program/database/references/RefListV0 getRefs ()Lghidra/program/model/symbol/ReferenceIterator; 5 5 0 ghidra/program/database/references/RefListV0$RefIterator <init> (Lghidra/program/database/references/RefListV0;)V 6 6 0 java/lang/Object <init> ()V 4 27 0 ghidra/program/database/references/RefListV0$RefIterator hasNext ()Z 4 46 0 ghidra/program/database/references/ReferenceDB getOperandIndex ()I 4 57 0 ghidra/program/database/references/ReferenceDB isMemoryReference ()Z 5 4 0 ghidra/program/model/address/GenericAddress isMemoryAddress ()Z 6 4 0 ghidra/program/model/address/GenericAddressSpace isMemorySpace ()Z 7 1 0 ghidra/program/model/address/AbstractAddressSpace isMemorySpace ()Z 1 52 0 ghidra/program/database/code/CodeManager containsAddressComponents (Lghidra/program/model/data/DataType;)Z 2 67 0 java/lang/Object equals (Ljava/lang/Object;)Z 2 117 0 ghidra/program/model/data/DataTypeComponentImpl getDataType ()Lghidra/program/model/data/DataType; 2 25 0 ghidra/program/model/data/AbstractPointerTypedefBuiltIn getBaseDataType ()Lghidra/program/model/data/DataType; 3 4 0 ghidra/program/model/data/TypedefDataType getBaseDataType ()Lghidra/program/model/data/DataType; 2 42 0 ghidra/program/model/data/ArrayDataType getDataType ()Lghidra/program/model/data/DataType; 1 91 0 ghidra/program/database/code/CodeManager addDataReferences (Lghidra/program/model/listing/Data;Ljava/util/List;)V 2 1 0 ghidra/program/database/code/DataDB getDataType ()Lghidra/program/model/data/DataType; 2 16 0 java/lang/Object equals (Ljava/lang/Object;)Z 2 23 0 ghidra/program/database/code/DataDB getValue ()Ljava/lang/Object; 3 4 0 ghidra/util/Lock acquire ()V 3 8 0 ghidra/program/database/DatabaseObject checkIsValid ()Z 4 2 0 ghidra/program/database/DatabaseObject checkIsValid (Ldb/DBRecord;)Z 5 1 0 ghidra/program/database/DatabaseObject isInvalid ()Z 6 12 0 ghidra/program/database/DatabaseObject getCurrentValidationCount ()I 7 11 0 ghidra/program/database/DBObjectCache getInvalidateCount ()I 5 72 0 ghidra/program/database/DatabaseObject setDeleted ()V 3 22 0 ghidra/program/model/data/AbstractPointerTypedefBuiltIn getValue (Lghidra/program/model/mem/MemBuffer;Lghidra/docking/settings/Settings;I)Ljava/lang/Object; 4 16 0 ghidra/program/model/data/TypedefDataType getValue (Lghidra/program/model/mem/MemBuffer;Lghidra/docking/settings/Settings;I)Ljava/lang/Object; 5 7 0 ghidra/program/model/data/PointerDataType getValue (Lghidra/program/model/mem/MemBuffer;Lghidra/docking/settings/Settings;I)Ljava/lang/Object; 6 2 0 ghidra/program/model/data/PointerDataType getLength ()I 7 8 0 ghidra/program/model/data/AbstractDataType getDataOrganization ()Lghidra/program/model/data/DataOrganization; 8 11 0 ghidra/program/database/data/DataTypeManagerDB getDataOrganization ()Lghidra/program/model/data/DataOrganization; 8 19 0 ghidra/program/model/data/DataOrganizationImpl getDefaultOrganization ()Lghidra/program/model/data/DataOrganization; 7 11 0 ghidra/program/model/data/DataOrganizationImpl getPointerSize ()I 6 6 0 ghidra/program/model/data/PointerDataType getAddressValue (Lghidra/program/model/mem/MemBuffer;ILghidra/docking/settings/Settings;)Lghidra/program/model/address/Address; 7 3 0 java/lang/invoke/Invokers$Holder linkToTargetMethod (Ljava/lang/Object;)Ljava/lang/Object; 8 4 0  @bci ghidra/util/filechooser/ExtensionFileFilter <init> ([Ljava/lang/String;Ljava/lang/String;)V 14 <appendix> form vmentry <vmtarget> ; invoke (Ljava/lang/Object;)Ljava/lang/Object; 3 32 0 ghidra/util/Lock release ()V 2 46 0 ghidra/program/database/code/CodeManager createReference (Lghidra/program/model/listing/Data;Lghidra/program/model/address/Address;Ljava/util/List;)V 3 5 0 ghidra/program/model/address/GenericAddress isLoadedMemoryAddress ()Z 4 4 0 ghidra/program/model/address/GenericAddressSpace isLoadedMemorySpace ()Z 5 1 0 ghidra/program/model/address/AbstractAddressSpace isLoadedMemorySpace ()Z 3 15 0 ghidra/program/model/address/GenericAddress getOffset ()J 3 32 0 ghidra/program/model/address/GenericAddress getAddressSpace ()Lghidra/program/model/address/AddressSpace; 3 37 0 ghidra/program/model/address/GenericAddressSpace getMaxAddress ()Lghidra/program/model/address/Address; 4 1 0 ghidra/program/model/address/AbstractAddressSpace getMaxAddress ()Lghidra/program/model/address/Address; 3 42 0 ghidra/program/model/address/GenericAddress getOffset ()J 3 53 0 ghidra/program/model/address/GenericAddress getAddressSpace ()Lghidra/program/model/address/AddressSpace; 3 58 0 ghidra/program/model/address/GenericAddressSpace getSize ()I 4 1 0 ghidra/program/model/address/AbstractAddressSpace getSize ()I 3 71 0 ghidra/program/database/code/CodeManager exceedsLimitOn64BitAddressSegments (Ljava/util/List;Lghidra/program/model/address/Address;)Z 4 1 0 ghidra/program/model/address/GenericAddress getOffset ()J 4 12 0 java/util/ArrayList iterator ()Ljava/util/Iterator; 5 5 0 java/util/ArrayList$Itr <init> (Ljava/util/ArrayList;)V 6 6 0 java/lang/Object <init> ()V 4 21 0 java/util/ArrayList$Itr hasNext ()Z 4 43 0 ghidra/program/model/address/GenericAddress getOffset ()J 4 67 0 java/util/ArrayList size ()I 4 78 0 java/util/ArrayList add (Ljava/lang/Object;)Z 5 20 0 java/util/ArrayList add (Ljava/lang/Object;[Ljava/lang/Object;I)V 6 7 0 java/util/ArrayList grow ()[Ljava/lang/Object; 7 7 0 java/util/ArrayList grow (I)[Ljava/lang/Object; 8 27 0 jdk/internal/util/ArraysSupport newLength (III)I 3 79 0 ghidra/program/database/code/DataDB getDataType ()Lghidra/program/model/data/DataType; 3 99 0 ghidra/program/database/data/PointerTypedefInspector getPointerComponentOffset (Lghidra/program/model/data/TypeDef;)J 4 1 0 ghidra/program/model/data/TypeDef isPointer ()Z 5 1 0 ghidra/program/model/data/AbstractPointerTypedefBuiltIn getBaseDataType ()Lghidra/program/model/data/DataType; 6 4 0 ghidra/program/model/data/TypedefDataType getBaseDataType ()Lghidra/program/model/data/DataType; 4 13 0 ghidra/program/model/data/DataTypeImpl getDefaultSettings ()Lghidra/docking/settings/Settings; 4 18 0 ghidra/program/model/data/ComponentOffsetSettingsDefinition getValue (Lghidra/docking/settings/Settings;)J 5 9 0 ghidra/program/database/data/DataTypeSettingsDB getLong (Ljava/lang/String;)Ljava/lang/Long; 3 151 0 ghidra/program/database/code/CodeUnitDB getMinAddress ()Lghidra/program/model/address/Address; 4 5 0 ghidra/program/database/DatabaseObject validate (Lghidra/util/Lock;)Z 5 1 0 ghidra/program/database/DatabaseObject isInvalid ()Z 6 12 0 ghidra/program/database/DatabaseObject getCurrentValidationCount ()I 7 11 0 ghidra/program/database/DBObjectCache getInvalidateCount ()I 5 25 0 ghidra/program/database/DatabaseObject checkIsValid ()Z 6 2 0 ghidra/program/database/DatabaseObject checkIsValid (Ldb/DBRecord;)Z 7 1 0 ghidra/program/database/DatabaseObject isInvalid ()Z 8 12 0 ghidra/program/database/DatabaseObject getCurrentValidationCount ()I 9 11 0 ghidra/program/database/DBObjectCache getInvalidateCount ()I 7 72 0 ghidra/program/database/DatabaseObject setDeleted ()V 3 164 0 ghidra/program/database/references/ReferenceDBManager addMemoryReference (Lghidra/program/model/address/Address;Lghidra/program/model/address/Address;Lghidra/program/model/symbol/RefType;Lghidra/program/model/symbol/SourceType;I)Lghidra/program/model/symbol/Reference; 4 1 0 ghidra/program/model/address/GenericAddress isMemoryAddress ()Z 5 4 0 ghidra/program/model/address/GenericAddressSpace isMemorySpace ()Z 6 1 0 ghidra/program/model/address/AbstractAddressSpace isMemorySpace ()Z 4 21 0 ghidra/program/model/address/GenericAddress isMemoryAddress ()Z 5 4 0 ghidra/program/model/address/GenericAddressSpace isMemorySpace ()Z 6 1 0 ghidra/program/model/address/AbstractAddressSpace isMemorySpace ()Z 4 40 0 ghidra/program/model/address/GenericAddress isMemoryAddress ()Z 5 4 0 ghidra/program/model/address/GenericAddressSpace isMemorySpace ()Z 6 1 0 ghidra/program/model/address/AbstractAddressSpace isMemorySpace ()Z 4 52 0 ghidra/program/database/references/ReferenceDBManager removeNonMemRefs (Lghidra/program/model/address/Address;I)V 5 20 0 ghidra/program/database/references/RefListV0 getRefs ()Lghidra/program/model/symbol/ReferenceIterator; 6 5 0 ghidra/program/database/references/RefListV0$RefIterator <init> (Lghidra/program/database/references/RefListV0;)V 7 6 0 java/lang/Object <init> ()V 5 27 0 ghidra/program/database/references/RefListV0$RefIterator hasNext ()Z 5 46 0 ghidra/program/database/references/ReferenceDB getOperandIndex ()I 5 57 0 ghidra/program/database/references/ReferenceDB isMemoryReference ()Z 6 4 0 ghidra/program/model/address/GenericAddress isMemoryAddress ()Z 7 4 0 ghidra/program/model/address/GenericAddressSpace isMemorySpace ()Z 8 1 0 ghidra/program/model/address/AbstractAddressSpace isMemorySpace ()Z 2 52 0 ghidra/program/database/code/CodeManager containsAddressComponents (Lghidra/program/model/data/DataType;)Z 3 67 0 java/lang/Object equals (Ljava/lang/Object;)Z 3 117 0 ghidra/program/model/data/DataTypeComponentImpl getDataType ()Lghidra/program/model/data/DataType; 3 25 0 ghidra/program/model/data/AbstractPointerTypedefBuiltIn getBaseDataType ()Lghidra/program/model/data/DataType; 4 4 0 ghidra/program/model/data/TypedefDataType getBaseDataType ()Lghidra/program/model/data/DataType; 3 42 0 ghidra/program/model/data/ArrayDataType getDataType ()Lghidra/program/model/data/DataType;
